id,rank,overallRating,firstName,lastName,commonName,birthdate,height,skillMoves,weakFootAbility,preferredFoot,leagueName,weight,avatarUrl,shieldUrl,alternatePositions/0,playerAbilities/0/id,playerAbilities/0/label,playerAbilities/0/description,playerAbilities/0/imageUrl,playerAbilities/0/type/id,playerAbilities/0/type/label,playerAbilities/1/id,playerAbilities/1/label,playerAbilities/1/description,playerAbilities/1/imageUrl,playerAbilities/1/type/id,playerAbilities/1/type/label,playerAbilities/2/id,playerAbilities/2/label,playerAbilities/2/description,playerAbilities/2/imageUrl,playerAbilities/2/type/id,playerAbilities/2/type/label,playerAbilities/3/id,playerAbilities/3/label,playerAbilities/3/description,playerAbilities/3/imageUrl,playerAbilities/3/type/id,playerAbilities/3/type/label,playerAbilities/4/id,playerAbilities/4/label,playerAbilities/4/description,playerAbilities/4/imageUrl,playerAbilities/4/type/id,playerAbilities/4/type/label,playerAbilities/5/id,playerAbilities/5/label,playerAbilities/5/description,playerAbilities/5/imageUrl,playerAbilities/5/type/id,playerAbilities/5/type/label,playerAbilities/6/id,playerAbilities/6/label,playerAbilities/6/description,playerAbilities/6/imageUrl,playerAbilities/6/type/id,playerAbilities/6/type/label,gender/id,gender/label,nationality/id,nationality/label,nationality/imageUrl,team/id,team/label,team/imageUrl,team/isPopular,position/id,position/shortLabel,position/label,position/positionType/id,position/positionType/name,stats/acceleration/value,stats/acceleration/diff,stats/agility/value,stats/agility/diff,stats/jumping/value,stats/jumping/diff,stats/stamina/value,stats/stamina/diff,stats/strength/value,stats/strength/diff,stats/aggression/value,stats/aggression/diff,stats/balance/value,stats/balance/diff,stats/ballControl/value,stats/ballControl/diff,stats/composure/value,stats/composure/diff,stats/crossing/value,stats/crossing/diff,stats/curve/value,stats/curve/diff,stats/def/value,stats/def/diff,stats/defensiveAwareness/value,stats/defensiveAwareness/diff,stats/dri/value,stats/dri/diff,stats/dribbling/value,stats/dribbling/diff,stats/finishing/value,stats/finishing/diff,stats/freeKickAccuracy/value,stats/freeKickAccuracy/diff,stats/gkDiving/value,stats/gkDiving/diff,stats/gkHandling/value,stats/gkHandling/diff,stats/gkKicking/value,stats/gkKicking/diff,stats/gkPositioning/value,stats/gkPositioning/diff,stats/gkReflexes/value,stats/gkReflexes/diff,stats/headingAccuracy/value,stats/headingAccuracy/diff,stats/interceptions/value,stats/interceptions/diff,stats/longPassing/value,stats/longPassing/diff,stats/longShots/value,stats/longShots/diff,stats/pac/value,stats/pac/diff,stats/pas/value,stats/pas/diff,stats/penalties/value,stats/penalties/diff,stats/phy/value,stats/phy/diff,stats/positioning/value,stats/positioning/diff,stats/reactions/value,stats/reactions/diff,stats/sho/value,stats/sho/diff,stats/shortPassing/value,stats/shortPassing/diff,stats/shotPower/value,stats/shotPower/diff,stats/slidingTackle/value,stats/slidingTackle/diff,stats/sprintSpeed/value,stats/sprintSpeed/diff,stats/standingTackle/value,stats/standingTackle/diff,stats/vision/value,stats/vision/diff,stats/volleys/value,stats/volleys/diff,alternatePositions/0/id,alternatePositions/0/label,alternatePositions/0/shortLabel,alternatePositions/1/id,alternatePositions/1/label,alternatePositions/1/shortLabel,alternatePositions/2/id,alternatePositions/2/label,alternatePositions/2/shortLabel,team
266866,324,82,Éderson José,dos Santos,Éderson,7/7/1999 12:00:00 AM,182,3,3,1,Serie A Enilive,86,https://ratings-images-prod.pulse.ea.com/FC25/full/player-portraits/p266866.png?padding=0.7,https://ratings-images-prod.pulse.ea.com/FC25/full/player-shields/en/266866.png?width=265,,trait1_16,Precision Header,Performs headers with increased accuracy and power.,https://drop-assets.ea.com/images/3ync8fbblS4zLzF3p1VXmT/7752a5103c2ebd8be5cf1819379c66f4/Precision_Header.png,playStyle,Play Style,trait1_256,Incisive Pass,"Accurate through passes, curvier swerve passes, faster precision passes",https://drop-assets.ea.com/images/2K5BYfVYRnrdjt8F3hwI04/62f147b6a436c107bfa3d042c1d5728d/Incisive_Pass.png,playStyle,Play Style,trait1_1024,Long Ball Pass,"Accurate, faster Lob and Lofted Through Passes",https://drop-assets.ea.com/images/7jwRDD4zkOsqRpc821t73d/16d46d57a5dfc7dd5dd5f8de0fd26a99/Long_Ball_Pass.png,playStyle,Play Style,trait1_65536,Intercept,Increased reach and possession retention in interceptions,https://drop-assets.ea.com/images/5ysv7Iw8jDHl7sp1JXqIa7/d34004fed8c95bde083dcf8257391a70/Intercept.png,playStyle,Play Style,trait1_131072,Anticipate,"Improved standing tackle success, possibility of stopping ball at feet",https://drop-assets.ea.com/images/4xPnUcL7thizFB7qmhlwUR/1ade7a0f77d5e875c2db869964540a35/Anticipate.png,playStyle,Play Style,trait1_524288,Aerial Fortress,Performs higher jumps and has physical defensive presence before and during aerial duels,https://drop-assets.ea.com/images/3rsDbUXd3MZX39YTsk6lKe/404db89f2237eeb7466668a730c52a4b/Aerial_Fortress.png,playStyle,Play Style,trait1_67108864,Relentless,"Increased half time fatigue recovery, longer teammate contain and press",https://drop-assets.ea.com/images/2vVuRxgvPNaAuFGqZZ9nDY/3e2505addd5a6b353becdeaf7173d187/Relentless.png,playStyle,Play Style,0,Men's Football,54,Brazil,https://drop-assets.ea.com/images/1zdNn1R9tRlfQ3lsbAOecD/a606f742789b6306363383a6e20dd003/f_54.png,115845,Bergamo Calcio,https://drop-assets.ea.com/images/19gWEcyonp2fvk02MNHZOA/83b82283fc62f7010b529a53a0724eee/l115845.png,false,14,CM,Center Midfielder,midfielder,Midfielder,78,0,69,0,80,0,89,0,77,0,80,0,66,0,84,0,84,0,70,0,65,0,80,0,80,0,80,0,81,0,72,0,50,0,14,0,10,0,12,0,13,0,13,0,65,0,83,0,82,0,70,0,78,0,77,0,57,0,81,0,74,0,80,0,72,0,84,0,78,0,75,0,78,0,84,0,80,0,59,0,,,,,,,,,,
208333,325,82,Emre,Can,,1/12/1994 12:00:00 AM,186,3,4,1,Bundesliga,86,https://ratings-images-prod.pulse.ea.com/FC25/full/player-portraits/p208333.png?padding=0.7,https://ratings-images-prod.pulse.ea.com/FC25/full/player-shields/en/208333.png?width=265,,trait1_512,Pinged Pass,Faster ground passes without affecting receiver's trapping,https://drop-assets.ea.com/images/1mXBWIBgJSpYoIa1C4r5FX/7220e78a4049530f4e9fa642b1656fa4/Pinged_Pass.png,playStyle,Play Style,trait1_1024,Long Ball Pass,"Accurate, faster Lob and Lofted Through Passes",https://drop-assets.ea.com/images/7jwRDD4zkOsqRpc821t73d/16d46d57a5dfc7dd5dd5f8de0fd26a99/Long_Ball_Pass.png,playStyle,Play Style,trait1_262144,Slide Tackle,Stops ball at feet during slide tackles,https://drop-assets.ea.com/images/7mI1lrxE0pv9iJfQFki9OA/8c1ecac325f923e049be72231c8c968a/Slide_Tackle.png,playStyle,Play Style,trait1_16777216,Press Proven,"Close control at jog speed, shields ball more effectively",https://drop-assets.ea.com/images/5rUHwyLJRnvGV53Ba4Pj6M/9a3238695ae8103667ba02af391ac209/Press_Proven.png,playStyle,Play Style,icontrait1_268435456,Bruiser+,Even greater strength in physical tackles,https://drop-assets.ea.com/images/6bmh6DEgcusgxP72p2dudl/700d6fffd8b2e792e6cd7fd02fb88314/Bruiser_.png,playStylePlus,Play Style Plus,,,,,,,,,,,,,0,Men's Football,21,Germany,https://drop-assets.ea.com/images/6IIMMGk0Uj1rcZ6DSHTpLL/93f95b602dc62594104f418c8f80ebb3/f_21.png,22,Borussia Dortmund,https://drop-assets.ea.com/images/TmqxUZk2FrbFXOK1kdE89/3dce225926ac7cfd9f283ecd731fa710/l22.png,false,5,CB,Center Back,defense,Defense,67,0,65,0,81,0,76,0,86,0,91,0,72,0,75,0,83,0,63,0,77,0,82,0,79,0,74,0,73,0,71,0,64,0,14,0,8,0,8,0,13,0,11,0,82,0,78,0,74,0,78,0,77,0,72,0,85,0,84,0,70,0,79,0,76,0,77,0,85,0,85,0,85,0,86,0,69,0,69,0,10,Center Defensive Midfielder,CDM,14,Center Midfielder,CM,,,,
243245,327,82,Orkun,Kökçü,,12/29/2000 12:00:00 AM,175,3,5,1,Trendyol Süper Lig,72,https://ratings-images-prod.pulse.ea.com/FC25/full/player-portraits/p243245.png?padding=0.7,https://ratings-images-prod.pulse.ea.com/FC25/full/player-shields/en/243245.png?width=265,,trait1_1,Finesse Shot,Faster finesse shots with more curve and accuracy,https://drop-assets.ea.com/images/468u1R1p2k1fA6WBHi0OEn/fb9d49ed2a8fb500cd5a184937b96b34/Finesse_Shot.png,playStyle,Play Style,trait1_4,Power Shot,Faster power shots with increased speed,https://drop-assets.ea.com/images/3ohVoKWSsvT44qgjabWqfV/e536ef26ad854c3c4cbf63ed7954b9cd/Power_Shot.png,playStyle,Play Style,trait1_8,Dead Ball,"Faster, accurate set pieces with longer trajectory preview",https://drop-assets.ea.com/images/1razu2wcM3XA82VvB7NyUm/eec6b07080e49d6bf2d7a7951a22375f/Dead_Ball.png,playStyle,Play Style,trait1_256,Incisive Pass,"Accurate through passes, curvier swerve passes, faster precision passes",https://drop-assets.ea.com/images/2K5BYfVYRnrdjt8F3hwI04/62f147b6a436c107bfa3d042c1d5728d/Incisive_Pass.png,playStyle,Play Style,,,,,,,,,,,,,,,,,,,0,Men's Football,48,Turkey,https://drop-assets.ea.com/images/501PnaP87pzjR8dKEQ20OT/7f0fd5c896b732a094222cbf0560b4c2/f_48.png,327,Beşiktaş,https://drop-assets.ea.com/images/Sx4dfrxgLrl3y1lm5Wj8p/fe2d92ed674ea49ea5ee3ac8d9842897/l327.png,false,14,CM,Center Midfielder,midfielder,Midfielder,75,0,79,0,67,0,88,0,75,0,82,0,77,0,83,0,81,0,81,0,82,0,70,0,73,0,80,0,78,0,78,0,82,0,9,0,6,0,10,0,6,0,12,0,41,0,74,0,85,0,85,0,72,0,84,0,81,0,79,0,80,0,80,0,80,0,84,0,83,0,69,0,69,0,74,0,85,0,72,0,18,Center Attacking Midfielder,CAM,10,Center Defensive Midfielder,CDM,,,,
243576,328,82,Pedro Antonio,Porro Sauceda,Pedro Porro,9/13/1999 12:00:00 AM,173,3,3,1,Premier League,69,https://ratings-images-prod.pulse.ea.com/FC25/full/player-portraits/p243576.png?padding=0.7,https://ratings-images-prod.pulse.ea.com/FC25/full/player-shields/en/243576.png?width=265,,trait1_4,Power Shot,Faster power shots with increased speed,https://drop-assets.ea.com/images/3ohVoKWSsvT44qgjabWqfV/e536ef26ad854c3c4cbf63ed7954b9cd/Power_Shot.png,playStyle,Play Style,trait1_1024,Long Ball Pass,"Accurate, faster Lob and Lofted Through Passes",https://drop-assets.ea.com/images/7jwRDD4zkOsqRpc821t73d/16d46d57a5dfc7dd5dd5f8de0fd26a99/Long_Ball_Pass.png,playStyle,Play Style,trait1_2048,Tiki Taka,Accurate first-time Ground Passes,https://drop-assets.ea.com/images/2tvHC5JQ2sXrN8wUTJWLEA/94b0f6a78d1a9e1348a33c9772f23afd/Tiki_Taka.png,playStyle,Play Style,trait1_4096,Whipped Pass,"Accurate, faster crosses with more curve",https://drop-assets.ea.com/images/FfTP29PWrRWZjEaiCCVoa/a1b345e4ae7023ed78b1efd68d28f392/Whipped_Pass.png,playStyle,Play Style,trait1_32768,Block,Increased reach and success in blocking,https://drop-assets.ea.com/images/2Rlftzr8lqUdI29suCQVWe/43c6c36e8bd5fa26b88478d4354611a2/Block.png,playStyle,Play Style,trait1_67108864,Relentless,"Increased half time fatigue recovery, longer teammate contain and press",https://drop-assets.ea.com/images/2vVuRxgvPNaAuFGqZZ9nDY/3e2505addd5a6b353becdeaf7173d187/Relentless.png,playStyle,Play Style,,,,,,,0,Men's Football,45,Spain,https://drop-assets.ea.com/images/Kv8okAYMsDbB3ZKbxrAXw/9d30c88d16a4c85002f35c6af412c6f7/f_45.png,18,Spurs,https://drop-assets.ea.com/images/7kUcyCh5xGrzQlcjP2Q9NH/11aba507486f44765ee5938b1b5b097e/l18.png,false,3,RB,Right Back,defense,Defense,78,0,80,0,77,0,91,0,68,0,75,0,71,0,81,0,79,0,87,0,85,0,77,0,76,0,80,0,80,0,68,0,78,0,15,0,7,0,14,0,5,0,7,0,69,0,78,0,78,0,75,0,78,0,81,0,66,0,76,0,76,0,80,0,73,0,80,0,84,0,77,0,78,0,79,0,80,0,64,0,12,Right Midfielder,RM,,,,,,,
229261,330,82,Denis,Zakaria,,11/20/1996 12:00:00 AM,190,3,3,1,Ligue 1 McDonald's,81,https://ratings-images-prod.pulse.ea.com/FC25/full/player-portraits/p229261.png?padding=0.7,https://ratings-images-prod.pulse.ea.com/FC25/full/player-shields/en/229261.png?width=265,,trait1_16,Precision Header,Performs headers with increased accuracy and power.,https://drop-assets.ea.com/images/3ync8fbblS4zLzF3p1VXmT/7752a5103c2ebd8be5cf1819379c66f4/Precision_Header.png,playStyle,Play Style,trait1_65536,Intercept,Increased reach and possession retention in interceptions,https://drop-assets.ea.com/images/5ysv7Iw8jDHl7sp1JXqIa7/d34004fed8c95bde083dcf8257391a70/Intercept.png,playStyle,Play Style,trait1_131072,Anticipate,"Improved standing tackle success, possibility of stopping ball at feet",https://drop-assets.ea.com/images/4xPnUcL7thizFB7qmhlwUR/1ade7a0f77d5e875c2db869964540a35/Anticipate.png,playStyle,Play Style,,,,,,,,,,,,,,,,,,,,,,,,,0,Men's Football,47,Switzerland,https://drop-assets.ea.com/images/4CseD8PxDZqObA1huFIws0/f30914625e329de69ffdd60f3c334a88/f_47.png,69,AS Monaco,https://drop-assets.ea.com/images/6XicH1VsjyR3WbTdpk99p3/8b11b6c53072e6c9c042eb77f3c6a8f4/l69.png,false,10,CDM,Center Defensive Midfielder,midfielder,Midfielder,72,0,67,0,89,0,80,0,87,0,87,0,61,0,80,0,82,0,68,0,63,0,80,0,81,0,77,0,78,0,64,0,46,0,12,0,12,0,7,0,13,0,11,0,78,0,79,0,79,0,69,0,80,0,74,0,48,0,85,0,65,0,80,0,67,0,82,0,80,0,78,0,86,0,82,0,74,0,46,0,14,Center Midfielder,CM,,,,,,,
260247,332,82,Morgan,Rogers,,7/26/2002 12:00:00 AM,188,4,4,1,Premier League,80,https://ratings-images-prod.pulse.ea.com/FC25/full/player-portraits/p260247.png?padding=0.7,https://ratings-images-prod.pulse.ea.com/FC25/full/player-shields/en/260247.png?width=265,,trait1_256,Incisive Pass,"Accurate through passes, curvier swerve passes, faster precision passes",https://drop-assets.ea.com/images/2K5BYfVYRnrdjt8F3hwI04/62f147b6a436c107bfa3d042c1d5728d/Incisive_Pass.png,playStyle,Play Style,trait1_1048576,Technical,"Faster Controlled Sprint, precise wide turns while dribbling",https://drop-assets.ea.com/images/5Esx7NK4YBU44O4bo07rvb/69ca9417da7fd07905f6c6956ad93f6d/Technical.png,playStyle,Play Style,trait1_536870912,Enforcer,Performs dribble Shoulder Challenges and Shielding with increased effectiveness.,https://drop-assets.ea.com/images/2sNQz8b9dgV0hW8vl7oOvV/d7a503dbd4c73b232055b3ca06aa88eb/Enforcer.png,playStyle,Play Style,,,,,,,,,,,,,,,,,,,,,,,,,0,Men's Football,14,England,https://drop-assets.ea.com/images/6ZM1OFXGUFeV0ZaYVKj2z/ae88ef17f8cb179fbc1c463f7e1e4bd8/f_14.png,2,Aston Villa,https://drop-assets.ea.com/images/57c0ppYsEA88xL0gxqce8K/99605df97c6a96ea3b6e8a424c217af0/l2.png,false,18,CAM,Center Attacking Midfielder,midfielder,Midfielder,74,0,80,0,79,0,83,0,80,0,70,0,74,0,84,0,85,0,75,0,76,0,67,0,68,0,84,0,86,0,80,0,55,0,7,0,8,0,13,0,11,0,14,0,64,0,68,0,78,0,75,0,77,0,79,0,60,0,79,0,81,0,82,0,77,0,82,0,76,0,49,0,79,0,72,0,83,0,74,0,12,Right Midfielder,RM,16,Left Midfielder,LM,14,Center Midfielder,CM,
230872,334,82,Mile,Svilar,,8/27/1999 12:00:00 AM,189,1,3,1,Serie A Enilive,77,https://ratings-images-prod.pulse.ea.com/FC25/full/player-portraits/p230872.png?padding=0.7,https://ratings-images-prod.pulse.ea.com/FC25/full/player-shields/en/230872.png?width=250,,trait2_4,Cross Claimer,"Unique punching animations, powerful punches, faster crosses coverage",https://drop-assets.ea.com/images/4Uvgm6UNiSz3say1zZqKDC/51837f53072d5e01063699f6d2b7401a/Cross_Claimer.png,playStyle,Play Style,trait2_8,Rush Out,"Unique reflex saves, better close shot reads, faster rush",https://drop-assets.ea.com/images/4wwnzFkg1zLTAc4QSsXiWO/5fa897cf739a93bddf3556e2323f9b8b/1v1_Close_Down.png,playStyle,Play Style,,,,,,,,,,,,,,,,,,,,,,,,,,,,,,,0,Men's Football,51,Serbia,https://drop-assets.ea.com/images/2GKu0zRZkrHdnQe5yZ5cSP/3ef9ea7c2fdd64aba769e1308bf133f0/f_51.png,52,AS Roma,https://drop-assets.ea.com/images/2ruQP0TDYcCmtVFKr9qMBI/5f53795056598b1faac31300900b8671/l52.png,false,0,GK,Goalkeeper,defense,Defense,60,0,66,0,72,0,32,0,61,0,28,0,54,0,28,0,48,0,18,0,23,0,58,0,12,0,85,0,26,0,14,0,22,0,80,0,80,0,77,0,82,0,85,0,22,0,13,0,42,0,18,0,80,0,77,0,37,0,82,0,9,0,79,0,80,0,42,0,58,0,19,0,55,0,24,0,53,0,16,0,,,,,,,,,,
256853,335,82,Malik,Tillman,,5/28/2002 12:00:00 AM,187,4,3,1,Bundesliga,71,https://ratings-images-prod.pulse.ea.com/FC25/full/player-portraits/p256853.png?padding=0.7,https://ratings-images-prod.pulse.ea.com/FC25/full/player-shields/en/256853.png?width=265,,trait1_4,Power Shot,Faster power shots with increased speed,https://drop-assets.ea.com/images/3ohVoKWSsvT44qgjabWqfV/e536ef26ad854c3c4cbf63ed7954b9cd/Power_Shot.png,playStyle,Play Style,trait1_256,Incisive Pass,"Accurate through passes, curvier swerve passes, faster precision passes",https://drop-assets.ea.com/images/2K5BYfVYRnrdjt8F3hwI04/62f147b6a436c107bfa3d042c1d5728d/Incisive_Pass.png,playStyle,Play Style,trait1_8192,Inventive,Fancy and Trivela passes are performed with improved accuracy.,https://drop-assets.ea.com/images/4fpo31RdL5T0vrzNqcSc4x/f82209bfd51270dcc447d4313b3e61f1/Inventive.png,playStyle,Play Style,trait1_1048576,Technical,"Faster Controlled Sprint, precise wide turns while dribbling",https://drop-assets.ea.com/images/5Esx7NK4YBU44O4bo07rvb/69ca9417da7fd07905f6c6956ad93f6d/Technical.png,playStyle,Play Style,trait1_4194304,First Touch,"Reduced trapping error, faster dribbling transition",https://drop-assets.ea.com/images/3f727XsoDVLbT49oMk0HBu/2787568be8ccb2d5daa2d18fabacad97/First_Touch.png,playStyle,Play Style,,,,,,,,,,,,,0,Men's Football,95,United States,https://drop-assets.ea.com/images/7ZVadlJQIutRH5P85wr76/c2456a2d76146d19f98c2c3071136dcf/f_95.png,32,Leverkusen,https://drop-assets.ea.com/images/mGqQw1um1ucUAshcK0Eop/9c7fe656f526c98b217ff2a052377b5c/l32.png,false,18,CAM,Center Attacking Midfielder,midfielder,Midfielder,83,0,83,0,88,0,76,0,82,0,62,0,82,0,84,0,78,0,69,0,82,0,65,0,60,0,83,0,83,0,75,0,75,0,9,0,11,0,11,0,12,0,9,0,73,0,66,0,75,0,84,0,84,0,77,0,60,0,77,0,78,0,81,0,76,0,80,0,77,0,59,0,84,0,67,0,79,0,60,0,27,Left Wing,LW,14,Center Midfielder,CM,,,,
210411,336,82,Otávio Edmilson,da Silva Monteiro,Otávio,2/9/1995 12:00:00 AM,171,4,3,1,ROSHN Saudi League,67,https://ratings-images-prod.pulse.ea.com/FC25/full/player-portraits/p210411.png?padding=0.7,https://ratings-images-prod.pulse.ea.com/FC25/full/player-shields/en/210411.png?width=265,,trait1_256,Incisive Pass,"Accurate through passes, curvier swerve passes, faster precision passes",https://drop-assets.ea.com/images/2K5BYfVYRnrdjt8F3hwI04/62f147b6a436c107bfa3d042c1d5728d/Incisive_Pass.png,playStyle,Play Style,trait1_512,Pinged Pass,Faster ground passes without affecting receiver's trapping,https://drop-assets.ea.com/images/1mXBWIBgJSpYoIa1C4r5FX/7220e78a4049530f4e9fa642b1656fa4/Pinged_Pass.png,playStyle,Play Style,trait1_2048,Tiki Taka,Accurate first-time Ground Passes,https://drop-assets.ea.com/images/2tvHC5JQ2sXrN8wUTJWLEA/94b0f6a78d1a9e1348a33c9772f23afd/Tiki_Taka.png,playStyle,Play Style,trait1_1048576,Technical,"Faster Controlled Sprint, precise wide turns while dribbling",https://drop-assets.ea.com/images/5Esx7NK4YBU44O4bo07rvb/69ca9417da7fd07905f6c6956ad93f6d/Technical.png,playStyle,Play Style,trait1_4194304,First Touch,"Reduced trapping error, faster dribbling transition",https://drop-assets.ea.com/images/3f727XsoDVLbT49oMk0HBu/2787568be8ccb2d5daa2d18fabacad97/First_Touch.png,playStyle,Play Style,trait1_67108864,Relentless,"Increased half time fatigue recovery, longer teammate contain and press",https://drop-assets.ea.com/images/2vVuRxgvPNaAuFGqZZ9nDY/3e2505addd5a6b353becdeaf7173d187/Relentless.png,playStyle,Play Style,,,,,,,0,Men's Football,38,Portugal,https://drop-assets.ea.com/images/3CxRD7XqY2NSlZ3628fY4S/abf38470644ee334e6a425b9272f7767/f_38.png,112391,Al Qadsiah,https://drop-assets.ea.com/images/OQhve5ubflu5c5OXWRlUV/4874b82f2bab16f04e6702812ac521a6/l112391.png,false,18,CAM,Center Attacking Midfielder,midfielder,Midfielder,81,0,85,0,76,0,86,0,65,0,87,0,83,0,85,0,81,0,79,0,80,0,70,0,69,0,85,0,86,0,71,0,72,0,11,0,12,0,9,0,10,0,15,0,65,0,66,0,82,0,68,0,78,0,82,0,72,0,75,0,80,0,84,0,71,0,83,0,73,0,65,0,76,0,76,0,85,0,69,0,14,Center Midfielder,CM,12,Right Midfielder,RM,,,,
210602,339,82,Salem,Al Dawsari,,8/19/1991 12:00:00 AM,173,4,5,1,ROSHN Saudi League,71,https://ratings-images-prod.pulse.ea.com/FC25/full/player-portraits/p210602.png?padding=0.7,https://ratings-images-prod.pulse.ea.com/FC25/full/player-shields/en/210602.png?width=265,,trait1_1,Finesse Shot,Faster finesse shots with more curve and accuracy,https://drop-assets.ea.com/images/468u1R1p2k1fA6WBHi0OEn/fb9d49ed2a8fb500cd5a184937b96b34/Finesse_Shot.png,playStyle,Play Style,trait1_32,Acrobatic,"Perform volleys with increased accuracy, acrobatic volley animations",https://drop-assets.ea.com/images/2sRRBHcIe0zrDwYaRI2xG3/d02b8c8855de853470897009e030eb5d/Acrobatic.png,playStyle,Play Style,trait1_4096,Whipped Pass,"Accurate, faster crosses with more curve",https://drop-assets.ea.com/images/FfTP29PWrRWZjEaiCCVoa/a1b345e4ae7023ed78b1efd68d28f392/Whipped_Pass.png,playStyle,Play Style,trait1_8192,Inventive,Fancy and Trivela passes are performed with improved accuracy.,https://drop-assets.ea.com/images/4fpo31RdL5T0vrzNqcSc4x/f82209bfd51270dcc447d4313b3e61f1/Inventive.png,playStyle,Play Style,trait1_1048576,Technical,"Faster Controlled Sprint, precise wide turns while dribbling",https://drop-assets.ea.com/images/5Esx7NK4YBU44O4bo07rvb/69ca9417da7fd07905f6c6956ad93f6d/Technical.png,playStyle,Play Style,trait1_4194304,First Touch,"Reduced trapping error, faster dribbling transition",https://drop-assets.ea.com/images/3f727XsoDVLbT49oMk0HBu/2787568be8ccb2d5daa2d18fabacad97/First_Touch.png,playStyle,Play Style,trait1_67108864,Relentless,"Increased half time fatigue recovery, longer teammate contain and press",https://drop-assets.ea.com/images/2vVuRxgvPNaAuFGqZZ9nDY/3e2505addd5a6b353becdeaf7173d187/Relentless.png,playStyle,Play Style,0,Men's Football,183,Saudi Arabia,https://drop-assets.ea.com/images/5z1KkeGbKQO9YFi6rdpu1i/e22181e422e56b017fe7e84bfcf088c6/f_183.png,605,Al Hilal,https://drop-assets.ea.com/images/S6sbDN9mfGaVn2VJDekYR/c6f580c98a0d614b0b308a89a241c6ab/l605.png,false,16,LM,Left Midfielder,midfielder,Midfielder,88,0,85,0,71,0,90,0,77,0,81,0,89,0,82,0,83,0,71,0,68,0,57,0,65,0,84,0,86,0,75,0,60,0,7,0,12,0,13,0,14,0,10,0,51,0,50,0,72,0,75,0,87,0,75,0,62,0,81,0,79,0,81,0,75,0,79,0,77,0,49,0,87,0,57,0,78,0,79,0,27,Left Wing,LW,,,,,,,
225375,340,82,Konrad,Laimer,,5/27/1997 12:00:00 AM,180,3,3,1,Bundesliga,72,https://ratings-images-prod.pulse.ea.com/FC25/full/player-portraits/p225375.png?padding=0.7,https://ratings-images-prod.pulse.ea.com/FC25/full/player-shields/en/225375.png?width=265,,trait1_32768,Block,Increased reach and success in blocking,https://drop-assets.ea.com/images/2Rlftzr8lqUdI29suCQVWe/43c6c36e8bd5fa26b88478d4354611a2/Block.png,playStyle,Play Style,trait1_67108864,Relentless,"Increased half time fatigue recovery, longer teammate contain and press",https://drop-assets.ea.com/images/2vVuRxgvPNaAuFGqZZ9nDY/3e2505addd5a6b353becdeaf7173d187/Relentless.png,playStyle,Play Style,trait1_268435456,Bruiser,Stronger physical tackles,https://drop-assets.ea.com/images/7euMJ2jVypFrFPQesWuGGm/14019168b12faac1584a2920d5c2d5d9/Bruiser.png,playStyle,Play Style,,,,,,,,,,,,,,,,,,,,,,,,,0,Men's Football,4,Austria,https://drop-assets.ea.com/images/2nTz63NpDfuBGFbmXrDg0N/eaa6fc81bfd7bd77d76886d479841ebb/f_4.png,21,FC Bayern München,https://drop-assets.ea.com/images/3p0dv1pGWIH6lGAKZssZKH/4f70d2c5a3c147f3e006c863e85e4993/l21.png,false,3,RB,Right Back,defense,Defense,82,0,76,0,78,0,79,0,69,0,88,0,77,0,75,0,79,0,76,0,70,0,81,0,86,0,75,0,74,0,69,0,47,0,9,0,12,0,12,0,13,0,12,0,67,0,80,0,78,0,68,0,82,0,76,0,54,0,76,0,73,0,84,0,69,0,81,0,74,0,79,0,82,0,81,0,76,0,60,0,10,Center Defensive Midfielder,CDM,14,Center Midfielder,CM,12,Right Midfielder,RM,
236496,341,82,Mattéo,Guendouzi,,4/14/1999 12:00:00 AM,185,4,3,1,Serie A Enilive,68,https://ratings-images-prod.pulse.ea.com/FC25/full/player-portraits/p236496.png?padding=0.7,https://ratings-images-prod.pulse.ea.com/FC25/full/player-shields/en/236496.png?width=265,,trait1_256,Incisive Pass,"Accurate through passes, curvier swerve passes, faster precision passes",https://drop-assets.ea.com/images/2K5BYfVYRnrdjt8F3hwI04/62f147b6a436c107bfa3d042c1d5728d/Incisive_Pass.png,playStyle,Play Style,trait1_2048,Tiki Taka,Accurate first-time Ground Passes,https://drop-assets.ea.com/images/2tvHC5JQ2sXrN8wUTJWLEA/94b0f6a78d1a9e1348a33c9772f23afd/Tiki_Taka.png,playStyle,Play Style,trait1_16384,Jockey,"Faster Sprint Jockey, better transition speed",https://drop-assets.ea.com/images/7lHjpOBSghE6Ywt1jgVv1C/21f9914d00f073d79d4b46cac71b9087/Jockey.png,playStyle,Play Style,trait1_32768,Block,Increased reach and success in blocking,https://drop-assets.ea.com/images/2Rlftzr8lqUdI29suCQVWe/43c6c36e8bd5fa26b88478d4354611a2/Block.png,playStyle,Play Style,trait1_131072,Anticipate,"Improved standing tackle success, possibility of stopping ball at feet",https://drop-assets.ea.com/images/4xPnUcL7thizFB7qmhlwUR/1ade7a0f77d5e875c2db869964540a35/Anticipate.png,playStyle,Play Style,trait1_4194304,First Touch,"Reduced trapping error, faster dribbling transition",https://drop-assets.ea.com/images/3f727XsoDVLbT49oMk0HBu/2787568be8ccb2d5daa2d18fabacad97/First_Touch.png,playStyle,Play Style,trait1_67108864,Relentless,"Increased half time fatigue recovery, longer teammate contain and press",https://drop-assets.ea.com/images/2vVuRxgvPNaAuFGqZZ9nDY/3e2505addd5a6b353becdeaf7173d187/Relentless.png,playStyle,Play Style,0,Men's Football,18,France,https://drop-assets.ea.com/images/3ECAQzhfgSLWRf9IIHB6G8/7e235a7b2f93c1f73db7f89dc03b3657/f_18.png,115841,Latium,https://drop-assets.ea.com/images/APtVhL3q3cFDG9pkum0Q4/cbfe542e327cc69c0890b8b5a189fad7/l115841.png,false,10,CDM,Center Defensive Midfielder,midfielder,Midfielder,69,0,83,0,73,0,90,0,67,0,86,0,71,0,84,0,82,0,71,0,75,0,77,0,76,0,80,0,78,0,73,0,67,0,6,0,13,0,6,0,13,0,11,0,69,0,80,0,81,0,75,0,72,0,80,0,70,0,77,0,74,0,81,0,73,0,85,0,75,0,72,0,74,0,79,0,83,0,64,0,14,Center Midfielder,CM,,,,,,,
225201,343,82,Alejandro,Berenguer Remiro,Álex Berenguer,7/4/1995 12:00:00 AM,175,3,4,1,LALIGA EA SPORTS,73,https://ratings-images-prod.pulse.ea.com/FC25/full/player-portraits/p225201.png?padding=0.7,https://ratings-images-prod.pulse.ea.com/FC25/full/player-shields/en/225201.png?width=265,,trait1_1,Finesse Shot,Faster finesse shots with more curve and accuracy,https://drop-assets.ea.com/images/468u1R1p2k1fA6WBHi0OEn/fb9d49ed2a8fb500cd5a184937b96b34/Finesse_Shot.png,playStyle,Play Style,trait1_2097152,Rapid,"Higher sprint speed while dribbling, reduced error on knock-ons",https://drop-assets.ea.com/images/1aGsvwKyIFlRG1eoJSS0Ot/a4d3d661ff962795a632fe86439d2146/Rapid.png,playStyle,Play Style,,,,,,,,,,,,,,,,,,,,,,,,,,,,,,,0,Men's Football,45,Spain,https://drop-assets.ea.com/images/Kv8okAYMsDbB3ZKbxrAXw/9d30c88d16a4c85002f35c6af412c6f7/f_45.png,448,Athletic Club,https://drop-assets.ea.com/images/5lGGXYvaOCdAYlo8xWPzQb/7092243785809519c68b482ad21b2c41/l448.png,false,16,LM,Left Midfielder,midfielder,Midfielder,85,0,87,0,79,0,80,0,59,0,76,0,88,0,83,0,83,0,81,0,82,0,65,0,65,0,84,0,84,0,79,0,80,0,14,0,16,0,8,0,6,0,13,0,73,0,65,0,73,0,72,0,84,0,79,0,72,0,69,0,82,0,79,0,77,0,80,0,78,0,61,0,84,0,65,0,77,0,70,0,12,Right Midfielder,RM,18,Center Attacking Midfielder,CAM,27,Left Wing,LW,
236703,344,82,David,Raum,,4/22/1998 12:00:00 AM,181,3,2,2,Bundesliga,83,https://ratings-images-prod.pulse.ea.com/FC25/full/player-portraits/p236703.png?padding=0.7,https://ratings-images-prod.pulse.ea.com/FC25/full/player-shields/en/236703.png?width=265,,trait1_8,Dead Ball,"Faster, accurate set pieces with longer trajectory preview",https://drop-assets.ea.com/images/1razu2wcM3XA82VvB7NyUm/eec6b07080e49d6bf2d7a7951a22375f/Dead_Ball.png,playStyle,Play Style,trait1_4096,Whipped Pass,"Accurate, faster crosses with more curve",https://drop-assets.ea.com/images/FfTP29PWrRWZjEaiCCVoa/a1b345e4ae7023ed78b1efd68d28f392/Whipped_Pass.png,playStyle,Play Style,trait1_2097152,Rapid,"Higher sprint speed while dribbling, reduced error on knock-ons",https://drop-assets.ea.com/images/1aGsvwKyIFlRG1eoJSS0Ot/a4d3d661ff962795a632fe86439d2146/Rapid.png,playStyle,Play Style,,,,,,,,,,,,,,,,,,,,,,,,,0,Men's Football,21,Germany,https://drop-assets.ea.com/images/6IIMMGk0Uj1rcZ6DSHTpLL/93f95b602dc62594104f418c8f80ebb3/f_21.png,112172,RB Leipzig,https://drop-assets.ea.com/images/1EoW6b2VkhiP3S0vqikd9s/f181f899a2037360f70a9a8aba18af30/l112172.png,false,7,LB,Left Back,defense,Defense,86,0,77,0,81,0,89,0,75,0,72,0,77,0,79,0,78,0,88,0,85,0,74,0,74,0,79,0,79,0,59,0,70,0,11,0,8,0,14,0,12,0,6,0,62,0,74,0,77,0,66,0,86,0,80,0,49,0,78,0,71,0,78,0,61,0,78,0,64,0,81,0,86,0,76,0,79,0,55,0,16,Left Midfielder,LM,,,,,,,
197445,345,82,David,Alaba,,6/24/1992 12:00:00 AM,180,3,4,2,LALIGA EA SPORTS,78,https://ratings-images-prod.pulse.ea.com/FC25/full/player-portraits/p197445.png?padding=0.7,https://ratings-images-prod.pulse.ea.com/FC25/full/player-shields/en/197445.png?width=265,,trait1_8,Dead Ball,"Faster, accurate set pieces with longer trajectory preview",https://drop-assets.ea.com/images/1razu2wcM3XA82VvB7NyUm/eec6b07080e49d6bf2d7a7951a22375f/Dead_Ball.png,playStyle,Play Style,trait1_131072,Anticipate,"Improved standing tackle success, possibility of stopping ball at feet",https://drop-assets.ea.com/images/4xPnUcL7thizFB7qmhlwUR/1ade7a0f77d5e875c2db869964540a35/Anticipate.png,playStyle,Play Style,,,,,,,,,,,,,,,,,,,,,,,,,,,,,,,0,Men's Football,4,Austria,https://drop-assets.ea.com/images/2nTz63NpDfuBGFbmXrDg0N/eaa6fc81bfd7bd77d76886d479841ebb/f_4.png,243,Real Madrid,https://drop-assets.ea.com/images/Pk8nYrWuRt895RlhJx8jI/445d98b711f413a3a1e70c41b19b0f95/l243.png,true,5,CB,Center Back,defense,Defense,64,0,71,0,79,0,72,0,77,0,73,0,77,0,83,0,84,0,83,0,76,0,82,0,84,0,79,0,77,0,62,0,85,0,5,0,7,0,14,0,15,0,9,0,75,0,83,0,80,0,78,0,68,0,82,0,79,0,75,0,71,0,83,0,71,0,86,0,82,0,80,0,72,0,83,0,78,0,67,0,7,Left Back,LB,16,Left Midfielder,LM,,,,
215316,346,82,Gerónimo,Rulli,,5/20/1992 12:00:00 AM,189,1,3,1,Ligue 1 McDonald's,84,https://ratings-images-prod.pulse.ea.com/FC25/full/player-portraits/p215316.png?padding=0.7,https://ratings-images-prod.pulse.ea.com/FC25/full/player-shields/en/215316.png?width=250,,trait2_2,Footwork,"Exclusive foot saves, better performance on low shots",https://drop-assets.ea.com/images/1s2muXoHUmP1T0vGYKXSl1/6d265b13804069371f16a58788703a33/Footwork.png,playStyle,Play Style,,,,,,,,,,,,,,,,,,,,,,,,,,,,,,,,,,,,,0,Men's Football,52,Argentina,https://drop-assets.ea.com/images/4xMXjEt7CFJ6JENYeG45Sk/836d733dc1642c5e4ab3338d91481436/f_52.png,219,OM,https://drop-assets.ea.com/images/3t06Qm41tT2gB8NqJYXdue/928373951a71a9a8565497e6481925d1/l219.png,false,0,GK,Goalkeeper,defense,Defense,56,0,58,0,73,0,42,0,73,0,26,0,50,0,15,0,61,0,12,0,19,0,54,0,15,0,83,0,14,0,15,0,20,0,82,0,77,0,80,0,81,0,83,0,12,0,21,0,50,0,17,0,82,0,80,0,24,0,81,0,12,0,79,0,77,0,36,0,60,0,17,0,52,0,13,0,68,0,16,0,,,,,,,,,,
260908,348,82,Milos,Kerkez,,11/7/2003 12:00:00 AM,180,3,3,2,Premier League,71,https://ratings-images-prod.pulse.ea.com/FC25/full/player-portraits/p260908.png?padding=0.7,https://ratings-images-prod.pulse.ea.com/FC25/full/player-shields/en/260908.png?width=265,,trait1_4096,Whipped Pass,"Accurate, faster crosses with more curve",https://drop-assets.ea.com/images/FfTP29PWrRWZjEaiCCVoa/a1b345e4ae7023ed78b1efd68d28f392/Whipped_Pass.png,playStyle,Play Style,trait1_262144,Slide Tackle,Stops ball at feet during slide tackles,https://drop-assets.ea.com/images/7mI1lrxE0pv9iJfQFki9OA/8c1ecac325f923e049be72231c8c968a/Slide_Tackle.png,playStyle,Play Style,trait1_2097152,Rapid,"Higher sprint speed while dribbling, reduced error on knock-ons",https://drop-assets.ea.com/images/1aGsvwKyIFlRG1eoJSS0Ot/a4d3d661ff962795a632fe86439d2146/Rapid.png,playStyle,Play Style,,,,,,,,,,,,,,,,,,,,,,,,,0,Men's Football,23,Hungary,https://drop-assets.ea.com/images/7i3nOfE2sGJ9iku6pc1FjZ/eeaef3caa45bcbd92bfdd62705d3fa6f/f_23.png,9,Liverpool,https://drop-assets.ea.com/images/3mmzooNXBDCKuCy6kWcGQo/2e332a30fe2a7225a88fcb1898f48bbf/l9.png,false,7,LB,Left Back,defense,Defense,88,0,83,0,74,0,90,0,75,0,83,0,84,0,77,0,76,0,81,0,77,0,77,0,78,0,78,0,77,0,53,0,52,0,8,0,13,0,10,0,13,0,13,0,60,0,78,0,68,0,53,0,87,0,75,0,50,0,80,0,76,0,78,0,59,0,77,0,80,0,83,0,87,0,80,0,76,0,53,0,16,Left Midfielder,LM,,,,,,,
240091,349,82,Guglielmo,Vicario,,10/7/1996 12:00:00 AM,194,1,4,1,Premier League,76,https://ratings-images-prod.pulse.ea.com/FC25/full/player-portraits/p240091.png?padding=0.7,https://ratings-images-prod.pulse.ea.com/FC25/full/player-shields/en/240091.png?width=250,,trait2_2,Footwork,"Exclusive foot saves, better performance on low shots",https://drop-assets.ea.com/images/1s2muXoHUmP1T0vGYKXSl1/6d265b13804069371f16a58788703a33/Footwork.png,playStyle,Play Style,,,,,,,,,,,,,,,,,,,,,,,,,,,,,,,,,,,,,0,Men's Football,27,Italy,https://drop-assets.ea.com/images/2WtjWPqYzT7xcMCbvajGZH/d06e9ec4734a0d43d88f65386cc3a484/f_27.png,18,Spurs,https://drop-assets.ea.com/images/7kUcyCh5xGrzQlcjP2Q9NH/11aba507486f44765ee5938b1b5b097e/l18.png,false,0,GK,Goalkeeper,defense,Defense,54,0,56,0,67,0,38,0,60,0,29,0,38,0,41,0,62,0,11,0,14,0,52,0,23,0,84,0,22,0,6,0,10,0,83,0,78,0,78,0,80,0,84,0,11,0,15,0,55,0,5,0,83,0,78,0,13,0,80,0,13,0,81,0,78,0,57,0,59,0,13,0,49,0,11,0,68,0,7,0,,,,,,,,,,
226226,350,82,Giovani,Lo Celso,,4/9/1996 12:00:00 AM,177,4,3,2,LALIGA EA SPORTS,68,https://ratings-images-prod.pulse.ea.com/FC25/full/player-portraits/p226226.png?padding=0.7,https://ratings-images-prod.pulse.ea.com/FC25/full/player-shields/en/226226.png?width=265,,trait1_1,Finesse Shot,Faster finesse shots with more curve and accuracy,https://drop-assets.ea.com/images/468u1R1p2k1fA6WBHi0OEn/fb9d49ed2a8fb500cd5a184937b96b34/Finesse_Shot.png,playStyle,Play Style,trait1_8,Dead Ball,"Faster, accurate set pieces with longer trajectory preview",https://drop-assets.ea.com/images/1razu2wcM3XA82VvB7NyUm/eec6b07080e49d6bf2d7a7951a22375f/Dead_Ball.png,playStyle,Play Style,trait1_256,Incisive Pass,"Accurate through passes, curvier swerve passes, faster precision passes",https://drop-assets.ea.com/images/2K5BYfVYRnrdjt8F3hwI04/62f147b6a436c107bfa3d042c1d5728d/Incisive_Pass.png,playStyle,Play Style,trait1_1048576,Technical,"Faster Controlled Sprint, precise wide turns while dribbling",https://drop-assets.ea.com/images/5Esx7NK4YBU44O4bo07rvb/69ca9417da7fd07905f6c6956ad93f6d/Technical.png,playStyle,Play Style,,,,,,,,,,,,,,,,,,,0,Men's Football,52,Argentina,https://drop-assets.ea.com/images/4xMXjEt7CFJ6JENYeG45Sk/836d733dc1642c5e4ab3338d91481436/f_52.png,449,Real Betis,https://drop-assets.ea.com/images/4rODtg2WvYGHhUGfPXxilW/e047163865b561a0ced87f9f593498c1/l449.png,false,18,CAM,Center Attacking Midfielder,midfielder,Midfielder,67,0,79,0,71,0,67,0,69,0,82,0,80,0,85,0,82,0,81,0,82,0,68,0,64,0,84,0,85,0,82,0,81,0,10,0,7,0,10,0,15,0,14,0,62,0,70,0,82,0,83,0,68,0,82,0,65,0,71,0,81,0,80,0,81,0,82,0,83,0,68,0,68,0,73,0,84,0,73,0,14,Center Midfielder,CM,10,Center Defensive Midfielder,CDM,,,,
224987,353,82,Ivan,Provedel,,3/17/1994 12:00:00 AM,192,1,2,1,Serie A Enilive,84,https://ratings-images-prod.pulse.ea.com/FC25/full/player-portraits/p224987.png?padding=0.7,https://ratings-images-prod.pulse.ea.com/FC25/full/player-shields/en/224987.png?width=265,,trait1_1024,Long Ball Pass,"Accurate, faster Lob and Lofted Through Passes",https://drop-assets.ea.com/images/7jwRDD4zkOsqRpc821t73d/16d46d57a5dfc7dd5dd5f8de0fd26a99/Long_Ball_Pass.png,playStyle,Play Style,trait2_2,Footwork,"Exclusive foot saves, better performance on low shots",https://drop-assets.ea.com/images/1s2muXoHUmP1T0vGYKXSl1/6d265b13804069371f16a58788703a33/Footwork.png,playStyle,Play Style,trait2_32,Deflector,"Unique deflection animations, powerful parries to safer areas",https://drop-assets.ea.com/images/6nb9RYWNVuvUaLZDskFao7/0ad930b0874e7c9454b31de942c0d3f1/Deflector.png,playStyle,Play Style,,,,,,,,,,,,,,,,,,,,,,,,,0,Men's Football,27,Italy,https://drop-assets.ea.com/images/2WtjWPqYzT7xcMCbvajGZH/d06e9ec4734a0d43d88f65386cc3a484/f_27.png,115841,Latium,https://drop-assets.ea.com/images/APtVhL3q3cFDG9pkum0Q4/cbfe542e327cc69c0890b8b5a189fad7/l115841.png,false,0,GK,Goalkeeper,defense,Defense,44,0,38,0,65,0,28,0,56,0,27,0,44,0,22,0,68,0,21,0,13,0,42,0,22,0,84,0,16,0,17,0,13,0,83,0,79,0,80,0,83,0,84,0,23,0,22,0,56,0,20,0,83,0,80,0,22,0,83,0,16,0,75,0,79,0,61,0,60,0,22,0,40,0,23,0,63,0,14,0,,,,,,,,,,
236015,356,82,Morgan,Gibbs-White,,1/27/2000 12:00:00 AM,179,4,3,1,Premier League,72,https://ratings-images-prod.pulse.ea.com/FC25/full/player-portraits/p236015.png?padding=0.7,https://ratings-images-prod.pulse.ea.com/FC25/full/player-shields/en/236015.png?width=265,,trait1_256,Incisive Pass,"Accurate through passes, curvier swerve passes, faster precision passes",https://drop-assets.ea.com/images/2K5BYfVYRnrdjt8F3hwI04/62f147b6a436c107bfa3d042c1d5728d/Incisive_Pass.png,playStyle,Play Style,trait1_8192,Inventive,Fancy and Trivela passes are performed with improved accuracy.,https://drop-assets.ea.com/images/4fpo31RdL5T0vrzNqcSc4x/f82209bfd51270dcc447d4313b3e61f1/Inventive.png,playStyle,Play Style,trait1_524288,Aerial Fortress,Performs higher jumps and has physical defensive presence before and during aerial duels,https://drop-assets.ea.com/images/3rsDbUXd3MZX39YTsk6lKe/404db89f2237eeb7466668a730c52a4b/Aerial_Fortress.png,playStyle,Play Style,trait1_1048576,Technical,"Faster Controlled Sprint, precise wide turns while dribbling",https://drop-assets.ea.com/images/5Esx7NK4YBU44O4bo07rvb/69ca9417da7fd07905f6c6956ad93f6d/Technical.png,playStyle,Play Style,trait1_67108864,Relentless,"Increased half time fatigue recovery, longer teammate contain and press",https://drop-assets.ea.com/images/2vVuRxgvPNaAuFGqZZ9nDY/3e2505addd5a6b353becdeaf7173d187/Relentless.png,playStyle,Play Style,,,,,,,,,,,,,0,Men's Football,14,England,https://drop-assets.ea.com/images/6ZM1OFXGUFeV0ZaYVKj2z/ae88ef17f8cb179fbc1c463f7e1e4bd8/f_14.png,14,Nott'm Forest,https://drop-assets.ea.com/images/60CgBQCMt7Dtcjip9xUxg8/5fa49387c380bf4772138b215ef4fd85/l14.png,false,18,CAM,Center Attacking Midfielder,midfielder,Midfielder,76,0,83,0,74,0,80,0,68,0,70,0,82,0,85,0,84,0,80,0,81,0,60,0,60,0,84,0,83,0,77,0,72,0,7,0,7,0,14,0,15,0,11,0,60,0,60,0,83,0,75,0,75,0,82,0,75,0,72,0,80,0,82,0,77,0,84,0,79,0,57,0,75,0,60,0,84,0,72,0,25,Striker,ST,,,,,,,
227647,358,82,Maximilian,Mittelstädt,,3/18/1997 12:00:00 AM,180,3,2,2,Bundesliga,71,https://ratings-images-prod.pulse.ea.com/FC25/full/player-portraits/p227647.png?padding=0.7,https://ratings-images-prod.pulse.ea.com/FC25/full/player-shields/en/227647.png?width=265,,trait1_4096,Whipped Pass,"Accurate, faster crosses with more curve",https://drop-assets.ea.com/images/FfTP29PWrRWZjEaiCCVoa/a1b345e4ae7023ed78b1efd68d28f392/Whipped_Pass.png,playStyle,Play Style,trait1_65536,Intercept,Increased reach and possession retention in interceptions,https://drop-assets.ea.com/images/5ysv7Iw8jDHl7sp1JXqIa7/d34004fed8c95bde083dcf8257391a70/Intercept.png,playStyle,Play Style,trait1_262144,Slide Tackle,Stops ball at feet during slide tackles,https://drop-assets.ea.com/images/7mI1lrxE0pv9iJfQFki9OA/8c1ecac325f923e049be72231c8c968a/Slide_Tackle.png,playStyle,Play Style,,,,,,,,,,,,,,,,,,,,,,,,,0,Men's Football,21,Germany,https://drop-assets.ea.com/images/6IIMMGk0Uj1rcZ6DSHTpLL/93f95b602dc62594104f418c8f80ebb3/f_21.png,36,VfB Stuttgart,https://drop-assets.ea.com/images/5kfh9LrPvDQKbQNF6k7CSF/9a70e7082aaba3b46ea8bd1e699f62de/l36.png,false,7,LB,Left Back,defense,Defense,79,0,76,0,77,0,84,0,67,0,77,0,78,0,77,0,76,0,87,0,77,0,78,0,77,0,77,0,77,0,56,0,46,0,13,0,10,0,7,0,13,0,13,0,68,0,81,0,74,0,70,0,81,0,77,0,42,0,74,0,72,0,80,0,62,0,79,0,74,0,77,0,83,0,80,0,74,0,47,0,16,Left Midfielder,LM,,,,,,,
272449,360,82,Pablo,Barrios Rivas,Pablo Barrios,6/15/2003 12:00:00 AM,181,3,3,1,LALIGA EA SPORTS,75,https://ratings-images-prod.pulse.ea.com/FC25/full/player-portraits/p272449.png?padding=0.7,https://ratings-images-prod.pulse.ea.com/FC25/full/player-shields/en/272449.png?width=265,,trait1_524288,Aerial Fortress,Performs higher jumps and has physical defensive presence before and during aerial duels,https://drop-assets.ea.com/images/3rsDbUXd3MZX39YTsk6lKe/404db89f2237eeb7466668a730c52a4b/Aerial_Fortress.png,playStyle,Play Style,trait1_67108864,Relentless,"Increased half time fatigue recovery, longer teammate contain and press",https://drop-assets.ea.com/images/2vVuRxgvPNaAuFGqZZ9nDY/3e2505addd5a6b353becdeaf7173d187/Relentless.png,playStyle,Play Style,,,,,,,,,,,,,,,,,,,,,,,,,,,,,,,0,Men's Football,45,Spain,https://drop-assets.ea.com/images/Kv8okAYMsDbB3ZKbxrAXw/9d30c88d16a4c85002f35c6af412c6f7/f_45.png,240,Atlético de Madrid,https://drop-assets.ea.com/images/vYcueolPvaGx8blMqhPZ5/5dc3479fc8b85d475fd980c53fc2056f/l240.png,false,14,CM,Center Midfielder,midfielder,Midfielder,81,0,78,0,74,0,85,0,66,0,66,0,72,0,82,0,78,0,57,0,60,0,74,0,69,0,80,0,81,0,70,0,48,0,5,0,15,0,9,0,13,0,10,0,57,0,81,0,81,0,72,0,80,0,74,0,62,0,71,0,74,0,81,0,70,0,83,0,72,0,69,0,79,0,80,0,80,0,55,0,10,Center Defensive Midfielder,CDM,,,,,,,
192984,361,82,Koen,Casteels,,6/25/1992 12:00:00 AM,197,1,2,2,ROSHN Saudi League,86,https://ratings-images-prod.pulse.ea.com/FC25/full/player-portraits/p192984.png?padding=0.7,https://ratings-images-prod.pulse.ea.com/FC25/full/player-shields/en/192984.png?width=265,,trait1_1024,Long Ball Pass,"Accurate, faster Lob and Lofted Through Passes",https://drop-assets.ea.com/images/7jwRDD4zkOsqRpc821t73d/16d46d57a5dfc7dd5dd5f8de0fd26a99/Long_Ball_Pass.png,playStyle,Play Style,trait2_2,Footwork,"Exclusive foot saves, better performance on low shots",https://drop-assets.ea.com/images/1s2muXoHUmP1T0vGYKXSl1/6d265b13804069371f16a58788703a33/Footwork.png,playStyle,Play Style,trait2_8,Rush Out,"Unique reflex saves, better close shot reads, faster rush",https://drop-assets.ea.com/images/4wwnzFkg1zLTAc4QSsXiWO/5fa897cf739a93bddf3556e2323f9b8b/1v1_Close_Down.png,playStyle,Play Style,,,,,,,,,,,,,,,,,,,,,,,,,0,Men's Football,7,Belgium,https://drop-assets.ea.com/images/7eZLPoDDyxSlQoqcS4NVA2/6fc085dc7e85ccd7519be7ff2df875ee/f_7.png,112391,Al Qadsiah,https://drop-assets.ea.com/images/OQhve5ubflu5c5OXWRlUV/4874b82f2bab16f04e6702812ac521a6/l112391.png,false,0,GK,Goalkeeper,defense,Defense,44,0,50,0,69,0,44,0,72,0,33,0,43,0,23,0,40,0,15,0,20,0,45,0,11,0,85,0,14,0,15,0,13,0,82,0,79,0,74,0,83,0,85,0,14,0,16,0,37,0,18,0,82,0,74,0,20,0,83,0,15,0,79,0,79,0,35,0,56,0,17,0,46,0,19,0,42,0,13,0,,,,,,,,,,
225116,365,82,Alex,Meret,,3/22/1997 12:00:00 AM,192,1,3,2,Serie A Enilive,82,https://ratings-images-prod.pulse.ea.com/FC25/full/player-portraits/p225116.png?padding=0.7,https://ratings-images-prod.pulse.ea.com/FC25/full/player-shields/en/225116.png?width=250,,,,,,,,,,,,,,,,,,,,,,,,,,,,,,,,,,,,,,,,,,,,0,Men's Football,27,Italy,https://drop-assets.ea.com/images/2WtjWPqYzT7xcMCbvajGZH/d06e9ec4734a0d43d88f65386cc3a484/f_27.png,48,SSC Napoli,https://drop-assets.ea.com/images/2FIV26KpnSXl3Nv8Ar6jk3/d8461aa150da3d433fccc34bc80c978f/l48.png,false,0,GK,Goalkeeper,defense,Defense,41,0,46,0,66,0,29,0,65,0,22,0,48,0,25,0,67,0,15,0,20,0,44,0,10,0,85,0,16,0,17,0,21,0,81,0,79,0,74,0,84,0,85,0,19,0,22,0,25,0,17,0,81,0,74,0,21,0,84,0,20,0,78,0,79,0,30,0,56,0,14,0,48,0,22,0,40,0,20,0,,,,,,,,,,
216267,367,82,Andrew,Robertson,,3/11/1994 12:00:00 AM,178,3,2,2,Premier League,64,https://ratings-images-prod.pulse.ea.com/FC25/full/player-portraits/p216267.png?padding=0.7,https://ratings-images-prod.pulse.ea.com/FC25/full/player-shields/en/216267.png?width=265,,trait1_4096,Whipped Pass,"Accurate, faster crosses with more curve",https://drop-assets.ea.com/images/FfTP29PWrRWZjEaiCCVoa/a1b345e4ae7023ed78b1efd68d28f392/Whipped_Pass.png,playStyle,Play Style,icontrait1_67108864,Relentless+,"Max half time fatigue recovery, longer teammate contain and press",https://drop-assets.ea.com/images/3hFTQQe2XXOx9eQjAFTAPF/48efd1569027da6e1c5e65259211febb/Relentless_.png,playStylePlus,Play Style Plus,,,,,,,,,,,,,,,,,,,,,,,,,,,,,,,0,Men's Football,42,Scotland,https://drop-assets.ea.com/images/3LfmKqyBykOGZyfdSpENTr/ec3733dfa9526c8f6da96bf0f8c7448e/f_42.png,9,Liverpool,https://drop-assets.ea.com/images/3mmzooNXBDCKuCy6kWcGQo/2e332a30fe2a7225a88fcb1898f48bbf/l9.png,false,7,LB,Left Back,defense,Defense,75,0,75,0,76,0,81,0,67,0,85,0,74,0,79,0,81,0,86,0,82,0,79,0,78,0,77,0,76,0,55,0,71,0,11,0,8,0,10,0,7,0,14,0,70,0,80,0,75,0,65,0,74,0,80,0,55,0,75,0,76,0,81,0,61,0,80,0,76,0,81,0,74,0,80,0,79,0,32,0,16,Left Midfielder,LM,,,,,,,
220793,368,82,Davinson,Sánchez,,6/12/1996 12:00:00 AM,187,3,2,1,Trendyol Süper Lig,81,https://ratings-images-prod.pulse.ea.com/FC25/full/player-portraits/p220793.png?padding=0.7,https://ratings-images-prod.pulse.ea.com/FC25/full/player-shields/en/220793.png?width=265,,trait1_16,Precision Header,Performs headers with increased accuracy and power.,https://drop-assets.ea.com/images/3ync8fbblS4zLzF3p1VXmT/7752a5103c2ebd8be5cf1819379c66f4/Precision_Header.png,playStyle,Play Style,trait1_262144,Slide Tackle,Stops ball at feet during slide tackles,https://drop-assets.ea.com/images/7mI1lrxE0pv9iJfQFki9OA/8c1ecac325f923e049be72231c8c968a/Slide_Tackle.png,playStyle,Play Style,trait1_524288,Aerial Fortress,Performs higher jumps and has physical defensive presence before and during aerial duels,https://drop-assets.ea.com/images/3rsDbUXd3MZX39YTsk6lKe/404db89f2237eeb7466668a730c52a4b/Aerial_Fortress.png,playStyle,Play Style,trait1_268435456,Bruiser,Stronger physical tackles,https://drop-assets.ea.com/images/7euMJ2jVypFrFPQesWuGGm/14019168b12faac1584a2920d5c2d5d9/Bruiser.png,playStyle,Play Style,,,,,,,,,,,,,,,,,,,0,Men's Football,56,Colombia,https://drop-assets.ea.com/images/JphMzcFrWU7Uo2jq6GSep/d909b5b6000d5bf7515600d2c6db6375/f_56.png,325,Galatasaray,https://drop-assets.ea.com/images/6P5sN0m3ZRE23vjlT8gh5q/f7f9acf3a7be5ea12f889d93dbdfd48f/l325.png,false,5,CB,Center Back,defense,Defense,80,0,72,0,92,0,84,0,90,0,85,0,64,0,75,0,69,0,36,0,31,0,82,0,83,0,73,0,72,0,59,0,27,0,9,0,7,0,10,0,6,0,15,0,78,0,82,0,76,0,44,0,82,0,63,0,44,0,88,0,68,0,78,0,58,0,76,0,66,0,82,0,84,0,81,0,73,0,69,0,,,,,,,,,,
222737,369,82,Malcom Filipe,Silva de Oliveira,Malcom,2/26/1997 12:00:00 AM,172,4,3,2,ROSHN Saudi League,74,https://ratings-images-prod.pulse.ea.com/FC25/full/player-portraits/p222737.png?padding=0.7,https://ratings-images-prod.pulse.ea.com/FC25/full/player-shields/en/222737.png?width=265,,trait1_8,Dead Ball,"Faster, accurate set pieces with longer trajectory preview",https://drop-assets.ea.com/images/1razu2wcM3XA82VvB7NyUm/eec6b07080e49d6bf2d7a7951a22375f/Dead_Ball.png,playStyle,Play Style,trait1_64,Low Driven Shot,"Enhances a player's ability to execute low driven shots with increased accuracy, faster ball travel, and quicker shot execution.",https://drop-assets.ea.com/images/1NfyWsEpQ7s9bhWWt92lbn/5b5dbeb0e55c2e9241cdc26c70ee2d2c/Low_Driven_Shot.png,playStyle,Play Style,trait1_256,Incisive Pass,"Accurate through passes, curvier swerve passes, faster precision passes",https://drop-assets.ea.com/images/2K5BYfVYRnrdjt8F3hwI04/62f147b6a436c107bfa3d042c1d5728d/Incisive_Pass.png,playStyle,Play Style,trait1_4096,Whipped Pass,"Accurate, faster crosses with more curve",https://drop-assets.ea.com/images/FfTP29PWrRWZjEaiCCVoa/a1b345e4ae7023ed78b1efd68d28f392/Whipped_Pass.png,playStyle,Play Style,trait1_8192,Inventive,Fancy and Trivela passes are performed with improved accuracy.,https://drop-assets.ea.com/images/4fpo31RdL5T0vrzNqcSc4x/f82209bfd51270dcc447d4313b3e61f1/Inventive.png,playStyle,Play Style,trait1_2097152,Rapid,"Higher sprint speed while dribbling, reduced error on knock-ons",https://drop-assets.ea.com/images/1aGsvwKyIFlRG1eoJSS0Ot/a4d3d661ff962795a632fe86439d2146/Rapid.png,playStyle,Play Style,trait1_67108864,Relentless,"Increased half time fatigue recovery, longer teammate contain and press",https://drop-assets.ea.com/images/2vVuRxgvPNaAuFGqZZ9nDY/3e2505addd5a6b353becdeaf7173d187/Relentless.png,playStyle,Play Style,0,Men's Football,54,Brazil,https://drop-assets.ea.com/images/1zdNn1R9tRlfQ3lsbAOecD/a606f742789b6306363383a6e20dd003/f_54.png,605,Al Hilal,https://drop-assets.ea.com/images/S6sbDN9mfGaVn2VJDekYR/c6f580c98a0d614b0b308a89a241c6ab/l605.png,false,18,CAM,Center Attacking Midfielder,midfielder,Midfielder,92,0,90,0,84,0,88,0,73,0,53,0,92,0,84,0,77,0,78,0,82,0,43,0,51,0,84,0,84,0,77,0,78,0,8,0,14,0,15,0,7,0,9,0,67,0,26,0,75,0,78,0,89,0,79,0,70,0,73,0,81,0,79,0,78,0,80,0,80,0,27,0,87,0,45,0,80,0,75,0,12,Right Midfielder,RM,16,Left Midfielder,LM,14,Center Midfielder,CM,
209981,371,82,Yassine,Bounou,,4/5/1991 12:00:00 AM,195,1,2,2,ROSHN Saudi League,78,https://ratings-images-prod.pulse.ea.com/FC25/full/player-portraits/p209981.png?padding=0.7,https://ratings-images-prod.pulse.ea.com/FC25/full/player-shields/en/209981.png?width=250,,trait2_1,Far Throw,Unique goalkeeper throw animations with longer throw distance,https://drop-assets.ea.com/images/3CjCz29sjIt1xMZTRDi4vQ/8ecb201b0ae7d6d536d03c847a768ffa/Far_Throw.png,playStyle,Play Style,trait2_2,Footwork,"Exclusive foot saves, better performance on low shots",https://drop-assets.ea.com/images/1s2muXoHUmP1T0vGYKXSl1/6d265b13804069371f16a58788703a33/Footwork.png,playStyle,Play Style,trait2_4,Cross Claimer,"Unique punching animations, powerful punches, faster crosses coverage",https://drop-assets.ea.com/images/4Uvgm6UNiSz3say1zZqKDC/51837f53072d5e01063699f6d2b7401a/Cross_Claimer.png,playStyle,Play Style,,,,,,,,,,,,,,,,,,,,,,,,,0,Men's Football,129,Morocco,https://drop-assets.ea.com/images/47SGeQ7STCrJZQSKOVJaHA/1aa24a57a60f85051e34a5ad8205771d/f_129.png,605,Al Hilal,https://drop-assets.ea.com/images/S6sbDN9mfGaVn2VJDekYR/c6f580c98a0d614b0b308a89a241c6ab/l605.png,false,0,GK,Goalkeeper,defense,Defense,38,0,47,0,65,0,43,0,69,0,25,0,29,0,12,0,57,0,15,0,12,0,38,0,20,0,85,0,20,0,14,0,19,0,81,0,82,0,76,0,82,0,85,0,14,0,12,0,44,0,19,0,81,0,76,0,24,0,82,0,10,0,76,0,82,0,39,0,57,0,15,0,37,0,18,0,62,0,13,0,,,,,,,,,,
229348,372,82,Antonee,Robinson,,8/8/1997 12:00:00 AM,183,3,3,2,Premier League,70,https://ratings-images-prod.pulse.ea.com/FC25/full/player-portraits/p229348.png?padding=0.7,https://ratings-images-prod.pulse.ea.com/FC25/full/player-shields/en/229348.png?width=265,,trait1_1024,Long Ball Pass,"Accurate, faster Lob and Lofted Through Passes",https://drop-assets.ea.com/images/7jwRDD4zkOsqRpc821t73d/16d46d57a5dfc7dd5dd5f8de0fd26a99/Long_Ball_Pass.png,playStyle,Play Style,trait1_4096,Whipped Pass,"Accurate, faster crosses with more curve",https://drop-assets.ea.com/images/FfTP29PWrRWZjEaiCCVoa/a1b345e4ae7023ed78b1efd68d28f392/Whipped_Pass.png,playStyle,Play Style,trait1_16384,Jockey,"Faster Sprint Jockey, better transition speed",https://drop-assets.ea.com/images/7lHjpOBSghE6Ywt1jgVv1C/21f9914d00f073d79d4b46cac71b9087/Jockey.png,playStyle,Play Style,trait1_65536,Intercept,Increased reach and possession retention in interceptions,https://drop-assets.ea.com/images/5ysv7Iw8jDHl7sp1JXqIa7/d34004fed8c95bde083dcf8257391a70/Intercept.png,playStyle,Play Style,trait1_2097152,Rapid,"Higher sprint speed while dribbling, reduced error on knock-ons",https://drop-assets.ea.com/images/1aGsvwKyIFlRG1eoJSS0Ot/a4d3d661ff962795a632fe86439d2146/Rapid.png,playStyle,Play Style,trait1_67108864,Relentless,"Increased half time fatigue recovery, longer teammate contain and press",https://drop-assets.ea.com/images/2vVuRxgvPNaAuFGqZZ9nDY/3e2505addd5a6b353becdeaf7173d187/Relentless.png,playStyle,Play Style,,,,,,,0,Men's Football,95,United States,https://drop-assets.ea.com/images/7ZVadlJQIutRH5P85wr76/c2456a2d76146d19f98c2c3071136dcf/f_95.png,144,Fulham,https://drop-assets.ea.com/images/1YL8ULAZyOPtffpFGZcGe8/84ec5701079276f33aa349d253fa0321/l144.png,false,7,LB,Left Back,defense,Defense,87,0,73,0,81,0,90,0,73,0,83,0,71,0,77,0,73,0,81,0,80,0,78,0,78,0,77,0,79,0,44,0,39,0,12,0,9,0,15,0,14,0,9,0,64,0,83,0,74,0,43,0,88,0,75,0,45,0,80,0,76,0,80,0,46,0,76,0,46,0,76,0,89,0,81,0,78,0,45,0,16,Left Midfielder,LM,,,,,,,
255565,373,82,Kaoru,Mitoma,,5/20/1997 12:00:00 AM,178,4,4,1,Premier League,74,https://ratings-images-prod.pulse.ea.com/FC25/full/player-portraits/p255565.png?padding=0.7,https://ratings-images-prod.pulse.ea.com/FC25/full/player-shields/en/255565.png?width=265,,trait1_1,Finesse Shot,Faster finesse shots with more curve and accuracy,https://drop-assets.ea.com/images/468u1R1p2k1fA6WBHi0OEn/fb9d49ed2a8fb500cd5a184937b96b34/Finesse_Shot.png,playStyle,Play Style,trait1_1048576,Technical,"Faster Controlled Sprint, precise wide turns while dribbling",https://drop-assets.ea.com/images/5Esx7NK4YBU44O4bo07rvb/69ca9417da7fd07905f6c6956ad93f6d/Technical.png,playStyle,Play Style,trait1_4194304,First Touch,"Reduced trapping error, faster dribbling transition",https://drop-assets.ea.com/images/3f727XsoDVLbT49oMk0HBu/2787568be8ccb2d5daa2d18fabacad97/First_Touch.png,playStyle,Play Style,trait1_33554432,Quick Step,Faster acceleration during Explosive Sprint,https://drop-assets.ea.com/images/1xG25Zp3wvkLA5YewKiZah/f27f5fabd1e899fc0bbb817d2db233b1/Quick_Step.png,playStyle,Play Style,,,,,,,,,,,,,,,,,,,0,Men's Football,163,Japan,https://drop-assets.ea.com/images/1aoxCwnRS4A6LGlyhrUllt/b5b0cd61a299b9996821c16cc324cc3b/f_163.png,1808,Brighton,https://drop-assets.ea.com/images/1mFLMjuFkxQjbRaTLKZ8Gm/277b9eb6d29d37064d1d82063b06f681/l1808.png,false,16,LM,Left Midfielder,midfielder,Midfielder,88,0,89,0,72,0,75,0,60,0,58,0,79,0,88,0,84,0,77,0,76,0,57,0,58,0,86,0,87,0,79,0,62,0,10,0,13,0,10,0,14,0,9,0,52,0,57,0,65,0,68,0,87,0,76,0,63,0,64,0,78,0,77,0,73,0,80,0,69,0,54,0,87,0,59,0,81,0,69,0,27,Left Wing,LW,,,,,,,
229188,376,82,Vangelis,Pavlidis,,11/21/1998 12:00:00 AM,186,3,4,1,Liga Portugal,80,https://ratings-images-prod.pulse.ea.com/FC25/full/player-portraits/p229188.png?padding=0.7,https://ratings-images-prod.pulse.ea.com/FC25/full/player-shields/en/229188.png?width=265,,trait1_2,Chip Shot,"Faster, more accurate chip shots",https://drop-assets.ea.com/images/6Gl08kt7odn1fJNX74CS2P/984feac3cd8d99902f5cb5131d5fd26a/Chip_Shot.png,playStyle,Play Style,trait1_32,Acrobatic,"Perform volleys with increased accuracy, acrobatic volley animations",https://drop-assets.ea.com/images/2sRRBHcIe0zrDwYaRI2xG3/d02b8c8855de853470897009e030eb5d/Acrobatic.png,playStyle,Play Style,trait1_128,Gamechanger,Fancy and Trivela shots are performed with improved accuracy.,https://drop-assets.ea.com/images/2v8I0GQrtREaEJzJcyStKe/e46d719e4e5ed88ac5a1f671c7448f4a/Gamechanger.png,playStyle,Play Style,trait1_1048576,Technical,"Faster Controlled Sprint, precise wide turns while dribbling",https://drop-assets.ea.com/images/5Esx7NK4YBU44O4bo07rvb/69ca9417da7fd07905f6c6956ad93f6d/Technical.png,playStyle,Play Style,trait1_67108864,Relentless,"Increased half time fatigue recovery, longer teammate contain and press",https://drop-assets.ea.com/images/2vVuRxgvPNaAuFGqZZ9nDY/3e2505addd5a6b353becdeaf7173d187/Relentless.png,playStyle,Play Style,,,,,,,,,,,,,0,Men's Football,22,Greece,https://drop-assets.ea.com/images/6zI3f01SVKRJFIel1ad4BC/f85935df3b415f4a3f7320e8f78e398f/f_22.png,234,SL Benfica,https://drop-assets.ea.com/images/2DamHkQ1ZP1CYVjFPp6ofg/3e07292021842fdadb7aaaa84e7473aa/l234.png,false,25,ST,Striker,attack,Attack,81,0,76,0,84,0,87,0,82,0,77,0,71,0,82,0,77,0,62,0,76,0,47,0,44,0,80,0,81,0,84,0,54,0,13,0,11,0,10,0,13,0,14,0,80,0,42,0,72,0,78,0,79,0,71,0,81,0,82,0,83,0,83,0,82,0,75,0,83,0,37,0,77,0,46,0,76,0,76,0,18,Center Attacking Midfielder,CAM,,,,,,,
209499,378,82,Fábio,Henrique Tavares,Fabinho,10/23/1993 12:00:00 AM,188,3,2,1,ROSHN Saudi League,78,https://ratings-images-prod.pulse.ea.com/FC25/full/player-portraits/p209499.png?padding=0.7,https://ratings-images-prod.pulse.ea.com/FC25/full/player-shields/en/209499.png?width=265,,trait1_4,Power Shot,Faster power shots with increased speed,https://drop-assets.ea.com/images/3ohVoKWSsvT44qgjabWqfV/e536ef26ad854c3c4cbf63ed7954b9cd/Power_Shot.png,playStyle,Play Style,trait1_32768,Block,Increased reach and success in blocking,https://drop-assets.ea.com/images/2Rlftzr8lqUdI29suCQVWe/43c6c36e8bd5fa26b88478d4354611a2/Block.png,playStyle,Play Style,trait1_262144,Slide Tackle,Stops ball at feet during slide tackles,https://drop-assets.ea.com/images/7mI1lrxE0pv9iJfQFki9OA/8c1ecac325f923e049be72231c8c968a/Slide_Tackle.png,playStyle,Play Style,trait1_524288,Aerial Fortress,Performs higher jumps and has physical defensive presence before and during aerial duels,https://drop-assets.ea.com/images/3rsDbUXd3MZX39YTsk6lKe/404db89f2237eeb7466668a730c52a4b/Aerial_Fortress.png,playStyle,Play Style,trait1_16777216,Press Proven,"Close control at jog speed, shields ball more effectively",https://drop-assets.ea.com/images/5rUHwyLJRnvGV53Ba4Pj6M/9a3238695ae8103667ba02af391ac209/Press_Proven.png,playStyle,Play Style,trait1_268435456,Bruiser,Stronger physical tackles,https://drop-assets.ea.com/images/7euMJ2jVypFrFPQesWuGGm/14019168b12faac1584a2920d5c2d5d9/Bruiser.png,playStyle,Play Style,,,,,,,0,Men's Football,54,Brazil,https://drop-assets.ea.com/images/1zdNn1R9tRlfQ3lsbAOecD/a606f742789b6306363383a6e20dd003/f_54.png,607,Al Ittihad,https://drop-assets.ea.com/images/21L35ZnVrrvEeFouMeqs8Q/b631b443b4d37e1712ed79f2487d850c/l607.png,false,10,CDM,Center Defensive Midfielder,midfielder,Midfielder,45,0,59,0,73,0,83,0,78,0,82,0,59,0,82,0,86,0,76,0,71,0,81,0,80,0,77,0,78,0,63,0,53,0,13,0,12,0,6,0,8,0,8,0,73,0,82,0,82,0,70,0,53,0,78,0,85,0,80,0,70,0,77,0,69,0,85,0,81,0,80,0,59,0,83,0,74,0,47,0,14,Center Midfielder,CM,,,,,,,
233556,379,82,Riccardo,Orsolini,,1/24/1997 12:00:00 AM,183,4,4,2,Serie A Enilive,83,https://ratings-images-prod.pulse.ea.com/FC25/full/player-portraits/p233556.png?padding=0.7,https://ratings-images-prod.pulse.ea.com/FC25/full/player-shields/en/233556.png?width=265,,trait1_1,Finesse Shot,Faster finesse shots with more curve and accuracy,https://drop-assets.ea.com/images/468u1R1p2k1fA6WBHi0OEn/fb9d49ed2a8fb500cd5a184937b96b34/Finesse_Shot.png,playStyle,Play Style,trait1_64,Low Driven Shot,"Enhances a player's ability to execute low driven shots with increased accuracy, faster ball travel, and quicker shot execution.",https://drop-assets.ea.com/images/1NfyWsEpQ7s9bhWWt92lbn/5b5dbeb0e55c2e9241cdc26c70ee2d2c/Low_Driven_Shot.png,playStyle,Play Style,trait1_128,Gamechanger,Fancy and Trivela shots are performed with improved accuracy.,https://drop-assets.ea.com/images/2v8I0GQrtREaEJzJcyStKe/e46d719e4e5ed88ac5a1f671c7448f4a/Gamechanger.png,playStyle,Play Style,trait1_1048576,Technical,"Faster Controlled Sprint, precise wide turns while dribbling",https://drop-assets.ea.com/images/5Esx7NK4YBU44O4bo07rvb/69ca9417da7fd07905f6c6956ad93f6d/Technical.png,playStyle,Play Style,,,,,,,,,,,,,,,,,,,0,Men's Football,27,Italy,https://drop-assets.ea.com/images/2WtjWPqYzT7xcMCbvajGZH/d06e9ec4734a0d43d88f65386cc3a484/f_27.png,189,Bologna,https://drop-assets.ea.com/images/46WRpnCKdCAJlQHuRwlxXF/a7ac6606d8a808d382d4dd5c484eb60e/l189.png,false,12,RM,Right Midfielder,midfielder,Midfielder,81,0,83,0,78,0,74,0,71,0,45,0,71,0,83,0,76,0,85,0,82,0,49,0,54,0,83,0,85,0,80,0,75,0,11,0,11,0,14,0,6,0,12,0,61,0,40,0,73,0,84,0,79,0,79,0,74,0,67,0,81,0,78,0,81,0,78,0,83,0,38,0,78,0,48,0,78,0,81,0,23,Right Wing,RW,,,,,,,
264453,380,82,Micky,van de Ven,,4/19/2001 12:00:00 AM,193,3,3,2,Premier League,86,https://ratings-images-prod.pulse.ea.com/FC25/full/player-portraits/p264453.png?padding=0.7,https://ratings-images-prod.pulse.ea.com/FC25/full/player-shields/en/264453.png?width=265,,trait1_32768,Block,Increased reach and success in blocking,https://drop-assets.ea.com/images/2Rlftzr8lqUdI29suCQVWe/43c6c36e8bd5fa26b88478d4354611a2/Block.png,playStyle,Play Style,trait1_262144,Slide Tackle,Stops ball at feet during slide tackles,https://drop-assets.ea.com/images/7mI1lrxE0pv9iJfQFki9OA/8c1ecac325f923e049be72231c8c968a/Slide_Tackle.png,playStyle,Play Style,,,,,,,,,,,,,,,,,,,,,,,,,,,,,,,0,Men's Football,34,Holland,https://drop-assets.ea.com/images/7LmdSUm2Ge4fzqcz0NElvq/d272142c80713dcf0e5ec0a47232aeee/f_34.png,18,Spurs,https://drop-assets.ea.com/images/7kUcyCh5xGrzQlcjP2Q9NH/11aba507486f44765ee5938b1b5b097e/l18.png,false,5,CB,Center Back,defense,Defense,84,0,59,0,92,0,69,0,85,0,78,0,49,0,75,0,81,0,58,0,37,0,82,0,82,0,72,0,73,0,43,0,34,0,7,0,13,0,13,0,11,0,7,0,76,0,82,0,74,0,57,0,90,0,64,0,39,0,80,0,48,0,82,0,49,0,76,0,59,0,85,0,95,0,83,0,55,0,47,0,,,,,,,,,,
222492,383,82,Leroy,Sané,,1/11/1996 12:00:00 AM,183,4,2,2,Trendyol Süper Lig,80,https://ratings-images-prod.pulse.ea.com/FC25/full/player-portraits/p222492.png?padding=0.7,https://ratings-images-prod.pulse.ea.com/FC25/full/player-shields/en/222492.png?width=265,,trait1_4,Power Shot,Faster power shots with increased speed,https://drop-assets.ea.com/images/3ohVoKWSsvT44qgjabWqfV/e536ef26ad854c3c4cbf63ed7954b9cd/Power_Shot.png,playStyle,Play Style,trait1_128,Gamechanger,Fancy and Trivela shots are performed with improved accuracy.,https://drop-assets.ea.com/images/2v8I0GQrtREaEJzJcyStKe/e46d719e4e5ed88ac5a1f671c7448f4a/Gamechanger.png,playStyle,Play Style,trait1_2097152,Rapid,"Higher sprint speed while dribbling, reduced error on knock-ons",https://drop-assets.ea.com/images/1aGsvwKyIFlRG1eoJSS0Ot/a4d3d661ff962795a632fe86439d2146/Rapid.png,playStyle,Play Style,trait1_33554432,Quick Step,Faster acceleration during Explosive Sprint,https://drop-assets.ea.com/images/1xG25Zp3wvkLA5YewKiZah/f27f5fabd1e899fc0bbb817d2db233b1/Quick_Step.png,playStyle,Play Style,,,,,,,,,,,,,,,,,,,0,Men's Football,21,Germany,https://drop-assets.ea.com/images/6IIMMGk0Uj1rcZ6DSHTpLL/93f95b602dc62594104f418c8f80ebb3/f_21.png,325,Galatasaray,https://drop-assets.ea.com/images/6P5sN0m3ZRE23vjlT8gh5q/f7f9acf3a7be5ea12f889d93dbdfd48f/l325.png,false,12,RM,Right Midfielder,midfielder,Midfielder,89,0,87,0,72,0,74,0,66,0,65,0,82,0,84,0,79,0,77,0,83,0,37,0,36,0,85,0,86,0,80,0,80,0,8,0,12,0,9,0,9,0,14,0,64,0,34,0,70,0,79,0,87,0,78,0,65,0,68,0,81,0,80,0,81,0,80,0,90,0,35,0,86,0,32,0,81,0,82,0,16,Left Midfielder,LM,23,Right Wing,RW,,,,
227678,384,82,Ezri,Konsa,,10/23/1997 12:00:00 AM,183,2,3,1,Premier League,77,https://ratings-images-prod.pulse.ea.com/FC25/full/player-portraits/p227678.png?padding=0.7,https://ratings-images-prod.pulse.ea.com/FC25/full/player-shields/en/227678.png?width=265,,trait1_16384,Jockey,"Faster Sprint Jockey, better transition speed",https://drop-assets.ea.com/images/7lHjpOBSghE6Ywt1jgVv1C/21f9914d00f073d79d4b46cac71b9087/Jockey.png,playStyle,Play Style,trait1_131072,Anticipate,"Improved standing tackle success, possibility of stopping ball at feet",https://drop-assets.ea.com/images/4xPnUcL7thizFB7qmhlwUR/1ade7a0f77d5e875c2db869964540a35/Anticipate.png,playStyle,Play Style,trait1_262144,Slide Tackle,Stops ball at feet during slide tackles,https://drop-assets.ea.com/images/7mI1lrxE0pv9iJfQFki9OA/8c1ecac325f923e049be72231c8c968a/Slide_Tackle.png,playStyle,Play Style,,,,,,,,,,,,,,,,,,,,,,,,,0,Men's Football,14,England,https://drop-assets.ea.com/images/6ZM1OFXGUFeV0ZaYVKj2z/ae88ef17f8cb179fbc1c463f7e1e4bd8/f_14.png,2,Aston Villa,https://drop-assets.ea.com/images/57c0ppYsEA88xL0gxqce8K/99605df97c6a96ea3b6e8a424c217af0/l2.png,false,5,CB,Center Back,defense,Defense,72,0,67,0,86,0,79,0,78,0,76,0,68,0,78,0,81,0,65,0,64,0,84,0,85,0,75,0,73,0,55,0,38,0,14,0,8,0,11,0,13,0,9,0,80,0,83,0,72,0,32,0,75,0,71,0,38,0,78,0,50,0,84,0,53,0,78,0,69,0,80,0,78,0,85,0,75,0,69,0,3,Right Back,RB,12,Right Midfielder,RM,,,,
251470,385,82,Charles,De Ketelaere,,3/10/2001 12:00:00 AM,192,4,3,2,Serie A Enilive,79,https://ratings-images-prod.pulse.ea.com/FC25/full/player-portraits/p251470.png?padding=0.7,https://ratings-images-prod.pulse.ea.com/FC25/full/player-shields/en/251470.png?width=265,,trait1_16,Precision Header,Performs headers with increased accuracy and power.,https://drop-assets.ea.com/images/3ync8fbblS4zLzF3p1VXmT/7752a5103c2ebd8be5cf1819379c66f4/Precision_Header.png,playStyle,Play Style,trait1_64,Low Driven Shot,"Enhances a player's ability to execute low driven shots with increased accuracy, faster ball travel, and quicker shot execution.",https://drop-assets.ea.com/images/1NfyWsEpQ7s9bhWWt92lbn/5b5dbeb0e55c2e9241cdc26c70ee2d2c/Low_Driven_Shot.png,playStyle,Play Style,trait1_256,Incisive Pass,"Accurate through passes, curvier swerve passes, faster precision passes",https://drop-assets.ea.com/images/2K5BYfVYRnrdjt8F3hwI04/62f147b6a436c107bfa3d042c1d5728d/Incisive_Pass.png,playStyle,Play Style,trait1_8192,Inventive,Fancy and Trivela passes are performed with improved accuracy.,https://drop-assets.ea.com/images/4fpo31RdL5T0vrzNqcSc4x/f82209bfd51270dcc447d4313b3e61f1/Inventive.png,playStyle,Play Style,trait1_524288,Aerial Fortress,Performs higher jumps and has physical defensive presence before and during aerial duels,https://drop-assets.ea.com/images/3rsDbUXd3MZX39YTsk6lKe/404db89f2237eeb7466668a730c52a4b/Aerial_Fortress.png,playStyle,Play Style,trait1_1048576,Technical,"Faster Controlled Sprint, precise wide turns while dribbling",https://drop-assets.ea.com/images/5Esx7NK4YBU44O4bo07rvb/69ca9417da7fd07905f6c6956ad93f6d/Technical.png,playStyle,Play Style,,,,,,,0,Men's Football,7,Belgium,https://drop-assets.ea.com/images/7eZLPoDDyxSlQoqcS4NVA2/6fc085dc7e85ccd7519be7ff2df875ee/f_7.png,115845,Bergamo Calcio,https://drop-assets.ea.com/images/19gWEcyonp2fvk02MNHZOA/83b82283fc62f7010b529a53a0724eee/l115845.png,false,18,CAM,Center Attacking Midfielder,midfielder,Midfielder,71,0,79,0,78,0,78,0,68,0,55,0,61,0,86,0,73,0,76,0,78,0,56,0,45,0,83,0,85,0,78,0,72,0,11,0,8,0,14,0,8,0,8,0,75,0,58,0,80,0,79,0,70,0,80,0,69,0,68,0,82,0,77,0,79,0,83,0,82,0,54,0,70,0,59,0,83,0,76,0,25,Striker,ST,14,Center Midfielder,CM,,,,
251805,386,82,Jurriën,Timber,,6/17/2001 12:00:00 AM,179,3,3,1,Premier League,78,https://ratings-images-prod.pulse.ea.com/FC25/full/player-portraits/p251805.png?padding=0.7,https://ratings-images-prod.pulse.ea.com/FC25/full/player-shields/en/251805.png?width=265,,trait1_16384,Jockey,"Faster Sprint Jockey, better transition speed",https://drop-assets.ea.com/images/7lHjpOBSghE6Ywt1jgVv1C/21f9914d00f073d79d4b46cac71b9087/Jockey.png,playStyle,Play Style,trait1_16777216,Press Proven,"Close control at jog speed, shields ball more effectively",https://drop-assets.ea.com/images/5rUHwyLJRnvGV53Ba4Pj6M/9a3238695ae8103667ba02af391ac209/Press_Proven.png,playStyle,Play Style,,,,,,,,,,,,,,,,,,,,,,,,,,,,,,,0,Men's Football,34,Holland,https://drop-assets.ea.com/images/7LmdSUm2Ge4fzqcz0NElvq/d272142c80713dcf0e5ec0a47232aeee/f_34.png,1,Arsenal,https://drop-assets.ea.com/images/2ng99bvkwKaA228PJje39i/09d2df89a78377d3f8d3f78469cbadc9/l1.png,false,3,RB,Right Back,defense,Defense,76,0,71,0,86,0,79,0,82,0,76,0,76,0,78,0,82,0,76,0,65,0,82,0,83,0,77,0,77,0,41,0,31,0,6,0,6,0,8,0,14,0,14,0,75,0,83,0,71,0,46,0,76,0,72,0,42,0,80,0,70,0,82,0,48,0,80,0,61,0,78,0,76,0,83,0,69,0,41,0,7,Left Back,LB,5,Center Back,CB,12,Right Midfielder,RM,
244778,388,82,Francisco,Trincão,Trincão,12/29/1999 12:00:00 AM,184,4,2,2,Liga Portugal,74,https://ratings-images-prod.pulse.ea.com/FC25/full/player-portraits/p244778.png?padding=0.7,https://ratings-images-prod.pulse.ea.com/FC25/full/player-shields/en/244778.png?width=265,,trait1_1,Finesse Shot,Faster finesse shots with more curve and accuracy,https://drop-assets.ea.com/images/468u1R1p2k1fA6WBHi0OEn/fb9d49ed2a8fb500cd5a184937b96b34/Finesse_Shot.png,playStyle,Play Style,trait1_64,Low Driven Shot,"Enhances a player's ability to execute low driven shots with increased accuracy, faster ball travel, and quicker shot execution.",https://drop-assets.ea.com/images/1NfyWsEpQ7s9bhWWt92lbn/5b5dbeb0e55c2e9241cdc26c70ee2d2c/Low_Driven_Shot.png,playStyle,Play Style,trait1_256,Incisive Pass,"Accurate through passes, curvier swerve passes, faster precision passes",https://drop-assets.ea.com/images/2K5BYfVYRnrdjt8F3hwI04/62f147b6a436c107bfa3d042c1d5728d/Incisive_Pass.png,playStyle,Play Style,trait1_8192,Inventive,Fancy and Trivela passes are performed with improved accuracy.,https://drop-assets.ea.com/images/4fpo31RdL5T0vrzNqcSc4x/f82209bfd51270dcc447d4313b3e61f1/Inventive.png,playStyle,Play Style,trait1_1048576,Technical,"Faster Controlled Sprint, precise wide turns while dribbling",https://drop-assets.ea.com/images/5Esx7NK4YBU44O4bo07rvb/69ca9417da7fd07905f6c6956ad93f6d/Technical.png,playStyle,Play Style,trait1_4194304,First Touch,"Reduced trapping error, faster dribbling transition",https://drop-assets.ea.com/images/3f727XsoDVLbT49oMk0HBu/2787568be8ccb2d5daa2d18fabacad97/First_Touch.png,playStyle,Play Style,trait1_8388608,Trickster,Performs unique flick Skill Moves,https://drop-assets.ea.com/images/47Ygd5ri33RgjIYGiTAJpj/f0723e6f2f89a98fb6e8200c3659c6a9/Trickster.png,playStyle,Play Style,0,Men's Football,38,Portugal,https://drop-assets.ea.com/images/3CxRD7XqY2NSlZ3628fY4S/abf38470644ee334e6a425b9272f7767/f_38.png,237,Sporting CP,https://drop-assets.ea.com/images/2bL9oGApMvbYE1o0Byl8KB/c914cde8141f11124f026cb198a0eb00/l237.png,false,18,CAM,Center Attacking Midfielder,midfielder,Midfielder,80,0,84,0,79,0,85,0,72,0,50,0,75,0,83,0,82,0,75,0,82,0,40,0,40,0,84,0,86,0,81,0,74,0,5,0,9,0,6,0,15,0,7,0,66,0,37,0,74,0,81,0,80,0,79,0,71,0,71,0,82,0,82,0,80,0,80,0,81,0,34,0,80,0,36,0,84,0,72,0,12,Right Midfielder,RM,23,Right Wing,RW,25,Striker,ST,
206113,389,82,Serge,Gnabry,,7/14/1995 12:00:00 AM,176,4,4,1,Bundesliga,77,https://ratings-images-prod.pulse.ea.com/FC25/full/player-portraits/p206113.png?padding=0.7,https://ratings-images-prod.pulse.ea.com/FC25/full/player-shields/en/206113.png?width=265,,trait1_128,Gamechanger,Fancy and Trivela shots are performed with improved accuracy.,https://drop-assets.ea.com/images/2v8I0GQrtREaEJzJcyStKe/e46d719e4e5ed88ac5a1f671c7448f4a/Gamechanger.png,playStyle,Play Style,trait1_1048576,Technical,"Faster Controlled Sprint, precise wide turns while dribbling",https://drop-assets.ea.com/images/5Esx7NK4YBU44O4bo07rvb/69ca9417da7fd07905f6c6956ad93f6d/Technical.png,playStyle,Play Style,,,,,,,,,,,,,,,,,,,,,,,,,,,,,,,0,Men's Football,21,Germany,https://drop-assets.ea.com/images/6IIMMGk0Uj1rcZ6DSHTpLL/93f95b602dc62594104f418c8f80ebb3/f_21.png,21,FC Bayern München,https://drop-assets.ea.com/images/3p0dv1pGWIH6lGAKZssZKH/4f70d2c5a3c147f3e006c863e85e4993/l21.png,false,16,LM,Left Midfielder,midfielder,Midfielder,84,0,85,0,68,0,66,0,68,0,58,0,87,0,82,0,82,0,77,0,74,0,43,0,45,0,84,0,85,0,84,0,62,0,14,0,10,0,10,0,9,0,7,0,42,0,38,0,73,0,80,0,79,0,78,0,67,0,66,0,84,0,82,0,83,0,83,0,86,0,43,0,75,0,44,0,80,0,83,0,12,Right Midfielder,RM,25,Striker,ST,27,Left Wing,LW,
244257,390,82,Jonathan,Burkardt,,7/11/2000 12:00:00 AM,181,3,4,1,Bundesliga,79,https://ratings-images-prod.pulse.ea.com/FC25/full/player-portraits/p244257.png?padding=0.7,https://ratings-images-prod.pulse.ea.com/FC25/full/player-shields/en/244257.png?width=265,,trait1_1,Finesse Shot,Faster finesse shots with more curve and accuracy,https://drop-assets.ea.com/images/468u1R1p2k1fA6WBHi0OEn/fb9d49ed2a8fb500cd5a184937b96b34/Finesse_Shot.png,playStyle,Play Style,,,,,,,,,,,,,,,,,,,,,,,,,,,,,,,,,,,,,0,Men's Football,21,Germany,https://drop-assets.ea.com/images/6IIMMGk0Uj1rcZ6DSHTpLL/93f95b602dc62594104f418c8f80ebb3/f_21.png,1824,Frankfurt,https://drop-assets.ea.com/images/3KK76lJIZtlRnPaAgbD85V/5614e02825eb0ed03b69a9d078e40db9/l1824.png,false,25,ST,Striker,attack,Attack,82,0,76,0,79,0,78,0,76,0,72,0,77,0,81,0,76,0,62,0,60,0,44,0,45,0,81,0,82,0,86,0,52,0,14,0,9,0,9,0,6,0,14,0,74,0,42,0,60,0,76,0,83,0,67,0,71,0,76,0,85,0,83,0,82,0,74,0,83,0,33,0,83,0,38,0,71,0,82,0,,,,,,,,,,
210047,392,82,Fabian,Schär,,12/20/1991 12:00:00 AM,188,2,3,1,Premier League,84,https://ratings-images-prod.pulse.ea.com/FC25/full/player-portraits/p210047.png?padding=0.7,https://ratings-images-prod.pulse.ea.com/FC25/full/player-shields/en/210047.png?width=265,,trait1_4,Power Shot,Faster power shots with increased speed,https://drop-assets.ea.com/images/3ohVoKWSsvT44qgjabWqfV/e536ef26ad854c3c4cbf63ed7954b9cd/Power_Shot.png,playStyle,Play Style,trait1_16,Precision Header,Performs headers with increased accuracy and power.,https://drop-assets.ea.com/images/3ync8fbblS4zLzF3p1VXmT/7752a5103c2ebd8be5cf1819379c66f4/Precision_Header.png,playStyle,Play Style,trait1_1024,Long Ball Pass,"Accurate, faster Lob and Lofted Through Passes",https://drop-assets.ea.com/images/7jwRDD4zkOsqRpc821t73d/16d46d57a5dfc7dd5dd5f8de0fd26a99/Long_Ball_Pass.png,playStyle,Play Style,trait1_65536,Intercept,Increased reach and possession retention in interceptions,https://drop-assets.ea.com/images/5ysv7Iw8jDHl7sp1JXqIa7/d34004fed8c95bde083dcf8257391a70/Intercept.png,playStyle,Play Style,,,,,,,,,,,,,,,,,,,0,Men's Football,47,Switzerland,https://drop-assets.ea.com/images/4CseD8PxDZqObA1huFIws0/f30914625e329de69ffdd60f3c334a88/f_47.png,13,Newcastle Utd,https://drop-assets.ea.com/images/69fXoaX4p9zFwKaZYoNtNX/14d86649a9b5a3f7e876cc3d46357b5d/l13.png,false,5,CB,Center Back,defense,Defense,50,0,53,0,80,0,78,0,80,0,80,0,64,0,78,0,82,0,67,0,65,0,84,0,85,0,73,0,74,0,60,0,69,0,8,0,9,0,11,0,10,0,15,0,82,0,85,0,83,0,74,0,51,0,76,0,78,0,80,0,64,0,83,0,68,0,80,0,80,0,80,0,51,0,84,0,79,0,64,0,,,,,,,,,,
213648,393,82,Pierre-Emile,Højbjerg,,8/5/1995 12:00:00 AM,187,3,4,1,Ligue 1 McDonald's,84,https://ratings-images-prod.pulse.ea.com/FC25/full/player-portraits/p213648.png?padding=0.7,https://ratings-images-prod.pulse.ea.com/FC25/full/player-shields/en/213648.png?width=265,,trait1_65536,Intercept,Increased reach and possession retention in interceptions,https://drop-assets.ea.com/images/5ysv7Iw8jDHl7sp1JXqIa7/d34004fed8c95bde083dcf8257391a70/Intercept.png,playStyle,Play Style,trait1_67108864,Relentless,"Increased half time fatigue recovery, longer teammate contain and press",https://drop-assets.ea.com/images/2vVuRxgvPNaAuFGqZZ9nDY/3e2505addd5a6b353becdeaf7173d187/Relentless.png,playStyle,Play Style,,,,,,,,,,,,,,,,,,,,,,,,,,,,,,,0,Men's Football,13,Denmark,https://drop-assets.ea.com/images/6ueYG8kGNCY97fHWQ6LIZ7/9ad4b50beeb1d0d2a5d2bb5a8891336f/f_13.png,219,OM,https://drop-assets.ea.com/images/3t06Qm41tT2gB8NqJYXdue/928373951a71a9a8565497e6481925d1/l219.png,false,10,CDM,Center Defensive Midfielder,midfielder,Midfielder,52,0,59,0,71,0,81,0,78,0,86,0,61,0,79,0,79,0,68,0,70,0,78,0,79,0,74,0,75,0,68,0,74,0,9,0,7,0,12,0,11,0,11,0,65,0,82,0,82,0,78,0,49,0,78,0,56,0,80,0,69,0,82,0,73,0,83,0,85,0,74,0,47,0,80,0,77,0,64,0,14,Center Midfielder,CM,,,,,,,
235790,395,82,Kai,Havertz,,6/11/1999 12:00:00 AM,193,4,4,2,Premier League,82,https://ratings-images-prod.pulse.ea.com/FC25/full/player-portraits/p235790.png?padding=0.7,https://ratings-images-prod.pulse.ea.com/FC25/full/player-shields/en/235790.png?width=265,,trait1_2,Chip Shot,"Faster, more accurate chip shots",https://drop-assets.ea.com/images/6Gl08kt7odn1fJNX74CS2P/984feac3cd8d99902f5cb5131d5fd26a/Chip_Shot.png,playStyle,Play Style,trait1_16,Precision Header,Performs headers with increased accuracy and power.,https://drop-assets.ea.com/images/3ync8fbblS4zLzF3p1VXmT/7752a5103c2ebd8be5cf1819379c66f4/Precision_Header.png,playStyle,Play Style,trait1_128,Gamechanger,Fancy and Trivela shots are performed with improved accuracy.,https://drop-assets.ea.com/images/2v8I0GQrtREaEJzJcyStKe/e46d719e4e5ed88ac5a1f671c7448f4a/Gamechanger.png,playStyle,Play Style,trait1_1048576,Technical,"Faster Controlled Sprint, precise wide turns while dribbling",https://drop-assets.ea.com/images/5Esx7NK4YBU44O4bo07rvb/69ca9417da7fd07905f6c6956ad93f6d/Technical.png,playStyle,Play Style,trait1_4194304,First Touch,"Reduced trapping error, faster dribbling transition",https://drop-assets.ea.com/images/3f727XsoDVLbT49oMk0HBu/2787568be8ccb2d5daa2d18fabacad97/First_Touch.png,playStyle,Play Style,trait1_536870912,Enforcer,Performs dribble Shoulder Challenges and Shielding with increased effectiveness.,https://drop-assets.ea.com/images/2sNQz8b9dgV0hW8vl7oOvV/d7a503dbd4c73b232055b3ca06aa88eb/Enforcer.png,playStyle,Play Style,,,,,,,0,Men's Football,21,Germany,https://drop-assets.ea.com/images/6IIMMGk0Uj1rcZ6DSHTpLL/93f95b602dc62594104f418c8f80ebb3/f_21.png,1,Arsenal,https://drop-assets.ea.com/images/2ng99bvkwKaA228PJje39i/09d2df89a78377d3f8d3f78469cbadc9/l1.png,false,25,ST,Striker,attack,Attack,71,0,70,0,85,0,85,0,75,0,56,0,54,0,85,0,78,0,75,0,81,0,48,0,45,0,81,0,84,0,80,0,53,0,6,0,8,0,11,0,10,0,12,0,81,0,43,0,77,0,74,0,72,0,78,0,83,0,74,0,84,0,81,0,79,0,82,0,81,0,41,0,72,0,47,0,81,0,81,0,14,Center Midfielder,CM,18,Center Attacking Midfielder,CAM,,,,
278349,397,82,Dean,Huijsen,,4/14/2005 12:00:00 AM,197,2,5,1,LALIGA EA SPORTS,87,https://ratings-images-prod.pulse.ea.com/FC25/full/player-portraits/p278349.png?padding=0.7,https://ratings-images-prod.pulse.ea.com/FC25/full/player-shields/en/278349.png?width=265,,trait1_1024,Long Ball Pass,"Accurate, faster Lob and Lofted Through Passes",https://drop-assets.ea.com/images/7jwRDD4zkOsqRpc821t73d/16d46d57a5dfc7dd5dd5f8de0fd26a99/Long_Ball_Pass.png,playStyle,Play Style,trait1_32768,Block,Increased reach and success in blocking,https://drop-assets.ea.com/images/2Rlftzr8lqUdI29suCQVWe/43c6c36e8bd5fa26b88478d4354611a2/Block.png,playStyle,Play Style,trait1_262144,Slide Tackle,Stops ball at feet during slide tackles,https://drop-assets.ea.com/images/7mI1lrxE0pv9iJfQFki9OA/8c1ecac325f923e049be72231c8c968a/Slide_Tackle.png,playStyle,Play Style,trait1_524288,Aerial Fortress,Performs higher jumps and has physical defensive presence before and during aerial duels,https://drop-assets.ea.com/images/3rsDbUXd3MZX39YTsk6lKe/404db89f2237eeb7466668a730c52a4b/Aerial_Fortress.png,playStyle,Play Style,,,,,,,,,,,,,,,,,,,0,Men's Football,45,Spain,https://drop-assets.ea.com/images/Kv8okAYMsDbB3ZKbxrAXw/9d30c88d16a4c85002f35c6af412c6f7/f_45.png,243,Real Madrid,https://drop-assets.ea.com/images/Pk8nYrWuRt895RlhJx8jI/445d98b711f413a3a1e70c41b19b0f95/l243.png,true,5,CB,Center Back,defense,Defense,68,0,53,0,85,0,68,0,78,0,79,0,33,0,82,0,78,0,50,0,65,0,82,0,82,0,74,0,76,0,44,0,49,0,12,0,7,0,14,0,14,0,8,0,83,0,83,0,83,0,64,0,71,0,73,0,68,0,76,0,59,0,81,0,55,0,85,0,71,0,82,0,74,0,82,0,75,0,41,0,,,,,,,,,,
216547,398,82,Rafael A.,Ferreira Silva,Rafa,5/17/1993 12:00:00 AM,172,4,2,1,Trendyol Süper Lig,66,https://ratings-images-prod.pulse.ea.com/FC25/full/player-portraits/p216547.png?padding=0.7,https://ratings-images-prod.pulse.ea.com/FC25/full/player-shields/en/216547.png?width=265,,trait1_32,Acrobatic,"Perform volleys with increased accuracy, acrobatic volley animations",https://drop-assets.ea.com/images/2sRRBHcIe0zrDwYaRI2xG3/d02b8c8855de853470897009e030eb5d/Acrobatic.png,playStyle,Play Style,trait1_8192,Inventive,Fancy and Trivela passes are performed with improved accuracy.,https://drop-assets.ea.com/images/4fpo31RdL5T0vrzNqcSc4x/f82209bfd51270dcc447d4313b3e61f1/Inventive.png,playStyle,Play Style,trait1_2097152,Rapid,"Higher sprint speed while dribbling, reduced error on knock-ons",https://drop-assets.ea.com/images/1aGsvwKyIFlRG1eoJSS0Ot/a4d3d661ff962795a632fe86439d2146/Rapid.png,playStyle,Play Style,trait1_4194304,First Touch,"Reduced trapping error, faster dribbling transition",https://drop-assets.ea.com/images/3f727XsoDVLbT49oMk0HBu/2787568be8ccb2d5daa2d18fabacad97/First_Touch.png,playStyle,Play Style,trait1_33554432,Quick Step,Faster acceleration during Explosive Sprint,https://drop-assets.ea.com/images/1xG25Zp3wvkLA5YewKiZah/f27f5fabd1e899fc0bbb817d2db233b1/Quick_Step.png,playStyle,Play Style,,,,,,,,,,,,,0,Men's Football,38,Portugal,https://drop-assets.ea.com/images/3CxRD7XqY2NSlZ3628fY4S/abf38470644ee334e6a425b9272f7767/f_38.png,327,Beşiktaş,https://drop-assets.ea.com/images/Sx4dfrxgLrl3y1lm5Wj8p/fe2d92ed674ea49ea5ee3ac8d9842897/l327.png,false,18,CAM,Center Attacking Midfielder,midfielder,Midfielder,91,0,91,0,64,0,79,0,46,0,47,0,88,0,84,0,81,0,78,0,81,0,48,0,44,0,85,0,85,0,75,0,56,0,9,0,11,0,11,0,12,0,8,0,49,0,58,0,76,0,77,0,89,0,78,0,59,0,55,0,83,0,76,0,75,0,80,0,77,0,39,0,87,0,47,0,81,0,68,0,25,Striker,ST,16,Left Midfielder,LM,,,,
230142,399,82,Mikel,Oyarzabal Ugarte,Oyarzabal,4/21/1997 12:00:00 AM,181,3,3,2,LALIGA EA SPORTS,78,https://ratings-images-prod.pulse.ea.com/FC25/full/player-portraits/p230142.png?padding=0.7,https://ratings-images-prod.pulse.ea.com/FC25/full/player-shields/en/230142.png?width=265,,trait1_1048576,Technical,"Faster Controlled Sprint, precise wide turns while dribbling",https://drop-assets.ea.com/images/5Esx7NK4YBU44O4bo07rvb/69ca9417da7fd07905f6c6956ad93f6d/Technical.png,playStyle,Play Style,,,,,,,,,,,,,,,,,,,,,,,,,,,,,,,,,,,,,0,Men's Football,45,Spain,https://drop-assets.ea.com/images/Kv8okAYMsDbB3ZKbxrAXw/9d30c88d16a4c85002f35c6af412c6f7/f_45.png,457,Real Sociedad,https://drop-assets.ea.com/images/2ohvULVVtNoXptjhNS2dLq/08d0f2d7ecfd9e0f43ce837a4e73d139/l457.png,false,25,ST,Striker,attack,Attack,78,0,77,0,77,0,79,0,57,0,62,0,77,0,84,0,83,0,80,0,78,0,42,0,55,0,82,0,83,0,83,0,78,0,10,0,6,0,10,0,13,0,11,0,75,0,29,0,75,0,83,0,77,0,81,0,86,0,65,0,84,0,82,0,83,0,84,0,84,0,30,0,76,0,32,0,83,0,79,0,16,Left Midfielder,LM,27,Left Wing,LW,,,,
237681,400,82,Takefusa,Kubo,,6/4/2001 12:00:00 AM,173,4,4,2,LALIGA EA SPORTS,64,https://ratings-images-prod.pulse.ea.com/FC25/full/player-portraits/p237681.png?padding=0.7,https://ratings-images-prod.pulse.ea.com/FC25/full/player-shields/en/237681.png?width=265,,trait1_1,Finesse Shot,Faster finesse shots with more curve and accuracy,https://drop-assets.ea.com/images/468u1R1p2k1fA6WBHi0OEn/fb9d49ed2a8fb500cd5a184937b96b34/Finesse_Shot.png,playStyle,Play Style,trait1_64,Low Driven Shot,"Enhances a player's ability to execute low driven shots with increased accuracy, faster ball travel, and quicker shot execution.",https://drop-assets.ea.com/images/1NfyWsEpQ7s9bhWWt92lbn/5b5dbeb0e55c2e9241cdc26c70ee2d2c/Low_Driven_Shot.png,playStyle,Play Style,trait1_128,Gamechanger,Fancy and Trivela shots are performed with improved accuracy.,https://drop-assets.ea.com/images/2v8I0GQrtREaEJzJcyStKe/e46d719e4e5ed88ac5a1f671c7448f4a/Gamechanger.png,playStyle,Play Style,trait1_8192,Inventive,Fancy and Trivela passes are performed with improved accuracy.,https://drop-assets.ea.com/images/4fpo31RdL5T0vrzNqcSc4x/f82209bfd51270dcc447d4313b3e61f1/Inventive.png,playStyle,Play Style,trait1_1048576,Technical,"Faster Controlled Sprint, precise wide turns while dribbling",https://drop-assets.ea.com/images/5Esx7NK4YBU44O4bo07rvb/69ca9417da7fd07905f6c6956ad93f6d/Technical.png,playStyle,Play Style,trait1_4194304,First Touch,"Reduced trapping error, faster dribbling transition",https://drop-assets.ea.com/images/3f727XsoDVLbT49oMk0HBu/2787568be8ccb2d5daa2d18fabacad97/First_Touch.png,playStyle,Play Style,,,,,,,0,Men's Football,163,Japan,https://drop-assets.ea.com/images/1aoxCwnRS4A6LGlyhrUllt/b5b0cd61a299b9996821c16cc324cc3b/f_163.png,457,Real Sociedad,https://drop-assets.ea.com/images/2ohvULVVtNoXptjhNS2dLq/08d0f2d7ecfd9e0f43ce837a4e73d139/l457.png,false,12,RM,Right Midfielder,midfielder,Midfielder,89,0,86,0,70,0,74,0,60,0,59,0,83,0,84,0,80,0,80,0,77,0,40,0,40,0,85,0,86,0,79,0,74,0,6,0,7,0,15,0,10,0,10,0,49,0,28,0,74,0,76,0,86,0,78,0,63,0,64,0,80,0,80,0,77,0,78,0,77,0,46,0,84,0,43,0,80,0,67,0,23,Right Wing,RW,,,,,,,
183898,403,82,Ángel,Di María,,2/14/1988 12:00:00 AM,180,5,2,2,LPF,69,https://ratings-images-prod.pulse.ea.com/FC25/full/player-portraits/p183898.png?padding=0.7,https://ratings-images-prod.pulse.ea.com/FC25/full/player-shields/en/183898.png?width=265,,trait1_1,Finesse Shot,Faster finesse shots with more curve and accuracy,https://drop-assets.ea.com/images/468u1R1p2k1fA6WBHi0OEn/fb9d49ed2a8fb500cd5a184937b96b34/Finesse_Shot.png,playStyle,Play Style,trait1_2,Chip Shot,"Faster, more accurate chip shots",https://drop-assets.ea.com/images/6Gl08kt7odn1fJNX74CS2P/984feac3cd8d99902f5cb5131d5fd26a/Chip_Shot.png,playStyle,Play Style,trait1_256,Incisive Pass,"Accurate through passes, curvier swerve passes, faster precision passes",https://drop-assets.ea.com/images/2K5BYfVYRnrdjt8F3hwI04/62f147b6a436c107bfa3d042c1d5728d/Incisive_Pass.png,playStyle,Play Style,trait1_1024,Long Ball Pass,"Accurate, faster Lob and Lofted Through Passes",https://drop-assets.ea.com/images/7jwRDD4zkOsqRpc821t73d/16d46d57a5dfc7dd5dd5f8de0fd26a99/Long_Ball_Pass.png,playStyle,Play Style,trait1_8192,Inventive,Fancy and Trivela passes are performed with improved accuracy.,https://drop-assets.ea.com/images/4fpo31RdL5T0vrzNqcSc4x/f82209bfd51270dcc447d4313b3e61f1/Inventive.png,playStyle,Play Style,trait1_1048576,Technical,"Faster Controlled Sprint, precise wide turns while dribbling",https://drop-assets.ea.com/images/5Esx7NK4YBU44O4bo07rvb/69ca9417da7fd07905f6c6956ad93f6d/Technical.png,playStyle,Play Style,trait1_8388608,Trickster,Performs unique flick Skill Moves,https://drop-assets.ea.com/images/47Ygd5ri33RgjIYGiTAJpj/f0723e6f2f89a98fb6e8200c3659c6a9/Trickster.png,playStyle,Play Style,0,Men's Football,52,Argentina,https://drop-assets.ea.com/images/4xMXjEt7CFJ6JENYeG45Sk/836d733dc1642c5e4ab3338d91481436/f_52.png,110580,Rosario Central,https://drop-assets.ea.com/images/4A7PCwuGJb5YWjRaD4BuXm/f4161b7e626811f4379ebbc4d28abd15/l110580.png,false,23,RW,Right Wing,attack,Attack,72,0,84,0,61,0,65,0,57,0,72,0,74,0,89,0,84,0,81,0,93,0,43,0,41,0,85,0,85,0,76,0,88,0,10,0,7,0,11,0,12,0,11,0,45,0,42,0,81,0,85,0,73,0,85,0,83,0,62,0,80,0,76,0,80,0,85,0,82,0,39,0,73,0,46,0,87,0,78,0,12,Right Midfielder,RM,,,,,,,
192318,404,82,Mario,Götze,,6/3/1992 12:00:00 AM,176,4,4,1,Bundesliga,72,https://ratings-images-prod.pulse.ea.com/FC25/full/player-portraits/p192318.png?padding=0.7,https://ratings-images-prod.pulse.ea.com/FC25/full/player-shields/en/192318.png?width=265,,trait1_256,Incisive Pass,"Accurate through passes, curvier swerve passes, faster precision passes",https://drop-assets.ea.com/images/2K5BYfVYRnrdjt8F3hwI04/62f147b6a436c107bfa3d042c1d5728d/Incisive_Pass.png,playStyle,Play Style,trait1_2048,Tiki Taka,Accurate first-time Ground Passes,https://drop-assets.ea.com/images/2tvHC5JQ2sXrN8wUTJWLEA/94b0f6a78d1a9e1348a33c9772f23afd/Tiki_Taka.png,playStyle,Play Style,trait1_4194304,First Touch,"Reduced trapping error, faster dribbling transition",https://drop-assets.ea.com/images/3f727XsoDVLbT49oMk0HBu/2787568be8ccb2d5daa2d18fabacad97/First_Touch.png,playStyle,Play Style,icontrait1_8192,Inventive+,Fancy and Trivela passes are performed with greatly improved accuracy.,https://drop-assets.ea.com/images/Qx6cJsPc8kg3lW5RIg03U/74548115e8b21760437ee6012b8d2709/Inventive_.png,playStylePlus,Play Style Plus,,,,,,,,,,,,,,,,,,,0,Men's Football,21,Germany,https://drop-assets.ea.com/images/6IIMMGk0Uj1rcZ6DSHTpLL/93f95b602dc62594104f418c8f80ebb3/f_21.png,1824,Frankfurt,https://drop-assets.ea.com/images/3KK76lJIZtlRnPaAgbD85V/5614e02825eb0ed03b69a9d078e40db9/l1824.png,false,14,CM,Center Midfielder,midfielder,Midfielder,68,0,78,0,63,0,75,0,65,0,62,0,83,0,88,0,88,0,79,0,85,0,56,0,64,0,85,0,84,0,76,0,72,0,14,0,7,0,12,0,6,0,10,0,47,0,65,0,84,0,70,0,60,0,85,0,79,0,67,0,83,0,84,0,75,0,89,0,75,0,53,0,53,0,46,0,87,0,82,0,18,Center Attacking Midfielder,CAM,12,Right Midfielder,RM,10,Center Defensive Midfielder,CDM,
210935,405,82,Domenico,Berardi,,8/1/1994 12:00:00 AM,183,4,3,2,Serie A Enilive,72,https://ratings-images-prod.pulse.ea.com/FC25/full/player-portraits/p210935.png?padding=0.7,https://ratings-images-prod.pulse.ea.com/FC25/full/player-shields/en/210935.png?width=265,,trait1_1,Finesse Shot,Faster finesse shots with more curve and accuracy,https://drop-assets.ea.com/images/468u1R1p2k1fA6WBHi0OEn/fb9d49ed2a8fb500cd5a184937b96b34/Finesse_Shot.png,playStyle,Play Style,trait1_8,Dead Ball,"Faster, accurate set pieces with longer trajectory preview",https://drop-assets.ea.com/images/1razu2wcM3XA82VvB7NyUm/eec6b07080e49d6bf2d7a7951a22375f/Dead_Ball.png,playStyle,Play Style,trait1_128,Gamechanger,Fancy and Trivela shots are performed with improved accuracy.,https://drop-assets.ea.com/images/2v8I0GQrtREaEJzJcyStKe/e46d719e4e5ed88ac5a1f671c7448f4a/Gamechanger.png,playStyle,Play Style,trait1_256,Incisive Pass,"Accurate through passes, curvier swerve passes, faster precision passes",https://drop-assets.ea.com/images/2K5BYfVYRnrdjt8F3hwI04/62f147b6a436c107bfa3d042c1d5728d/Incisive_Pass.png,playStyle,Play Style,trait1_1024,Long Ball Pass,"Accurate, faster Lob and Lofted Through Passes",https://drop-assets.ea.com/images/7jwRDD4zkOsqRpc821t73d/16d46d57a5dfc7dd5dd5f8de0fd26a99/Long_Ball_Pass.png,playStyle,Play Style,trait1_8192,Inventive,Fancy and Trivela passes are performed with improved accuracy.,https://drop-assets.ea.com/images/4fpo31RdL5T0vrzNqcSc4x/f82209bfd51270dcc447d4313b3e61f1/Inventive.png,playStyle,Play Style,trait1_1048576,Technical,"Faster Controlled Sprint, precise wide turns while dribbling",https://drop-assets.ea.com/images/5Esx7NK4YBU44O4bo07rvb/69ca9417da7fd07905f6c6956ad93f6d/Technical.png,playStyle,Play Style,0,Men's Football,27,Italy,https://drop-assets.ea.com/images/2WtjWPqYzT7xcMCbvajGZH/d06e9ec4734a0d43d88f65386cc3a484/f_27.png,111974,Sassuolo,https://drop-assets.ea.com/images/1XH03NyWoyYHO0EH69QYG4/fe0a0c7effe48754e97248d04e352f4e/l111974.png,false,23,RW,Right Wing,attack,Attack,84,0,88,0,73,0,75,0,58,0,85,0,84,0,84,0,78,0,77,0,84,0,35,0,32,0,84,0,83,0,81,0,79,0,5,0,6,0,5,0,5,0,6,0,62,0,36,0,77,0,78,0,82,0,79,0,86,0,68,0,83,0,82,0,80,0,81,0,80,0,30,0,80,0,30,0,80,0,79,0,12,Right Midfielder,RM,,,,,,,
236461,406,82,Jean-Philippe,Mateta,,6/28/1997 12:00:00 AM,192,3,5,1,Premier League,88,https://ratings-images-prod.pulse.ea.com/FC25/full/player-portraits/p236461.png?padding=0.7,https://ratings-images-prod.pulse.ea.com/FC25/full/player-shields/en/236461.png?width=265,,trait1_64,Low Driven Shot,"Enhances a player's ability to execute low driven shots with increased accuracy, faster ball travel, and quicker shot execution.",https://drop-assets.ea.com/images/1NfyWsEpQ7s9bhWWt92lbn/5b5dbeb0e55c2e9241cdc26c70ee2d2c/Low_Driven_Shot.png,playStyle,Play Style,trait1_128,Gamechanger,Fancy and Trivela shots are performed with improved accuracy.,https://drop-assets.ea.com/images/2v8I0GQrtREaEJzJcyStKe/e46d719e4e5ed88ac5a1f671c7448f4a/Gamechanger.png,playStyle,Play Style,trait1_536870912,Enforcer,Performs dribble Shoulder Challenges and Shielding with increased effectiveness.,https://drop-assets.ea.com/images/2sNQz8b9dgV0hW8vl7oOvV/d7a503dbd4c73b232055b3ca06aa88eb/Enforcer.png,playStyle,Play Style,,,,,,,,,,,,,,,,,,,,,,,,,0,Men's Football,18,France,https://drop-assets.ea.com/images/3ECAQzhfgSLWRf9IIHB6G8/7e235a7b2f93c1f73db7f89dc03b3657/f_18.png,1799,Crystal Palace,https://drop-assets.ea.com/images/6j7pLWl2t3yl13bu6Y9s5K/91a346d14011a610d95ec956816b6a38/l1799.png,false,25,ST,Striker,attack,Attack,69,0,53,0,86,0,68,0,86,0,81,0,55,0,80,0,82,0,59,0,75,0,41,0,35,0,77,0,82,0,86,0,54,0,8,0,8,0,7,0,13,0,11,0,76,0,41,0,63,0,79,0,75,0,70,0,83,0,81,0,84,0,82,0,84,0,78,0,86,0,30,0,80,0,39,0,73,0,79,0,,,,,,,,,,
203574,407,82,John,Stones,,5/28/1994 12:00:00 AM,188,3,4,1,Premier League,80,https://ratings-images-prod.pulse.ea.com/FC25/full/player-portraits/p203574.png?padding=0.7,https://ratings-images-prod.pulse.ea.com/FC25/full/player-shields/en/203574.png?width=265,,trait1_134217728,Long Throw,Powerful throw-ins for greater distance,https://drop-assets.ea.com/images/51OlohNQvoEwW0aLhknAHh/58fa7d903d10f6d8cfa2622f62ba6b6f/Long_Throw.png,playStyle,Play Style,,,,,,,,,,,,,,,,,,,,,,,,,,,,,,,,,,,,,0,Men's Football,14,England,https://drop-assets.ea.com/images/6ZM1OFXGUFeV0ZaYVKj2z/ae88ef17f8cb179fbc1c463f7e1e4bd8/f_14.png,10,Manchester City,https://drop-assets.ea.com/images/4asmNLic4aQn6cjlEg1t5u/88bea3ddd6c1f620bbf813041f248685/l10.png,false,5,CB,Center Back,defense,Defense,65,0,62,0,85,0,53,0,78,0,79,0,62,0,79,0,85,0,63,0,62,0,84,0,84,0,75,0,74,0,54,0,37,0,7,0,15,0,11,0,10,0,8,0,84,0,83,0,79,0,61,0,64,0,74,0,52,0,72,0,58,0,82,0,58,0,82,0,68,0,84,0,64,0,85,0,78,0,44,0,3,Right Back,RB,,,,,,,
229237,408,82,Manuel,Akanji,,7/19/1995 12:00:00 AM,187,2,4,1,Serie A Enilive,91,https://ratings-images-prod.pulse.ea.com/FC25/full/player-portraits/p229237.png?padding=0.7,https://ratings-images-prod.pulse.ea.com/FC25/full/player-shields/en/229237.png?width=265,,trait1_1024,Long Ball Pass,"Accurate, faster Lob and Lofted Through Passes",https://drop-assets.ea.com/images/7jwRDD4zkOsqRpc821t73d/16d46d57a5dfc7dd5dd5f8de0fd26a99/Long_Ball_Pass.png,playStyle,Play Style,,,,,,,,,,,,,,,,,,,,,,,,,,,,,,,,,,,,,0,Men's Football,47,Switzerland,https://drop-assets.ea.com/images/4CseD8PxDZqObA1huFIws0/f30914625e329de69ffdd60f3c334a88/f_47.png,131682,Lombardia FC,https://drop-assets.ea.com/images/1thPMvXN97JgFvt6ASWr4c/d2ca0a691a98c344305bc0975ab70314/l131682.png,false,5,CB,Center Back,defense,Defense,71,0,66,0,81,0,71,0,85,0,82,0,54,0,75,0,80,0,55,0,54,0,82,0,83,0,73,0,74,0,38,0,59,0,10,0,9,0,13,0,6,0,9,0,79,0,82,0,77,0,48,0,74,0,69,0,40,0,81,0,37,0,82,0,48,0,79,0,75,0,82,0,76,0,83,0,65,0,42,0,,,,,,,,,,
243630,409,82,Jonathan,David,,1/14/2000 12:00:00 AM,178,3,5,1,Serie A Enilive,81,https://ratings-images-prod.pulse.ea.com/FC25/full/player-portraits/p243630.png?padding=0.7,https://ratings-images-prod.pulse.ea.com/FC25/full/player-shields/en/243630.png?width=265,,trait1_64,Low Driven Shot,"Enhances a player's ability to execute low driven shots with increased accuracy, faster ball travel, and quicker shot execution.",https://drop-assets.ea.com/images/1NfyWsEpQ7s9bhWWt92lbn/5b5dbeb0e55c2e9241cdc26c70ee2d2c/Low_Driven_Shot.png,playStyle,Play Style,trait1_16777216,Press Proven,"Close control at jog speed, shields ball more effectively",https://drop-assets.ea.com/images/5rUHwyLJRnvGV53Ba4Pj6M/9a3238695ae8103667ba02af391ac209/Press_Proven.png,playStyle,Play Style,trait1_33554432,Quick Step,Faster acceleration during Explosive Sprint,https://drop-assets.ea.com/images/1xG25Zp3wvkLA5YewKiZah/f27f5fabd1e899fc0bbb817d2db233b1/Quick_Step.png,playStyle,Play Style,trait1_67108864,Relentless,"Increased half time fatigue recovery, longer teammate contain and press",https://drop-assets.ea.com/images/2vVuRxgvPNaAuFGqZZ9nDY/3e2505addd5a6b353becdeaf7173d187/Relentless.png,playStyle,Play Style,,,,,,,,,,,,,,,,,,,0,Men's Football,70,Canada,https://drop-assets.ea.com/images/6NVjftdldQXhdzrkDQccXB/0bbb62e54641cc2fc4c5e9f347319859/f_70.png,45,Juventus,https://drop-assets.ea.com/images/6zWQmPATtK8lpsiXbKb3mY/6b2d1dab08ef14f63271a5cd70a0db0d/l45.png,true,25,ST,Striker,attack,Attack,79,0,75,0,87,0,90,0,77,0,61,0,71,0,81,0,81,0,67,0,59,0,34,0,29,0,80,0,80,0,85,0,58,0,7,0,7,0,11,0,7,0,7,0,77,0,33,0,69,0,77,0,81,0,71,0,86,0,78,0,88,0,84,0,82,0,76,0,79,0,19,0,83,0,29,0,74,0,77,0,,,,,,,,,,
246147,410,82,Mason,Greenwood,,10/1/2001 12:00:00 AM,181,4,5,2,Ligue 1 McDonald's,70,https://ratings-images-prod.pulse.ea.com/FC25/full/player-portraits/p246147.png?padding=0.7,https://ratings-images-prod.pulse.ea.com/FC25/full/player-shields/en/246147.png?width=265,,trait1_1,Finesse Shot,Faster finesse shots with more curve and accuracy,https://drop-assets.ea.com/images/468u1R1p2k1fA6WBHi0OEn/fb9d49ed2a8fb500cd5a184937b96b34/Finesse_Shot.png,playStyle,Play Style,trait1_4,Power Shot,Faster power shots with increased speed,https://drop-assets.ea.com/images/3ohVoKWSsvT44qgjabWqfV/e536ef26ad854c3c4cbf63ed7954b9cd/Power_Shot.png,playStyle,Play Style,trait1_64,Low Driven Shot,"Enhances a player's ability to execute low driven shots with increased accuracy, faster ball travel, and quicker shot execution.",https://drop-assets.ea.com/images/1NfyWsEpQ7s9bhWWt92lbn/5b5dbeb0e55c2e9241cdc26c70ee2d2c/Low_Driven_Shot.png,playStyle,Play Style,trait1_128,Gamechanger,Fancy and Trivela shots are performed with improved accuracy.,https://drop-assets.ea.com/images/2v8I0GQrtREaEJzJcyStKe/e46d719e4e5ed88ac5a1f671c7448f4a/Gamechanger.png,playStyle,Play Style,trait1_1048576,Technical,"Faster Controlled Sprint, precise wide turns while dribbling",https://drop-assets.ea.com/images/5Esx7NK4YBU44O4bo07rvb/69ca9417da7fd07905f6c6956ad93f6d/Technical.png,playStyle,Play Style,,,,,,,,,,,,,0,Men's Football,14,England,https://drop-assets.ea.com/images/6ZM1OFXGUFeV0ZaYVKj2z/ae88ef17f8cb179fbc1c463f7e1e4bd8/f_14.png,219,OM,https://drop-assets.ea.com/images/3t06Qm41tT2gB8NqJYXdue/928373951a71a9a8565497e6481925d1/l219.png,false,12,RM,Right Midfielder,midfielder,Midfielder,82,0,86,0,76,0,78,0,60,0,49,0,75,0,84,0,81,0,74,0,78,0,37,0,27,0,83,0,84,0,82,0,75,0,5,0,6,0,6,0,9,0,8,0,67,0,34,0,75,0,82,0,83,0,77,0,81,0,63,0,83,0,81,0,83,0,78,0,86,0,33,0,84,0,39,0,80,0,76,0,18,Center Attacking Midfielder,CAM,23,Right Wing,RW,,,,
189513,411,82,Daniel,Parejo Muñoz,Parejo,4/16/1989 12:00:00 AM,182,3,4,1,LALIGA EA SPORTS,74,https://ratings-images-prod.pulse.ea.com/FC25/full/player-portraits/p189513.png?padding=0.7,https://ratings-images-prod.pulse.ea.com/FC25/full/player-shields/en/189513.png?width=265,,trait1_512,Pinged Pass,Faster ground passes without affecting receiver's trapping,https://drop-assets.ea.com/images/1mXBWIBgJSpYoIa1C4r5FX/7220e78a4049530f4e9fa642b1656fa4/Pinged_Pass.png,playStyle,Play Style,trait1_1024,Long Ball Pass,"Accurate, faster Lob and Lofted Through Passes",https://drop-assets.ea.com/images/7jwRDD4zkOsqRpc821t73d/16d46d57a5dfc7dd5dd5f8de0fd26a99/Long_Ball_Pass.png,playStyle,Play Style,trait1_524288,Aerial Fortress,Performs higher jumps and has physical defensive presence before and during aerial duels,https://drop-assets.ea.com/images/3rsDbUXd3MZX39YTsk6lKe/404db89f2237eeb7466668a730c52a4b/Aerial_Fortress.png,playStyle,Play Style,trait1_16777216,Press Proven,"Close control at jog speed, shields ball more effectively",https://drop-assets.ea.com/images/5rUHwyLJRnvGV53Ba4Pj6M/9a3238695ae8103667ba02af391ac209/Press_Proven.png,playStyle,Play Style,icontrait1_8,Dead Ball+,"Set pieces with max speed, curve, accuracy, and preview line",https://drop-assets.ea.com/images/3gnWRIayfhmIFIhhYCwsR6/bb49458fbb7f0d06890bde757190e1bc/Dead_Ball_.png,playStylePlus,Play Style Plus,,,,,,,,,,,,,0,Men's Football,45,Spain,https://drop-assets.ea.com/images/Kv8okAYMsDbB3ZKbxrAXw/9d30c88d16a4c85002f35c6af412c6f7/f_45.png,483,Villarreal CF,https://drop-assets.ea.com/images/xvk9pCQTX74mWG8EjcgYU/f631ffd2c7ac06bd43f2547fc44463c4/l483.png,false,14,CM,Center Midfielder,midfielder,Midfielder,40,0,58,0,61,0,68,0,67,0,65,0,74,0,85,0,85,0,86,0,88,0,74,0,76,0,78,0,77,0,78,0,90,0,5,0,9,0,12,0,14,0,8,0,63,0,79,0,85,0,85,0,39,0,87,0,86,0,67,0,77,0,75,0,80,0,87,0,80,0,73,0,38,0,74,0,90,0,72,0,10,Center Defensive Midfielder,CDM,,,,,,,
231416,415,82,Dodi,Lukébakio,,9/24/1997 12:00:00 AM,187,4,3,2,Liga Portugal,77,https://ratings-images-prod.pulse.ea.com/FC25/full/player-portraits/p231416.png?padding=0.7,https://ratings-images-prod.pulse.ea.com/FC25/full/player-shields/en/231416.png?width=265,,trait1_128,Gamechanger,Fancy and Trivela shots are performed with improved accuracy.,https://drop-assets.ea.com/images/2v8I0GQrtREaEJzJcyStKe/e46d719e4e5ed88ac5a1f671c7448f4a/Gamechanger.png,playStyle,Play Style,trait1_1048576,Technical,"Faster Controlled Sprint, precise wide turns while dribbling",https://drop-assets.ea.com/images/5Esx7NK4YBU44O4bo07rvb/69ca9417da7fd07905f6c6956ad93f6d/Technical.png,playStyle,Play Style,,,,,,,,,,,,,,,,,,,,,,,,,,,,,,,0,Men's Football,7,Belgium,https://drop-assets.ea.com/images/7eZLPoDDyxSlQoqcS4NVA2/6fc085dc7e85ccd7519be7ff2df875ee/f_7.png,234,SL Benfica,https://drop-assets.ea.com/images/2DamHkQ1ZP1CYVjFPp6ofg/3e07292021842fdadb7aaaa84e7473aa/l234.png,false,12,RM,Right Midfielder,midfielder,Midfielder,86,0,80,0,76,0,72,0,69,0,38,0,71,0,84,0,80,0,78,0,84,0,31,0,31,0,83,0,86,0,82,0,68,0,9,0,7,0,14,0,11,0,12,0,55,0,26,0,67,0,78,0,87,0,76,0,80,0,64,0,81,0,80,0,81,0,78,0,85,0,24,0,87,0,29,0,78,0,74,0,23,Right Wing,RW,25,Striker,ST,,,,
232639,417,82,Ritsu,Doan,,6/16/1998 12:00:00 AM,172,4,3,2,Bundesliga,74,https://ratings-images-prod.pulse.ea.com/FC25/full/player-portraits/p232639.png?padding=0.7,https://ratings-images-prod.pulse.ea.com/FC25/full/player-shields/en/232639.png?width=265,,trait1_16,Precision Header,Performs headers with increased accuracy and power.,https://drop-assets.ea.com/images/3ync8fbblS4zLzF3p1VXmT/7752a5103c2ebd8be5cf1819379c66f4/Precision_Header.png,playStyle,Play Style,trait1_8192,Inventive,Fancy and Trivela passes are performed with improved accuracy.,https://drop-assets.ea.com/images/4fpo31RdL5T0vrzNqcSc4x/f82209bfd51270dcc447d4313b3e61f1/Inventive.png,playStyle,Play Style,trait1_1048576,Technical,"Faster Controlled Sprint, precise wide turns while dribbling",https://drop-assets.ea.com/images/5Esx7NK4YBU44O4bo07rvb/69ca9417da7fd07905f6c6956ad93f6d/Technical.png,playStyle,Play Style,trait1_4194304,First Touch,"Reduced trapping error, faster dribbling transition",https://drop-assets.ea.com/images/3f727XsoDVLbT49oMk0HBu/2787568be8ccb2d5daa2d18fabacad97/First_Touch.png,playStyle,Play Style,,,,,,,,,,,,,,,,,,,0,Men's Football,163,Japan,https://drop-assets.ea.com/images/1aoxCwnRS4A6LGlyhrUllt/b5b0cd61a299b9996821c16cc324cc3b/f_163.png,1824,Frankfurt,https://drop-assets.ea.com/images/3KK76lJIZtlRnPaAgbD85V/5614e02825eb0ed03b69a9d078e40db9/l1824.png,false,12,RM,Right Midfielder,midfielder,Midfielder,86,0,90,0,80,0,90,0,59,0,41,0,93,0,84,0,75,0,77,0,76,0,41,0,39,0,85,0,86,0,75,0,68,0,8,0,5,0,6,0,13,0,14,0,59,0,44,0,68,0,70,0,82,0,78,0,59,0,64,0,81,0,79,0,71,0,82,0,67,0,42,0,78,0,36,0,82,0,65,0,3,Right Back,RB,,,,,,,
234824,419,82,Yoane,Wissa,,9/3/1996 12:00:00 AM,176,3,3,1,Premier League,74,https://ratings-images-prod.pulse.ea.com/FC25/full/player-portraits/p234824.png?padding=0.7,https://ratings-images-prod.pulse.ea.com/FC25/full/player-shields/en/234824.png?width=265,,trait1_32,Acrobatic,"Perform volleys with increased accuracy, acrobatic volley animations",https://drop-assets.ea.com/images/2sRRBHcIe0zrDwYaRI2xG3/d02b8c8855de853470897009e030eb5d/Acrobatic.png,playStyle,Play Style,trait1_64,Low Driven Shot,"Enhances a player's ability to execute low driven shots with increased accuracy, faster ball travel, and quicker shot execution.",https://drop-assets.ea.com/images/1NfyWsEpQ7s9bhWWt92lbn/5b5dbeb0e55c2e9241cdc26c70ee2d2c/Low_Driven_Shot.png,playStyle,Play Style,trait1_128,Gamechanger,Fancy and Trivela shots are performed with improved accuracy.,https://drop-assets.ea.com/images/2v8I0GQrtREaEJzJcyStKe/e46d719e4e5ed88ac5a1f671c7448f4a/Gamechanger.png,playStyle,Play Style,trait1_2097152,Rapid,"Higher sprint speed while dribbling, reduced error on knock-ons",https://drop-assets.ea.com/images/1aGsvwKyIFlRG1eoJSS0Ot/a4d3d661ff962795a632fe86439d2146/Rapid.png,playStyle,Play Style,,,,,,,,,,,,,,,,,,,0,Men's Football,110,Congo DR,https://drop-assets.ea.com/images/3lHYj8vXmZJ1fiQcwOOP10/805d2b639e27aac47f556048edbc2048/f_110.png,13,Newcastle Utd,https://drop-assets.ea.com/images/69fXoaX4p9zFwKaZYoNtNX/14d86649a9b5a3f7e876cc3d46357b5d/l13.png,false,25,ST,Striker,attack,Attack,83,0,83,0,86,0,78,0,68,0,67,0,73,0,80,0,74,0,72,0,57,0,31,0,25,0,80,0,80,0,85,0,54,0,14,0,7,0,6,0,8,0,15,0,81,0,31,0,61,0,76,0,85,0,70,0,79,0,71,0,85,0,84,0,82,0,76,0,82,0,19,0,87,0,24,0,72,0,85,0,,,,,,,,,,
246430,420,82,Dušan,Vlahović,,1/28/2000 12:00:00 AM,190,3,4,2,Serie A Enilive,88,https://ratings-images-prod.pulse.ea.com/FC25/full/player-portraits/p246430.png?padding=0.7,https://ratings-images-prod.pulse.ea.com/FC25/full/player-shields/en/246430.png?width=265,,trait1_1,Finesse Shot,Faster finesse shots with more curve and accuracy,https://drop-assets.ea.com/images/468u1R1p2k1fA6WBHi0OEn/fb9d49ed2a8fb500cd5a184937b96b34/Finesse_Shot.png,playStyle,Play Style,trait1_2,Chip Shot,"Faster, more accurate chip shots",https://drop-assets.ea.com/images/6Gl08kt7odn1fJNX74CS2P/984feac3cd8d99902f5cb5131d5fd26a/Chip_Shot.png,playStyle,Play Style,trait1_8,Dead Ball,"Faster, accurate set pieces with longer trajectory preview",https://drop-assets.ea.com/images/1razu2wcM3XA82VvB7NyUm/eec6b07080e49d6bf2d7a7951a22375f/Dead_Ball.png,playStyle,Play Style,trait1_64,Low Driven Shot,"Enhances a player's ability to execute low driven shots with increased accuracy, faster ball travel, and quicker shot execution.",https://drop-assets.ea.com/images/1NfyWsEpQ7s9bhWWt92lbn/5b5dbeb0e55c2e9241cdc26c70ee2d2c/Low_Driven_Shot.png,playStyle,Play Style,trait1_128,Gamechanger,Fancy and Trivela shots are performed with improved accuracy.,https://drop-assets.ea.com/images/2v8I0GQrtREaEJzJcyStKe/e46d719e4e5ed88ac5a1f671c7448f4a/Gamechanger.png,playStyle,Play Style,trait1_16777216,Press Proven,"Close control at jog speed, shields ball more effectively",https://drop-assets.ea.com/images/5rUHwyLJRnvGV53Ba4Pj6M/9a3238695ae8103667ba02af391ac209/Press_Proven.png,playStyle,Play Style,trait1_536870912,Enforcer,Performs dribble Shoulder Challenges and Shielding with increased effectiveness.,https://drop-assets.ea.com/images/2sNQz8b9dgV0hW8vl7oOvV/d7a503dbd4c73b232055b3ca06aa88eb/Enforcer.png,playStyle,Play Style,0,Men's Football,51,Serbia,https://drop-assets.ea.com/images/2GKu0zRZkrHdnQe5yZ5cSP/3ef9ea7c2fdd64aba769e1308bf133f0/f_51.png,45,Juventus,https://drop-assets.ea.com/images/6zWQmPATtK8lpsiXbKb3mY/6b2d1dab08ef14f63271a5cd70a0db0d/l45.png,true,25,ST,Striker,attack,Attack,76,0,68,0,92,0,74,0,86,0,80,0,53,0,81,0,78,0,57,0,79,0,29,0,19,0,77,0,79,0,84,0,89,0,5,0,15,0,6,0,11,0,10,0,82,0,24,0,60,0,83,0,78,0,69,0,84,0,82,0,86,0,84,0,84,0,75,0,84,0,24,0,79,0,26,0,70,0,80,0,,,,,,,,,,
229476,423,82,Waldemar,Anton,,7/20/1996 12:00:00 AM,189,2,3,1,Bundesliga,86,https://ratings-images-prod.pulse.ea.com/FC25/full/player-portraits/p229476.png?padding=0.7,https://ratings-images-prod.pulse.ea.com/FC25/full/player-shields/en/229476.png?width=265,,trait1_512,Pinged Pass,Faster ground passes without affecting receiver's trapping,https://drop-assets.ea.com/images/1mXBWIBgJSpYoIa1C4r5FX/7220e78a4049530f4e9fa642b1656fa4/Pinged_Pass.png,playStyle,Play Style,trait1_262144,Slide Tackle,Stops ball at feet during slide tackles,https://drop-assets.ea.com/images/7mI1lrxE0pv9iJfQFki9OA/8c1ecac325f923e049be72231c8c968a/Slide_Tackle.png,playStyle,Play Style,trait1_524288,Aerial Fortress,Performs higher jumps and has physical defensive presence before and during aerial duels,https://drop-assets.ea.com/images/3rsDbUXd3MZX39YTsk6lKe/404db89f2237eeb7466668a730c52a4b/Aerial_Fortress.png,playStyle,Play Style,icontrait1_32768,Block+,Greater reach and success in blocking,https://drop-assets.ea.com/images/55a6j8nZt1EKQeN9kaqiEs/a2d73085eee67e822161e082e82a8ee3/Block_.png,playStylePlus,Play Style Plus,,,,,,,,,,,,,,,,,,,0,Men's Football,21,Germany,https://drop-assets.ea.com/images/6IIMMGk0Uj1rcZ6DSHTpLL/93f95b602dc62594104f418c8f80ebb3/f_21.png,22,Borussia Dortmund,https://drop-assets.ea.com/images/TmqxUZk2FrbFXOK1kdE89/3dce225926ac7cfd9f283ecd731fa710/l22.png,false,5,CB,Center Back,defense,Defense,64,0,56,0,85,0,79,0,85,0,86,0,58,0,70,0,80,0,52,0,39,0,84,0,86,0,66,0,64,0,42,0,39,0,11,0,12,0,12,0,13,0,13,0,79,0,82,0,73,0,45,0,69,0,67,0,48,0,84,0,54,0,82,0,47,0,79,0,60,0,78,0,73,0,86,0,70,0,38,0,,,,,,,,,,
235243,424,82,Matthijs,de Ligt,,8/12/1999 12:00:00 AM,189,2,3,1,Premier League,89,https://ratings-images-prod.pulse.ea.com/FC25/full/player-portraits/p235243.png?padding=0.7,https://ratings-images-prod.pulse.ea.com/FC25/full/player-shields/en/235243.png?width=265,,trait1_4,Power Shot,Faster power shots with increased speed,https://drop-assets.ea.com/images/3ohVoKWSsvT44qgjabWqfV/e536ef26ad854c3c4cbf63ed7954b9cd/Power_Shot.png,playStyle,Play Style,trait1_32768,Block,Increased reach and success in blocking,https://drop-assets.ea.com/images/2Rlftzr8lqUdI29suCQVWe/43c6c36e8bd5fa26b88478d4354611a2/Block.png,playStyle,Play Style,trait1_268435456,Bruiser,Stronger physical tackles,https://drop-assets.ea.com/images/7euMJ2jVypFrFPQesWuGGm/14019168b12faac1584a2920d5c2d5d9/Bruiser.png,playStyle,Play Style,,,,,,,,,,,,,,,,,,,,,,,,,0,Men's Football,34,Holland,https://drop-assets.ea.com/images/7LmdSUm2Ge4fzqcz0NElvq/d272142c80713dcf0e5ec0a47232aeee/f_34.png,11,Man Utd,https://drop-assets.ea.com/images/5xxJeUfFY6FEQZEJyJK35/990979becf88b88ecb6461dc441c2ebf/l11.png,false,5,CB,Center Back,defense,Defense,54,0,52,0,86,0,64,0,91,0,85,0,62,0,72,0,80,0,52,0,48,0,82,0,82,0,67,0,65,0,50,0,55,0,12,0,11,0,11,0,12,0,10,0,85,0,83,0,73,0,75,0,62,0,62,0,40,0,83,0,44,0,81,0,61,0,77,0,84,0,80,0,68,0,81,0,45,0,45,0,,,,,,,,,,
201024,426,82,Kalidou,Koulibaly,,6/20/1991 12:00:00 AM,186,3,4,1,ROSHN Saudi League,89,https://ratings-images-prod.pulse.ea.com/FC25/full/player-portraits/p201024.png?padding=0.7,https://ratings-images-prod.pulse.ea.com/FC25/full/player-shields/en/201024.png?width=265,,trait1_1024,Long Ball Pass,"Accurate, faster Lob and Lofted Through Passes",https://drop-assets.ea.com/images/7jwRDD4zkOsqRpc821t73d/16d46d57a5dfc7dd5dd5f8de0fd26a99/Long_Ball_Pass.png,playStyle,Play Style,trait1_32768,Block,Increased reach and success in blocking,https://drop-assets.ea.com/images/2Rlftzr8lqUdI29suCQVWe/43c6c36e8bd5fa26b88478d4354611a2/Block.png,playStyle,Play Style,trait1_131072,Anticipate,"Improved standing tackle success, possibility of stopping ball at feet",https://drop-assets.ea.com/images/4xPnUcL7thizFB7qmhlwUR/1ade7a0f77d5e875c2db869964540a35/Anticipate.png,playStyle,Play Style,trait1_524288,Aerial Fortress,Performs higher jumps and has physical defensive presence before and during aerial duels,https://drop-assets.ea.com/images/3rsDbUXd3MZX39YTsk6lKe/404db89f2237eeb7466668a730c52a4b/Aerial_Fortress.png,playStyle,Play Style,trait1_268435456,Bruiser,Stronger physical tackles,https://drop-assets.ea.com/images/7euMJ2jVypFrFPQesWuGGm/14019168b12faac1584a2920d5c2d5d9/Bruiser.png,playStyle,Play Style,,,,,,,,,,,,,0,Men's Football,136,Senegal,https://drop-assets.ea.com/images/5YFW1KnsSwDBZwtoXH9mTj/690bf685246b53efaf24d6f2de696eb3/f_136.png,605,Al Hilal,https://drop-assets.ea.com/images/S6sbDN9mfGaVn2VJDekYR/c6f580c98a0d614b0b308a89a241c6ab/l605.png,false,5,CB,Center Back,defense,Defense,61,0,39,0,87,0,74,0,89,0,83,0,33,0,70,0,75,0,50,0,53,0,82,0,81,0,65,0,69,0,43,0,39,0,7,0,11,0,7,0,13,0,5,0,82,0,81,0,64,0,38,0,74,0,62,0,50,0,84,0,50,0,81,0,48,0,71,0,67,0,81,0,84,0,83,0,64,0,48,0,,,,,,,,,,
235410,427,82,Youssef,En-Nesyri,,6/1/1997 12:00:00 AM,188,3,3,2,Trendyol Süper Lig,78,https://ratings-images-prod.pulse.ea.com/FC25/full/player-portraits/p235410.png?padding=0.7,https://ratings-images-prod.pulse.ea.com/FC25/full/player-shields/en/235410.png?width=265,,trait1_16,Precision Header,Performs headers with increased accuracy and power.,https://drop-assets.ea.com/images/3ync8fbblS4zLzF3p1VXmT/7752a5103c2ebd8be5cf1819379c66f4/Precision_Header.png,playStyle,Play Style,trait1_524288,Aerial Fortress,Performs higher jumps and has physical defensive presence before and during aerial duels,https://drop-assets.ea.com/images/3rsDbUXd3MZX39YTsk6lKe/404db89f2237eeb7466668a730c52a4b/Aerial_Fortress.png,playStyle,Play Style,trait1_2097152,Rapid,"Higher sprint speed while dribbling, reduced error on knock-ons",https://drop-assets.ea.com/images/1aGsvwKyIFlRG1eoJSS0Ot/a4d3d661ff962795a632fe86439d2146/Rapid.png,playStyle,Play Style,trait1_33554432,Quick Step,Faster acceleration during Explosive Sprint,https://drop-assets.ea.com/images/1xG25Zp3wvkLA5YewKiZah/f27f5fabd1e899fc0bbb817d2db233b1/Quick_Step.png,playStyle,Play Style,trait1_67108864,Relentless,"Increased half time fatigue recovery, longer teammate contain and press",https://drop-assets.ea.com/images/2vVuRxgvPNaAuFGqZZ9nDY/3e2505addd5a6b353becdeaf7173d187/Relentless.png,playStyle,Play Style,,,,,,,,,,,,,0,Men's Football,129,Morocco,https://drop-assets.ea.com/images/47SGeQ7STCrJZQSKOVJaHA/1aa24a57a60f85051e34a5ad8205771d/f_129.png,326,Fenerbahçe,https://drop-assets.ea.com/images/3sfoNHvqDPqhM1PsEE1sNM/b9dcc82d0e2fba3efc8e8d0ed4c216a6/l326.png,false,25,ST,Striker,attack,Attack,73,0,71,0,90,0,80,0,80,0,77,0,50,0,79,0,75,0,60,0,65,0,35,0,27,0,75,0,76,0,83,0,56,0,13,0,9,0,14,0,9,0,13,0,86,0,33,0,58,0,76,0,79,0,65,0,73,0,80,0,85,0,84,0,81,0,76,0,83,0,27,0,83,0,31,0,58,0,77,0,,,,,,,,,,
278046,429,82,Pau,Cubarsí Paredes,Pau Cubarsí,1/22/2007 12:00:00 AM,182,2,4,1,LALIGA EA SPORTS,75,https://ratings-images-prod.pulse.ea.com/FC25/full/player-portraits/p278046.png?padding=0.7,https://ratings-images-prod.pulse.ea.com/FC25/full/player-shields/en/278046.png?width=265,,trait1_1024,Long Ball Pass,"Accurate, faster Lob and Lofted Through Passes",https://drop-assets.ea.com/images/7jwRDD4zkOsqRpc821t73d/16d46d57a5dfc7dd5dd5f8de0fd26a99/Long_Ball_Pass.png,playStyle,Play Style,,,,,,,,,,,,,,,,,,,,,,,,,,,,,,,,,,,,,0,Men's Football,45,Spain,https://drop-assets.ea.com/images/Kv8okAYMsDbB3ZKbxrAXw/9d30c88d16a4c85002f35c6af412c6f7/f_45.png,241,FC Barcelona,https://drop-assets.ea.com/images/5VXhqALaBzgvb2YG8iJxlq/990024f3e3ecc9e6c37eae41ebef86bd/l241.png,true,5,CB,Center Back,defense,Defense,67,0,65,0,85,0,68,0,77,0,80,0,62,0,82,0,80,0,31,0,22,0,84,0,84,0,77,0,78,0,41,0,33,0,10,0,6,0,14,0,7,0,14,0,83,0,84,0,86,0,35,0,70,0,66,0,41,0,76,0,51,0,82,0,42,0,85,0,51,0,82,0,73,0,84,0,74,0,41,0,,,,,,,,,,
215333,430,82,Duván,Zapata,,4/1/1991 12:00:00 AM,188,3,4,1,Serie A Enilive,88,https://ratings-images-prod.pulse.ea.com/FC25/full/player-portraits/p215333.png?padding=0.7,https://ratings-images-prod.pulse.ea.com/FC25/full/player-shields/en/215333.png?width=265,,trait1_4,Power Shot,Faster power shots with increased speed,https://drop-assets.ea.com/images/3ohVoKWSsvT44qgjabWqfV/e536ef26ad854c3c4cbf63ed7954b9cd/Power_Shot.png,playStyle,Play Style,trait1_16,Precision Header,Performs headers with increased accuracy and power.,https://drop-assets.ea.com/images/3ync8fbblS4zLzF3p1VXmT/7752a5103c2ebd8be5cf1819379c66f4/Precision_Header.png,playStyle,Play Style,trait1_524288,Aerial Fortress,Performs higher jumps and has physical defensive presence before and during aerial duels,https://drop-assets.ea.com/images/3rsDbUXd3MZX39YTsk6lKe/404db89f2237eeb7466668a730c52a4b/Aerial_Fortress.png,playStyle,Play Style,trait1_16777216,Press Proven,"Close control at jog speed, shields ball more effectively",https://drop-assets.ea.com/images/5rUHwyLJRnvGV53Ba4Pj6M/9a3238695ae8103667ba02af391ac209/Press_Proven.png,playStyle,Play Style,trait1_536870912,Enforcer,Performs dribble Shoulder Challenges and Shielding with increased effectiveness.,https://drop-assets.ea.com/images/2sNQz8b9dgV0hW8vl7oOvV/d7a503dbd4c73b232055b3ca06aa88eb/Enforcer.png,playStyle,Play Style,,,,,,,,,,,,,0,Men's Football,56,Colombia,https://drop-assets.ea.com/images/JphMzcFrWU7Uo2jq6GSep/d909b5b6000d5bf7515600d2c6db6375/f_56.png,54,Torino,https://drop-assets.ea.com/images/hSLWPIkJFJBzTMyk85qej/40d38d4675390d6677c4f17dddae5627/l54.png,false,25,ST,Striker,attack,Attack,72,0,66,0,93,0,65,0,90,0,80,0,57,0,80,0,82,0,47,0,55,0,35,0,44,0,77,0,79,0,84,0,62,0,9,0,9,0,8,0,6,0,8,0,87,0,20,0,57,0,69,0,74,0,64,0,75,0,82,0,86,0,78,0,81,0,74,0,88,0,22,0,76,0,24,0,70,0,79,0,,,,,,,,,,
192366,431,82,Nicolás,Otamendi,,2/12/1988 12:00:00 AM,183,2,3,1,Liga Portugal,78,https://ratings-images-prod.pulse.ea.com/FC25/full/player-portraits/p192366.png?padding=0.7,https://ratings-images-prod.pulse.ea.com/FC25/full/player-shields/en/192366.png?width=265,,trait1_16,Precision Header,Performs headers with increased accuracy and power.,https://drop-assets.ea.com/images/3ync8fbblS4zLzF3p1VXmT/7752a5103c2ebd8be5cf1819379c66f4/Precision_Header.png,playStyle,Play Style,trait1_16384,Jockey,"Faster Sprint Jockey, better transition speed",https://drop-assets.ea.com/images/7lHjpOBSghE6Ywt1jgVv1C/21f9914d00f073d79d4b46cac71b9087/Jockey.png,playStyle,Play Style,trait1_65536,Intercept,Increased reach and possession retention in interceptions,https://drop-assets.ea.com/images/5ysv7Iw8jDHl7sp1JXqIa7/d34004fed8c95bde083dcf8257391a70/Intercept.png,playStyle,Play Style,trait1_131072,Anticipate,"Improved standing tackle success, possibility of stopping ball at feet",https://drop-assets.ea.com/images/4xPnUcL7thizFB7qmhlwUR/1ade7a0f77d5e875c2db869964540a35/Anticipate.png,playStyle,Play Style,trait1_262144,Slide Tackle,Stops ball at feet during slide tackles,https://drop-assets.ea.com/images/7mI1lrxE0pv9iJfQFki9OA/8c1ecac325f923e049be72231c8c968a/Slide_Tackle.png,playStyle,Play Style,trait1_524288,Aerial Fortress,Performs higher jumps and has physical defensive presence before and during aerial duels,https://drop-assets.ea.com/images/3rsDbUXd3MZX39YTsk6lKe/404db89f2237eeb7466668a730c52a4b/Aerial_Fortress.png,playStyle,Play Style,trait1_268435456,Bruiser,Stronger physical tackles,https://drop-assets.ea.com/images/7euMJ2jVypFrFPQesWuGGm/14019168b12faac1584a2920d5c2d5d9/Bruiser.png,playStyle,Play Style,0,Men's Football,52,Argentina,https://drop-assets.ea.com/images/4xMXjEt7CFJ6JENYeG45Sk/836d733dc1642c5e4ab3338d91481436/f_52.png,234,SL Benfica,https://drop-assets.ea.com/images/2DamHkQ1ZP1CYVjFPp6ofg/3e07292021842fdadb7aaaa84e7473aa/l234.png,false,5,CB,Center Back,defense,Defense,54,0,58,0,89,0,87,0,81,0,89,0,58,0,67,0,79,0,52,0,50,0,83,0,84,0,62,0,56,0,54,0,39,0,12,0,5,0,8,0,11,0,12,0,84,0,84,0,72,0,56,0,60,0,64,0,45,0,85,0,55,0,80,0,57,0,74,0,69,0,80,0,64,0,83,0,62,0,57,0,,,,,,,,,,
241159,432,82,Marc,Guéhi,,7/13/2000 12:00:00 AM,182,2,5,1,Premier League,82,https://ratings-images-prod.pulse.ea.com/FC25/full/player-portraits/p241159.png?padding=0.7,https://ratings-images-prod.pulse.ea.com/FC25/full/player-shields/en/241159.png?width=265,,trait1_1024,Long Ball Pass,"Accurate, faster Lob and Lofted Through Passes",https://drop-assets.ea.com/images/7jwRDD4zkOsqRpc821t73d/16d46d57a5dfc7dd5dd5f8de0fd26a99/Long_Ball_Pass.png,playStyle,Play Style,trait1_16384,Jockey,"Faster Sprint Jockey, better transition speed",https://drop-assets.ea.com/images/7lHjpOBSghE6Ywt1jgVv1C/21f9914d00f073d79d4b46cac71b9087/Jockey.png,playStyle,Play Style,trait1_32768,Block,Increased reach and success in blocking,https://drop-assets.ea.com/images/2Rlftzr8lqUdI29suCQVWe/43c6c36e8bd5fa26b88478d4354611a2/Block.png,playStyle,Play Style,trait1_131072,Anticipate,"Improved standing tackle success, possibility of stopping ball at feet",https://drop-assets.ea.com/images/4xPnUcL7thizFB7qmhlwUR/1ade7a0f77d5e875c2db869964540a35/Anticipate.png,playStyle,Play Style,,,,,,,,,,,,,,,,,,,0,Men's Football,14,England,https://drop-assets.ea.com/images/6ZM1OFXGUFeV0ZaYVKj2z/ae88ef17f8cb179fbc1c463f7e1e4bd8/f_14.png,1799,Crystal Palace,https://drop-assets.ea.com/images/6j7pLWl2t3yl13bu6Y9s5K/91a346d14011a610d95ec956816b6a38/l1799.png,false,5,CB,Center Back,defense,Defense,68,0,61,0,84,0,73,0,80,0,77,0,65,0,76,0,76,0,58,0,67,0,83,0,84,0,73,0,72,0,42,0,32,0,8,0,9,0,11,0,12,0,12,0,79,0,82,0,78,0,26,0,69,0,69,0,38,0,78,0,35,0,83,0,39,0,79,0,49,0,85,0,69,0,84,0,66,0,32,0,,,,,,,,,,
200724,433,82,José Ignacio,Fernández Iglesias,Nacho Fernández,1/18/1990 12:00:00 AM,180,2,4,1,ROSHN Saudi League,76,https://ratings-images-prod.pulse.ea.com/FC25/full/player-portraits/p200724.png?padding=0.7,https://ratings-images-prod.pulse.ea.com/FC25/full/player-shields/en/200724.png?width=265,,trait1_1024,Long Ball Pass,"Accurate, faster Lob and Lofted Through Passes",https://drop-assets.ea.com/images/7jwRDD4zkOsqRpc821t73d/16d46d57a5dfc7dd5dd5f8de0fd26a99/Long_Ball_Pass.png,playStyle,Play Style,trait1_32768,Block,Increased reach and success in blocking,https://drop-assets.ea.com/images/2Rlftzr8lqUdI29suCQVWe/43c6c36e8bd5fa26b88478d4354611a2/Block.png,playStyle,Play Style,,,,,,,,,,,,,,,,,,,,,,,,,,,,,,,0,Men's Football,45,Spain,https://drop-assets.ea.com/images/Kv8okAYMsDbB3ZKbxrAXw/9d30c88d16a4c85002f35c6af412c6f7/f_45.png,112391,Al Qadsiah,https://drop-assets.ea.com/images/OQhve5ubflu5c5OXWRlUV/4874b82f2bab16f04e6702812ac521a6/l112391.png,false,5,CB,Center Back,defense,Defense,67,0,65,0,83,0,79,0,79,0,80,0,76,0,79,0,75,0,70,0,55,0,82,0,82,0,71,0,64,0,32,0,37,0,12,0,7,0,10,0,15,0,7,0,79,0,82,0,67,0,28,0,73,0,68,0,45,0,79,0,37,0,81,0,37,0,82,0,54,0,81,0,77,0,83,0,53,0,38,0,7,Left Back,LB,3,Right Back,RB,16,Left Midfielder,LM,
207862,434,82,Matthias,Ginter,,1/19/1994 12:00:00 AM,190,2,3,1,Bundesliga,90,https://ratings-images-prod.pulse.ea.com/FC25/full/player-portraits/p207862.png?padding=0.7,https://ratings-images-prod.pulse.ea.com/FC25/full/player-shields/en/207862.png?width=265,,trait1_512,Pinged Pass,Faster ground passes without affecting receiver's trapping,https://drop-assets.ea.com/images/1mXBWIBgJSpYoIa1C4r5FX/7220e78a4049530f4e9fa642b1656fa4/Pinged_Pass.png,playStyle,Play Style,trait1_524288,Aerial Fortress,Performs higher jumps and has physical defensive presence before and during aerial duels,https://drop-assets.ea.com/images/3rsDbUXd3MZX39YTsk6lKe/404db89f2237eeb7466668a730c52a4b/Aerial_Fortress.png,playStyle,Play Style,icontrait1_131072,Anticipate+,"Significantly improved standing tackle success, possibility of stopping ball",https://drop-assets.ea.com/images/4Tw0rjhFcLnurLg5JR2Woo/f0df6f8cdd017e6001109c86eecea980/Anticipate_.png,playStylePlus,Play Style Plus,,,,,,,,,,,,,,,,,,,,,,,,,0,Men's Football,21,Germany,https://drop-assets.ea.com/images/6IIMMGk0Uj1rcZ6DSHTpLL/93f95b602dc62594104f418c8f80ebb3/f_21.png,25,SC Freiburg,https://drop-assets.ea.com/images/TnclXkBIoI1MtJBmRvObq/83167db02b49b274917cec5814510b79/l25.png,false,5,CB,Center Back,defense,Defense,54,0,54,0,83,0,57,0,83,0,73,0,50,0,75,0,77,0,68,0,44,0,85,0,87,0,66,0,61,0,54,0,42,0,12,0,10,0,6,0,8,0,10,0,83,0,83,0,74,0,46,0,55,0,71,0,67,0,75,0,55,0,84,0,58,0,78,0,79,0,80,0,56,0,87,0,71,0,53,0,,,,,,,,,,
231410,435,82,Brahim,Díaz,Brahim,8/3/1999 12:00:00 AM,170,4,5,1,LALIGA EA SPORTS,68,https://ratings-images-prod.pulse.ea.com/FC25/full/player-portraits/p231410.png?padding=0.7,https://ratings-images-prod.pulse.ea.com/FC25/full/player-shields/en/231410.png?width=265,,trait1_256,Incisive Pass,"Accurate through passes, curvier swerve passes, faster precision passes",https://drop-assets.ea.com/images/2K5BYfVYRnrdjt8F3hwI04/62f147b6a436c107bfa3d042c1d5728d/Incisive_Pass.png,playStyle,Play Style,trait1_2048,Tiki Taka,Accurate first-time Ground Passes,https://drop-assets.ea.com/images/2tvHC5JQ2sXrN8wUTJWLEA/94b0f6a78d1a9e1348a33c9772f23afd/Tiki_Taka.png,playStyle,Play Style,trait1_1048576,Technical,"Faster Controlled Sprint, precise wide turns while dribbling",https://drop-assets.ea.com/images/5Esx7NK4YBU44O4bo07rvb/69ca9417da7fd07905f6c6956ad93f6d/Technical.png,playStyle,Play Style,trait1_4194304,First Touch,"Reduced trapping error, faster dribbling transition",https://drop-assets.ea.com/images/3f727XsoDVLbT49oMk0HBu/2787568be8ccb2d5daa2d18fabacad97/First_Touch.png,playStyle,Play Style,,,,,,,,,,,,,,,,,,,0,Men's Football,129,Morocco,https://drop-assets.ea.com/images/47SGeQ7STCrJZQSKOVJaHA/1aa24a57a60f85051e34a5ad8205771d/f_129.png,243,Real Madrid,https://drop-assets.ea.com/images/Pk8nYrWuRt895RlhJx8jI/445d98b711f413a3a1e70c41b19b0f95/l243.png,true,12,RM,Right Midfielder,midfielder,Midfielder,83,0,88,0,60,0,69,0,58,0,46,0,90,0,85,0,79,0,76,0,74,0,31,0,40,0,85,0,84,0,76,0,61,0,13,0,9,0,13,0,10,0,6,0,30,0,33,0,76,0,76,0,82,0,79,0,58,0,58,0,79,0,80,0,74,0,83,0,73,0,21,0,82,0,23,0,82,0,64,0,16,Left Midfielder,LM,18,Center Attacking Midfielder,CAM,23,Right Wing,RW,
243241,436,82,Alessandro,Buongiorno,,6/6/1999 12:00:00 AM,190,2,3,2,Serie A Enilive,86,https://ratings-images-prod.pulse.ea.com/FC25/full/player-portraits/p243241.png?padding=0.7,https://ratings-images-prod.pulse.ea.com/FC25/full/player-shields/en/243241.png?width=265,,trait1_32768,Block,Increased reach and success in blocking,https://drop-assets.ea.com/images/2Rlftzr8lqUdI29suCQVWe/43c6c36e8bd5fa26b88478d4354611a2/Block.png,playStyle,Play Style,trait1_65536,Intercept,Increased reach and possession retention in interceptions,https://drop-assets.ea.com/images/5ysv7Iw8jDHl7sp1JXqIa7/d34004fed8c95bde083dcf8257391a70/Intercept.png,playStyle,Play Style,,,,,,,,,,,,,,,,,,,,,,,,,,,,,,,0,Men's Football,27,Italy,https://drop-assets.ea.com/images/2WtjWPqYzT7xcMCbvajGZH/d06e9ec4734a0d43d88f65386cc3a484/f_27.png,48,SSC Napoli,https://drop-assets.ea.com/images/2FIV26KpnSXl3Nv8Ar6jk3/d8461aa150da3d433fccc34bc80c978f/l48.png,false,5,CB,Center Back,defense,Defense,65,0,59,0,83,0,78,0,78,0,83,0,58,0,71,0,77,0,63,0,52,0,84,0,87,0,65,0,60,0,36,0,43,0,13,0,11,0,7,0,11,0,12,0,80,0,85,0,70,0,47,0,69,0,67,0,49,0,79,0,40,0,84,0,45,0,74,0,65,0,78,0,72,0,84,0,66,0,46,0,,,,,,,,,,
212218,438,82,Aymeric,Laporte,,5/27/1994 12:00:00 AM,189,2,3,2,ROSHN Saudi League,85,https://ratings-images-prod.pulse.ea.com/FC25/full/player-portraits/p212218.png?padding=0.7,https://ratings-images-prod.pulse.ea.com/FC25/full/player-shields/en/212218.png?width=265,,trait1_16,Precision Header,Performs headers with increased accuracy and power.,https://drop-assets.ea.com/images/3ync8fbblS4zLzF3p1VXmT/7752a5103c2ebd8be5cf1819379c66f4/Precision_Header.png,playStyle,Play Style,trait1_512,Pinged Pass,Faster ground passes without affecting receiver's trapping,https://drop-assets.ea.com/images/1mXBWIBgJSpYoIa1C4r5FX/7220e78a4049530f4e9fa642b1656fa4/Pinged_Pass.png,playStyle,Play Style,trait1_1024,Long Ball Pass,"Accurate, faster Lob and Lofted Through Passes",https://drop-assets.ea.com/images/7jwRDD4zkOsqRpc821t73d/16d46d57a5dfc7dd5dd5f8de0fd26a99/Long_Ball_Pass.png,playStyle,Play Style,trait1_16384,Jockey,"Faster Sprint Jockey, better transition speed",https://drop-assets.ea.com/images/7lHjpOBSghE6Ywt1jgVv1C/21f9914d00f073d79d4b46cac71b9087/Jockey.png,playStyle,Play Style,trait1_524288,Aerial Fortress,Performs higher jumps and has physical defensive presence before and during aerial duels,https://drop-assets.ea.com/images/3rsDbUXd3MZX39YTsk6lKe/404db89f2237eeb7466668a730c52a4b/Aerial_Fortress.png,playStyle,Play Style,,,,,,,,,,,,,0,Men's Football,45,Spain,https://drop-assets.ea.com/images/Kv8okAYMsDbB3ZKbxrAXw/9d30c88d16a4c85002f35c6af412c6f7/f_45.png,112139,Al Nassr,https://drop-assets.ea.com/images/6oPkjdKPFc4aHfFp7UGXB7/262e529bd81a51c0b5f317e61b3f5985/l112139.png,false,5,CB,Center Back,defense,Defense,46,0,57,0,81,0,68,0,83,0,72,0,53,0,81,0,84,0,58,0,61,0,83,0,81,0,70,0,64,0,45,0,69,0,10,0,11,0,5,0,14,0,5,0,84,0,84,0,81,0,47,0,51,0,74,0,44,0,77,0,54,0,81,0,50,0,84,0,68,0,83,0,55,0,85,0,73,0,40,0,,,,,,,,,,
232488,439,82,Cristian,Romero,,4/27/1998 12:00:00 AM,185,3,2,1,Premier League,79,https://ratings-images-prod.pulse.ea.com/FC25/full/player-portraits/p232488.png?padding=0.7,https://ratings-images-prod.pulse.ea.com/FC25/full/player-shields/en/232488.png?width=265,,trait1_16,Precision Header,Performs headers with increased accuracy and power.,https://drop-assets.ea.com/images/3ync8fbblS4zLzF3p1VXmT/7752a5103c2ebd8be5cf1819379c66f4/Precision_Header.png,playStyle,Play Style,trait1_262144,Slide Tackle,Stops ball at feet during slide tackles,https://drop-assets.ea.com/images/7mI1lrxE0pv9iJfQFki9OA/8c1ecac325f923e049be72231c8c968a/Slide_Tackle.png,playStyle,Play Style,trait1_524288,Aerial Fortress,Performs higher jumps and has physical defensive presence before and during aerial duels,https://drop-assets.ea.com/images/3rsDbUXd3MZX39YTsk6lKe/404db89f2237eeb7466668a730c52a4b/Aerial_Fortress.png,playStyle,Play Style,trait1_268435456,Bruiser,Stronger physical tackles,https://drop-assets.ea.com/images/7euMJ2jVypFrFPQesWuGGm/14019168b12faac1584a2920d5c2d5d9/Bruiser.png,playStyle,Play Style,,,,,,,,,,,,,,,,,,,0,Men's Football,52,Argentina,https://drop-assets.ea.com/images/4xMXjEt7CFJ6JENYeG45Sk/836d733dc1642c5e4ab3338d91481436/f_52.png,18,Spurs,https://drop-assets.ea.com/images/7kUcyCh5xGrzQlcjP2Q9NH/11aba507486f44765ee5938b1b5b097e/l18.png,false,5,CB,Center Back,defense,Defense,63,0,65,0,86,0,69,0,83,0,89,0,64,0,67,0,79,0,42,0,54,0,83,0,83,0,65,0,60,0,48,0,38,0,5,0,7,0,11,0,10,0,14,0,82,0,84,0,70,0,36,0,66,0,62,0,40,0,81,0,43,0,81,0,48,0,76,0,64,0,86,0,68,0,83,0,60,0,52,0,,,,,,,,,,
270409,441,82,Sávio,Moreira de Oliveira,Savinho,4/10/2004 12:00:00 AM,176,4,2,2,Premier League,71,https://ratings-images-prod.pulse.ea.com/FC25/full/player-portraits/p270409.png?padding=0.7,https://ratings-images-prod.pulse.ea.com/FC25/full/player-shields/en/270409.png?width=265,,trait1_4096,Whipped Pass,"Accurate, faster crosses with more curve",https://drop-assets.ea.com/images/FfTP29PWrRWZjEaiCCVoa/a1b345e4ae7023ed78b1efd68d28f392/Whipped_Pass.png,playStyle,Play Style,trait1_8192,Inventive,Fancy and Trivela passes are performed with improved accuracy.,https://drop-assets.ea.com/images/4fpo31RdL5T0vrzNqcSc4x/f82209bfd51270dcc447d4313b3e61f1/Inventive.png,playStyle,Play Style,trait1_1048576,Technical,"Faster Controlled Sprint, precise wide turns while dribbling",https://drop-assets.ea.com/images/5Esx7NK4YBU44O4bo07rvb/69ca9417da7fd07905f6c6956ad93f6d/Technical.png,playStyle,Play Style,trait1_4194304,First Touch,"Reduced trapping error, faster dribbling transition",https://drop-assets.ea.com/images/3f727XsoDVLbT49oMk0HBu/2787568be8ccb2d5daa2d18fabacad97/First_Touch.png,playStyle,Play Style,,,,,,,,,,,,,,,,,,,0,Men's Football,54,Brazil,https://drop-assets.ea.com/images/1zdNn1R9tRlfQ3lsbAOecD/a606f742789b6306363383a6e20dd003/f_54.png,10,Manchester City,https://drop-assets.ea.com/images/4asmNLic4aQn6cjlEg1t5u/88bea3ddd6c1f620bbf813041f248685/l10.png,false,23,RW,Right Wing,attack,Attack,89,0,90,0,62,0,73,0,45,0,45,0,76,0,85,0,85,0,83,0,80,0,30,0,26,0,86,0,87,0,74,0,55,0,9,0,12,0,8,0,9,0,12,0,45,0,25,0,70,0,67,0,87,0,78,0,62,0,53,0,79,0,79,0,71,0,81,0,70,0,36,0,85,0,30,0,81,0,63,0,27,Left Wing,LW,12,Right Midfielder,RM,,,,
236532,442,82,Robin,Koch,,7/17/1996 12:00:00 AM,192,2,4,1,Bundesliga,85,https://ratings-images-prod.pulse.ea.com/FC25/full/player-portraits/p236532.png?padding=0.7,https://ratings-images-prod.pulse.ea.com/FC25/full/player-shields/en/236532.png?width=265,,trait1_16,Precision Header,Performs headers with increased accuracy and power.,https://drop-assets.ea.com/images/3ync8fbblS4zLzF3p1VXmT/7752a5103c2ebd8be5cf1819379c66f4/Precision_Header.png,playStyle,Play Style,trait1_524288,Aerial Fortress,Performs higher jumps and has physical defensive presence before and during aerial duels,https://drop-assets.ea.com/images/3rsDbUXd3MZX39YTsk6lKe/404db89f2237eeb7466668a730c52a4b/Aerial_Fortress.png,playStyle,Play Style,,,,,,,,,,,,,,,,,,,,,,,,,,,,,,,0,Men's Football,21,Germany,https://drop-assets.ea.com/images/6IIMMGk0Uj1rcZ6DSHTpLL/93f95b602dc62594104f418c8f80ebb3/f_21.png,1824,Frankfurt,https://drop-assets.ea.com/images/3KK76lJIZtlRnPaAgbD85V/5614e02825eb0ed03b69a9d078e40db9/l1824.png,false,5,CB,Center Back,defense,Defense,59,0,61,0,85,0,77,0,82,0,82,0,53,0,75,0,82,0,41,0,31,0,83,0,84,0,66,0,60,0,40,0,28,0,9,0,6,0,15,0,8,0,6,0,86,0,78,0,73,0,42,0,66,0,63,0,38,0,81,0,52,0,82,0,44,0,81,0,58,0,75,0,72,0,86,0,64,0,29,0,,,,,,,,,,
188335,443,82,Ante,Budimir,,7/22/1991 12:00:00 AM,190,3,4,2,LALIGA EA SPORTS,75,https://ratings-images-prod.pulse.ea.com/FC25/full/player-portraits/p188335.png?padding=0.7,https://ratings-images-prod.pulse.ea.com/FC25/full/player-shields/en/188335.png?width=265,,trait1_16,Precision Header,Performs headers with increased accuracy and power.,https://drop-assets.ea.com/images/3ync8fbblS4zLzF3p1VXmT/7752a5103c2ebd8be5cf1819379c66f4/Precision_Header.png,playStyle,Play Style,trait1_536870912,Enforcer,Performs dribble Shoulder Challenges and Shielding with increased effectiveness.,https://drop-assets.ea.com/images/2sNQz8b9dgV0hW8vl7oOvV/d7a503dbd4c73b232055b3ca06aa88eb/Enforcer.png,playStyle,Play Style,,,,,,,,,,,,,,,,,,,,,,,,,,,,,,,0,Men's Football,10,Croatia,https://drop-assets.ea.com/images/4ZYNK06L8ZkJTrdtSby4NW/eb42cc852fc74ea3d3f5b8904fb5194f/f_10.png,479,CA Osasuna,https://drop-assets.ea.com/images/5T0gPuxPGVG3BLEP9wYxLx/8be8ef52e215bc47956d1084f702409d/l479.png,false,25,ST,Striker,attack,Attack,54,0,56,0,85,0,75,0,84,0,77,0,32,0,83,0,75,0,50,0,44,0,35,0,29,0,76,0,79,0,86,0,62,0,11,0,14,0,8,0,16,0,15,0,87,0,24,0,58,0,78,0,59,0,63,0,86,0,80,0,85,0,82,0,84,0,82,0,83,0,27,0,63,0,35,0,50,0,82,0,,,,,,,,,,
192123,444,82,Chris,Wood,,12/7/1991 12:00:00 AM,191,2,3,1,Premier League,92,https://ratings-images-prod.pulse.ea.com/FC25/full/player-portraits/p192123.png?padding=0.7,https://ratings-images-prod.pulse.ea.com/FC25/full/player-shields/en/192123.png?width=265,,trait1_16,Precision Header,Performs headers with increased accuracy and power.,https://drop-assets.ea.com/images/3ync8fbblS4zLzF3p1VXmT/7752a5103c2ebd8be5cf1819379c66f4/Precision_Header.png,playStyle,Play Style,trait1_524288,Aerial Fortress,Performs higher jumps and has physical defensive presence before and during aerial duels,https://drop-assets.ea.com/images/3rsDbUXd3MZX39YTsk6lKe/404db89f2237eeb7466668a730c52a4b/Aerial_Fortress.png,playStyle,Play Style,trait1_536870912,Enforcer,Performs dribble Shoulder Challenges and Shielding with increased effectiveness.,https://drop-assets.ea.com/images/2sNQz8b9dgV0hW8vl7oOvV/d7a503dbd4c73b232055b3ca06aa88eb/Enforcer.png,playStyle,Play Style,,,,,,,,,,,,,,,,,,,,,,,,,0,Men's Football,198,New Zealand,https://drop-assets.ea.com/images/gcf9p9VNcQ6p7Su4qAfLJ/d69b819c66cad6e8799da0ba2f8ffab6/f_198.png,14,Nott'm Forest,https://drop-assets.ea.com/images/60CgBQCMt7Dtcjip9xUxg8/5fa49387c380bf4772138b215ef4fd85/l14.png,false,25,ST,Striker,attack,Attack,55,0,49,0,87,0,70,0,87,0,77,0,33,0,80,0,80,0,52,0,70,0,40,0,40,0,72,0,73,0,85,0,65,0,14,0,16,0,16,0,7,0,16,0,88,0,40,0,60,0,73,0,53,0,68,0,85,0,81,0,86,0,85,0,83,0,78,0,85,0,25,0,52,0,30,0,71,0,83,0,,,,,,,,,,
247257,445,82,Roger,Ibañez da Silva,Ibañez,11/23/1998 12:00:00 AM,185,3,2,1,ROSHN Saudi League,73,https://ratings-images-prod.pulse.ea.com/FC25/full/player-portraits/p247257.png?padding=0.7,https://ratings-images-prod.pulse.ea.com/FC25/full/player-shields/en/247257.png?width=265,,trait1_16,Precision Header,Performs headers with increased accuracy and power.,https://drop-assets.ea.com/images/3ync8fbblS4zLzF3p1VXmT/7752a5103c2ebd8be5cf1819379c66f4/Precision_Header.png,playStyle,Play Style,trait1_1024,Long Ball Pass,"Accurate, faster Lob and Lofted Through Passes",https://drop-assets.ea.com/images/7jwRDD4zkOsqRpc821t73d/16d46d57a5dfc7dd5dd5f8de0fd26a99/Long_Ball_Pass.png,playStyle,Play Style,trait1_16384,Jockey,"Faster Sprint Jockey, better transition speed",https://drop-assets.ea.com/images/7lHjpOBSghE6Ywt1jgVv1C/21f9914d00f073d79d4b46cac71b9087/Jockey.png,playStyle,Play Style,trait1_32768,Block,Increased reach and success in blocking,https://drop-assets.ea.com/images/2Rlftzr8lqUdI29suCQVWe/43c6c36e8bd5fa26b88478d4354611a2/Block.png,playStyle,Play Style,trait1_65536,Intercept,Increased reach and possession retention in interceptions,https://drop-assets.ea.com/images/5ysv7Iw8jDHl7sp1JXqIa7/d34004fed8c95bde083dcf8257391a70/Intercept.png,playStyle,Play Style,trait1_262144,Slide Tackle,Stops ball at feet during slide tackles,https://drop-assets.ea.com/images/7mI1lrxE0pv9iJfQFki9OA/8c1ecac325f923e049be72231c8c968a/Slide_Tackle.png,playStyle,Play Style,trait1_524288,Aerial Fortress,Performs higher jumps and has physical defensive presence before and during aerial duels,https://drop-assets.ea.com/images/3rsDbUXd3MZX39YTsk6lKe/404db89f2237eeb7466668a730c52a4b/Aerial_Fortress.png,playStyle,Play Style,0,Men's Football,54,Brazil,https://drop-assets.ea.com/images/1zdNn1R9tRlfQ3lsbAOecD/a606f742789b6306363383a6e20dd003/f_54.png,112387,Al Ahli,https://drop-assets.ea.com/images/3lVk0osL7o6YMhHuK4YYD6/5e106847b59ce2a4f0bfb55988d812c3/l112387.png,false,5,CB,Center Back,defense,Defense,87,0,69,0,95,0,85,0,84,0,84,0,62,0,76,0,74,0,34,0,32,0,83,0,80,0,61,0,45,0,27,0,35,0,12,0,7,0,10,0,6,0,12,0,81,0,85,0,45,0,25,0,87,0,47,0,46,0,85,0,32,0,79,0,32,0,66,0,45,0,86,0,87,0,83,0,34,0,29,0,,,,,,,,,,
237086,447,82,Min Jae,Kim,Kim Min Jae,11/15/1996 12:00:00 AM,190,2,3,1,Bundesliga,81,https://ratings-images-prod.pulse.ea.com/FC25/full/player-portraits/p237086.png?padding=0.7,https://ratings-images-prod.pulse.ea.com/FC25/full/player-shields/en/237086.png?width=265,,trait1_1024,Long Ball Pass,"Accurate, faster Lob and Lofted Through Passes",https://drop-assets.ea.com/images/7jwRDD4zkOsqRpc821t73d/16d46d57a5dfc7dd5dd5f8de0fd26a99/Long_Ball_Pass.png,playStyle,Play Style,trait1_32768,Block,Increased reach and success in blocking,https://drop-assets.ea.com/images/2Rlftzr8lqUdI29suCQVWe/43c6c36e8bd5fa26b88478d4354611a2/Block.png,playStyle,Play Style,trait1_65536,Intercept,Increased reach and possession retention in interceptions,https://drop-assets.ea.com/images/5ysv7Iw8jDHl7sp1JXqIa7/d34004fed8c95bde083dcf8257391a70/Intercept.png,playStyle,Play Style,trait1_262144,Slide Tackle,Stops ball at feet during slide tackles,https://drop-assets.ea.com/images/7mI1lrxE0pv9iJfQFki9OA/8c1ecac325f923e049be72231c8c968a/Slide_Tackle.png,playStyle,Play Style,trait1_524288,Aerial Fortress,Performs higher jumps and has physical defensive presence before and during aerial duels,https://drop-assets.ea.com/images/3rsDbUXd3MZX39YTsk6lKe/404db89f2237eeb7466668a730c52a4b/Aerial_Fortress.png,playStyle,Play Style,,,,,,,,,,,,,0,Men's Football,167,Korea Republic,https://drop-assets.ea.com/images/1dVkB8X9Wb0vnMLflqc8EP/c44c481c48f80fa33f1056628596b957/f_167.png,21,FC Bayern München,https://drop-assets.ea.com/images/3p0dv1pGWIH6lGAKZssZKH/4f70d2c5a3c147f3e006c863e85e4993/l21.png,false,5,CB,Center Back,defense,Defense,73,0,65,0,82,0,79,0,85,0,86,0,65,0,67,0,66,0,35,0,36,0,83,0,80,0,63,0,57,0,23,0,23,0,13,0,7,0,11,0,14,0,11,0,80,0,88,0,64,0,37,0,73,0,58,0,30,0,84,0,48,0,81,0,33,0,76,0,51,0,81,0,73,0,84,0,57,0,24,0,,,,,,,,,,
210413,448,82,Alessio,Romagnoli,,1/12/1995 12:00:00 AM,185,2,3,2,Serie A Enilive,75,https://ratings-images-prod.pulse.ea.com/FC25/full/player-portraits/p210413.png?padding=0.7,https://ratings-images-prod.pulse.ea.com/FC25/full/player-shields/en/210413.png?width=265,,trait1_131072,Anticipate,"Improved standing tackle success, possibility of stopping ball at feet",https://drop-assets.ea.com/images/4xPnUcL7thizFB7qmhlwUR/1ade7a0f77d5e875c2db869964540a35/Anticipate.png,playStyle,Play Style,trait1_524288,Aerial Fortress,Performs higher jumps and has physical defensive presence before and during aerial duels,https://drop-assets.ea.com/images/3rsDbUXd3MZX39YTsk6lKe/404db89f2237eeb7466668a730c52a4b/Aerial_Fortress.png,playStyle,Play Style,trait1_268435456,Bruiser,Stronger physical tackles,https://drop-assets.ea.com/images/7euMJ2jVypFrFPQesWuGGm/14019168b12faac1584a2920d5c2d5d9/Bruiser.png,playStyle,Play Style,,,,,,,,,,,,,,,,,,,,,,,,,0,Men's Football,27,Italy,https://drop-assets.ea.com/images/2WtjWPqYzT7xcMCbvajGZH/d06e9ec4734a0d43d88f65386cc3a484/f_27.png,115841,Latium,https://drop-assets.ea.com/images/APtVhL3q3cFDG9pkum0Q4/cbfe542e327cc69c0890b8b5a189fad7/l115841.png,false,5,CB,Center Back,defense,Defense,65,0,52,0,84,0,77,0,80,0,82,0,59,0,73,0,77,0,36,0,35,0,84,0,84,0,69,0,68,0,30,0,24,0,9,0,14,0,12,0,8,0,9,0,81,0,84,0,70,0,46,0,64,0,55,0,34,0,80,0,31,0,82,0,40,0,73,0,63,0,83,0,64,0,85,0,45,0,28,0,,,,,,,,,,
251809,449,82,Sven,Botman,,1/12/2000 12:00:00 AM,193,2,3,2,Premier League,81,https://ratings-images-prod.pulse.ea.com/FC25/full/player-portraits/p251809.png?padding=0.7,https://ratings-images-prod.pulse.ea.com/FC25/full/player-shields/en/251809.png?width=265,,trait1_1024,Long Ball Pass,"Accurate, faster Lob and Lofted Through Passes",https://drop-assets.ea.com/images/7jwRDD4zkOsqRpc821t73d/16d46d57a5dfc7dd5dd5f8de0fd26a99/Long_Ball_Pass.png,playStyle,Play Style,trait1_16384,Jockey,"Faster Sprint Jockey, better transition speed",https://drop-assets.ea.com/images/7lHjpOBSghE6Ywt1jgVv1C/21f9914d00f073d79d4b46cac71b9087/Jockey.png,playStyle,Play Style,trait1_268435456,Bruiser,Stronger physical tackles,https://drop-assets.ea.com/images/7euMJ2jVypFrFPQesWuGGm/14019168b12faac1584a2920d5c2d5d9/Bruiser.png,playStyle,Play Style,,,,,,,,,,,,,,,,,,,,,,,,,0,Men's Football,34,Holland,https://drop-assets.ea.com/images/7LmdSUm2Ge4fzqcz0NElvq/d272142c80713dcf0e5ec0a47232aeee/f_34.png,13,Newcastle Utd,https://drop-assets.ea.com/images/69fXoaX4p9zFwKaZYoNtNX/14d86649a9b5a3f7e876cc3d46357b5d/l13.png,false,5,CB,Center Back,defense,Defense,48,0,50,0,82,0,66,0,89,0,84,0,34,0,74,0,76,0,43,0,46,0,83,0,84,0,65,0,63,0,24,0,28,0,12,0,9,0,8,0,6,0,14,0,81,0,82,0,75,0,37,0,56,0,62,0,37,0,82,0,45,0,80,0,37,0,77,0,65,0,82,0,63,0,83,0,59,0,27,0,,,,,,,,,,
247246,450,81,Khéphren,Thuram,,3/26/2001 12:00:00 AM,192,3,3,1,Serie A Enilive,80,https://ratings-images-prod.pulse.ea.com/FC25/full/player-portraits/p247246.png?padding=0.7,https://ratings-images-prod.pulse.ea.com/FC25/full/player-shields/en/247246.png?width=265,,trait1_512,Pinged Pass,Faster ground passes without affecting receiver's trapping,https://drop-assets.ea.com/images/1mXBWIBgJSpYoIa1C4r5FX/7220e78a4049530f4e9fa642b1656fa4/Pinged_Pass.png,playStyle,Play Style,trait1_16777216,Press Proven,"Close control at jog speed, shields ball more effectively",https://drop-assets.ea.com/images/5rUHwyLJRnvGV53Ba4Pj6M/9a3238695ae8103667ba02af391ac209/Press_Proven.png,playStyle,Play Style,trait1_67108864,Relentless,"Increased half time fatigue recovery, longer teammate contain and press",https://drop-assets.ea.com/images/2vVuRxgvPNaAuFGqZZ9nDY/3e2505addd5a6b353becdeaf7173d187/Relentless.png,playStyle,Play Style,,,,,,,,,,,,,,,,,,,,,,,,,0,Men's Football,18,France,https://drop-assets.ea.com/images/3ECAQzhfgSLWRf9IIHB6G8/7e235a7b2f93c1f73db7f89dc03b3657/f_18.png,45,Juventus,https://drop-assets.ea.com/images/6zWQmPATtK8lpsiXbKb3mY/6b2d1dab08ef14f63271a5cd70a0db0d/l45.png,true,14,CM,Center Midfielder,midfielder,Midfielder,76,0,75,0,87,0,81,0,79,0,84,0,65,0,83,0,82,0,72,0,72,0,81,0,80,0,80,0,81,0,77,0,56,0,7,0,9,0,14,0,11,0,9,0,76,0,81,0,80,0,75,0,78,0,77,0,60,0,81,0,78,0,79,0,76,0,83,0,79,0,75,0,80,0,84,0,78,0,65,0,10,Center Defensive Midfielder,CDM,,,,,,,
238216,451,81,Conor,Gallagher,,2/6/2000 12:00:00 AM,182,3,4,1,LALIGA EA SPORTS,77,https://ratings-images-prod.pulse.ea.com/FC25/full/player-portraits/p238216.png?padding=0.7,https://ratings-images-prod.pulse.ea.com/FC25/full/player-shields/en/238216.png?width=265,,trait1_32768,Block,Increased reach and success in blocking,https://drop-assets.ea.com/images/2Rlftzr8lqUdI29suCQVWe/43c6c36e8bd5fa26b88478d4354611a2/Block.png,playStyle,Play Style,trait1_65536,Intercept,Increased reach and possession retention in interceptions,https://drop-assets.ea.com/images/5ysv7Iw8jDHl7sp1JXqIa7/d34004fed8c95bde083dcf8257391a70/Intercept.png,playStyle,Play Style,trait1_67108864,Relentless,"Increased half time fatigue recovery, longer teammate contain and press",https://drop-assets.ea.com/images/2vVuRxgvPNaAuFGqZZ9nDY/3e2505addd5a6b353becdeaf7173d187/Relentless.png,playStyle,Play Style,,,,,,,,,,,,,,,,,,,,,,,,,0,Men's Football,14,England,https://drop-assets.ea.com/images/6ZM1OFXGUFeV0ZaYVKj2z/ae88ef17f8cb179fbc1c463f7e1e4bd8/f_14.png,240,Atlético de Madrid,https://drop-assets.ea.com/images/vYcueolPvaGx8blMqhPZ5/5dc3479fc8b85d475fd980c53fc2056f/l240.png,false,14,CM,Center Midfielder,midfielder,Midfielder,72,0,73,0,79,0,93,0,78,0,87,0,72,0,80,0,81,0,75,0,73,0,79,0,79,0,78,0,78,0,74,0,73,0,7,0,6,0,15,0,9,0,9,0,66,0,80,0,81,0,77,0,75,0,80,0,63,0,84,0,82,0,82,0,76,0,83,0,81,0,79,0,77,0,81,0,80,0,70,0,18,Center Attacking Midfielder,CAM,16,Left Midfielder,LM,,,,
238074,452,81,Reece,James,,12/8/1999 12:00:00 AM,180,3,4,1,Premier League,91,https://ratings-images-prod.pulse.ea.com/FC25/full/player-portraits/p238074.png?padding=0.7,https://ratings-images-prod.pulse.ea.com/FC25/full/player-shields/en/238074.png?width=265,,trait1_4096,Whipped Pass,"Accurate, faster crosses with more curve",https://drop-assets.ea.com/images/FfTP29PWrRWZjEaiCCVoa/a1b345e4ae7023ed78b1efd68d28f392/Whipped_Pass.png,playStyle,Play Style,trait1_16384,Jockey,"Faster Sprint Jockey, better transition speed",https://drop-assets.ea.com/images/7lHjpOBSghE6Ywt1jgVv1C/21f9914d00f073d79d4b46cac71b9087/Jockey.png,playStyle,Play Style,trait1_268435456,Bruiser,Stronger physical tackles,https://drop-assets.ea.com/images/7euMJ2jVypFrFPQesWuGGm/14019168b12faac1584a2920d5c2d5d9/Bruiser.png,playStyle,Play Style,,,,,,,,,,,,,,,,,,,,,,,,,0,Men's Football,14,England,https://drop-assets.ea.com/images/6ZM1OFXGUFeV0ZaYVKj2z/ae88ef17f8cb179fbc1c463f7e1e4bd8/f_14.png,5,Chelsea,https://drop-assets.ea.com/images/6T0vfhzb3y9R6YVtmVwYcD/b99723a87536e30979c7cbdb8bba9310/l5.png,false,3,RB,Right Back,defense,Defense,75,0,66,0,87,0,67,0,86,0,83,0,71,0,79,0,82,0,88,0,83,0,81,0,82,0,77,0,78,0,67,0,81,0,8,0,12,0,7,0,13,0,11,0,75,0,80,0,80,0,70,0,76,0,82,0,65,0,81,0,74,0,80,0,71,0,81,0,85,0,80,0,76,0,82,0,78,0,67,0,,,,,,,,,,
208574,454,81,Filip,Kostić,,11/1/1992 12:00:00 AM,184,3,2,2,Serie A Enilive,84,https://ratings-images-prod.pulse.ea.com/FC25/full/player-portraits/p208574.png?padding=0.7,https://ratings-images-prod.pulse.ea.com/FC25/full/player-shields/en/208574.png?width=265,,trait1_4096,Whipped Pass,"Accurate, faster crosses with more curve",https://drop-assets.ea.com/images/FfTP29PWrRWZjEaiCCVoa/a1b345e4ae7023ed78b1efd68d28f392/Whipped_Pass.png,playStyle,Play Style,trait1_2097152,Rapid,"Higher sprint speed while dribbling, reduced error on knock-ons",https://drop-assets.ea.com/images/1aGsvwKyIFlRG1eoJSS0Ot/a4d3d661ff962795a632fe86439d2146/Rapid.png,playStyle,Play Style,,,,,,,,,,,,,,,,,,,,,,,,,,,,,,,0,Men's Football,51,Serbia,https://drop-assets.ea.com/images/2GKu0zRZkrHdnQe5yZ5cSP/3ef9ea7c2fdd64aba769e1308bf133f0/f_51.png,45,Juventus,https://drop-assets.ea.com/images/6zWQmPATtK8lpsiXbKb3mY/6b2d1dab08ef14f63271a5cd70a0db0d/l45.png,true,16,LM,Left Midfielder,midfielder,Midfielder,79,0,76,0,78,0,78,0,77,0,76,0,78,0,81,0,82,0,87,0,85,0,70,0,70,0,80,0,81,0,71,0,80,0,13,0,14,0,12,0,12,0,13,0,59,0,69,0,79,0,78,0,82,0,81,0,66,0,77,0,78,0,77,0,76,0,80,0,85,0,72,0,84,0,74,0,78,0,75,0,7,Left Back,LB,27,Left Wing,LW,,,,
202648,456,81,Sergi,Darder Moll,Sergi Darder,12/22/1993 12:00:00 AM,180,3,3,1,LALIGA EA SPORTS,71,https://ratings-images-prod.pulse.ea.com/FC25/full/player-portraits/p202648.png?padding=0.7,https://ratings-images-prod.pulse.ea.com/FC25/full/player-shields/en/202648.png?width=265,,trait1_4,Power Shot,Faster power shots with increased speed,https://drop-assets.ea.com/images/3ohVoKWSsvT44qgjabWqfV/e536ef26ad854c3c4cbf63ed7954b9cd/Power_Shot.png,playStyle,Play Style,trait1_8,Dead Ball,"Faster, accurate set pieces with longer trajectory preview",https://drop-assets.ea.com/images/1razu2wcM3XA82VvB7NyUm/eec6b07080e49d6bf2d7a7951a22375f/Dead_Ball.png,playStyle,Play Style,trait1_256,Incisive Pass,"Accurate through passes, curvier swerve passes, faster precision passes",https://drop-assets.ea.com/images/2K5BYfVYRnrdjt8F3hwI04/62f147b6a436c107bfa3d042c1d5728d/Incisive_Pass.png,playStyle,Play Style,trait1_512,Pinged Pass,Faster ground passes without affecting receiver's trapping,https://drop-assets.ea.com/images/1mXBWIBgJSpYoIa1C4r5FX/7220e78a4049530f4e9fa642b1656fa4/Pinged_Pass.png,playStyle,Play Style,trait1_1024,Long Ball Pass,"Accurate, faster Lob and Lofted Through Passes",https://drop-assets.ea.com/images/7jwRDD4zkOsqRpc821t73d/16d46d57a5dfc7dd5dd5f8de0fd26a99/Long_Ball_Pass.png,playStyle,Play Style,trait1_8192,Inventive,Fancy and Trivela passes are performed with improved accuracy.,https://drop-assets.ea.com/images/4fpo31RdL5T0vrzNqcSc4x/f82209bfd51270dcc447d4313b3e61f1/Inventive.png,playStyle,Play Style,trait1_16777216,Press Proven,"Close control at jog speed, shields ball more effectively",https://drop-assets.ea.com/images/5rUHwyLJRnvGV53Ba4Pj6M/9a3238695ae8103667ba02af391ac209/Press_Proven.png,playStyle,Play Style,0,Men's Football,45,Spain,https://drop-assets.ea.com/images/Kv8okAYMsDbB3ZKbxrAXw/9d30c88d16a4c85002f35c6af412c6f7/f_45.png,453,RCD Mallorca,https://drop-assets.ea.com/images/3M8ak3PmmUDRXsH9mryxH9/54d5da4b609ccf51bd0564abad99cc0e/l453.png,false,16,LM,Left Midfielder,midfielder,Midfielder,78,0,79,0,78,0,82,0,75,0,74,0,76,0,80,0,84,0,74,0,81,0,73,0,74,0,80,0,81,0,75,0,72,0,8,0,9,0,9,0,8,0,12,0,60,0,74,0,82,0,75,0,77,0,81,0,60,0,77,0,78,0,79,0,76,0,84,0,81,0,74,0,77,0,76,0,83,0,74,0,14,Center Midfielder,CM,10,Center Defensive Midfielder,CDM,27,Left Wing,LW,
210881,457,81,John,McGinn,,10/18/1994 12:00:00 AM,178,3,2,2,Premier League,68,https://ratings-images-prod.pulse.ea.com/FC25/full/player-portraits/p210881.png?padding=0.7,https://ratings-images-prod.pulse.ea.com/FC25/full/player-shields/en/210881.png?width=265,,trait1_16777216,Press Proven,"Close control at jog speed, shields ball more effectively",https://drop-assets.ea.com/images/5rUHwyLJRnvGV53Ba4Pj6M/9a3238695ae8103667ba02af391ac209/Press_Proven.png,playStyle,Play Style,trait1_67108864,Relentless,"Increased half time fatigue recovery, longer teammate contain and press",https://drop-assets.ea.com/images/2vVuRxgvPNaAuFGqZZ9nDY/3e2505addd5a6b353becdeaf7173d187/Relentless.png,playStyle,Play Style,trait1_536870912,Enforcer,Performs dribble Shoulder Challenges and Shielding with increased effectiveness.,https://drop-assets.ea.com/images/2sNQz8b9dgV0hW8vl7oOvV/d7a503dbd4c73b232055b3ca06aa88eb/Enforcer.png,playStyle,Play Style,,,,,,,,,,,,,,,,,,,,,,,,,0,Men's Football,42,Scotland,https://drop-assets.ea.com/images/3LfmKqyBykOGZyfdSpENTr/ec3733dfa9526c8f6da96bf0f8c7448e/f_42.png,2,Aston Villa,https://drop-assets.ea.com/images/57c0ppYsEA88xL0gxqce8K/99605df97c6a96ea3b6e8a424c217af0/l2.png,false,16,LM,Left Midfielder,midfielder,Midfielder,69,0,77,0,74,0,92,0,79,0,86,0,85,0,80,0,77,0,76,0,76,0,77,0,79,0,80,0,81,0,76,0,61,0,9,0,13,0,12,0,10,0,12,0,57,0,79,0,80,0,77,0,69,0,78,0,55,0,83,0,77,0,81,0,77,0,81,0,84,0,75,0,69,0,82,0,79,0,75,0,12,Right Midfielder,RM,18,Center Attacking Midfielder,CAM,7,Left Back,LB,
239807,459,81,Davide,Frattesi,,9/22/1999 12:00:00 AM,178,3,4,1,Serie A Enilive,74,https://ratings-images-prod.pulse.ea.com/FC25/full/player-portraits/p239807.png?padding=0.7,https://ratings-images-prod.pulse.ea.com/FC25/full/player-shields/en/239807.png?width=265,,trait1_1048576,Technical,"Faster Controlled Sprint, precise wide turns while dribbling",https://drop-assets.ea.com/images/5Esx7NK4YBU44O4bo07rvb/69ca9417da7fd07905f6c6956ad93f6d/Technical.png,playStyle,Play Style,,,,,,,,,,,,,,,,,,,,,,,,,,,,,,,,,,,,,0,Men's Football,27,Italy,https://drop-assets.ea.com/images/2WtjWPqYzT7xcMCbvajGZH/d06e9ec4734a0d43d88f65386cc3a484/f_27.png,131682,Lombardia FC,https://drop-assets.ea.com/images/1thPMvXN97JgFvt6ASWr4c/d2ca0a691a98c344305bc0975ab70314/l131682.png,false,14,CM,Center Midfielder,midfielder,Midfielder,84,0,78,0,81,0,80,0,64,0,79,0,75,0,83,0,81,0,67,0,71,0,73,0,70,0,82,0,82,0,79,0,65,0,5,0,10,0,8,0,11,0,10,0,71,0,74,0,79,0,74,0,82,0,78,0,64,0,72,0,85,0,83,0,77,0,84,0,76,0,72,0,80,0,77,0,83,0,71,0,,,,,,,,,,
235840,461,81,Michele,Di Gregorio,,7/27/1997 12:00:00 AM,187,1,3,1,Serie A Enilive,82,https://ratings-images-prod.pulse.ea.com/FC25/full/player-portraits/p235840.png?padding=0.7,https://ratings-images-prod.pulse.ea.com/FC25/full/player-shields/en/235840.png?width=250,,trait2_2,Footwork,"Exclusive foot saves, better performance on low shots",https://drop-assets.ea.com/images/1s2muXoHUmP1T0vGYKXSl1/6d265b13804069371f16a58788703a33/Footwork.png,playStyle,Play Style,,,,,,,,,,,,,,,,,,,,,,,,,,,,,,,,,,,,,0,Men's Football,27,Italy,https://drop-assets.ea.com/images/2WtjWPqYzT7xcMCbvajGZH/d06e9ec4734a0d43d88f65386cc3a484/f_27.png,45,Juventus,https://drop-assets.ea.com/images/6zWQmPATtK8lpsiXbKb3mY/6b2d1dab08ef14f63271a5cd70a0db0d/l45.png,true,0,GK,Goalkeeper,defense,Defense,55,0,55,0,69,0,36,0,68,0,26,0,55,0,35,0,56,0,13,0,17,0,56,0,21,0,85,0,30,0,9,0,14,0,82,0,78,0,79,0,83,0,85,0,11,0,15,0,50,0,18,0,82,0,79,0,17,0,83,0,9,0,69,0,78,0,50,0,59,0,12,0,57,0,16,0,65,0,11,0,,,,,,,,,,
258648,463,81,Carlos Augusto,Zopolato Neves,Carlos Augusto,1/7/1999 12:00:00 AM,184,3,2,2,Serie A Enilive,75,https://ratings-images-prod.pulse.ea.com/FC25/full/player-portraits/p258648.png?padding=0.7,https://ratings-images-prod.pulse.ea.com/FC25/full/player-shields/en/258648.png?width=265,,trait1_524288,Aerial Fortress,Performs higher jumps and has physical defensive presence before and during aerial duels,https://drop-assets.ea.com/images/3rsDbUXd3MZX39YTsk6lKe/404db89f2237eeb7466668a730c52a4b/Aerial_Fortress.png,playStyle,Play Style,trait1_67108864,Relentless,"Increased half time fatigue recovery, longer teammate contain and press",https://drop-assets.ea.com/images/2vVuRxgvPNaAuFGqZZ9nDY/3e2505addd5a6b353becdeaf7173d187/Relentless.png,playStyle,Play Style,,,,,,,,,,,,,,,,,,,,,,,,,,,,,,,0,Men's Football,54,Brazil,https://drop-assets.ea.com/images/1zdNn1R9tRlfQ3lsbAOecD/a606f742789b6306363383a6e20dd003/f_54.png,131682,Lombardia FC,https://drop-assets.ea.com/images/1thPMvXN97JgFvt6ASWr4c/d2ca0a691a98c344305bc0975ab70314/l131682.png,false,7,LB,Left Back,defense,Defense,79,0,79,0,85,0,80,0,72,0,80,0,72,0,80,0,78,0,79,0,77,0,79,0,79,0,79,0,80,0,68,0,74,0,11,0,12,0,5,0,12,0,13,0,76,0,79,0,74,0,77,0,78,0,77,0,52,0,76,0,79,0,81,0,72,0,78,0,79,0,79,0,78,0,80,0,76,0,73,0,5,Center Back,CB,16,Left Midfielder,LM,,,,
261865,464,81,Miguel,Gutiérrez Ortega,Miguel Gutiérrez,7/27/2001 12:00:00 AM,180,2,3,2,Serie A Enilive,73,https://ratings-images-prod.pulse.ea.com/FC25/full/player-portraits/p261865.png?padding=0.7,https://ratings-images-prod.pulse.ea.com/FC25/full/player-shields/en/261865.png?width=265,,trait1_64,Low Driven Shot,"Enhances a player's ability to execute low driven shots with increased accuracy, faster ball travel, and quicker shot execution.",https://drop-assets.ea.com/images/1NfyWsEpQ7s9bhWWt92lbn/5b5dbeb0e55c2e9241cdc26c70ee2d2c/Low_Driven_Shot.png,playStyle,Play Style,,,,,,,,,,,,,,,,,,,,,,,,,,,,,,,,,,,,,0,Men's Football,45,Spain,https://drop-assets.ea.com/images/Kv8okAYMsDbB3ZKbxrAXw/9d30c88d16a4c85002f35c6af412c6f7/f_45.png,48,SSC Napoli,https://drop-assets.ea.com/images/2FIV26KpnSXl3Nv8Ar6jk3/d8461aa150da3d433fccc34bc80c978f/l48.png,false,7,LB,Left Back,defense,Defense,82,0,82,0,78,0,85,0,66,0,73,0,75,0,82,0,75,0,84,0,83,0,76,0,76,0,81,0,81,0,72,0,45,0,14,0,10,0,8,0,6,0,10,0,68,0,77,0,76,0,66,0,81,0,79,0,62,0,73,0,81,0,80,0,71,0,82,0,76,0,76,0,80,0,78,0,80,0,60,0,16,Left Midfielder,LM,,,,,,,
228618,465,81,Ferland,Mendy,,6/8/1995 12:00:00 AM,180,4,5,2,LALIGA EA SPORTS,73,https://ratings-images-prod.pulse.ea.com/FC25/full/player-portraits/p228618.png?padding=0.7,https://ratings-images-prod.pulse.ea.com/FC25/full/player-shields/en/228618.png?width=265,,trait1_32768,Block,Increased reach and success in blocking,https://drop-assets.ea.com/images/2Rlftzr8lqUdI29suCQVWe/43c6c36e8bd5fa26b88478d4354611a2/Block.png,playStyle,Play Style,trait1_2097152,Rapid,"Higher sprint speed while dribbling, reduced error on knock-ons",https://drop-assets.ea.com/images/1aGsvwKyIFlRG1eoJSS0Ot/a4d3d661ff962795a632fe86439d2146/Rapid.png,playStyle,Play Style,,,,,,,,,,,,,,,,,,,,,,,,,,,,,,,0,Men's Football,18,France,https://drop-assets.ea.com/images/3ECAQzhfgSLWRf9IIHB6G8/7e235a7b2f93c1f73db7f89dc03b3657/f_18.png,243,Real Madrid,https://drop-assets.ea.com/images/Pk8nYrWuRt895RlhJx8jI/445d98b711f413a3a1e70c41b19b0f95/l243.png,true,7,LB,Left Back,defense,Defense,84,0,78,0,87,0,85,0,84,0,80,0,79,0,74,0,76,0,74,0,72,0,78,0,76,0,75,0,74,0,63,0,45,0,7,0,16,0,9,0,10,0,9,0,70,0,79,0,75,0,64,0,85,0,74,0,49,0,84,0,76,0,80,0,64,0,77,0,69,0,79,0,85,0,80,0,74,0,50,0,16,Left Midfielder,LM,,,,,,,
240679,466,81,Teun,Koopmeiners,,2/28/1998 12:00:00 AM,183,3,2,2,Serie A Enilive,77,https://ratings-images-prod.pulse.ea.com/FC25/full/player-portraits/p240679.png?padding=0.7,https://ratings-images-prod.pulse.ea.com/FC25/full/player-shields/en/240679.png?width=265,,trait1_8,Dead Ball,"Faster, accurate set pieces with longer trajectory preview",https://drop-assets.ea.com/images/1razu2wcM3XA82VvB7NyUm/eec6b07080e49d6bf2d7a7951a22375f/Dead_Ball.png,playStyle,Play Style,,,,,,,,,,,,,,,,,,,,,,,,,,,,,,,,,,,,,0,Men's Football,34,Holland,https://drop-assets.ea.com/images/7LmdSUm2Ge4fzqcz0NElvq/d272142c80713dcf0e5ec0a47232aeee/f_34.png,45,Juventus,https://drop-assets.ea.com/images/6zWQmPATtK8lpsiXbKb3mY/6b2d1dab08ef14f63271a5cd70a0db0d/l45.png,true,18,CAM,Center Attacking Midfielder,midfielder,Midfielder,71,0,69,0,79,0,83,0,71,0,72,0,69,0,83,0,81,0,79,0,74,0,75,0,76,0,78,0,76,0,76,0,80,0,14,0,8,0,14,0,12,0,10,0,72,0,78,0,84,0,84,0,70,0,83,0,85,0,75,0,80,0,82,0,79,0,85,0,82,0,72,0,70,0,74,0,84,0,72,0,14,Center Midfielder,CM,,,,,,,
181458,469,81,Ivan,Perišić,,2/2/1989 12:00:00 AM,186,4,5,1,Eredivisie,80,https://ratings-images-prod.pulse.ea.com/FC25/full/player-portraits/p181458.png?padding=0.7,https://ratings-images-prod.pulse.ea.com/FC25/full/player-shields/en/181458.png?width=265,,trait1_8,Dead Ball,"Faster, accurate set pieces with longer trajectory preview",https://drop-assets.ea.com/images/1razu2wcM3XA82VvB7NyUm/eec6b07080e49d6bf2d7a7951a22375f/Dead_Ball.png,playStyle,Play Style,trait1_128,Gamechanger,Fancy and Trivela shots are performed with improved accuracy.,https://drop-assets.ea.com/images/2v8I0GQrtREaEJzJcyStKe/e46d719e4e5ed88ac5a1f671c7448f4a/Gamechanger.png,playStyle,Play Style,trait1_4096,Whipped Pass,"Accurate, faster crosses with more curve",https://drop-assets.ea.com/images/FfTP29PWrRWZjEaiCCVoa/a1b345e4ae7023ed78b1efd68d28f392/Whipped_Pass.png,playStyle,Play Style,trait1_8192,Inventive,Fancy and Trivela passes are performed with improved accuracy.,https://drop-assets.ea.com/images/4fpo31RdL5T0vrzNqcSc4x/f82209bfd51270dcc447d4313b3e61f1/Inventive.png,playStyle,Play Style,,,,,,,,,,,,,,,,,,,0,Men's Football,10,Croatia,https://drop-assets.ea.com/images/4ZYNK06L8ZkJTrdtSby4NW/eb42cc852fc74ea3d3f5b8904fb5194f/f_10.png,,,,,23,RW,Right Wing,attack,Attack,74,0,73,0,84,0,76,0,75,0,69,0,70,0,83,0,84,0,84,0,82,0,69,0,68,0,79,0,78,0,78,0,75,0,6,0,7,0,10,0,9,0,6,0,77,0,69,0,77,0,79,0,75,0,81,0,77,0,75,0,84,0,80,0,80,0,82,0,85,0,65,0,76,0,69,0,79,0,85,0,27,Left Wing,LW,12,Right Midfielder,RM,,,,
234060,471,81,Yangel,Herrera,,1/7/1998 12:00:00 AM,184,3,3,1,LALIGA EA SPORTS,78,https://ratings-images-prod.pulse.ea.com/FC25/full/player-portraits/p234060.png?padding=0.7,https://ratings-images-prod.pulse.ea.com/FC25/full/player-shields/en/234060.png?width=265,,trait1_16,Precision Header,Performs headers with increased accuracy and power.,https://drop-assets.ea.com/images/3ync8fbblS4zLzF3p1VXmT/7752a5103c2ebd8be5cf1819379c66f4/Precision_Header.png,playStyle,Play Style,trait1_256,Incisive Pass,"Accurate through passes, curvier swerve passes, faster precision passes",https://drop-assets.ea.com/images/2K5BYfVYRnrdjt8F3hwI04/62f147b6a436c107bfa3d042c1d5728d/Incisive_Pass.png,playStyle,Play Style,trait1_524288,Aerial Fortress,Performs higher jumps and has physical defensive presence before and during aerial duels,https://drop-assets.ea.com/images/3rsDbUXd3MZX39YTsk6lKe/404db89f2237eeb7466668a730c52a4b/Aerial_Fortress.png,playStyle,Play Style,,,,,,,,,,,,,,,,,,,,,,,,,0,Men's Football,61,Venezuela,https://drop-assets.ea.com/images/1KXj3pySTA9J9K8w7167Qm/5b02c072a8dfb553cf7953a209998b03/f_61.png,457,Real Sociedad,https://drop-assets.ea.com/images/2ohvULVVtNoXptjhNS2dLq/08d0f2d7ecfd9e0f43ce837a4e73d139/l457.png,false,14,CM,Center Midfielder,midfielder,Midfielder,66,0,71,0,86,0,79,0,81,0,81,0,69,0,82,0,74,0,67,0,65,0,80,0,80,0,79,0,81,0,75,0,56,0,6,0,7,0,9,0,14,0,8,0,81,0,80,0,81,0,79,0,65,0,77,0,60,0,81,0,79,0,80,0,76,0,83,0,82,0,80,0,65,0,81,0,81,0,60,0,10,Center Defensive Midfielder,CDM,18,Center Attacking Midfielder,CAM,,,,
272500,472,81,Carlos,Baleba,,1/3/2004 12:00:00 AM,183,3,3,2,Premier League,77,https://ratings-images-prod.pulse.ea.com/FC25/full/player-portraits/p272500.png?padding=0.7,https://ratings-images-prod.pulse.ea.com/FC25/full/player-shields/en/272500.png?width=265,,trait1_4,Power Shot,Faster power shots with increased speed,https://drop-assets.ea.com/images/3ohVoKWSsvT44qgjabWqfV/e536ef26ad854c3c4cbf63ed7954b9cd/Power_Shot.png,playStyle,Play Style,trait1_524288,Aerial Fortress,Performs higher jumps and has physical defensive presence before and during aerial duels,https://drop-assets.ea.com/images/3rsDbUXd3MZX39YTsk6lKe/404db89f2237eeb7466668a730c52a4b/Aerial_Fortress.png,playStyle,Play Style,trait1_1048576,Technical,"Faster Controlled Sprint, precise wide turns while dribbling",https://drop-assets.ea.com/images/5Esx7NK4YBU44O4bo07rvb/69ca9417da7fd07905f6c6956ad93f6d/Technical.png,playStyle,Play Style,,,,,,,,,,,,,,,,,,,,,,,,,0,Men's Football,103,Cameroon,https://drop-assets.ea.com/images/1X9lne9BeFIWKbnondoRf3/d4a22aaa4909432d273d31dac141f250/f_103.png,1808,Brighton,https://drop-assets.ea.com/images/1mFLMjuFkxQjbRaTLKZ8Gm/277b9eb6d29d37064d1d82063b06f681/l1808.png,false,10,CDM,Center Defensive Midfielder,midfielder,Midfielder,75,0,75,0,80,0,81,0,79,0,78,0,77,0,80,0,80,0,65,0,75,0,79,0,76,0,80,0,82,0,63,0,50,0,11,0,6,0,8,0,14,0,13,0,67,0,83,0,80,0,75,0,74,0,75,0,50,0,79,0,67,0,80,0,70,0,81,0,85,0,79,0,74,0,82,0,76,0,67,0,14,Center Midfielder,CM,,,,,,,
219683,473,81,Corentin,Tolisso,,8/3/1994 12:00:00 AM,181,3,2,1,Ligue 1 McDonald's,81,https://ratings-images-prod.pulse.ea.com/FC25/full/player-portraits/p219683.png?padding=0.7,https://ratings-images-prod.pulse.ea.com/FC25/full/player-shields/en/219683.png?width=265,,trait1_16,Precision Header,Performs headers with increased accuracy and power.,https://drop-assets.ea.com/images/3ync8fbblS4zLzF3p1VXmT/7752a5103c2ebd8be5cf1819379c66f4/Precision_Header.png,playStyle,Play Style,trait1_524288,Aerial Fortress,Performs higher jumps and has physical defensive presence before and during aerial duels,https://drop-assets.ea.com/images/3rsDbUXd3MZX39YTsk6lKe/404db89f2237eeb7466668a730c52a4b/Aerial_Fortress.png,playStyle,Play Style,trait1_4194304,First Touch,"Reduced trapping error, faster dribbling transition",https://drop-assets.ea.com/images/3f727XsoDVLbT49oMk0HBu/2787568be8ccb2d5daa2d18fabacad97/First_Touch.png,playStyle,Play Style,trait1_67108864,Relentless,"Increased half time fatigue recovery, longer teammate contain and press",https://drop-assets.ea.com/images/2vVuRxgvPNaAuFGqZZ9nDY/3e2505addd5a6b353becdeaf7173d187/Relentless.png,playStyle,Play Style,,,,,,,,,,,,,,,,,,,0,Men's Football,18,France,https://drop-assets.ea.com/images/3ECAQzhfgSLWRf9IIHB6G8/7e235a7b2f93c1f73db7f89dc03b3657/f_18.png,66,OL,https://drop-assets.ea.com/images/s2BAEtejMk8pyJDqN3uyR/9938fd597d35ed59158d5b441aa07455/l66.png,false,14,CM,Center Midfielder,midfielder,Midfielder,64,0,62,0,83,0,82,0,78,0,75,0,70,0,80,0,79,0,67,0,72,0,77,0,74,0,76,0,75,0,74,0,67,0,7,0,10,0,14,0,9,0,14,0,80,0,79,0,83,0,82,0,68,0,78,0,67,0,79,0,82,0,82,0,78,0,82,0,86,0,75,0,72,0,79,0,80,0,75,0,10,Center Defensive Midfielder,CDM,18,Center Attacking Midfielder,CAM,,,,
