id,rank,overallRating,firstName,lastName,commonName,birthdate,height,skillMoves,weakFootAbility,preferredFoot,leagueName,weight,avatarUrl,shieldUrl,alternatePositions/0/id,alternatePositions/0/label,alternatePositions/0/shortLabel,alternatePositions/1/id,alternatePositions/1/label,alternatePositions/1/shortLabel,playerAbilities/0/id,playerAbilities/0/label,playerAbilities/0/description,playerAbilities/0/imageUrl,playerAbilities/0/type/id,playerAbilities/0/type/label,playerAbilities/1/id,playerAbilities/1/label,playerAbilities/1/description,playerAbilities/1/imageUrl,playerAbilities/1/type/id,playerAbilities/1/type/label,playerAbilities/2/id,playerAbilities/2/label,playerAbilities/2/description,playerAbilities/2/imageUrl,playerAbilities/2/type/id,playerAbilities/2/type/label,playerAbilities/3/id,playerAbilities/3/label,playerAbilities/3/description,playerAbilities/3/imageUrl,playerAbilities/3/type/id,playerAbilities/3/type/label,gender/id,gender/label,nationality/id,nationality/label,nationality/imageUrl,team/id,team/label,team/imageUrl,team/isPopular,position/id,position/shortLabel,position/label,position/positionType/id,position/positionType/name,stats/acceleration/value,stats/acceleration/diff,stats/agility/value,stats/agility/diff,stats/jumping/value,stats/jumping/diff,stats/stamina/value,stats/stamina/diff,stats/strength/value,stats/strength/diff,stats/aggression/value,stats/aggression/diff,stats/balance/value,stats/balance/diff,stats/ballControl/value,stats/ballControl/diff,stats/composure/value,stats/composure/diff,stats/crossing/value,stats/crossing/diff,stats/curve/value,stats/curve/diff,stats/def/value,stats/def/diff,stats/defensiveAwareness/value,stats/defensiveAwareness/diff,stats/dri/value,stats/dri/diff,stats/dribbling/value,stats/dribbling/diff,stats/finishing/value,stats/finishing/diff,stats/freeKickAccuracy/value,stats/freeKickAccuracy/diff,stats/gkDiving/value,stats/gkDiving/diff,stats/gkHandling/value,stats/gkHandling/diff,stats/gkKicking/value,stats/gkKicking/diff,stats/gkPositioning/value,stats/gkPositioning/diff,stats/gkReflexes/value,stats/gkReflexes/diff,stats/headingAccuracy/value,stats/headingAccuracy/diff,stats/interceptions/value,stats/interceptions/diff,stats/longPassing/value,stats/longPassing/diff,stats/longShots/value,stats/longShots/diff,stats/pac/value,stats/pac/diff,stats/pas/value,stats/pas/diff,stats/penalties/value,stats/penalties/diff,stats/phy/value,stats/phy/diff,stats/positioning/value,stats/positioning/diff,stats/reactions/value,stats/reactions/diff,stats/sho/value,stats/sho/diff,stats/shortPassing/value,stats/shortPassing/diff,stats/shotPower/value,stats/shotPower/diff,stats/slidingTackle/value,stats/slidingTackle/diff,stats/sprintSpeed/value,stats/sprintSpeed/diff,stats/standingTackle/value,stats/standingTackle/diff,stats/vision/value,stats/vision/diff,stats/volleys/value,stats/volleys/diff,alternatePositions/0,alternatePositions/2/id,alternatePositions/2/label,alternatePositions/2/shortLabel,playerAbilities/4/id,playerAbilities/4/label,playerAbilities/4/description,playerAbilities/4/imageUrl,playerAbilities/4/type/id,playerAbilities/4/type/label,playerAbilities/5/id,playerAbilities/5/label,playerAbilities/5/description,playerAbilities/5/imageUrl,playerAbilities/5/type/id,playerAbilities/5/type/label,team
211368,1182,78,Armindo,Tué Na Bangna,Bruma,10/24/1994 12:00:00 AM,173,4,3,1,Liga Portugal,70,https://ratings-images-prod.pulse.ea.com/FC25/full/player-portraits/p211368.png?padding=0.7,https://ratings-images-prod.pulse.ea.com/FC25/full/player-shields/en/211368.png?width=265,16,Left Midfielder,LM,18,Center Attacking Midfielder,CAM,trait1_128,Gamechanger,Fancy and Trivela shots are performed with improved accuracy.,https://drop-assets.ea.com/images/2v8I0GQrtREaEJzJcyStKe/e46d719e4e5ed88ac5a1f671c7448f4a/Gamechanger.png,playStyle,Play Style,trait1_2097152,Rapid,"Higher sprint speed while dribbling, reduced error on knock-ons",https://drop-assets.ea.com/images/1aGsvwKyIFlRG1eoJSS0Ot/a4d3d661ff962795a632fe86439d2146/Rapid.png,playStyle,Play Style,trait1_8388608,Trickster,Performs unique flick Skill Moves,https://drop-assets.ea.com/images/47Ygd5ri33RgjIYGiTAJpj/f0723e6f2f89a98fb6e8200c3659c6a9/Trickster.png,playStyle,Play Style,trait1_33554432,Quick Step,Faster acceleration during Explosive Sprint,https://drop-assets.ea.com/images/1xG25Zp3wvkLA5YewKiZah/f27f5fabd1e899fc0bbb817d2db233b1/Quick_Step.png,playStyle,Play Style,0,Men's Football,38,Portugal,https://drop-assets.ea.com/images/3CxRD7XqY2NSlZ3628fY4S/abf38470644ee334e6a425b9272f7767/f_38.png,234,SL Benfica,https://drop-assets.ea.com/images/2DamHkQ1ZP1CYVjFPp6ofg/3e07292021842fdadb7aaaa84e7473aa/l234.png,false,27,LW,Left Wing,attack,Attack,91,0,90,0,71,0,70,0,56,0,60,0,78,0,80,0,80,0,71,0,79,0,32,0,26,0,81,0,81,0,79,0,74,0,11,0,13,0,8,0,12,0,8,0,53,0,38,0,61,0,77,0,88,0,71,0,72,0,61,0,79,0,66,0,77,0,70,0,77,0,28,0,86,0,27,0,77,0,70,0,,,,,,,,,,,,,,,,,
241788,1183,78,Mehdi,Taremi,,7/18/1992 12:00:00 AM,187,4,4,1,Hellas Liga,83,https://ratings-images-prod.pulse.ea.com/FC25/full/player-portraits/p241788.png?padding=0.7,https://ratings-images-prod.pulse.ea.com/FC25/full/player-shields/en/241788.png?width=265,,,,,,,trait1_4194304,First Touch,"Reduced trapping error, faster dribbling transition",https://drop-assets.ea.com/images/3f727XsoDVLbT49oMk0HBu/2787568be8ccb2d5daa2d18fabacad97/First_Touch.png,playStyle,Play Style,,,,,,,,,,,,,,,,,,,0,Men's Football,161,Iran,https://drop-assets.ea.com/images/3HkQfeosV5C3VhglW0M218/837af897951792aa4aec16144e059f62/f_161.png,280,Olympiacos FC,https://drop-assets.ea.com/images/2hyiQlv23Ipa7IOEtN7qAv/39a4514bd5a02d0d6db09d8eb2564c8f/l280.png,false,25,ST,Striker,attack,Attack,77,0,74,0,80,0,65,0,77,0,46,0,62,0,80,0,84,0,70,0,74,0,38,0,38,0,78,0,78,0,80,0,49,0,9,0,11,0,9,0,15,0,8,0,76,0,23,0,65,0,72,0,74,0,74,0,85,0,68,0,82,0,76,0,78,0,79,0,75,0,25,0,72,0,41,0,81,0,75,0,,,,,,,,,,,,,,,,,
242374,1184,78,Musa,Barrow,,11/14/1998 12:00:00 AM,183,4,4,1,ROSHN Saudi League,70,https://ratings-images-prod.pulse.ea.com/FC25/full/player-portraits/p242374.png?padding=0.7,https://ratings-images-prod.pulse.ea.com/FC25/full/player-shields/en/242374.png?width=265,16,Left Midfielder,LM,27,Left Wing,LW,trait1_4,Power Shot,Faster power shots with increased speed,https://drop-assets.ea.com/images/3ohVoKWSsvT44qgjabWqfV/e536ef26ad854c3c4cbf63ed7954b9cd/Power_Shot.png,playStyle,Play Style,trait1_2097152,Rapid,"Higher sprint speed while dribbling, reduced error on knock-ons",https://drop-assets.ea.com/images/1aGsvwKyIFlRG1eoJSS0Ot/a4d3d661ff962795a632fe86439d2146/Rapid.png,playStyle,Play Style,,,,,,,,,,,,,0,Men's Football,116,Gambia,https://drop-assets.ea.com/images/1SvfttEEIRJEACIudja4dN/d8cb6d0cd93926f3a452ade2c5f934dd/f_116.png,112393,Al Taawoun,https://drop-assets.ea.com/images/7p6TA5ewyxs1qzy8ym2ydy/15c716ca66c2ffcbed401be345ff6f8e/l112393.png,false,25,ST,Striker,attack,Attack,82,0,78,0,79,0,75,0,70,0,40,0,57,0,78,0,70,0,66,0,73,0,32,0,45,0,77,0,79,0,78,0,64,0,8,0,6,0,14,0,14,0,12,0,65,0,20,0,61,0,86,0,85,0,70,0,61,0,66,0,78,0,78,0,80,0,75,0,86,0,16,0,88,0,20,0,73,0,65,0,,18,Center Attacking Midfielder,CAM,,,,,,,,,,,,,
250789,1185,78,Dilane,Bakwa,,8/26/2002 12:00:00 AM,180,4,2,2,Premier League,77,https://ratings-images-prod.pulse.ea.com/FC25/full/player-portraits/p250789.png?padding=0.7,https://ratings-images-prod.pulse.ea.com/FC25/full/player-shields/en/250789.png?width=265,23,Right Wing,RW,,,,trait1_8,Dead Ball,"Faster, accurate set pieces with longer trajectory preview",https://drop-assets.ea.com/images/1razu2wcM3XA82VvB7NyUm/eec6b07080e49d6bf2d7a7951a22375f/Dead_Ball.png,playStyle,Play Style,trait1_128,Gamechanger,Fancy and Trivela shots are performed with improved accuracy.,https://drop-assets.ea.com/images/2v8I0GQrtREaEJzJcyStKe/e46d719e4e5ed88ac5a1f671c7448f4a/Gamechanger.png,playStyle,Play Style,trait1_1048576,Technical,"Faster Controlled Sprint, precise wide turns while dribbling",https://drop-assets.ea.com/images/5Esx7NK4YBU44O4bo07rvb/69ca9417da7fd07905f6c6956ad93f6d/Technical.png,playStyle,Play Style,,,,,,,0,Men's Football,18,France,https://drop-assets.ea.com/images/3ECAQzhfgSLWRf9IIHB6G8/7e235a7b2f93c1f73db7f89dc03b3657/f_18.png,14,Nott'm Forest,https://drop-assets.ea.com/images/60CgBQCMt7Dtcjip9xUxg8/5fa49387c380bf4772138b215ef4fd85/l14.png,false,12,RM,Right Midfielder,midfielder,Midfielder,90,0,84,0,70,0,74,0,69,0,48,0,76,0,80,0,79,0,74,0,81,0,30,0,27,0,81,0,82,0,72,0,63,0,7,0,12,0,15,0,6,0,5,0,44,0,35,0,64,0,74,0,88,0,73,0,59,0,66,0,73,0,75,0,72,0,75,0,74,0,28,0,86,0,26,0,76,0,63,0,,,,,,,,,,,,,,,,,
76687,1187,78,Estêvão Willian,Almeida,Estêvão,4/24/2007 12:00:00 AM,176,4,2,2,Premier League,70,https://ratings-images-prod.pulse.ea.com/FC25/full/player-portraits/p76687.png?padding=0.7,https://ratings-images-prod.pulse.ea.com/FC25/full/player-shields/en/76687.png?width=265,18,Center Attacking Midfielder,CAM,23,Right Wing,RW,trait1_1,Finesse Shot,Faster finesse shots with more curve and accuracy,https://drop-assets.ea.com/images/468u1R1p2k1fA6WBHi0OEn/fb9d49ed2a8fb500cd5a184937b96b34/Finesse_Shot.png,playStyle,Play Style,trait1_8192,Inventive,Fancy and Trivela passes are performed with improved accuracy.,https://drop-assets.ea.com/images/4fpo31RdL5T0vrzNqcSc4x/f82209bfd51270dcc447d4313b3e61f1/Inventive.png,playStyle,Play Style,trait1_1048576,Technical,"Faster Controlled Sprint, precise wide turns while dribbling",https://drop-assets.ea.com/images/5Esx7NK4YBU44O4bo07rvb/69ca9417da7fd07905f6c6956ad93f6d/Technical.png,playStyle,Play Style,trait1_33554432,Quick Step,Faster acceleration during Explosive Sprint,https://drop-assets.ea.com/images/1xG25Zp3wvkLA5YewKiZah/f27f5fabd1e899fc0bbb817d2db233b1/Quick_Step.png,playStyle,Play Style,0,Men's Football,54,Brazil,https://drop-assets.ea.com/images/1zdNn1R9tRlfQ3lsbAOecD/a606f742789b6306363383a6e20dd003/f_54.png,5,Chelsea,https://drop-assets.ea.com/images/6T0vfhzb3y9R6YVtmVwYcD/b99723a87536e30979c7cbdb8bba9310/l5.png,false,12,RM,Right Midfielder,midfielder,Midfielder,91,0,91,0,66,0,67,0,49,0,62,0,93,0,79,0,80,0,77,0,78,0,33,0,28,0,82,0,82,0,73,0,71,0,9,0,15,0,13,0,6,0,11,0,52,0,34,0,66,0,75,0,90,0,73,0,68,0,57,0,75,0,74,0,74,0,73,0,79,0,27,0,89,0,34,0,75,0,66,0,,,,,,,,,,,,,,,,,
240359,1189,78,Omar,Alderete,,12/26/1996 12:00:00 AM,188,2,3,2,Premier League,77,https://ratings-images-prod.pulse.ea.com/FC25/full/player-portraits/p240359.png?padding=0.7,https://ratings-images-prod.pulse.ea.com/FC25/full/player-shields/en/240359.png?width=265,,,,,,,trait1_16,Precision Header,Performs headers with increased accuracy and power.,https://drop-assets.ea.com/images/3ync8fbblS4zLzF3p1VXmT/7752a5103c2ebd8be5cf1819379c66f4/Precision_Header.png,playStyle,Play Style,trait1_1024,Long Ball Pass,"Accurate, faster Lob and Lofted Through Passes",https://drop-assets.ea.com/images/7jwRDD4zkOsqRpc821t73d/16d46d57a5dfc7dd5dd5f8de0fd26a99/Long_Ball_Pass.png,playStyle,Play Style,trait1_524288,Aerial Fortress,Performs higher jumps and has physical defensive presence before and during aerial duels,https://drop-assets.ea.com/images/3rsDbUXd3MZX39YTsk6lKe/404db89f2237eeb7466668a730c52a4b/Aerial_Fortress.png,playStyle,Play Style,,,,,,,0,Men's Football,58,Paraguay,https://drop-assets.ea.com/images/7GnvdwxPnTAwltd8pd67fA/a7696e8a25b652f669ef48e55b92b1f5/f_58.png,106,Sunderland,https://drop-assets.ea.com/images/6ja62Iw2LyY8cVrud4aSHi/aa6c15e4a2ceed66f92099108bea9dfa/l106.png,false,5,CB,Center Back,defense,Defense,56,0,68,0,82,0,71,0,81,0,79,0,58,0,69,0,68,0,58,0,56,0,79,0,80,0,69,0,70,0,55,0,53,0,7,0,13,0,14,0,13,0,15,0,79,0,78,0,66,0,67,0,60,0,62,0,45,0,78,0,62,0,75,0,61,0,70,0,74,0,75,0,63,0,79,0,51,0,48,0,,,,,,,,,,,,,,,,,
256958,1190,78,Fábio Daniel,Ferreira Vieira,Fábio Vieira,5/30/2000 12:00:00 AM,176,3,3,2,Bundesliga,61,https://ratings-images-prod.pulse.ea.com/FC25/full/player-portraits/p256958.png?padding=0.7,https://ratings-images-prod.pulse.ea.com/FC25/full/player-shields/en/256958.png?width=265,12,Right Midfielder,RM,14,Center Midfielder,CM,trait1_8,Dead Ball,"Faster, accurate set pieces with longer trajectory preview",https://drop-assets.ea.com/images/1razu2wcM3XA82VvB7NyUm/eec6b07080e49d6bf2d7a7951a22375f/Dead_Ball.png,playStyle,Play Style,trait1_2048,Tiki Taka,Accurate first-time Ground Passes,https://drop-assets.ea.com/images/2tvHC5JQ2sXrN8wUTJWLEA/94b0f6a78d1a9e1348a33c9772f23afd/Tiki_Taka.png,playStyle,Play Style,,,,,,,,,,,,,0,Men's Football,38,Portugal,https://drop-assets.ea.com/images/3CxRD7XqY2NSlZ3628fY4S/abf38470644ee334e6a425b9272f7767/f_38.png,28,Hamburger SV,https://drop-assets.ea.com/images/Vwj9mu65nCqScjLevwVoY/37cf47cedf66f85ed8078fe491b122a7/l28.png,false,18,CAM,Center Attacking Midfielder,midfielder,Midfielder,73,0,77,0,56,0,63,0,48,0,51,0,71,0,80,0,76,0,74,0,74,0,56,0,57,0,78,0,79,0,71,0,68,0,9,0,5,0,15,0,13,0,6,0,46,0,58,0,79,0,76,0,71,0,78,0,69,0,53,0,73,0,76,0,73,0,80,0,77,0,48,0,70,0,60,0,82,0,65,0,,,,,,,,,,,,,,,,,
263139,1191,78,Dominik,Greif,,4/6/1997 12:00:00 AM,197,1,3,1,Ligue 1 McDonald's,82,https://ratings-images-prod.pulse.ea.com/FC25/full/player-portraits/p263139.png?padding=0.7,https://ratings-images-prod.pulse.ea.com/FC25/full/player-shields/en/263139.png?width=250,,,,,,,trait2_1,Far Throw,Unique goalkeeper throw animations with longer throw distance,https://drop-assets.ea.com/images/3CjCz29sjIt1xMZTRDi4vQ/8ecb201b0ae7d6d536d03c847a768ffa/Far_Throw.png,playStyle,Play Style,,,,,,,,,,,,,,,,,,,0,Men's Football,43,Slovakia,https://drop-assets.ea.com/images/2cEMaB5jOYRIFsJQCycahY/6156324301f1c5f425d6c65141ced57b/f_43.png,66,OL,https://drop-assets.ea.com/images/s2BAEtejMk8pyJDqN3uyR/9938fd597d35ed59158d5b441aa07455/l66.png,false,0,GK,Goalkeeper,defense,Defense,25,0,21,0,56,0,17,0,60,0,16,0,21,0,17,0,32,0,14,0,12,0,24,0,8,0,77,0,10,0,9,0,10,0,77,0,76,0,78,0,77,0,77,0,10,0,14,0,17,0,5,0,77,0,78,0,14,0,77,0,7,0,75,0,76,0,25,0,59,0,11,0,22,0,11,0,34,0,5,0,,,,,,,,,,,,,,,,,
266096,1192,78,Tomás,Lemos Araújo,Tomás Araújo,5/16/2002 12:00:00 AM,187,3,2,1,Liga Portugal,81,https://ratings-images-prod.pulse.ea.com/FC25/full/player-portraits/p266096.png?padding=0.7,https://ratings-images-prod.pulse.ea.com/FC25/full/player-shields/en/266096.png?width=265,3,Right Back,RB,12,Right Midfielder,RM,trait1_1024,Long Ball Pass,"Accurate, faster Lob and Lofted Through Passes",https://drop-assets.ea.com/images/7jwRDD4zkOsqRpc821t73d/16d46d57a5dfc7dd5dd5f8de0fd26a99/Long_Ball_Pass.png,playStyle,Play Style,trait1_16384,Jockey,"Faster Sprint Jockey, better transition speed",https://drop-assets.ea.com/images/7lHjpOBSghE6Ywt1jgVv1C/21f9914d00f073d79d4b46cac71b9087/Jockey.png,playStyle,Play Style,,,,,,,,,,,,,0,Men's Football,38,Portugal,https://drop-assets.ea.com/images/3CxRD7XqY2NSlZ3628fY4S/abf38470644ee334e6a425b9272f7767/f_38.png,234,SL Benfica,https://drop-assets.ea.com/images/2DamHkQ1ZP1CYVjFPp6ofg/3e07292021842fdadb7aaaa84e7473aa/l234.png,false,5,CB,Center Back,defense,Defense,81,0,63,0,89,0,75,0,82,0,73,0,58,0,76,0,74,0,58,0,52,0,77,0,75,0,72,0,72,0,25,0,30,0,12,0,11,0,7,0,9,0,13,0,74,0,78,0,79,0,22,0,82,0,69,0,39,0,79,0,52,0,78,0,30,0,78,0,40,0,74,0,83,0,80,0,71,0,34,0,,,,,,,,,,,,,,,,,
270086,1197,78,António João,Tavares Silva,António Silva,10/30/2003 12:00:00 AM,187,2,2,1,Liga Portugal,82,https://ratings-images-prod.pulse.ea.com/FC25/full/player-portraits/p270086.png?padding=0.7,https://ratings-images-prod.pulse.ea.com/FC25/full/player-shields/en/270086.png?width=265,,,,,,,trait1_1024,Long Ball Pass,"Accurate, faster Lob and Lofted Through Passes",https://drop-assets.ea.com/images/7jwRDD4zkOsqRpc821t73d/16d46d57a5dfc7dd5dd5f8de0fd26a99/Long_Ball_Pass.png,playStyle,Play Style,trait1_32768,Block,Increased reach and success in blocking,https://drop-assets.ea.com/images/2Rlftzr8lqUdI29suCQVWe/43c6c36e8bd5fa26b88478d4354611a2/Block.png,playStyle,Play Style,,,,,,,,,,,,,0,Men's Football,38,Portugal,https://drop-assets.ea.com/images/3CxRD7XqY2NSlZ3628fY4S/abf38470644ee334e6a425b9272f7767/f_38.png,234,SL Benfica,https://drop-assets.ea.com/images/2DamHkQ1ZP1CYVjFPp6ofg/3e07292021842fdadb7aaaa84e7473aa/l234.png,false,5,CB,Center Back,defense,Defense,78,0,57,0,83,0,83,0,83,0,70,0,58,0,73,0,77,0,45,0,36,0,78,0,80,0,69,0,69,0,31,0,26,0,12,0,10,0,8,0,6,0,8,0,76,0,74,0,76,0,22,0,80,0,64,0,40,0,80,0,34,0,75,0,37,0,77,0,60,0,77,0,81,0,81,0,68,0,51,0,,,,,,,,,,,,,,,,,
208004,1198,78,Joël,Veltman,,1/15/1992 12:00:00 AM,184,2,4,1,Premier League,75,https://ratings-images-prod.pulse.ea.com/FC25/full/player-portraits/p208004.png?padding=0.7,https://ratings-images-prod.pulse.ea.com/FC25/full/player-shields/en/208004.png?width=250,12,Right Midfielder,RM,,,,,,,,,,,,,,,,,,,,,,,,,,,,0,Men's Football,34,Holland,https://drop-assets.ea.com/images/7LmdSUm2Ge4fzqcz0NElvq/d272142c80713dcf0e5ec0a47232aeee/f_34.png,1808,Brighton,https://drop-assets.ea.com/images/1mFLMjuFkxQjbRaTLKZ8Gm/277b9eb6d29d37064d1d82063b06f681/l1808.png,false,3,RB,Right Back,defense,Defense,64,0,65,0,80,0,73,0,77,0,83,0,66,0,74,0,79,0,73,0,51,0,80,0,81,0,70,0,68,0,50,0,34,0,7,0,10,0,6,0,9,0,11,0,74,0,80,0,73,0,41,0,63,0,68,0,42,0,77,0,55,0,78,0,49,0,77,0,60,0,77,0,62,0,83,0,55,0,38,0,,,,,,,,,,,,,,,,,
227562,1199,78,Lukáš,Haraslín,,5/26/1996 12:00:00 AM,182,4,4,1,Česká Liga,74,https://ratings-images-prod.pulse.ea.com/FC25/full/player-portraits/p227562.png?padding=0.7,https://ratings-images-prod.pulse.ea.com/FC25/full/player-shields/en/227562.png?width=265,23,Right Wing,RW,25,Striker,ST,trait1_1,Finesse Shot,Faster finesse shots with more curve and accuracy,https://drop-assets.ea.com/images/468u1R1p2k1fA6WBHi0OEn/fb9d49ed2a8fb500cd5a184937b96b34/Finesse_Shot.png,playStyle,Play Style,trait1_1048576,Technical,"Faster Controlled Sprint, precise wide turns while dribbling",https://drop-assets.ea.com/images/5Esx7NK4YBU44O4bo07rvb/69ca9417da7fd07905f6c6956ad93f6d/Technical.png,playStyle,Play Style,trait1_4194304,First Touch,"Reduced trapping error, faster dribbling transition",https://drop-assets.ea.com/images/3f727XsoDVLbT49oMk0HBu/2787568be8ccb2d5daa2d18fabacad97/First_Touch.png,playStyle,Play Style,trait1_134217728,Long Throw,Powerful throw-ins for greater distance,https://drop-assets.ea.com/images/51OlohNQvoEwW0aLhknAHh/58fa7d903d10f6d8cfa2622f62ba6b6f/Long_Throw.png,playStyle,Play Style,0,Men's Football,43,Slovakia,https://drop-assets.ea.com/images/2cEMaB5jOYRIFsJQCycahY/6156324301f1c5f425d6c65141ced57b/f_43.png,267,Sparta Praha,https://drop-assets.ea.com/images/WsjKkMgEXh4mceoAQzFIi/d0b9c0ac886f0f3f3f91ca6ebda21577/l267.png,false,27,LW,Left Wing,attack,Attack,79,0,87,0,72,0,68,0,61,0,38,0,83,0,80,0,81,0,73,0,72,0,40,0,33,0,81,0,81,0,76,0,75,0,13,0,12,0,13,0,10,0,15,0,59,0,33,0,68,0,75,0,80,0,73,0,62,0,59,0,77,0,78,0,74,0,74,0,74,0,48,0,81,0,41,0,74,0,69,0,,16,Left Midfielder,LM,,,,,,,,,,,,,
240988,1200,78,Denis,Vavro,,4/10/1996 12:00:00 AM,189,2,2,1,Bundesliga,81,https://ratings-images-prod.pulse.ea.com/FC25/full/player-portraits/p240988.png?padding=0.7,https://ratings-images-prod.pulse.ea.com/FC25/full/player-shields/en/240988.png?width=265,,,,,,,trait1_4,Power Shot,Faster power shots with increased speed,https://drop-assets.ea.com/images/3ohVoKWSsvT44qgjabWqfV/e536ef26ad854c3c4cbf63ed7954b9cd/Power_Shot.png,playStyle,Play Style,trait1_1024,Long Ball Pass,"Accurate, faster Lob and Lofted Through Passes",https://drop-assets.ea.com/images/7jwRDD4zkOsqRpc821t73d/16d46d57a5dfc7dd5dd5f8de0fd26a99/Long_Ball_Pass.png,playStyle,Play Style,trait1_16384,Jockey,"Faster Sprint Jockey, better transition speed",https://drop-assets.ea.com/images/7lHjpOBSghE6Ywt1jgVv1C/21f9914d00f073d79d4b46cac71b9087/Jockey.png,playStyle,Play Style,trait1_131072,Anticipate,"Improved standing tackle success, possibility of stopping ball at feet",https://drop-assets.ea.com/images/4xPnUcL7thizFB7qmhlwUR/1ade7a0f77d5e875c2db869964540a35/Anticipate.png,playStyle,Play Style,0,Men's Football,43,Slovakia,https://drop-assets.ea.com/images/2cEMaB5jOYRIFsJQCycahY/6156324301f1c5f425d6c65141ced57b/f_43.png,175,VfL Wolfsburg,https://drop-assets.ea.com/images/4mw5u30yjPmzh9OVqKB0YV/ad59c24a84c9afb0a877046fadeb9c9e/l175.png,false,5,CB,Center Back,defense,Defense,64,0,55,0,88,0,79,0,84,0,82,0,65,0,58,0,67,0,48,0,56,0,80,0,78,0,57,0,54,0,46,0,63,0,13,0,12,0,14,0,12,0,13,0,85,0,75,0,70,0,67,0,69,0,58,0,60,0,83,0,55,0,72,0,60,0,66,0,88,0,72,0,73,0,86,0,46,0,46,0,,,,,trait1_262144,Slide Tackle,Stops ball at feet during slide tackles,https://drop-assets.ea.com/images/7mI1lrxE0pv9iJfQFki9OA/8c1ecac325f923e049be72231c8c968a/Slide_Tackle.png,playStyle,Play Style,trait1_524288,Aerial Fortress,Performs higher jumps and has physical defensive presence before and during aerial duels,https://drop-assets.ea.com/images/3rsDbUXd3MZX39YTsk6lKe/404db89f2237eeb7466668a730c52a4b/Aerial_Fortress.png,playStyle,Play Style,
223689,1202,78,Wout,Weghorst,,8/7/1992 12:00:00 AM,197,2,3,1,Eredivisie,84,https://ratings-images-prod.pulse.ea.com/FC25/full/player-portraits/p223689.png?padding=0.7,https://ratings-images-prod.pulse.ea.com/FC25/full/player-shields/en/223689.png?width=265,,,,,,,trait1_16,Precision Header,Performs headers with increased accuracy and power.,https://drop-assets.ea.com/images/3ync8fbblS4zLzF3p1VXmT/7752a5103c2ebd8be5cf1819379c66f4/Precision_Header.png,playStyle,Play Style,trait1_536870912,Enforcer,Performs dribble Shoulder Challenges and Shielding with increased effectiveness.,https://drop-assets.ea.com/images/2sNQz8b9dgV0hW8vl7oOvV/d7a503dbd4c73b232055b3ca06aa88eb/Enforcer.png,playStyle,Play Style,,,,,,,,,,,,,0,Men's Football,34,Holland,https://drop-assets.ea.com/images/7LmdSUm2Ge4fzqcz0NElvq/d272142c80713dcf0e5ec0a47232aeee/f_34.png,,,,,25,ST,Striker,attack,Attack,45,0,53,0,86,0,76,0,92,0,87,0,32,0,79,0,74,0,38,0,42,0,57,0,44,0,68,0,66,0,80,0,48,0,11,0,9,0,14,0,16,0,12,0,86,0,54,0,54,0,68,0,54,0,62,0,71,0,87,0,83,0,82,0,78,0,78,0,84,0,52,0,62,0,65,0,70,0,76,0,,,,,,,,,,,,,,,,,
245388,1204,78,Jean-Clair,Todibo,,12/30/1999 12:00:00 AM,190,3,2,1,Premier League,88,https://ratings-images-prod.pulse.ea.com/FC25/full/player-portraits/p245388.png?padding=0.7,https://ratings-images-prod.pulse.ea.com/FC25/full/player-shields/en/245388.png?width=265,,,,,,,trait1_16384,Jockey,"Faster Sprint Jockey, better transition speed",https://drop-assets.ea.com/images/7lHjpOBSghE6Ywt1jgVv1C/21f9914d00f073d79d4b46cac71b9087/Jockey.png,playStyle,Play Style,trait1_131072,Anticipate,"Improved standing tackle success, possibility of stopping ball at feet",https://drop-assets.ea.com/images/4xPnUcL7thizFB7qmhlwUR/1ade7a0f77d5e875c2db869964540a35/Anticipate.png,playStyle,Play Style,,,,,,,,,,,,,0,Men's Football,18,France,https://drop-assets.ea.com/images/3ECAQzhfgSLWRf9IIHB6G8/7e235a7b2f93c1f73db7f89dc03b3657/f_18.png,19,West Ham,https://drop-assets.ea.com/images/60X4vXPDgGISHaqyOdUGkg/c7def9840658d49d646e4895e9e04e94/l19.png,false,5,CB,Center Back,defense,Defense,70,0,54,0,79,0,54,0,81,0,73,0,55,0,72,0,78,0,49,0,52,0,79,0,78,0,69,0,69,0,44,0,41,0,7,0,13,0,11,0,8,0,13,0,78,0,80,0,72,0,45,0,75,0,63,0,52,0,73,0,45,0,77,0,47,0,76,0,60,0,77,0,79,0,80,0,58,0,35,0,,,,,,,,,,,,,,,,,
259031,1205,78,Liam,Delap,,2/8/2003 12:00:00 AM,186,3,5,1,Premier League,90,https://ratings-images-prod.pulse.ea.com/FC25/full/player-portraits/p259031.png?padding=0.7,https://ratings-images-prod.pulse.ea.com/FC25/full/player-shields/en/259031.png?width=265,,,,,,,trait1_4,Power Shot,Faster power shots with increased speed,https://drop-assets.ea.com/images/3ohVoKWSsvT44qgjabWqfV/e536ef26ad854c3c4cbf63ed7954b9cd/Power_Shot.png,playStyle,Play Style,trait1_536870912,Enforcer,Performs dribble Shoulder Challenges and Shielding with increased effectiveness.,https://drop-assets.ea.com/images/2sNQz8b9dgV0hW8vl7oOvV/d7a503dbd4c73b232055b3ca06aa88eb/Enforcer.png,playStyle,Play Style,,,,,,,,,,,,,0,Men's Football,14,England,https://drop-assets.ea.com/images/6ZM1OFXGUFeV0ZaYVKj2z/ae88ef17f8cb179fbc1c463f7e1e4bd8/f_14.png,5,Chelsea,https://drop-assets.ea.com/images/6T0vfhzb3y9R6YVtmVwYcD/b99723a87536e30979c7cbdb8bba9310/l5.png,false,25,ST,Striker,attack,Attack,76,0,70,0,88,0,70,0,84,0,83,0,63,0,78,0,77,0,55,0,68,0,30,0,29,0,76,0,78,0,80,0,52,0,8,0,9,0,10,0,11,0,10,0,73,0,22,0,50,0,74,0,79,0,60,0,77,0,81,0,79,0,77,0,80,0,69,0,85,0,23,0,81,0,25,0,59,0,78,0,,,,,,,,,,,,,,,,,
211022,1207,78,Rubén,García Santos,Rubén García,7/14/1993 12:00:00 AM,172,4,2,2,LALIGA EA SPORTS,71,https://ratings-images-prod.pulse.ea.com/FC25/full/player-portraits/p211022.png?padding=0.7,https://ratings-images-prod.pulse.ea.com/FC25/full/player-shields/en/211022.png?width=265,23,Right Wing,RW,25,Striker,ST,trait1_256,Incisive Pass,"Accurate through passes, curvier swerve passes, faster precision passes",https://drop-assets.ea.com/images/2K5BYfVYRnrdjt8F3hwI04/62f147b6a436c107bfa3d042c1d5728d/Incisive_Pass.png,playStyle,Play Style,trait1_1048576,Technical,"Faster Controlled Sprint, precise wide turns while dribbling",https://drop-assets.ea.com/images/5Esx7NK4YBU44O4bo07rvb/69ca9417da7fd07905f6c6956ad93f6d/Technical.png,playStyle,Play Style,,,,,,,,,,,,,0,Men's Football,45,Spain,https://drop-assets.ea.com/images/Kv8okAYMsDbB3ZKbxrAXw/9d30c88d16a4c85002f35c6af412c6f7/f_45.png,479,CA Osasuna,https://drop-assets.ea.com/images/5T0gPuxPGVG3BLEP9wYxLx/8be8ef52e215bc47956d1084f702409d/l479.png,false,12,RM,Right Midfielder,midfielder,Midfielder,81,0,80,0,61,0,66,0,44,0,58,0,86,0,79,0,67,0,80,0,77,0,45,0,45,0,78,0,78,0,77,0,79,0,9,0,14,0,13,0,14,0,10,0,54,0,38,0,79,0,78,0,74,0,79,0,69,0,53,0,74,0,73,0,76,0,80,0,76,0,41,0,69,0,47,0,78,0,59,0,,3,Right Back,RB,,,,,,,,,,,,,
237055,1208,78,Oleksandr,Zubkov,,8/3/1996 12:00:00 AM,182,4,4,2,Trendyol Süper Lig,78,https://ratings-images-prod.pulse.ea.com/FC25/full/player-portraits/p237055.png?padding=0.7,https://ratings-images-prod.pulse.ea.com/FC25/full/player-shields/en/237055.png?width=265,18,Center Attacking Midfielder,CAM,16,Left Midfielder,LM,trait1_8192,Inventive,Fancy and Trivela passes are performed with improved accuracy.,https://drop-assets.ea.com/images/4fpo31RdL5T0vrzNqcSc4x/f82209bfd51270dcc447d4313b3e61f1/Inventive.png,playStyle,Play Style,trait1_1048576,Technical,"Faster Controlled Sprint, precise wide turns while dribbling",https://drop-assets.ea.com/images/5Esx7NK4YBU44O4bo07rvb/69ca9417da7fd07905f6c6956ad93f6d/Technical.png,playStyle,Play Style,,,,,,,,,,,,,0,Men's Football,49,Ukraine,https://drop-assets.ea.com/images/6qDmsmOUdD4va3zMohbKhb/0074f5347b6d5908bf7c36de17f1e512/f_49.png,436,Trabzonspor,https://drop-assets.ea.com/images/3AF1UCNvLwZs5kapbWuCk9/e1cebee09f0953e5653311d5a29365ee/l436.png,false,12,RM,Right Midfielder,midfielder,Midfielder,80,0,67,0,73,0,70,0,66,0,53,0,68,0,78,0,72,0,75,0,78,0,30,0,21,0,78,0,82,0,74,0,68,0,11,0,9,0,10,0,9,0,5,0,56,0,34,0,70,0,72,0,84,0,74,0,65,0,65,0,76,0,75,0,74,0,73,0,80,0,24,0,87,0,28,0,79,0,72,0,,23,Right Wing,RW,,,,,,,,,,,,,
257075,1210,78,Paul,Nebel,,10/10/2002 12:00:00 AM,169,3,4,1,Bundesliga,67,https://ratings-images-prod.pulse.ea.com/FC25/full/player-portraits/p257075.png?padding=0.7,https://ratings-images-prod.pulse.ea.com/FC25/full/player-shields/en/257075.png?width=265,14,Center Midfielder,CM,12,Right Midfielder,RM,trait1_64,Low Driven Shot,"Enhances a player's ability to execute low driven shots with increased accuracy, faster ball travel, and quicker shot execution.",https://drop-assets.ea.com/images/1NfyWsEpQ7s9bhWWt92lbn/5b5dbeb0e55c2e9241cdc26c70ee2d2c/Low_Driven_Shot.png,playStyle,Play Style,trait1_256,Incisive Pass,"Accurate through passes, curvier swerve passes, faster precision passes",https://drop-assets.ea.com/images/2K5BYfVYRnrdjt8F3hwI04/62f147b6a436c107bfa3d042c1d5728d/Incisive_Pass.png,playStyle,Play Style,trait1_1048576,Technical,"Faster Controlled Sprint, precise wide turns while dribbling",https://drop-assets.ea.com/images/5Esx7NK4YBU44O4bo07rvb/69ca9417da7fd07905f6c6956ad93f6d/Technical.png,playStyle,Play Style,trait1_67108864,Relentless,"Increased half time fatigue recovery, longer teammate contain and press",https://drop-assets.ea.com/images/2vVuRxgvPNaAuFGqZZ9nDY/3e2505addd5a6b353becdeaf7173d187/Relentless.png,playStyle,Play Style,0,Men's Football,21,Germany,https://drop-assets.ea.com/images/6IIMMGk0Uj1rcZ6DSHTpLL/93f95b602dc62594104f418c8f80ebb3/f_21.png,169,1. FSV Mainz 05,https://drop-assets.ea.com/images/4QO9B5tBI7mcWhzDDO3b6N/f70a1fd45fb4a6dd80ceea61a3e91c4d/l169.png,false,18,CAM,Center Attacking Midfielder,midfielder,Midfielder,79,0,91,0,55,0,90,0,48,0,54,0,91,0,78,0,74,0,68,0,70,0,45,0,49,0,82,0,82,0,78,0,50,0,11,0,9,0,10,0,6,0,9,0,39,0,46,0,69,0,74,0,71,0,72,0,54,0,60,0,79,0,77,0,75,0,76,0,75,0,50,0,65,0,42,0,77,0,68,0,,,,,,,,,,,,,,,,,
250955,1213,78,Josip,Stanišić,,4/2/2000 12:00:00 AM,187,2,4,1,Bundesliga,77,https://ratings-images-prod.pulse.ea.com/FC25/full/player-portraits/p250955.png?padding=0.7,https://ratings-images-prod.pulse.ea.com/FC25/full/player-shields/en/250955.png?width=265,3,Right Back,RB,12,Right Midfielder,RM,trait1_1024,Long Ball Pass,"Accurate, faster Lob and Lofted Through Passes",https://drop-assets.ea.com/images/7jwRDD4zkOsqRpc821t73d/16d46d57a5dfc7dd5dd5f8de0fd26a99/Long_Ball_Pass.png,playStyle,Play Style,trait1_131072,Anticipate,"Improved standing tackle success, possibility of stopping ball at feet",https://drop-assets.ea.com/images/4xPnUcL7thizFB7qmhlwUR/1ade7a0f77d5e875c2db869964540a35/Anticipate.png,playStyle,Play Style,,,,,,,,,,,,,0,Men's Football,10,Croatia,https://drop-assets.ea.com/images/4ZYNK06L8ZkJTrdtSby4NW/eb42cc852fc74ea3d3f5b8904fb5194f/f_10.png,21,FC Bayern München,https://drop-assets.ea.com/images/3p0dv1pGWIH6lGAKZssZKH/4f70d2c5a3c147f3e006c863e85e4993/l21.png,false,5,CB,Center Back,defense,Defense,68,0,66,0,82,0,71,0,75,0,75,0,64,0,73,0,66,0,72,0,67,0,79,0,80,0,69,0,68,0,44,0,23,0,11,0,6,0,10,0,9,0,12,0,77,0,78,0,60,0,37,0,73,0,65,0,37,0,74,0,53,0,76,0,44,0,74,0,52,0,81,0,77,0,79,0,58,0,29,0,,,,,,,,,,,,,,,,,
253242,1214,78,Adrián,Martínez,,7/7/1992 12:00:00 AM,176,3,3,2,LPF,89,https://ratings-images-prod.pulse.ea.com/FC25/full/player-portraits/p253242.png?padding=0.7,https://ratings-images-prod.pulse.ea.com/FC25/full/player-shields/en/253242.png?width=265,,,,,,,trait1_2,Chip Shot,"Faster, more accurate chip shots",https://drop-assets.ea.com/images/6Gl08kt7odn1fJNX74CS2P/984feac3cd8d99902f5cb5131d5fd26a/Chip_Shot.png,playStyle,Play Style,trait1_16,Precision Header,Performs headers with increased accuracy and power.,https://drop-assets.ea.com/images/3ync8fbblS4zLzF3p1VXmT/7752a5103c2ebd8be5cf1819379c66f4/Precision_Header.png,playStyle,Play Style,trait1_64,Low Driven Shot,"Enhances a player's ability to execute low driven shots with increased accuracy, faster ball travel, and quicker shot execution.",https://drop-assets.ea.com/images/1NfyWsEpQ7s9bhWWt92lbn/5b5dbeb0e55c2e9241cdc26c70ee2d2c/Low_Driven_Shot.png,playStyle,Play Style,trait1_536870912,Enforcer,Performs dribble Shoulder Challenges and Shielding with increased effectiveness.,https://drop-assets.ea.com/images/2sNQz8b9dgV0hW8vl7oOvV/d7a503dbd4c73b232055b3ca06aa88eb/Enforcer.png,playStyle,Play Style,0,Men's Football,52,Argentina,https://drop-assets.ea.com/images/4xMXjEt7CFJ6JENYeG45Sk/836d733dc1642c5e4ab3338d91481436/f_52.png,101085,Racing Club,https://drop-assets.ea.com/images/A8RKWVxKQsKjBbty5kzt6/a21fa30821daf7c6a65546e58558c496/l101085.png,false,25,ST,Striker,attack,Attack,72,0,65,0,85,0,73,0,93,0,77,0,45,0,76,0,67,0,50,0,42,0,42,0,27,0,72,0,73,0,81,0,47,0,13,0,11,0,10,0,16,0,14,0,80,0,46,0,55,0,72,0,69,0,59,0,70,0,84,0,82,0,78,0,78,0,64,0,79,0,33,0,67,0,44,0,69,0,70,0,,,,,,,,,,,,,,,,,
254803,1215,78,Senne,Lammens,,7/7/2002 12:00:00 AM,193,1,4,1,Premier League,92,https://ratings-images-prod.pulse.ea.com/FC25/full/player-portraits/p254803.png?padding=0.7,https://ratings-images-prod.pulse.ea.com/FC25/full/player-shields/en/254803.png?width=250,,,,,,,trait2_2,Footwork,"Exclusive foot saves, better performance on low shots",https://drop-assets.ea.com/images/1s2muXoHUmP1T0vGYKXSl1/6d265b13804069371f16a58788703a33/Footwork.png,playStyle,Play Style,trait2_4,Cross Claimer,"Unique punching animations, powerful punches, faster crosses coverage",https://drop-assets.ea.com/images/4Uvgm6UNiSz3say1zZqKDC/51837f53072d5e01063699f6d2b7401a/Cross_Claimer.png,playStyle,Play Style,,,,,,,,,,,,,0,Men's Football,7,Belgium,https://drop-assets.ea.com/images/7eZLPoDDyxSlQoqcS4NVA2/6fc085dc7e85ccd7519be7ff2df875ee/f_7.png,11,Man Utd,https://drop-assets.ea.com/images/5xxJeUfFY6FEQZEJyJK35/990979becf88b88ecb6461dc441c2ebf/l11.png,false,0,GK,Goalkeeper,defense,Defense,19,0,40,0,64,0,29,0,79,0,29,0,27,0,19,0,36,0,14,0,12,0,21,0,7,0,77,0,15,0,10,0,11,0,79,0,77,0,71,0,79,0,77,0,14,0,15,0,39,0,8,0,79,0,71,0,11,0,79,0,6,0,73,0,77,0,40,0,53,0,12,0,25,0,15,0,30,0,8,0,,,,,,,,,,,,,,,,,
265450,1216,78,Johan,Bakayoko,,4/20/2003 12:00:00 AM,179,4,3,2,Bundesliga,73,https://ratings-images-prod.pulse.ea.com/FC25/full/player-portraits/p265450.png?padding=0.7,https://ratings-images-prod.pulse.ea.com/FC25/full/player-shields/en/265450.png?width=265,12,Right Midfielder,RM,,,,trait1_1,Finesse Shot,Faster finesse shots with more curve and accuracy,https://drop-assets.ea.com/images/468u1R1p2k1fA6WBHi0OEn/fb9d49ed2a8fb500cd5a184937b96b34/Finesse_Shot.png,playStyle,Play Style,trait1_128,Gamechanger,Fancy and Trivela shots are performed with improved accuracy.,https://drop-assets.ea.com/images/2v8I0GQrtREaEJzJcyStKe/e46d719e4e5ed88ac5a1f671c7448f4a/Gamechanger.png,playStyle,Play Style,trait1_4096,Whipped Pass,"Accurate, faster crosses with more curve",https://drop-assets.ea.com/images/FfTP29PWrRWZjEaiCCVoa/a1b345e4ae7023ed78b1efd68d28f392/Whipped_Pass.png,playStyle,Play Style,trait1_1048576,Technical,"Faster Controlled Sprint, precise wide turns while dribbling",https://drop-assets.ea.com/images/5Esx7NK4YBU44O4bo07rvb/69ca9417da7fd07905f6c6956ad93f6d/Technical.png,playStyle,Play Style,0,Men's Football,7,Belgium,https://drop-assets.ea.com/images/7eZLPoDDyxSlQoqcS4NVA2/6fc085dc7e85ccd7519be7ff2df875ee/f_7.png,112172,RB Leipzig,https://drop-assets.ea.com/images/1EoW6b2VkhiP3S0vqikd9s/f181f899a2037360f70a9a8aba18af30/l112172.png,false,23,RW,Right Wing,attack,Attack,87,0,86,0,70,0,70,0,68,0,40,0,77,0,81,0,71,0,73,0,78,0,33,0,24,0,81,0,83,0,74,0,57,0,7,0,14,0,7,0,6,0,9,0,58,0,33,0,58,0,74,0,85,0,70,0,59,0,63,0,74,0,73,0,72,0,72,0,69,0,27,0,83,0,35,0,74,0,64,0,,,,,trait1_33554432,Quick Step,Faster acceleration during Explosive Sprint,https://drop-assets.ea.com/images/1xG25Zp3wvkLA5YewKiZah/f27f5fabd1e899fc0bbb817d2db233b1/Quick_Step.png,playStyle,Play Style,,,,,,,
265695,1217,78,Matías,Soulé,,4/15/2003 12:00:00 AM,176,4,4,2,Serie A Enilive,69,https://ratings-images-prod.pulse.ea.com/FC25/full/player-portraits/p265695.png?padding=0.7,https://ratings-images-prod.pulse.ea.com/FC25/full/player-shields/en/265695.png?width=265,12,Right Midfielder,RM,14,Center Midfielder,CM,trait1_1,Finesse Shot,Faster finesse shots with more curve and accuracy,https://drop-assets.ea.com/images/468u1R1p2k1fA6WBHi0OEn/fb9d49ed2a8fb500cd5a184937b96b34/Finesse_Shot.png,playStyle,Play Style,trait1_8,Dead Ball,"Faster, accurate set pieces with longer trajectory preview",https://drop-assets.ea.com/images/1razu2wcM3XA82VvB7NyUm/eec6b07080e49d6bf2d7a7951a22375f/Dead_Ball.png,playStyle,Play Style,trait1_256,Incisive Pass,"Accurate through passes, curvier swerve passes, faster precision passes",https://drop-assets.ea.com/images/2K5BYfVYRnrdjt8F3hwI04/62f147b6a436c107bfa3d042c1d5728d/Incisive_Pass.png,playStyle,Play Style,trait1_1048576,Technical,"Faster Controlled Sprint, precise wide turns while dribbling",https://drop-assets.ea.com/images/5Esx7NK4YBU44O4bo07rvb/69ca9417da7fd07905f6c6956ad93f6d/Technical.png,playStyle,Play Style,0,Men's Football,52,Argentina,https://drop-assets.ea.com/images/4xMXjEt7CFJ6JENYeG45Sk/836d733dc1642c5e4ab3338d91481436/f_52.png,52,AS Roma,https://drop-assets.ea.com/images/2ruQP0TDYcCmtVFKr9qMBI/5f53795056598b1faac31300900b8671/l52.png,false,18,CAM,Center Attacking Midfielder,midfielder,Midfielder,83,0,83,0,68,0,86,0,51,0,38,0,78,0,81,0,70,0,75,0,79,0,36,0,28,0,81,0,83,0,75,0,76,0,15,0,8,0,11,0,15,0,14,0,58,0,30,0,72,0,77,0,79,0,76,0,69,0,58,0,74,0,73,0,74,0,77,0,72,0,38,0,76,0,40,0,76,0,69,0,,,,,,,,,,,,,,,,,
240947,1218,78,Tyrick,Mitchell,,9/1/1999 12:00:00 AM,175,2,3,2,Premier League,66,https://ratings-images-prod.pulse.ea.com/FC25/full/player-portraits/p240947.png?padding=0.7,https://ratings-images-prod.pulse.ea.com/FC25/full/player-shields/en/240947.png?width=265,16,Left Midfielder,LM,,,,trait1_4096,Whipped Pass,"Accurate, faster crosses with more curve",https://drop-assets.ea.com/images/FfTP29PWrRWZjEaiCCVoa/a1b345e4ae7023ed78b1efd68d28f392/Whipped_Pass.png,playStyle,Play Style,trait1_16384,Jockey,"Faster Sprint Jockey, better transition speed",https://drop-assets.ea.com/images/7lHjpOBSghE6Ywt1jgVv1C/21f9914d00f073d79d4b46cac71b9087/Jockey.png,playStyle,Play Style,trait1_32768,Block,Increased reach and success in blocking,https://drop-assets.ea.com/images/2Rlftzr8lqUdI29suCQVWe/43c6c36e8bd5fa26b88478d4354611a2/Block.png,playStyle,Play Style,trait1_131072,Anticipate,"Improved standing tackle success, possibility of stopping ball at feet",https://drop-assets.ea.com/images/4xPnUcL7thizFB7qmhlwUR/1ade7a0f77d5e875c2db869964540a35/Anticipate.png,playStyle,Play Style,0,Men's Football,14,England,https://drop-assets.ea.com/images/6ZM1OFXGUFeV0ZaYVKj2z/ae88ef17f8cb179fbc1c463f7e1e4bd8/f_14.png,1799,Crystal Palace,https://drop-assets.ea.com/images/6j7pLWl2t3yl13bu6Y9s5K/91a346d14011a610d95ec956816b6a38/l1799.png,false,7,LB,Left Back,defense,Defense,74,0,76,0,69,0,85,0,61,0,73,0,74,0,75,0,69,0,78,0,76,0,76,0,78,0,73,0,72,0,41,0,37,0,9,0,12,0,14,0,8,0,14,0,56,0,78,0,62,0,34,0,75,0,68,0,45,0,70,0,70,0,76,0,41,0,67,0,42,0,77,0,75,0,80,0,71,0,30,0,,,,,,,,,,,,,,,,,
246174,1219,78,Harvey,Elliott,,4/4/2003 12:00:00 AM,168,3,3,2,Premier League,64,https://ratings-images-prod.pulse.ea.com/FC25/full/player-portraits/p246174.png?padding=0.7,https://ratings-images-prod.pulse.ea.com/FC25/full/player-shields/en/246174.png?width=265,14,Center Midfielder,CM,23,Right Wing,RW,trait1_1,Finesse Shot,Faster finesse shots with more curve and accuracy,https://drop-assets.ea.com/images/468u1R1p2k1fA6WBHi0OEn/fb9d49ed2a8fb500cd5a184937b96b34/Finesse_Shot.png,playStyle,Play Style,,,,,,,,,,,,,,,,,,,0,Men's Football,14,England,https://drop-assets.ea.com/images/6ZM1OFXGUFeV0ZaYVKj2z/ae88ef17f8cb179fbc1c463f7e1e4bd8/f_14.png,2,Aston Villa,https://drop-assets.ea.com/images/57c0ppYsEA88xL0gxqce8K/99605df97c6a96ea3b6e8a424c217af0/l2.png,false,18,CAM,Center Attacking Midfielder,midfielder,Midfielder,76,0,90,0,48,0,72,0,34,0,61,0,90,0,79,0,78,0,77,0,71,0,53,0,52,0,81,0,81,0,64,0,62,0,10,0,10,0,6,0,14,0,7,0,40,0,54,0,72,0,80,0,72,0,77,0,59,0,50,0,80,0,75,0,70,0,79,0,78,0,48,0,69,0,58,0,80,0,62,0,,,,,,,,,,,,,,,,,
258437,1220,78,Emanuel,Emegha,,2/3/2003 12:00:00 AM,195,3,5,2,Ligue 1 McDonald's,82,https://ratings-images-prod.pulse.ea.com/FC25/full/player-portraits/p258437.png?padding=0.7,https://ratings-images-prod.pulse.ea.com/FC25/full/player-shields/en/258437.png?width=265,,,,,,,trait1_64,Low Driven Shot,"Enhances a player's ability to execute low driven shots with increased accuracy, faster ball travel, and quicker shot execution.",https://drop-assets.ea.com/images/1NfyWsEpQ7s9bhWWt92lbn/5b5dbeb0e55c2e9241cdc26c70ee2d2c/Low_Driven_Shot.png,playStyle,Play Style,trait1_128,Gamechanger,Fancy and Trivela shots are performed with improved accuracy.,https://drop-assets.ea.com/images/2v8I0GQrtREaEJzJcyStKe/e46d719e4e5ed88ac5a1f671c7448f4a/Gamechanger.png,playStyle,Play Style,trait1_536870912,Enforcer,Performs dribble Shoulder Challenges and Shielding with increased effectiveness.,https://drop-assets.ea.com/images/2sNQz8b9dgV0hW8vl7oOvV/d7a503dbd4c73b232055b3ca06aa88eb/Enforcer.png,playStyle,Play Style,,,,,,,0,Men's Football,34,Holland,https://drop-assets.ea.com/images/7LmdSUm2Ge4fzqcz0NElvq/d272142c80713dcf0e5ec0a47232aeee/f_34.png,76,Strasbourg,https://drop-assets.ea.com/images/5ujpJkozlZbo3FNV0Fi84H/d39ffa173bd150d5f10bcfe3392abe54/l76.png,false,25,ST,Striker,attack,Attack,81,0,69,0,92,0,84,0,82,0,64,0,42,0,76,0,75,0,47,0,63,0,31,0,26,0,70,0,69,0,79,0,53,0,11,0,10,0,12,0,10,0,6,0,77,0,35,0,49,0,69,0,89,0,58,0,68,0,79,0,82,0,77,0,76,0,65,0,78,0,23,0,95,0,21,0,64,0,74,0,,,,,,,,,,,,,,,,,
264238,1221,78,Diego,López Noguerol,Diego López,5/13/2002 12:00:00 AM,172,3,4,1,LALIGA EA SPORTS,63,https://ratings-images-prod.pulse.ea.com/FC25/full/player-portraits/p264238.png?padding=0.7,https://ratings-images-prod.pulse.ea.com/FC25/full/player-shields/en/264238.png?width=265,12,Right Midfielder,RM,27,Left Wing,LW,trait1_64,Low Driven Shot,"Enhances a player's ability to execute low driven shots with increased accuracy, faster ball travel, and quicker shot execution.",https://drop-assets.ea.com/images/1NfyWsEpQ7s9bhWWt92lbn/5b5dbeb0e55c2e9241cdc26c70ee2d2c/Low_Driven_Shot.png,playStyle,Play Style,trait1_2097152,Rapid,"Higher sprint speed while dribbling, reduced error on knock-ons",https://drop-assets.ea.com/images/1aGsvwKyIFlRG1eoJSS0Ot/a4d3d661ff962795a632fe86439d2146/Rapid.png,playStyle,Play Style,,,,,,,,,,,,,0,Men's Football,45,Spain,https://drop-assets.ea.com/images/Kv8okAYMsDbB3ZKbxrAXw/9d30c88d16a4c85002f35c6af412c6f7/f_45.png,461,Valencia CF,https://drop-assets.ea.com/images/3rBiULK7uv6Uim0qpaPGXG/123be59c7edf775fa3df08effc267f43/l461.png,false,16,LM,Left Midfielder,midfielder,Midfielder,80,0,76,0,72,0,75,0,60,0,47,0,73,0,78,0,63,0,74,0,65,0,37,0,41,0,76,0,77,0,80,0,52,0,14,0,15,0,13,0,14,0,12,0,59,0,35,0,68,0,70,0,81,0,72,0,65,0,62,0,80,0,77,0,75,0,75,0,72,0,30,0,81,0,30,0,75,0,65,0,,,,,,,,,,,,,,,,,
196978,1223,78,Callum,Wilson,,2/27/1992 12:00:00 AM,180,3,3,1,Premier League,66,https://ratings-images-prod.pulse.ea.com/FC25/full/player-portraits/p196978.png?padding=0.7,https://ratings-images-prod.pulse.ea.com/FC25/full/player-shields/en/196978.png?width=250,,,,,,,,,,,,,,,,,,,,,,,,,,,,,,,0,Men's Football,14,England,https://drop-assets.ea.com/images/6ZM1OFXGUFeV0ZaYVKj2z/ae88ef17f8cb179fbc1c463f7e1e4bd8/f_14.png,19,West Ham,https://drop-assets.ea.com/images/60X4vXPDgGISHaqyOdUGkg/c7def9840658d49d646e4895e9e04e94/l19.png,false,25,ST,Striker,attack,Attack,73,0,69,0,83,0,45,0,70,0,75,0,70,0,78,0,80,0,61,0,63,0,42,0,39,0,76,0,76,0,80,0,52,0,10,0,15,0,8,0,10,0,6,0,79,0,40,0,62,0,74,0,73,0,67,0,87,0,65,0,81,0,78,0,79,0,73,0,80,0,27,0,73,0,40,0,69,0,78,0,,,,,,,,,,,,,,,,,
202652,1224,78,Raheem,Sterling,,12/8/1994 12:00:00 AM,172,4,3,1,Premier League,69,https://ratings-images-prod.pulse.ea.com/FC25/full/player-portraits/p202652.png?padding=0.7,https://ratings-images-prod.pulse.ea.com/FC25/full/player-shields/en/202652.png?width=265,16,Left Midfielder,LM,12,Right Midfielder,RM,trait1_1,Finesse Shot,Faster finesse shots with more curve and accuracy,https://drop-assets.ea.com/images/468u1R1p2k1fA6WBHi0OEn/fb9d49ed2a8fb500cd5a184937b96b34/Finesse_Shot.png,playStyle,Play Style,trait1_2097152,Rapid,"Higher sprint speed while dribbling, reduced error on knock-ons",https://drop-assets.ea.com/images/1aGsvwKyIFlRG1eoJSS0Ot/a4d3d661ff962795a632fe86439d2146/Rapid.png,playStyle,Play Style,trait1_33554432,Quick Step,Faster acceleration during Explosive Sprint,https://drop-assets.ea.com/images/1xG25Zp3wvkLA5YewKiZah/f27f5fabd1e899fc0bbb817d2db233b1/Quick_Step.png,playStyle,Play Style,,,,,,,0,Men's Football,14,England,https://drop-assets.ea.com/images/6ZM1OFXGUFeV0ZaYVKj2z/ae88ef17f8cb179fbc1c463f7e1e4bd8/f_14.png,5,Chelsea,https://drop-assets.ea.com/images/6T0vfhzb3y9R6YVtmVwYcD/b99723a87536e30979c7cbdb8bba9310/l5.png,false,27,LW,Left Wing,attack,Attack,86,0,91,0,59,0,52,0,44,0,52,0,92,0,79,0,76,0,75,0,79,0,42,0,38,0,82,0,82,0,75,0,78,0,15,0,12,0,12,0,15,0,9,0,48,0,38,0,68,0,72,0,82,0,74,0,70,0,48,0,77,0,76,0,74,0,75,0,77,0,40,0,78,0,48,0,74,0,65,0,,,,,,,,,,,,,,,,,
238756,1226,78,Jørgen Strand,Larsen,,2/6/2000 12:00:00 AM,194,3,3,1,Premier League,79,https://ratings-images-prod.pulse.ea.com/FC25/full/player-portraits/p238756.png?padding=0.7,https://ratings-images-prod.pulse.ea.com/FC25/full/player-shields/en/238756.png?width=250,,,,,,,,,,,,,,,,,,,,,,,,,,,,,,,0,Men's Football,36,Norway,https://drop-assets.ea.com/images/kyD8KeqfkpF4AODggVj9z/999272a9ed21faa0d79c9ed626b89ec2/f_36.png,110,Wolves,https://drop-assets.ea.com/images/3DIKyPF6XcAgIrI3Wv0UBo/4b26ac5525105f84de13860ebe177633/l110.png,false,25,ST,Striker,attack,Attack,72,0,55,0,87,0,84,0,86,0,72,0,58,0,78,0,73,0,45,0,57,0,32,0,29,0,70,0,69,0,82,0,55,0,7,0,14,0,14,0,8,0,9,0,75,0,26,0,54,0,79,0,75,0,62,0,69,0,83,0,82,0,79,0,79,0,73,0,76,0,23,0,78,0,27,0,70,0,74,0,,,,,,,,,,,,,,,,,
243558,1227,78,Óscar Valentín,Martín Luengo,Óscar Valentín,8/20/1994 12:00:00 AM,177,2,3,1,LALIGA EA SPORTS,72,https://ratings-images-prod.pulse.ea.com/FC25/full/player-portraits/p243558.png?padding=0.7,https://ratings-images-prod.pulse.ea.com/FC25/full/player-shields/en/243558.png?width=265,14,Center Midfielder,CM,,,,trait1_524288,Aerial Fortress,Performs higher jumps and has physical defensive presence before and during aerial duels,https://drop-assets.ea.com/images/3rsDbUXd3MZX39YTsk6lKe/404db89f2237eeb7466668a730c52a4b/Aerial_Fortress.png,playStyle,Play Style,trait1_268435456,Bruiser,Stronger physical tackles,https://drop-assets.ea.com/images/7euMJ2jVypFrFPQesWuGGm/14019168b12faac1584a2920d5c2d5d9/Bruiser.png,playStyle,Play Style,,,,,,,,,,,,,0,Men's Football,45,Spain,https://drop-assets.ea.com/images/Kv8okAYMsDbB3ZKbxrAXw/9d30c88d16a4c85002f35c6af412c6f7/f_45.png,480,Rayo Vallecano,https://drop-assets.ea.com/images/3SSzCmmavBBvrdJVySdnrm/f51360f07320e2dba9520037d3789543/l480.png,false,10,CDM,Center Defensive Midfielder,midfielder,Midfielder,64,0,63,0,72,0,82,0,71,0,82,0,69,0,74,0,70,0,54,0,55,0,76,0,76,0,68,0,64,0,35,0,41,0,11,0,8,0,13,0,10,0,8,0,63,0,78,0,73,0,64,0,64,0,67,0,40,0,76,0,65,0,76,0,50,0,77,0,72,0,78,0,64,0,79,0,69,0,35,0,,,,,,,,,,,,,,,,,
253444,1228,78,Arnaud,Kalimuendo,,1/20/2002 12:00:00 AM,175,3,3,1,Premier League,79,https://ratings-images-prod.pulse.ea.com/FC25/full/player-portraits/p253444.png?padding=0.7,https://ratings-images-prod.pulse.ea.com/FC25/full/player-shields/en/253444.png?width=265,,,,,,,trait1_64,Low Driven Shot,"Enhances a player's ability to execute low driven shots with increased accuracy, faster ball travel, and quicker shot execution.",https://drop-assets.ea.com/images/1NfyWsEpQ7s9bhWWt92lbn/5b5dbeb0e55c2e9241cdc26c70ee2d2c/Low_Driven_Shot.png,playStyle,Play Style,,,,,,,,,,,,,,,,,,,0,Men's Football,18,France,https://drop-assets.ea.com/images/3ECAQzhfgSLWRf9IIHB6G8/7e235a7b2f93c1f73db7f89dc03b3657/f_18.png,14,Nott'm Forest,https://drop-assets.ea.com/images/60CgBQCMt7Dtcjip9xUxg8/5fa49387c380bf4772138b215ef4fd85/l14.png,false,25,ST,Striker,attack,Attack,82,0,75,0,85,0,73,0,72,0,64,0,86,0,78,0,79,0,57,0,67,0,29,0,32,0,78,0,78,0,81,0,56,0,9,0,12,0,9,0,14,0,8,0,72,0,23,0,54,0,78,0,80,0,63,0,78,0,71,0,80,0,77,0,80,0,69,0,79,0,17,0,78,0,21,0,68,0,75,0,,,,,,,,,,,,,,,,,
256325,1229,78,Josip,Šutalo,,2/28/2000 12:00:00 AM,185,2,3,1,Eredivisie,82,https://ratings-images-prod.pulse.ea.com/FC25/full/player-portraits/p256325.png?padding=0.7,https://ratings-images-prod.pulse.ea.com/FC25/full/player-shields/en/256325.png?width=265,,,,,,,trait1_65536,Intercept,Increased reach and possession retention in interceptions,https://drop-assets.ea.com/images/5ysv7Iw8jDHl7sp1JXqIa7/d34004fed8c95bde083dcf8257391a70/Intercept.png,playStyle,Play Style,trait1_131072,Anticipate,"Improved standing tackle success, possibility of stopping ball at feet",https://drop-assets.ea.com/images/4xPnUcL7thizFB7qmhlwUR/1ade7a0f77d5e875c2db869964540a35/Anticipate.png,playStyle,Play Style,,,,,,,,,,,,,0,Men's Football,10,Croatia,https://drop-assets.ea.com/images/4ZYNK06L8ZkJTrdtSby4NW/eb42cc852fc74ea3d3f5b8904fb5194f/f_10.png,,,,,5,CB,Center Back,defense,Defense,75,0,62,0,88,0,71,0,87,0,71,0,48,0,77,0,79,0,45,0,29,0,78,0,78,0,72,0,73,0,27,0,22,0,8,0,15,0,7,0,11,0,14,0,74,0,83,0,75,0,29,0,77,0,62,0,39,0,80,0,37,0,77,0,32,0,74,0,43,0,76,0,79,0,78,0,64,0,26,0,,,,,,,,,,,,,,,,,
266032,1230,78,Jamie,Gittens,,8/8/2004 12:00:00 AM,179,4,4,1,Premier League,77,https://ratings-images-prod.pulse.ea.com/FC25/full/player-portraits/p266032.png?padding=0.7,https://ratings-images-prod.pulse.ea.com/FC25/full/player-shields/en/266032.png?width=265,27,Left Wing,LW,,,,trait1_2097152,Rapid,"Higher sprint speed while dribbling, reduced error on knock-ons",https://drop-assets.ea.com/images/1aGsvwKyIFlRG1eoJSS0Ot/a4d3d661ff962795a632fe86439d2146/Rapid.png,playStyle,Play Style,trait1_33554432,Quick Step,Faster acceleration during Explosive Sprint,https://drop-assets.ea.com/images/1xG25Zp3wvkLA5YewKiZah/f27f5fabd1e899fc0bbb817d2db233b1/Quick_Step.png,playStyle,Play Style,,,,,,,,,,,,,0,Men's Football,14,England,https://drop-assets.ea.com/images/6ZM1OFXGUFeV0ZaYVKj2z/ae88ef17f8cb179fbc1c463f7e1e4bd8/f_14.png,5,Chelsea,https://drop-assets.ea.com/images/6T0vfhzb3y9R6YVtmVwYcD/b99723a87536e30979c7cbdb8bba9310/l5.png,false,16,LM,Left Midfielder,midfielder,Midfielder,94,0,90,0,64,0,79,0,54,0,43,0,87,0,80,0,73,0,69,0,72,0,27,0,26,0,84,0,87,0,75,0,44,0,6,0,5,0,12,0,7,0,8,0,42,0,29,0,57,0,68,0,92,0,66,0,53,0,59,0,77,0,77,0,73,0,71,0,79,0,30,0,90,0,22,0,64,0,65,0,,,,,,,,,,,,,,,,,
222104,1231,78,Tosin,Adarabioyo,,9/24/1997 12:00:00 AM,197,2,3,1,Premier League,80,https://ratings-images-prod.pulse.ea.com/FC25/full/player-portraits/p222104.png?padding=0.7,https://ratings-images-prod.pulse.ea.com/FC25/full/player-shields/en/222104.png?width=250,,,,,,,,,,,,,,,,,,,,,,,,,,,,,,,0,Men's Football,14,England,https://drop-assets.ea.com/images/6ZM1OFXGUFeV0ZaYVKj2z/ae88ef17f8cb179fbc1c463f7e1e4bd8/f_14.png,5,Chelsea,https://drop-assets.ea.com/images/6T0vfhzb3y9R6YVtmVwYcD/b99723a87536e30979c7cbdb8bba9310/l5.png,false,5,CB,Center Back,defense,Defense,63,0,42,0,84,0,68,0,84,0,78,0,35,0,75,0,77,0,43,0,53,0,78,0,78,0,64,0,62,0,40,0,33,0,14,0,11,0,11,0,8,0,9,0,76,0,77,0,73,0,54,0,70,0,63,0,37,0,79,0,35,0,76,0,46,0,77,0,60,0,77,0,76,0,80,0,60,0,30,0,,,,,,,,,,,,,,,,,
192387,1233,78,Ciro,Immobile,,2/20/1990 12:00:00 AM,185,3,4,1,Serie A Enilive,85,https://ratings-images-prod.pulse.ea.com/FC25/full/player-portraits/p192387.png?padding=0.7,https://ratings-images-prod.pulse.ea.com/FC25/full/player-shields/en/192387.png?width=265,18,Center Attacking Midfielder,CAM,,,,trait1_1,Finesse Shot,Faster finesse shots with more curve and accuracy,https://drop-assets.ea.com/images/468u1R1p2k1fA6WBHi0OEn/fb9d49ed2a8fb500cd5a184937b96b34/Finesse_Shot.png,playStyle,Play Style,trait1_4,Power Shot,Faster power shots with increased speed,https://drop-assets.ea.com/images/3ohVoKWSsvT44qgjabWqfV/e536ef26ad854c3c4cbf63ed7954b9cd/Power_Shot.png,playStyle,Play Style,trait1_16777216,Press Proven,"Close control at jog speed, shields ball more effectively",https://drop-assets.ea.com/images/5rUHwyLJRnvGV53Ba4Pj6M/9a3238695ae8103667ba02af391ac209/Press_Proven.png,playStyle,Play Style,,,,,,,0,Men's Football,27,Italy,https://drop-assets.ea.com/images/2WtjWPqYzT7xcMCbvajGZH/d06e9ec4734a0d43d88f65386cc3a484/f_27.png,189,Bologna,https://drop-assets.ea.com/images/46WRpnCKdCAJlQHuRwlxXF/a7ac6606d8a808d382d4dd5c484eb60e/l189.png,false,25,ST,Striker,attack,Attack,68,0,68,0,81,0,67,0,72,0,73,0,75,0,77,0,76,0,55,0,70,0,39,0,34,0,76,0,76,0,79,0,58,0,6,0,8,0,15,0,12,0,6,0,77,0,40,0,57,0,74,0,68,0,66,0,88,0,71,0,85,0,77,0,79,0,75,0,82,0,32,0,68,0,33,0,71,0,76,0,,,,,,,,,,,,,,,,,
241522,1234,78,Jonas,Wind,,2/7/1999 12:00:00 AM,190,4,3,1,Bundesliga,82,https://ratings-images-prod.pulse.ea.com/FC25/full/player-portraits/p241522.png?padding=0.7,https://ratings-images-prod.pulse.ea.com/FC25/full/player-shields/en/241522.png?width=265,18,Center Attacking Midfielder,CAM,,,,trait1_128,Gamechanger,Fancy and Trivela shots are performed with improved accuracy.,https://drop-assets.ea.com/images/2v8I0GQrtREaEJzJcyStKe/e46d719e4e5ed88ac5a1f671c7448f4a/Gamechanger.png,playStyle,Play Style,trait1_256,Incisive Pass,"Accurate through passes, curvier swerve passes, faster precision passes",https://drop-assets.ea.com/images/2K5BYfVYRnrdjt8F3hwI04/62f147b6a436c107bfa3d042c1d5728d/Incisive_Pass.png,playStyle,Play Style,trait1_16777216,Press Proven,"Close control at jog speed, shields ball more effectively",https://drop-assets.ea.com/images/5rUHwyLJRnvGV53Ba4Pj6M/9a3238695ae8103667ba02af391ac209/Press_Proven.png,playStyle,Play Style,,,,,,,0,Men's Football,13,Denmark,https://drop-assets.ea.com/images/6ueYG8kGNCY97fHWQ6LIZ7/9ad4b50beeb1d0d2a5d2bb5a8891336f/f_13.png,175,VfL Wolfsburg,https://drop-assets.ea.com/images/4mw5u30yjPmzh9OVqKB0YV/ad59c24a84c9afb0a877046fadeb9c9e/l175.png,false,25,ST,Striker,attack,Attack,66,0,71,0,87,0,73,0,82,0,67,0,69,0,81,0,77,0,58,0,73,0,37,0,35,0,77,0,77,0,82,0,65,0,7,0,10,0,10,0,11,0,9,0,81,0,35,0,70,0,73,0,57,0,72,0,73,0,77,0,81,0,81,0,79,0,79,0,82,0,22,0,50,0,29,0,78,0,76,0,,,,,,,,,,,,,,,,,
197948,1236,78,Florian,Lejeune,,5/20/1991 12:00:00 AM,190,2,3,1,LALIGA EA SPORTS,81,https://ratings-images-prod.pulse.ea.com/FC25/full/player-portraits/p197948.png?padding=0.7,https://ratings-images-prod.pulse.ea.com/FC25/full/player-shields/en/197948.png?width=265,,,,,,,trait1_8,Dead Ball,"Faster, accurate set pieces with longer trajectory preview",https://drop-assets.ea.com/images/1razu2wcM3XA82VvB7NyUm/eec6b07080e49d6bf2d7a7951a22375f/Dead_Ball.png,playStyle,Play Style,trait1_16,Precision Header,Performs headers with increased accuracy and power.,https://drop-assets.ea.com/images/3ync8fbblS4zLzF3p1VXmT/7752a5103c2ebd8be5cf1819379c66f4/Precision_Header.png,playStyle,Play Style,trait1_1024,Long Ball Pass,"Accurate, faster Lob and Lofted Through Passes",https://drop-assets.ea.com/images/7jwRDD4zkOsqRpc821t73d/16d46d57a5dfc7dd5dd5f8de0fd26a99/Long_Ball_Pass.png,playStyle,Play Style,trait1_65536,Intercept,Increased reach and possession retention in interceptions,https://drop-assets.ea.com/images/5ysv7Iw8jDHl7sp1JXqIa7/d34004fed8c95bde083dcf8257391a70/Intercept.png,playStyle,Play Style,0,Men's Football,18,France,https://drop-assets.ea.com/images/3ECAQzhfgSLWRf9IIHB6G8/7e235a7b2f93c1f73db7f89dc03b3657/f_18.png,480,Rayo Vallecano,https://drop-assets.ea.com/images/3SSzCmmavBBvrdJVySdnrm/f51360f07320e2dba9520037d3789543/l480.png,false,5,CB,Center Back,defense,Defense,50,0,52,0,80,0,66,0,83,0,80,0,52,0,73,0,76,0,51,0,57,0,78,0,78,0,65,0,62,0,52,0,75,0,11,0,15,0,15,0,12,0,7,0,76,0,80,0,76,0,72,0,49,0,67,0,43,0,78,0,50,0,77,0,61,0,78,0,83,0,77,0,48,0,78,0,55,0,42,0,,,,,trait1_524288,Aerial Fortress,Performs higher jumps and has physical defensive presence before and during aerial duels,https://drop-assets.ea.com/images/3rsDbUXd3MZX39YTsk6lKe/404db89f2237eeb7466668a730c52a4b/Aerial_Fortress.png,playStyle,Play Style,,,,,,,
253002,1238,78,Giacomo,Raspadori,,2/18/2000 12:00:00 AM,172,4,5,1,LALIGA EA SPORTS,69,https://ratings-images-prod.pulse.ea.com/FC25/full/player-portraits/p253002.png?padding=0.7,https://ratings-images-prod.pulse.ea.com/FC25/full/player-shields/en/253002.png?width=265,18,Center Attacking Midfielder,CAM,27,Left Wing,LW,trait1_128,Gamechanger,Fancy and Trivela shots are performed with improved accuracy.,https://drop-assets.ea.com/images/2v8I0GQrtREaEJzJcyStKe/e46d719e4e5ed88ac5a1f671c7448f4a/Gamechanger.png,playStyle,Play Style,trait1_1048576,Technical,"Faster Controlled Sprint, precise wide turns while dribbling",https://drop-assets.ea.com/images/5Esx7NK4YBU44O4bo07rvb/69ca9417da7fd07905f6c6956ad93f6d/Technical.png,playStyle,Play Style,,,,,,,,,,,,,0,Men's Football,27,Italy,https://drop-assets.ea.com/images/2WtjWPqYzT7xcMCbvajGZH/d06e9ec4734a0d43d88f65386cc3a484/f_27.png,240,Atlético de Madrid,https://drop-assets.ea.com/images/vYcueolPvaGx8blMqhPZ5/5dc3479fc8b85d475fd980c53fc2056f/l240.png,false,25,ST,Striker,attack,Attack,83,0,80,0,75,0,60,0,55,0,59,0,83,0,84,0,80,0,56,0,69,0,28,0,24,0,84,0,85,0,79,0,60,0,13,0,14,0,7,0,7,0,9,0,69,0,26,0,66,0,78,0,78,0,71,0,76,0,58,0,81,0,79,0,78,0,80,0,76,0,21,0,74,0,23,0,76,0,79,0,,,,,,,,,,,,,,,,,
189805,1240,78,Luuk,de Jong,,8/27/1990 12:00:00 AM,189,3,5,1,Liga Portugal,86,https://ratings-images-prod.pulse.ea.com/FC25/full/player-portraits/p189805.png?padding=0.7,https://ratings-images-prod.pulse.ea.com/FC25/full/player-shields/en/189805.png?width=265,,,,,,,trait1_524288,Aerial Fortress,Performs higher jumps and has physical defensive presence before and during aerial duels,https://drop-assets.ea.com/images/3rsDbUXd3MZX39YTsk6lKe/404db89f2237eeb7466668a730c52a4b/Aerial_Fortress.png,playStyle,Play Style,trait1_4194304,First Touch,"Reduced trapping error, faster dribbling transition",https://drop-assets.ea.com/images/3f727XsoDVLbT49oMk0HBu/2787568be8ccb2d5daa2d18fabacad97/First_Touch.png,playStyle,Play Style,icontrait1_16,Precision Header+,Performs headers with greatly increased accuracy and power.,https://drop-assets.ea.com/images/1JxoSvhU54BcmD9DE5rVqT/34b15f2ac73c9c02db1552d306fbccbe/Precision_Header_.png,playStylePlus,Play Style Plus,,,,,,,0,Men's Football,34,Holland,https://drop-assets.ea.com/images/7LmdSUm2Ge4fzqcz0NElvq/d272142c80713dcf0e5ec0a47232aeee/f_34.png,236,FC Porto,https://drop-assets.ea.com/images/3rIoG9U8fPPfaXZiGOGtvw/37c0c0ceefe454e9c299d4cc1852671f/l236.png,false,25,ST,Striker,attack,Attack,41,0,51,0,92,0,71,0,87,0,66,0,55,0,81,0,80,0,66,0,63,0,55,0,50,0,72,0,70,0,78,0,69,0,16,0,10,0,8,0,8,0,11,0,93,0,45,0,65,0,69,0,40,0,72,0,72,0,79,0,86,0,80,0,78,0,79,0,83,0,47,0,39,0,55,0,75,0,82,0,,,,,,,,,,,,,,,,,
256420,1241,78,Malick,Fofana,,3/31/2005 12:00:00 AM,170,4,5,1,Ligue 1 McDonald's,60,https://ratings-images-prod.pulse.ea.com/FC25/full/player-portraits/p256420.png?padding=0.7,https://ratings-images-prod.pulse.ea.com/FC25/full/player-shields/en/256420.png?width=265,27,Left Wing,LW,,,,trait1_128,Gamechanger,Fancy and Trivela shots are performed with improved accuracy.,https://drop-assets.ea.com/images/2v8I0GQrtREaEJzJcyStKe/e46d719e4e5ed88ac5a1f671c7448f4a/Gamechanger.png,playStyle,Play Style,trait1_1048576,Technical,"Faster Controlled Sprint, precise wide turns while dribbling",https://drop-assets.ea.com/images/5Esx7NK4YBU44O4bo07rvb/69ca9417da7fd07905f6c6956ad93f6d/Technical.png,playStyle,Play Style,,,,,,,,,,,,,0,Men's Football,7,Belgium,https://drop-assets.ea.com/images/7eZLPoDDyxSlQoqcS4NVA2/6fc085dc7e85ccd7519be7ff2df875ee/f_7.png,66,OL,https://drop-assets.ea.com/images/s2BAEtejMk8pyJDqN3uyR/9938fd597d35ed59158d5b441aa07455/l66.png,false,16,LM,Left Midfielder,midfielder,Midfielder,87,0,89,0,51,0,69,0,36,0,51,0,89,0,79,0,77,0,71,0,64,0,40,0,41,0,82,0,84,0,74,0,52,0,11,0,6,0,13,0,11,0,9,0,32,0,35,0,64,0,66,0,86,0,70,0,58,0,48,0,74,0,75,0,69,0,74,0,64,0,41,0,86,0,43,0,71,0,62,0,,,,,,,,,,,,,,,,,
270050,1242,78,Mika,Biereth,,2/8/2003 12:00:00 AM,187,3,3,1,Ligue 1 McDonald's,78,https://ratings-images-prod.pulse.ea.com/FC25/full/player-portraits/p270050.png?padding=0.7,https://ratings-images-prod.pulse.ea.com/FC25/full/player-shields/en/270050.png?width=250,,,,,,,,,,,,,,,,,,,,,,,,,,,,,,,0,Men's Football,13,Denmark,https://drop-assets.ea.com/images/6ueYG8kGNCY97fHWQ6LIZ7/9ad4b50beeb1d0d2a5d2bb5a8891336f/f_13.png,69,AS Monaco,https://drop-assets.ea.com/images/6XicH1VsjyR3WbTdpk99p3/8b11b6c53072e6c9c042eb77f3c6a8f4/l69.png,false,25,ST,Striker,attack,Attack,69,0,64,0,85,0,73,0,79,0,69,0,68,0,75,0,77,0,57,0,62,0,31,0,29,0,72,0,70,0,83,0,50,0,10,0,10,0,11,0,15,0,6,0,79,0,24,0,58,0,70,0,75,0,63,0,72,0,76,0,82,0,78,0,78,0,69,0,78,0,28,0,79,0,23,0,68,0,76,0,,,,,,,,,,,,,,,,,
236506,1243,78,Marcos,Senesi,,5/10/1997 12:00:00 AM,185,3,4,2,Premier League,80,https://ratings-images-prod.pulse.ea.com/FC25/full/player-portraits/p236506.png?padding=0.7,https://ratings-images-prod.pulse.ea.com/FC25/full/player-shields/en/236506.png?width=265,,,,,,,trait1_1024,Long Ball Pass,"Accurate, faster Lob and Lofted Through Passes",https://drop-assets.ea.com/images/7jwRDD4zkOsqRpc821t73d/16d46d57a5dfc7dd5dd5f8de0fd26a99/Long_Ball_Pass.png,playStyle,Play Style,,,,,,,,,,,,,,,,,,,0,Men's Football,52,Argentina,https://drop-assets.ea.com/images/4xMXjEt7CFJ6JENYeG45Sk/836d733dc1642c5e4ab3338d91481436/f_52.png,1943,AFC Bournemouth,https://drop-assets.ea.com/images/5Z6J6MhqjuJVwE7SVnfr5E/6075ff3239d67bdf8258a067ed93ccdb/l1943.png,false,5,CB,Center Back,defense,Defense,62,0,65,0,82,0,63,0,78,0,80,0,60,0,75,0,76,0,63,0,42,0,79,0,79,0,72,0,73,0,32,0,32,0,10,0,13,0,11,0,7,0,8,0,76,0,79,0,81,0,52,0,56,0,70,0,40,0,75,0,32,0,76,0,42,0,76,0,55,0,79,0,51,0,79,0,75,0,58,0,,,,,,,,,,,,,,,,,
214092,1244,78,Aleksey,Miranchuk,,10/17/1995 12:00:00 AM,182,3,2,2,MLS,74,https://ratings-images-prod.pulse.ea.com/FC25/full/player-portraits/p214092.png?padding=0.7,https://ratings-images-prod.pulse.ea.com/FC25/full/player-shields/en/214092.png?width=265,14,Center Midfielder,CM,27,Left Wing,LW,trait1_1,Finesse Shot,Faster finesse shots with more curve and accuracy,https://drop-assets.ea.com/images/468u1R1p2k1fA6WBHi0OEn/fb9d49ed2a8fb500cd5a184937b96b34/Finesse_Shot.png,playStyle,Play Style,trait1_256,Incisive Pass,"Accurate through passes, curvier swerve passes, faster precision passes",https://drop-assets.ea.com/images/2K5BYfVYRnrdjt8F3hwI04/62f147b6a436c107bfa3d042c1d5728d/Incisive_Pass.png,playStyle,Play Style,trait1_8192,Inventive,Fancy and Trivela passes are performed with improved accuracy.,https://drop-assets.ea.com/images/4fpo31RdL5T0vrzNqcSc4x/f82209bfd51270dcc447d4313b3e61f1/Inventive.png,playStyle,Play Style,trait1_1048576,Technical,"Faster Controlled Sprint, precise wide turns while dribbling",https://drop-assets.ea.com/images/5Esx7NK4YBU44O4bo07rvb/69ca9417da7fd07905f6c6956ad93f6d/Technical.png,playStyle,Play Style,0,Men's Football,40,Russia,https://drop-assets.ea.com/images/1iYEXly8k4I5lLGTeWXwqw/911c8ed4956cb7df9b8f05b166ec51b1/f_40.png,112885,Atlanta United,https://drop-assets.ea.com/images/7eEpDrKitxMaqo5dk0Kude/7c71b8ba391e5c5cd891bdc1fc5f1111/l112885.png,false,18,CAM,Center Attacking Midfielder,midfielder,Midfielder,75,0,79,0,71,0,71,0,60,0,43,0,78,0,82,0,78,0,72,0,75,0,31,0,22,0,81,0,83,0,74,0,72,0,8,0,8,0,9,0,12,0,15,0,62,0,36,0,78,0,76,0,71,0,77,0,72,0,60,0,77,0,75,0,73,0,81,0,68,0,29,0,67,0,28,0,76,0,67,0,,,,,,,,,,,,,,,,,
219693,1245,78,Diego Carlos,Santos Silva,Diego Carlos,3/15/1993 12:00:00 AM,186,3,4,1,Serie A Enilive,79,https://ratings-images-prod.pulse.ea.com/FC25/full/player-portraits/p219693.png?padding=0.7,https://ratings-images-prod.pulse.ea.com/FC25/full/player-shields/en/219693.png?width=265,,,,,,,trait1_1024,Long Ball Pass,"Accurate, faster Lob and Lofted Through Passes",https://drop-assets.ea.com/images/7jwRDD4zkOsqRpc821t73d/16d46d57a5dfc7dd5dd5f8de0fd26a99/Long_Ball_Pass.png,playStyle,Play Style,trait1_131072,Anticipate,"Improved standing tackle success, possibility of stopping ball at feet",https://drop-assets.ea.com/images/4xPnUcL7thizFB7qmhlwUR/1ade7a0f77d5e875c2db869964540a35/Anticipate.png,playStyle,Play Style,,,,,,,,,,,,,0,Men's Football,54,Brazil,https://drop-assets.ea.com/images/1zdNn1R9tRlfQ3lsbAOecD/a606f742789b6306363383a6e20dd003/f_54.png,1745,Como,https://drop-assets.ea.com/images/3y8mulzaICjwfi7inFVld2/ec9c71566982f8df59f26e81745143ec/l1745.png,false,5,CB,Center Back,defense,Defense,54,0,62,0,83,0,50,0,87,0,80,0,47,0,71,0,75,0,35,0,54,0,78,0,79,0,67,0,65,0,32,0,69,0,7,0,10,0,14,0,7,0,11,0,77,0,78,0,72,0,57,0,63,0,62,0,41,0,76,0,52,0,74,0,47,0,73,0,73,0,77,0,70,0,79,0,63,0,34,0,,,,,,,,,,,,,,,,,
224221,1246,78,Joachim,Andersen,,5/31/1996 12:00:00 AM,192,2,4,1,Premier League,90,https://ratings-images-prod.pulse.ea.com/FC25/full/player-portraits/p224221.png?padding=0.7,https://ratings-images-prod.pulse.ea.com/FC25/full/player-shields/en/224221.png?width=265,,,,,,,trait1_1024,Long Ball Pass,"Accurate, faster Lob and Lofted Through Passes",https://drop-assets.ea.com/images/7jwRDD4zkOsqRpc821t73d/16d46d57a5dfc7dd5dd5f8de0fd26a99/Long_Ball_Pass.png,playStyle,Play Style,trait1_65536,Intercept,Increased reach and possession retention in interceptions,https://drop-assets.ea.com/images/5ysv7Iw8jDHl7sp1JXqIa7/d34004fed8c95bde083dcf8257391a70/Intercept.png,playStyle,Play Style,trait1_524288,Aerial Fortress,Performs higher jumps and has physical defensive presence before and during aerial duels,https://drop-assets.ea.com/images/3rsDbUXd3MZX39YTsk6lKe/404db89f2237eeb7466668a730c52a4b/Aerial_Fortress.png,playStyle,Play Style,trait1_268435456,Bruiser,Stronger physical tackles,https://drop-assets.ea.com/images/7euMJ2jVypFrFPQesWuGGm/14019168b12faac1584a2920d5c2d5d9/Bruiser.png,playStyle,Play Style,0,Men's Football,13,Denmark,https://drop-assets.ea.com/images/6ueYG8kGNCY97fHWQ6LIZ7/9ad4b50beeb1d0d2a5d2bb5a8891336f/f_13.png,144,Fulham,https://drop-assets.ea.com/images/1YL8ULAZyOPtffpFGZcGe8/84ec5701079276f33aa349d253fa0321/l144.png,false,5,CB,Center Back,defense,Defense,36,0,47,0,70,0,70,0,87,0,86,0,50,0,68,0,78,0,54,0,67,0,78,0,79,0,65,0,66,0,51,0,56,0,13,0,7,0,9,0,15,0,14,0,77,0,79,0,86,0,58,0,39,0,71,0,44,0,82,0,45,0,78,0,57,0,77,0,75,0,78,0,42,0,78,0,69,0,55,0,,,,,,,,,,,,,,,,,
279709,1247,78,Lucas,Lopes Beraldo,Lucas Beraldo,11/24/2003 12:00:00 AM,182,2,2,2,Ligue 1 McDonald's,78,https://ratings-images-prod.pulse.ea.com/FC25/full/player-portraits/p279709.png?padding=0.7,https://ratings-images-prod.pulse.ea.com/FC25/full/player-shields/en/279709.png?width=265,7,Left Back,LB,16,Left Midfielder,LM,trait1_512,Pinged Pass,Faster ground passes without affecting receiver's trapping,https://drop-assets.ea.com/images/1mXBWIBgJSpYoIa1C4r5FX/7220e78a4049530f4e9fa642b1656fa4/Pinged_Pass.png,playStyle,Play Style,trait1_262144,Slide Tackle,Stops ball at feet during slide tackles,https://drop-assets.ea.com/images/7mI1lrxE0pv9iJfQFki9OA/8c1ecac325f923e049be72231c8c968a/Slide_Tackle.png,playStyle,Play Style,,,,,,,,,,,,,0,Men's Football,54,Brazil,https://drop-assets.ea.com/images/1zdNn1R9tRlfQ3lsbAOecD/a606f742789b6306363383a6e20dd003/f_54.png,73,Paris SG,https://drop-assets.ea.com/images/2QwnhmHh5K7bjkfZAF7ZCi/7c53874542fb5c606ff810a4b1f6b88b/l73.png,true,5,CB,Center Back,defense,Defense,61,0,60,0,81,0,63,0,76,0,84,0,60,0,72,0,70,0,59,0,58,0,79,0,80,0,68,0,66,0,34,0,34,0,11,0,14,0,15,0,12,0,8,0,76,0,77,0,72,0,31,0,66,0,66,0,46,0,75,0,35,0,77,0,38,0,78,0,56,0,77,0,70,0,82,0,59,0,30,0,,,,,,,,,,,,,,,,,
208137,1249,78,Lucas,Torró Marset,Lucas Torró,7/19/1994 12:00:00 AM,190,2,3,1,LALIGA EA SPORTS,77,https://ratings-images-prod.pulse.ea.com/FC25/full/player-portraits/p208137.png?padding=0.7,https://ratings-images-prod.pulse.ea.com/FC25/full/player-shields/en/208137.png?width=265,14,Center Midfielder,CM,,,,trait1_65536,Intercept,Increased reach and possession retention in interceptions,https://drop-assets.ea.com/images/5ysv7Iw8jDHl7sp1JXqIa7/d34004fed8c95bde083dcf8257391a70/Intercept.png,playStyle,Play Style,trait1_524288,Aerial Fortress,Performs higher jumps and has physical defensive presence before and during aerial duels,https://drop-assets.ea.com/images/3rsDbUXd3MZX39YTsk6lKe/404db89f2237eeb7466668a730c52a4b/Aerial_Fortress.png,playStyle,Play Style,trait1_16777216,Press Proven,"Close control at jog speed, shields ball more effectively",https://drop-assets.ea.com/images/5rUHwyLJRnvGV53Ba4Pj6M/9a3238695ae8103667ba02af391ac209/Press_Proven.png,playStyle,Play Style,,,,,,,0,Men's Football,45,Spain,https://drop-assets.ea.com/images/Kv8okAYMsDbB3ZKbxrAXw/9d30c88d16a4c85002f35c6af412c6f7/f_45.png,479,CA Osasuna,https://drop-assets.ea.com/images/5T0gPuxPGVG3BLEP9wYxLx/8be8ef52e215bc47956d1084f702409d/l479.png,false,10,CDM,Center Defensive Midfielder,midfielder,Midfielder,46,0,63,0,73,0,78,0,75,0,73,0,40,0,78,0,69,0,52,0,58,0,76,0,74,0,68,0,64,0,59,0,52,0,13,0,14,0,7,0,12,0,16,0,75,0,75,0,78,0,69,0,39,0,69,0,57,0,75,0,59,0,74,0,63,0,80,0,73,0,76,0,34,0,79,0,69,0,46,0,,,,,,,,,,,,,,,,,
232658,1250,78,Danilho,Doekhi,,6/30/1998 12:00:00 AM,190,2,3,1,Bundesliga,86,https://ratings-images-prod.pulse.ea.com/FC25/full/player-portraits/p232658.png?padding=0.7,https://ratings-images-prod.pulse.ea.com/FC25/full/player-shields/en/232658.png?width=265,,,,,,,trait1_16,Precision Header,Performs headers with increased accuracy and power.,https://drop-assets.ea.com/images/3ync8fbblS4zLzF3p1VXmT/7752a5103c2ebd8be5cf1819379c66f4/Precision_Header.png,playStyle,Play Style,trait1_65536,Intercept,Increased reach and possession retention in interceptions,https://drop-assets.ea.com/images/5ysv7Iw8jDHl7sp1JXqIa7/d34004fed8c95bde083dcf8257391a70/Intercept.png,playStyle,Play Style,trait1_131072,Anticipate,"Improved standing tackle success, possibility of stopping ball at feet",https://drop-assets.ea.com/images/4xPnUcL7thizFB7qmhlwUR/1ade7a0f77d5e875c2db869964540a35/Anticipate.png,playStyle,Play Style,trait1_524288,Aerial Fortress,Performs higher jumps and has physical defensive presence before and during aerial duels,https://drop-assets.ea.com/images/3rsDbUXd3MZX39YTsk6lKe/404db89f2237eeb7466668a730c52a4b/Aerial_Fortress.png,playStyle,Play Style,0,Men's Football,34,Holland,https://drop-assets.ea.com/images/7LmdSUm2Ge4fzqcz0NElvq/d272142c80713dcf0e5ec0a47232aeee/f_34.png,1831,Union Berlin,https://drop-assets.ea.com/images/32dPG6jDXuIAOhWKeTYmeG/8d2df657c666abfbf84baaa732140a2a/l1831.png,false,5,CB,Center Back,defense,Defense,57,0,64,0,86,0,80,0,86,0,76,0,59,0,69,0,75,0,46,0,39,0,78,0,79,0,65,0,60,0,39,0,29,0,9,0,9,0,10,0,13,0,14,0,83,0,75,0,68,0,31,0,63,0,59,0,33,0,83,0,49,0,76,0,42,0,70,0,61,0,74,0,68,0,79,0,57,0,39,0,,,,,,,,,,,,,,,,,
244767,1251,78,Carlos,Vicente Robles,Carlos Vicente,4/23/1999 12:00:00 AM,179,3,3,1,LALIGA EA SPORTS,69,https://ratings-images-prod.pulse.ea.com/FC25/full/player-portraits/p244767.png?padding=0.7,https://ratings-images-prod.pulse.ea.com/FC25/full/player-shields/en/244767.png?width=250,23,Right Wing,RW,3,Right Back,RB,,,,,,,,,,,,,,,,,,,,,,,,,0,Men's Football,45,Spain,https://drop-assets.ea.com/images/Kv8okAYMsDbB3ZKbxrAXw/9d30c88d16a4c85002f35c6af412c6f7/f_45.png,463,D. Alavés,https://drop-assets.ea.com/images/5VGQ2vTkXWSoS9l8HL69Yi/2bc91cc1635bacb9cd0418a4f94400fa/l463.png,false,12,RM,Right Midfielder,midfielder,Midfielder,80,0,68,0,69,0,74,0,58,0,36,0,75,0,78,0,69,0,78,0,68,0,31,0,26,0,76,0,78,0,75,0,56,0,14,0,15,0,11,0,6,0,8,0,56,0,27,0,73,0,70,0,79,0,74,0,63,0,58,0,76,0,74,0,72,0,76,0,73,0,36,0,79,0,30,0,74,0,60,0,,,,,,,,,,,,,,,,,
212419,1253,78,Tyrone,Mings,,3/13/1993 12:00:00 AM,196,2,2,2,Premier League,77,https://ratings-images-prod.pulse.ea.com/FC25/full/player-portraits/p212419.png?padding=0.7,https://ratings-images-prod.pulse.ea.com/FC25/full/player-shields/en/212419.png?width=265,,,,,,,trait1_1024,Long Ball Pass,"Accurate, faster Lob and Lofted Through Passes",https://drop-assets.ea.com/images/7jwRDD4zkOsqRpc821t73d/16d46d57a5dfc7dd5dd5f8de0fd26a99/Long_Ball_Pass.png,playStyle,Play Style,trait1_268435456,Bruiser,Stronger physical tackles,https://drop-assets.ea.com/images/7euMJ2jVypFrFPQesWuGGm/14019168b12faac1584a2920d5c2d5d9/Bruiser.png,playStyle,Play Style,,,,,,,,,,,,,0,Men's Football,14,England,https://drop-assets.ea.com/images/6ZM1OFXGUFeV0ZaYVKj2z/ae88ef17f8cb179fbc1c463f7e1e4bd8/f_14.png,2,Aston Villa,https://drop-assets.ea.com/images/57c0ppYsEA88xL0gxqce8K/99605df97c6a96ea3b6e8a424c217af0/l2.png,false,5,CB,Center Back,defense,Defense,49,0,34,0,80,0,51,0,85,0,86,0,42,0,67,0,71,0,70,0,53,0,78,0,78,0,64,0,68,0,37,0,37,0,7,0,10,0,13,0,7,0,15,0,77,0,76,0,75,0,42,0,58,0,67,0,45,0,76,0,53,0,75,0,44,0,75,0,61,0,80,0,66,0,78,0,57,0,34,0,,,,,,,,,,,,,,,,,
235949,1254,78,Gabriel Tadeu,Strefezza Rebelato,Gabriel Strefezza,4/18/1997 12:00:00 AM,168,3,3,1,Hellas Liga,63,https://ratings-images-prod.pulse.ea.com/FC25/full/player-portraits/p235949.png?padding=0.7,https://ratings-images-prod.pulse.ea.com/FC25/full/player-shields/en/235949.png?width=265,16,Left Midfielder,LM,23,Right Wing,RW,trait1_8,Dead Ball,"Faster, accurate set pieces with longer trajectory preview",https://drop-assets.ea.com/images/1razu2wcM3XA82VvB7NyUm/eec6b07080e49d6bf2d7a7951a22375f/Dead_Ball.png,playStyle,Play Style,trait1_256,Incisive Pass,"Accurate through passes, curvier swerve passes, faster precision passes",https://drop-assets.ea.com/images/2K5BYfVYRnrdjt8F3hwI04/62f147b6a436c107bfa3d042c1d5728d/Incisive_Pass.png,playStyle,Play Style,trait1_8192,Inventive,Fancy and Trivela passes are performed with improved accuracy.,https://drop-assets.ea.com/images/4fpo31RdL5T0vrzNqcSc4x/f82209bfd51270dcc447d4313b3e61f1/Inventive.png,playStyle,Play Style,trait1_33554432,Quick Step,Faster acceleration during Explosive Sprint,https://drop-assets.ea.com/images/1xG25Zp3wvkLA5YewKiZah/f27f5fabd1e899fc0bbb817d2db233b1/Quick_Step.png,playStyle,Play Style,0,Men's Football,54,Brazil,https://drop-assets.ea.com/images/1zdNn1R9tRlfQ3lsbAOecD/a606f742789b6306363383a6e20dd003/f_54.png,280,Olympiacos FC,https://drop-assets.ea.com/images/2hyiQlv23Ipa7IOEtN7qAv/39a4514bd5a02d0d6db09d8eb2564c8f/l280.png,false,12,RM,Right Midfielder,midfielder,Midfielder,92,0,91,0,51,0,81,0,33,0,50,0,87,0,77,0,68,0,75,0,76,0,31,0,36,0,79,0,78,0,70,0,50,0,15,0,15,0,8,0,10,0,6,0,31,0,34,0,69,0,71,0,87,0,73,0,54,0,49,0,76,0,72,0,68,0,75,0,64,0,28,0,83,0,25,0,74,0,51,0,,,,,,,,,,,,,,,,,
246785,1255,78,Bryan,Gil Salvatierra,Bryan Gil,2/11/2001 12:00:00 AM,175,3,3,2,LALIGA EA SPORTS,60,https://ratings-images-prod.pulse.ea.com/FC25/full/player-portraits/p246785.png?padding=0.7,https://ratings-images-prod.pulse.ea.com/FC25/full/player-shields/en/246785.png?width=265,27,Left Wing,LW,12,Right Midfielder,RM,trait1_1048576,Technical,"Faster Controlled Sprint, precise wide turns while dribbling",https://drop-assets.ea.com/images/5Esx7NK4YBU44O4bo07rvb/69ca9417da7fd07905f6c6956ad93f6d/Technical.png,playStyle,Play Style,,,,,,,,,,,,,,,,,,,0,Men's Football,45,Spain,https://drop-assets.ea.com/images/Kv8okAYMsDbB3ZKbxrAXw/9d30c88d16a4c85002f35c6af412c6f7/f_45.png,110062,Girona FC,https://drop-assets.ea.com/images/40lM20ITshJSKsZtWMGQ8m/3f11cea65b14635cc29654b6ba13c0b6/l110062.png,false,16,LM,Left Midfielder,midfielder,Midfielder,86,0,88,0,50,0,54,0,32,0,64,0,79,0,79,0,81,0,78,0,75,0,31,0,31,0,81,0,81,0,73,0,72,0,13,0,10,0,14,0,6,0,6,0,34,0,30,0,72,0,68,0,84,0,75,0,52,0,45,0,75,0,75,0,70,0,76,0,69,0,30,0,82,0,32,0,75,0,66,0,,,,,,,,,,,,,,,,,
269087,1257,78,Leny,Yoro,,11/13/2005 12:00:00 AM,190,2,3,1,Premier League,75,https://ratings-images-prod.pulse.ea.com/FC25/full/player-portraits/p269087.png?padding=0.7,https://ratings-images-prod.pulse.ea.com/FC25/full/player-shields/en/269087.png?width=250,,,,,,,,,,,,,,,,,,,,,,,,,,,,,,,0,Men's Football,18,France,https://drop-assets.ea.com/images/3ECAQzhfgSLWRf9IIHB6G8/7e235a7b2f93c1f73db7f89dc03b3657/f_18.png,11,Man Utd,https://drop-assets.ea.com/images/5xxJeUfFY6FEQZEJyJK35/990979becf88b88ecb6461dc441c2ebf/l11.png,false,5,CB,Center Back,defense,Defense,65,0,55,0,81,0,69,0,75,0,73,0,61,0,69,0,72,0,47,0,37,0,79,0,77,0,64,0,60,0,38,0,32,0,13,0,7,0,5,0,14,0,14,0,76,0,79,0,58,0,37,0,69,0,60,0,40,0,73,0,41,0,79,0,41,0,75,0,51,0,80,0,72,0,82,0,60,0,35,0,,,,,,,,,,,,,,,,,
220821,1258,78,Carl,Starfelt,,6/1/1995 12:00:00 AM,187,2,3,1,LALIGA EA SPORTS,80,https://ratings-images-prod.pulse.ea.com/FC25/full/player-portraits/p220821.png?padding=0.7,https://ratings-images-prod.pulse.ea.com/FC25/full/player-shields/en/220821.png?width=265,,,,,,,trait1_32768,Block,Increased reach and success in blocking,https://drop-assets.ea.com/images/2Rlftzr8lqUdI29suCQVWe/43c6c36e8bd5fa26b88478d4354611a2/Block.png,playStyle,Play Style,trait1_65536,Intercept,Increased reach and possession retention in interceptions,https://drop-assets.ea.com/images/5ysv7Iw8jDHl7sp1JXqIa7/d34004fed8c95bde083dcf8257391a70/Intercept.png,playStyle,Play Style,trait1_524288,Aerial Fortress,Performs higher jumps and has physical defensive presence before and during aerial duels,https://drop-assets.ea.com/images/3rsDbUXd3MZX39YTsk6lKe/404db89f2237eeb7466668a730c52a4b/Aerial_Fortress.png,playStyle,Play Style,,,,,,,0,Men's Football,46,Sweden,https://drop-assets.ea.com/images/4ts7Tmr55hzylhHNBA5xsw/073e32f2c968ae9d531bb1d013a350a0/f_46.png,450,Celta,https://drop-assets.ea.com/images/3t0uDwxQg2iWoXop58je1a/d5c49ec269ace3a1ad2ded5fb2e8a9ec/l450.png,false,5,CB,Center Back,defense,Defense,68,0,67,0,84,0,74,0,80,0,78,0,65,0,69,0,67,0,27,0,33,0,78,0,77,0,68,0,68,0,25,0,24,0,8,0,15,0,13,0,7,0,8,0,77,0,77,0,66,0,23,0,74,0,56,0,39,0,78,0,32,0,77,0,31,0,76,0,52,0,77,0,78,0,79,0,56,0,26,0,,,,,,,,,,,,,,,,,
255106,1260,78,Loïc,Badé,,4/11/2000 12:00:00 AM,191,2,3,1,Bundesliga,89,https://ratings-images-prod.pulse.ea.com/FC25/full/player-portraits/p255106.png?padding=0.7,https://ratings-images-prod.pulse.ea.com/FC25/full/player-shields/en/255106.png?width=265,,,,,,,trait1_16384,Jockey,"Faster Sprint Jockey, better transition speed",https://drop-assets.ea.com/images/7lHjpOBSghE6Ywt1jgVv1C/21f9914d00f073d79d4b46cac71b9087/Jockey.png,playStyle,Play Style,trait1_65536,Intercept,Increased reach and possession retention in interceptions,https://drop-assets.ea.com/images/5ysv7Iw8jDHl7sp1JXqIa7/d34004fed8c95bde083dcf8257391a70/Intercept.png,playStyle,Play Style,trait1_131072,Anticipate,"Improved standing tackle success, possibility of stopping ball at feet",https://drop-assets.ea.com/images/4xPnUcL7thizFB7qmhlwUR/1ade7a0f77d5e875c2db869964540a35/Anticipate.png,playStyle,Play Style,trait1_524288,Aerial Fortress,Performs higher jumps and has physical defensive presence before and during aerial duels,https://drop-assets.ea.com/images/3rsDbUXd3MZX39YTsk6lKe/404db89f2237eeb7466668a730c52a4b/Aerial_Fortress.png,playStyle,Play Style,0,Men's Football,18,France,https://drop-assets.ea.com/images/3ECAQzhfgSLWRf9IIHB6G8/7e235a7b2f93c1f73db7f89dc03b3657/f_18.png,32,Leverkusen,https://drop-assets.ea.com/images/mGqQw1um1ucUAshcK0Eop/9c7fe656f526c98b217ff2a052377b5c/l32.png,false,5,CB,Center Back,defense,Defense,54,0,56,0,81,0,65,0,84,0,78,0,37,0,75,0,73,0,31,0,35,0,78,0,77,0,66,0,63,0,45,0,23,0,7,0,6,0,14,0,7,0,7,0,76,0,78,0,63,0,44,0,61,0,56,0,33,0,78,0,33,0,75,0,45,0,74,0,59,0,77,0,66,0,81,0,57,0,24,0,,,,,,,,,,,,,,,,,
262394,1261,78,Sam,Beukema,,11/17/1998 12:00:00 AM,188,2,3,1,Serie A Enilive,77,https://ratings-images-prod.pulse.ea.com/FC25/full/player-portraits/p262394.png?padding=0.7,https://ratings-images-prod.pulse.ea.com/FC25/full/player-shields/en/262394.png?width=265,,,,,,,trait1_1024,Long Ball Pass,"Accurate, faster Lob and Lofted Through Passes",https://drop-assets.ea.com/images/7jwRDD4zkOsqRpc821t73d/16d46d57a5dfc7dd5dd5f8de0fd26a99/Long_Ball_Pass.png,playStyle,Play Style,trait1_32768,Block,Increased reach and success in blocking,https://drop-assets.ea.com/images/2Rlftzr8lqUdI29suCQVWe/43c6c36e8bd5fa26b88478d4354611a2/Block.png,playStyle,Play Style,,,,,,,,,,,,,0,Men's Football,34,Holland,https://drop-assets.ea.com/images/7LmdSUm2Ge4fzqcz0NElvq/d272142c80713dcf0e5ec0a47232aeee/f_34.png,48,SSC Napoli,https://drop-assets.ea.com/images/2FIV26KpnSXl3Nv8Ar6jk3/d8461aa150da3d433fccc34bc80c978f/l48.png,false,5,CB,Center Back,defense,Defense,42,0,52,0,74,0,79,0,74,0,80,0,59,0,67,0,72,0,42,0,47,0,80,0,80,0,62,0,59,0,50,0,50,0,12,0,11,0,7,0,6,0,13,0,80,0,81,0,74,0,61,0,49,0,61,0,47,0,76,0,57,0,79,0,55,0,73,0,67,0,76,0,54,0,80,0,57,0,35,0,,,,,,,,,,,,,,,,,
238160,1262,78,Merih,Demiral,,3/5/1998 12:00:00 AM,190,2,2,1,ROSHN Saudi League,86,https://ratings-images-prod.pulse.ea.com/FC25/full/player-portraits/p238160.png?padding=0.7,https://ratings-images-prod.pulse.ea.com/FC25/full/player-shields/en/238160.png?width=265,,,,,,,trait1_16384,Jockey,"Faster Sprint Jockey, better transition speed",https://drop-assets.ea.com/images/7lHjpOBSghE6Ywt1jgVv1C/21f9914d00f073d79d4b46cac71b9087/Jockey.png,playStyle,Play Style,trait1_131072,Anticipate,"Improved standing tackle success, possibility of stopping ball at feet",https://drop-assets.ea.com/images/4xPnUcL7thizFB7qmhlwUR/1ade7a0f77d5e875c2db869964540a35/Anticipate.png,playStyle,Play Style,trait1_262144,Slide Tackle,Stops ball at feet during slide tackles,https://drop-assets.ea.com/images/7mI1lrxE0pv9iJfQFki9OA/8c1ecac325f923e049be72231c8c968a/Slide_Tackle.png,playStyle,Play Style,trait1_524288,Aerial Fortress,Performs higher jumps and has physical defensive presence before and during aerial duels,https://drop-assets.ea.com/images/3rsDbUXd3MZX39YTsk6lKe/404db89f2237eeb7466668a730c52a4b/Aerial_Fortress.png,playStyle,Play Style,0,Men's Football,48,Turkey,https://drop-assets.ea.com/images/501PnaP87pzjR8dKEQ20OT/7f0fd5c896b732a094222cbf0560b4c2/f_48.png,112387,Al Ahli,https://drop-assets.ea.com/images/3lVk0osL7o6YMhHuK4YYD6/5e106847b59ce2a4f0bfb55988d812c3/l112387.png,false,5,CB,Center Back,defense,Defense,66,0,63,0,86,0,69,0,85,0,83,0,63,0,63,0,74,0,31,0,48,0,79,0,77,0,61,0,57,0,32,0,23,0,15,0,7,0,13,0,6,0,11,0,77,0,77,0,61,0,38,0,73,0,49,0,41,0,81,0,26,0,68,0,39,0,64,0,60,0,78,0,78,0,82,0,38,0,42,0,,,,,,,,,,,,,,,,,
234575,1263,78,Diogo Filipe,Pinto Leite,Diogo Leite,1/23/1999 12:00:00 AM,188,2,3,2,Bundesliga,83,https://ratings-images-prod.pulse.ea.com/FC25/full/player-portraits/p234575.png?padding=0.7,https://ratings-images-prod.pulse.ea.com/FC25/full/player-shields/en/234575.png?width=265,,,,,,,trait1_1024,Long Ball Pass,"Accurate, faster Lob and Lofted Through Passes",https://drop-assets.ea.com/images/7jwRDD4zkOsqRpc821t73d/16d46d57a5dfc7dd5dd5f8de0fd26a99/Long_Ball_Pass.png,playStyle,Play Style,trait1_65536,Intercept,Increased reach and possession retention in interceptions,https://drop-assets.ea.com/images/5ysv7Iw8jDHl7sp1JXqIa7/d34004fed8c95bde083dcf8257391a70/Intercept.png,playStyle,Play Style,trait1_524288,Aerial Fortress,Performs higher jumps and has physical defensive presence before and during aerial duels,https://drop-assets.ea.com/images/3rsDbUXd3MZX39YTsk6lKe/404db89f2237eeb7466668a730c52a4b/Aerial_Fortress.png,playStyle,Play Style,,,,,,,0,Men's Football,38,Portugal,https://drop-assets.ea.com/images/3CxRD7XqY2NSlZ3628fY4S/abf38470644ee334e6a425b9272f7767/f_38.png,1831,Union Berlin,https://drop-assets.ea.com/images/32dPG6jDXuIAOhWKeTYmeG/8d2df657c666abfbf84baaa732140a2a/l1831.png,false,5,CB,Center Back,defense,Defense,55,0,63,0,80,0,80,0,78,0,74,0,58,0,68,0,69,0,31,0,35,0,80,0,80,0,63,0,59,0,30,0,20,0,7,0,5,0,10,0,8,0,10,0,79,0,80,0,70,0,38,0,64,0,52,0,38,0,78,0,32,0,76,0,38,0,73,0,59,0,77,0,71,0,81,0,36,0,32,0,,,,,,,,,,,,,,,,,
259066,1264,78,Flavien-Enzo,Boyomo,,10/7/2001 12:00:00 AM,181,2,2,1,LALIGA EA SPORTS,86,https://ratings-images-prod.pulse.ea.com/FC25/full/player-portraits/p259066.png?padding=0.7,https://ratings-images-prod.pulse.ea.com/FC25/full/player-shields/en/259066.png?width=265,3,Right Back,RB,,,,trait1_1024,Long Ball Pass,"Accurate, faster Lob and Lofted Through Passes",https://drop-assets.ea.com/images/7jwRDD4zkOsqRpc821t73d/16d46d57a5dfc7dd5dd5f8de0fd26a99/Long_Ball_Pass.png,playStyle,Play Style,,,,,,,,,,,,,,,,,,,0,Men's Football,103,Cameroon,https://drop-assets.ea.com/images/1X9lne9BeFIWKbnondoRf3/d4a22aaa4909432d273d31dac141f250/f_103.png,479,CA Osasuna,https://drop-assets.ea.com/images/5T0gPuxPGVG3BLEP9wYxLx/8be8ef52e215bc47956d1084f702409d/l479.png,false,5,CB,Center Back,defense,Defense,72,0,61,0,88,0,80,0,83,0,76,0,57,0,70,0,63,0,34,0,34,0,79,0,79,0,51,0,31,0,35,0,28,0,10,0,11,0,13,0,14,0,8,0,76,0,77,0,60,0,32,0,74,0,52,0,50,0,81,0,29,0,70,0,38,0,70,0,52,0,78,0,75,0,80,0,43,0,29,0,,,,,,,,,,,,,,,,,
260697,1265,78,Isak,Hien,,1/13/1999 12:00:00 AM,191,2,3,1,Serie A Enilive,90,https://ratings-images-prod.pulse.ea.com/FC25/full/player-portraits/p260697.png?padding=0.7,https://ratings-images-prod.pulse.ea.com/FC25/full/player-shields/en/260697.png?width=265,,,,,,,trait1_1024,Long Ball Pass,"Accurate, faster Lob and Lofted Through Passes",https://drop-assets.ea.com/images/7jwRDD4zkOsqRpc821t73d/16d46d57a5dfc7dd5dd5f8de0fd26a99/Long_Ball_Pass.png,playStyle,Play Style,trait1_131072,Anticipate,"Improved standing tackle success, possibility of stopping ball at feet",https://drop-assets.ea.com/images/4xPnUcL7thizFB7qmhlwUR/1ade7a0f77d5e875c2db869964540a35/Anticipate.png,playStyle,Play Style,,,,,,,,,,,,,0,Men's Football,46,Sweden,https://drop-assets.ea.com/images/4ts7Tmr55hzylhHNBA5xsw/073e32f2c968ae9d531bb1d013a350a0/f_46.png,115845,Bergamo Calcio,https://drop-assets.ea.com/images/19gWEcyonp2fvk02MNHZOA/83b82283fc62f7010b529a53a0724eee/l115845.png,false,5,CB,Center Back,defense,Defense,63,0,48,0,83,0,66,0,89,0,83,0,49,0,64,0,60,0,28,0,29,0,79,0,81,0,58,0,54,0,30,0,25,0,12,0,5,0,10,0,11,0,13,0,72,0,80,0,58,0,39,0,69,0,49,0,45,0,82,0,39,0,77,0,37,0,62,0,49,0,75,0,74,0,81,0,49,0,33,0,,,,,,,,,,,,,,,,,
158625,1266,78,Dante Bonfim,Costa Santos,Dante,10/18/1983 12:00:00 AM,188,3,4,2,Ligue 1 McDonald's,89,https://ratings-images-prod.pulse.ea.com/FC25/full/player-portraits/p158625.png?padding=0.7,https://ratings-images-prod.pulse.ea.com/FC25/full/player-shields/en/158625.png?width=265,,,,,,,trait1_32768,Block,Increased reach and success in blocking,https://drop-assets.ea.com/images/2Rlftzr8lqUdI29suCQVWe/43c6c36e8bd5fa26b88478d4354611a2/Block.png,playStyle,Play Style,trait1_65536,Intercept,Increased reach and possession retention in interceptions,https://drop-assets.ea.com/images/5ysv7Iw8jDHl7sp1JXqIa7/d34004fed8c95bde083dcf8257391a70/Intercept.png,playStyle,Play Style,trait1_131072,Anticipate,"Improved standing tackle success, possibility of stopping ball at feet",https://drop-assets.ea.com/images/4xPnUcL7thizFB7qmhlwUR/1ade7a0f77d5e875c2db869964540a35/Anticipate.png,playStyle,Play Style,trait1_524288,Aerial Fortress,Performs higher jumps and has physical defensive presence before and during aerial duels,https://drop-assets.ea.com/images/3rsDbUXd3MZX39YTsk6lKe/404db89f2237eeb7466668a730c52a4b/Aerial_Fortress.png,playStyle,Play Style,0,Men's Football,54,Brazil,https://drop-assets.ea.com/images/1zdNn1R9tRlfQ3lsbAOecD/a606f742789b6306363383a6e20dd003/f_54.png,72,OGC Nice,https://drop-assets.ea.com/images/zByYanPvcCULBfC8OITvN/a262863aa77bfb1551a403f5f9b49f28/l72.png,false,5,CB,Center Back,defense,Defense,32,0,35,0,74,0,61,0,82,0,76,0,55,0,77,0,79,0,58,0,51,0,80,0,85,0,65,0,61,0,47,0,55,0,14,0,8,0,10,0,6,0,13,0,77,0,81,0,77,0,53,0,32,0,69,0,60,0,75,0,43,0,78,0,52,0,79,0,62,0,75,0,32,0,78,0,65,0,48,0,,,,,trait1_268435456,Bruiser,Stronger physical tackles,https://drop-assets.ea.com/images/7euMJ2jVypFrFPQesWuGGm/14019168b12faac1584a2920d5c2d5d9/Bruiser.png,playStyle,Play Style,,,,,,,
259524,1267,78,Aitor,Paredes Casamichana,Aitor Paredes,4/29/2000 12:00:00 AM,186,2,3,1,LALIGA EA SPORTS,79,https://ratings-images-prod.pulse.ea.com/FC25/full/player-portraits/p259524.png?padding=0.7,https://ratings-images-prod.pulse.ea.com/FC25/full/player-shields/en/259524.png?width=265,,,,,,,trait1_16,Precision Header,Performs headers with increased accuracy and power.,https://drop-assets.ea.com/images/3ync8fbblS4zLzF3p1VXmT/7752a5103c2ebd8be5cf1819379c66f4/Precision_Header.png,playStyle,Play Style,,,,,,,,,,,,,,,,,,,0,Men's Football,45,Spain,https://drop-assets.ea.com/images/Kv8okAYMsDbB3ZKbxrAXw/9d30c88d16a4c85002f35c6af412c6f7/f_45.png,448,Athletic Club,https://drop-assets.ea.com/images/5lGGXYvaOCdAYlo8xWPzQb/7092243785809519c68b482ad21b2c41/l448.png,false,5,CB,Center Back,defense,Defense,59,0,59,0,80,0,70,0,77,0,77,0,63,0,65,0,63,0,30,0,24,0,79,0,77,0,56,0,46,0,29,0,21,0,14,0,7,0,12,0,12,0,14,0,76,0,78,0,64,0,44,0,68,0,51,0,40,0,75,0,33,0,80,0,39,0,72,0,55,0,78,0,76,0,83,0,40,0,46,0,,,,,,,,,,,,,,,,,
204639,1268,78,Stefan,Savić,,1/8/1991 12:00:00 AM,187,2,3,1,Trendyol Süper Lig,80,https://ratings-images-prod.pulse.ea.com/FC25/full/player-portraits/p204639.png?padding=0.7,https://ratings-images-prod.pulse.ea.com/FC25/full/player-shields/en/204639.png?width=265,,,,,,,trait1_16,Precision Header,Performs headers with increased accuracy and power.,https://drop-assets.ea.com/images/3ync8fbblS4zLzF3p1VXmT/7752a5103c2ebd8be5cf1819379c66f4/Precision_Header.png,playStyle,Play Style,trait1_524288,Aerial Fortress,Performs higher jumps and has physical defensive presence before and during aerial duels,https://drop-assets.ea.com/images/3rsDbUXd3MZX39YTsk6lKe/404db89f2237eeb7466668a730c52a4b/Aerial_Fortress.png,playStyle,Play Style,,,,,,,,,,,,,0,Men's Football,15,Montenegro,https://drop-assets.ea.com/images/1lxyzgMd0AqBcCf9jEd4lN/e12139202eb33c51ba49e26b71ef26ae/f_15.png,436,Trabzonspor,https://drop-assets.ea.com/images/3AF1UCNvLwZs5kapbWuCk9/e1cebee09f0953e5653311d5a29365ee/l436.png,false,5,CB,Center Back,defense,Defense,53,0,54,0,81,0,67,0,82,0,85,0,53,0,65,0,80,0,36,0,34,0,78,0,78,0,57,0,47,0,34,0,30,0,14,0,13,0,14,0,13,0,12,0,79,0,77,0,71,0,31,0,60,0,57,0,37,0,79,0,29,0,76,0,35,0,70,0,45,0,77,0,65,0,78,0,55,0,27,0,,,,,,,,,,,,,,,,,
277537,1269,78,Bernardo,de Souza,Natan,2/6/2001 12:00:00 AM,188,2,2,2,LALIGA EA SPORTS,85,https://ratings-images-prod.pulse.ea.com/FC25/full/player-portraits/p277537.png?padding=0.7,https://ratings-images-prod.pulse.ea.com/FC25/full/player-shields/en/277537.png?width=250,,,,,,,,,,,,,,,,,,,,,,,,,,,,,,,0,Men's Football,54,Brazil,https://drop-assets.ea.com/images/1zdNn1R9tRlfQ3lsbAOecD/a606f742789b6306363383a6e20dd003/f_54.png,449,Real Betis,https://drop-assets.ea.com/images/4rODtg2WvYGHhUGfPXxilW/e047163865b561a0ced87f9f593498c1/l449.png,false,5,CB,Center Back,defense,Defense,56,0,56,0,80,0,73,0,77,0,82,0,52,0,70,0,62,0,39,0,35,0,79,0,80,0,66,0,66,0,27,0,37,0,14,0,13,0,8,0,8,0,6,0,77,0,78,0,62,0,26,0,56,0,55,0,47,0,77,0,29,0,76,0,33,0,74,0,51,0,80,0,56,0,80,0,44,0,33,0,,,,,,,,,,,,,,,,,
240277,1270,78,Matteo,Gabbia,,10/21/1999 12:00:00 AM,185,2,3,1,Serie A Enilive,78,https://ratings-images-prod.pulse.ea.com/FC25/full/player-portraits/p240277.png?padding=0.7,https://ratings-images-prod.pulse.ea.com/FC25/full/player-shields/en/240277.png?width=265,,,,,,,trait1_16,Precision Header,Performs headers with increased accuracy and power.,https://drop-assets.ea.com/images/3ync8fbblS4zLzF3p1VXmT/7752a5103c2ebd8be5cf1819379c66f4/Precision_Header.png,playStyle,Play Style,trait1_1024,Long Ball Pass,"Accurate, faster Lob and Lofted Through Passes",https://drop-assets.ea.com/images/7jwRDD4zkOsqRpc821t73d/16d46d57a5dfc7dd5dd5f8de0fd26a99/Long_Ball_Pass.png,playStyle,Play Style,trait1_262144,Slide Tackle,Stops ball at feet during slide tackles,https://drop-assets.ea.com/images/7mI1lrxE0pv9iJfQFki9OA/8c1ecac325f923e049be72231c8c968a/Slide_Tackle.png,playStyle,Play Style,,,,,,,0,Men's Football,27,Italy,https://drop-assets.ea.com/images/2WtjWPqYzT7xcMCbvajGZH/d06e9ec4734a0d43d88f65386cc3a484/f_27.png,131681,Milano FC,https://drop-assets.ea.com/images/6D3s1RlLRER3UOunC4Lofv/ec87a4178160a87521b0b7c688e7638e/l131681.png,false,5,CB,Center Back,defense,Defense,43,0,56,0,74,0,81,0,70,0,83,0,55,0,70,0,62,0,41,0,47,0,81,0,80,0,60,0,53,0,22,0,28,0,11,0,5,0,12,0,14,0,14,0,84,0,79,0,61,0,41,0,49,0,54,0,42,0,76,0,23,0,78,0,35,0,71,0,59,0,78,0,53,0,84,0,41,0,34,0,,,,,,,,,,,,,,,,,
239340,1272,78,Julian,Chabot,,2/12/1998 12:00:00 AM,195,2,2,2,Bundesliga,95,https://ratings-images-prod.pulse.ea.com/FC25/full/player-portraits/p239340.png?padding=0.7,https://ratings-images-prod.pulse.ea.com/FC25/full/player-shields/en/239340.png?width=265,,,,,,,trait1_32768,Block,Increased reach and success in blocking,https://drop-assets.ea.com/images/2Rlftzr8lqUdI29suCQVWe/43c6c36e8bd5fa26b88478d4354611a2/Block.png,playStyle,Play Style,trait1_65536,Intercept,Increased reach and possession retention in interceptions,https://drop-assets.ea.com/images/5ysv7Iw8jDHl7sp1JXqIa7/d34004fed8c95bde083dcf8257391a70/Intercept.png,playStyle,Play Style,trait1_524288,Aerial Fortress,Performs higher jumps and has physical defensive presence before and during aerial duels,https://drop-assets.ea.com/images/3rsDbUXd3MZX39YTsk6lKe/404db89f2237eeb7466668a730c52a4b/Aerial_Fortress.png,playStyle,Play Style,trait1_268435456,Bruiser,Stronger physical tackles,https://drop-assets.ea.com/images/7euMJ2jVypFrFPQesWuGGm/14019168b12faac1584a2920d5c2d5d9/Bruiser.png,playStyle,Play Style,0,Men's Football,21,Germany,https://drop-assets.ea.com/images/6IIMMGk0Uj1rcZ6DSHTpLL/93f95b602dc62594104f418c8f80ebb3/f_21.png,36,VfB Stuttgart,https://drop-assets.ea.com/images/5kfh9LrPvDQKbQNF6k7CSF/9a70e7082aaba3b46ea8bd1e699f62de/l36.png,false,5,CB,Center Back,defense,Defense,33,0,34,0,70,0,72,0,91,0,91,0,33,0,65,0,64,0,33,0,31,0,78,0,79,0,56,0,55,0,21,0,30,0,9,0,13,0,7,0,8,0,7,0,76,0,77,0,60,0,23,0,47,0,48,0,38,0,85,0,23,0,70,0,29,0,65,0,49,0,80,0,58,0,78,0,35,0,36,0,,,,,,,,,,,,,,,,,
210044,1273,78,Christian,Burgess,,10/7/1991 12:00:00 AM,196,2,3,1,1A Pro League,84,https://ratings-images-prod.pulse.ea.com/FC25/full/player-portraits/p210044.png?padding=0.7,https://ratings-images-prod.pulse.ea.com/FC25/full/player-shields/en/210044.png?width=265,,,,,,,trait1_16,Precision Header,Performs headers with increased accuracy and power.,https://drop-assets.ea.com/images/3ync8fbblS4zLzF3p1VXmT/7752a5103c2ebd8be5cf1819379c66f4/Precision_Header.png,playStyle,Play Style,trait1_1024,Long Ball Pass,"Accurate, faster Lob and Lofted Through Passes",https://drop-assets.ea.com/images/7jwRDD4zkOsqRpc821t73d/16d46d57a5dfc7dd5dd5f8de0fd26a99/Long_Ball_Pass.png,playStyle,Play Style,trait1_32768,Block,Increased reach and success in blocking,https://drop-assets.ea.com/images/2Rlftzr8lqUdI29suCQVWe/43c6c36e8bd5fa26b88478d4354611a2/Block.png,playStyle,Play Style,trait1_524288,Aerial Fortress,Performs higher jumps and has physical defensive presence before and during aerial duels,https://drop-assets.ea.com/images/3rsDbUXd3MZX39YTsk6lKe/404db89f2237eeb7466668a730c52a4b/Aerial_Fortress.png,playStyle,Play Style,0,Men's Football,14,England,https://drop-assets.ea.com/images/6ZM1OFXGUFeV0ZaYVKj2z/ae88ef17f8cb179fbc1c463f7e1e4bd8/f_14.png,2014,R. Union St.-G.,https://drop-assets.ea.com/images/6qEBd0g4qIBH3X6KtaTayV/e7405958edc583e79f63c0e71e560c77/l2014.png,false,5,CB,Center Back,defense,Defense,37,0,33,0,79,0,79,0,83,0,80,0,47,0,68,0,78,0,30,0,26,0,79,0,84,0,54,0,45,0,36,0,25,0,6,0,13,0,9,0,6,0,9,0,84,0,77,0,73,0,21,0,36,0,54,0,34,0,81,0,25,0,70,0,34,0,72,0,46,0,76,0,36,0,76,0,46,0,29,0,,,,,,,,,,,,,,,,,
195479,1276,77,James,Tavernier,,10/31/1991 12:00:00 AM,182,3,2,1,Scottish Prem,75,https://ratings-images-prod.pulse.ea.com/FC25/full/player-portraits/p195479.png?padding=0.7,https://ratings-images-prod.pulse.ea.com/FC25/full/player-shields/en/195479.png?width=265,12,Right Midfielder,RM,,,,trait1_8,Dead Ball,"Faster, accurate set pieces with longer trajectory preview",https://drop-assets.ea.com/images/1razu2wcM3XA82VvB7NyUm/eec6b07080e49d6bf2d7a7951a22375f/Dead_Ball.png,playStyle,Play Style,trait1_1024,Long Ball Pass,"Accurate, faster Lob and Lofted Through Passes",https://drop-assets.ea.com/images/7jwRDD4zkOsqRpc821t73d/16d46d57a5dfc7dd5dd5f8de0fd26a99/Long_Ball_Pass.png,playStyle,Play Style,trait1_4096,Whipped Pass,"Accurate, faster crosses with more curve",https://drop-assets.ea.com/images/FfTP29PWrRWZjEaiCCVoa/a1b345e4ae7023ed78b1efd68d28f392/Whipped_Pass.png,playStyle,Play Style,trait1_67108864,Relentless,"Increased half time fatigue recovery, longer teammate contain and press",https://drop-assets.ea.com/images/2vVuRxgvPNaAuFGqZZ9nDY/3e2505addd5a6b353becdeaf7173d187/Relentless.png,playStyle,Play Style,0,Men's Football,14,England,https://drop-assets.ea.com/images/6ZM1OFXGUFeV0ZaYVKj2z/ae88ef17f8cb179fbc1c463f7e1e4bd8/f_14.png,86,Rangers,https://drop-assets.ea.com/images/5lOjqHjEdrBuaj323x9jDf/b5504a0894594d6c3dfa97cca700e572/l86.png,false,3,RB,Right Back,defense,Defense,77,0,75,0,81,0,88,0,78,0,69,0,83,0,75,0,76,0,82,0,82,0,69,0,67,0,75,0,73,0,64,0,84,0,15,0,13,0,8,0,11,0,12,0,66,0,71,0,78,0,72,0,80,0,78,0,85,0,79,0,75,0,74,0,71,0,76,0,78,0,69,0,83,0,71,0,77,0,76,0,,,,,,,,,,,,,,,,,
80170,1277,77,Wesley Vinícius,França Lima,Wesley,9/6/2003 12:00:00 AM,178,3,3,1,Serie A Enilive,75,https://ratings-images-prod.pulse.ea.com/FC25/full/player-portraits/p80170.png?padding=0.7,https://ratings-images-prod.pulse.ea.com/FC25/full/player-shields/en/80170.png?width=265,12,Right Midfielder,RM,,,,trait1_33554432,Quick Step,Faster acceleration during Explosive Sprint,https://drop-assets.ea.com/images/1xG25Zp3wvkLA5YewKiZah/f27f5fabd1e899fc0bbb817d2db233b1/Quick_Step.png,playStyle,Play Style,,,,,,,,,,,,,,,,,,,0,Men's Football,54,Brazil,https://drop-assets.ea.com/images/1zdNn1R9tRlfQ3lsbAOecD/a606f742789b6306363383a6e20dd003/f_54.png,52,AS Roma,https://drop-assets.ea.com/images/2ruQP0TDYcCmtVFKr9qMBI/5f53795056598b1faac31300900b8671/l52.png,false,3,RB,Right Back,defense,Defense,91,0,90,0,84,0,78,0,74,0,74,0,76,0,74,0,71,0,71,0,68,0,73,0,74,0,78,0,79,0,62,0,58,0,6,0,6,0,15,0,13,0,7,0,66,0,71,0,71,0,64,0,89,0,70,0,56,0,76,0,81,0,72,0,62,0,75,0,60,0,75,0,88,0,76,0,64,0,49,0,,,,,,,,,,,,,,,,,
241867,1279,77,Aitor,Ruibal García,Aitor Ruibal,3/22/1996 12:00:00 AM,176,3,3,1,LALIGA EA SPORTS,74,https://ratings-images-prod.pulse.ea.com/FC25/full/player-portraits/p241867.png?padding=0.7,https://ratings-images-prod.pulse.ea.com/FC25/full/player-shields/en/241867.png?width=265,12,Right Midfielder,RM,25,Striker,ST,trait1_32768,Block,Increased reach and success in blocking,https://drop-assets.ea.com/images/2Rlftzr8lqUdI29suCQVWe/43c6c36e8bd5fa26b88478d4354611a2/Block.png,playStyle,Play Style,trait1_65536,Intercept,Increased reach and possession retention in interceptions,https://drop-assets.ea.com/images/5ysv7Iw8jDHl7sp1JXqIa7/d34004fed8c95bde083dcf8257391a70/Intercept.png,playStyle,Play Style,trait1_131072,Anticipate,"Improved standing tackle success, possibility of stopping ball at feet",https://drop-assets.ea.com/images/4xPnUcL7thizFB7qmhlwUR/1ade7a0f77d5e875c2db869964540a35/Anticipate.png,playStyle,Play Style,trait1_33554432,Quick Step,Faster acceleration during Explosive Sprint,https://drop-assets.ea.com/images/1xG25Zp3wvkLA5YewKiZah/f27f5fabd1e899fc0bbb817d2db233b1/Quick_Step.png,playStyle,Play Style,0,Men's Football,45,Spain,https://drop-assets.ea.com/images/Kv8okAYMsDbB3ZKbxrAXw/9d30c88d16a4c85002f35c6af412c6f7/f_45.png,449,Real Betis,https://drop-assets.ea.com/images/4rODtg2WvYGHhUGfPXxilW/e047163865b561a0ced87f9f593498c1/l449.png,false,3,RB,Right Back,defense,Defense,80,0,71,0,81,0,67,0,68,0,72,0,69,0,79,0,66,0,75,0,67,0,72,0,68,0,76,0,77,0,72,0,54,0,9,0,14,0,7,0,15,0,8,0,72,0,72,0,69,0,78,0,82,0,73,0,61,0,69,0,75,0,74,0,74,0,76,0,80,0,76,0,84,0,74,0,74,0,57,0,,23,Right Wing,RW,trait1_268435456,Bruiser,Stronger physical tackles,https://drop-assets.ea.com/images/7euMJ2jVypFrFPQesWuGGm/14019168b12faac1584a2920d5c2d5d9/Bruiser.png,playStyle,Play Style,,,,,,,
224574,1280,77,Orbelín,Pineda,,3/24/1996 12:00:00 AM,169,4,4,1,Hellas Liga,63,https://ratings-images-prod.pulse.ea.com/FC25/full/player-portraits/p224574.png?padding=0.7,https://ratings-images-prod.pulse.ea.com/FC25/full/player-shields/en/224574.png?width=265,14,Center Midfielder,CM,3,Right Back,RB,trait1_1048576,Technical,"Faster Controlled Sprint, precise wide turns while dribbling",https://drop-assets.ea.com/images/5Esx7NK4YBU44O4bo07rvb/69ca9417da7fd07905f6c6956ad93f6d/Technical.png,playStyle,Play Style,trait1_67108864,Relentless,"Increased half time fatigue recovery, longer teammate contain and press",https://drop-assets.ea.com/images/2vVuRxgvPNaAuFGqZZ9nDY/3e2505addd5a6b353becdeaf7173d187/Relentless.png,playStyle,Play Style,,,,,,,,,,,,,0,Men's Football,83,Mexico,https://drop-assets.ea.com/images/3m4cwLXvHQdesnFwv0Glk6/4adea5e8e658a7ce798dd0ba1521cdda/f_83.png,278,AEK Athens,https://drop-assets.ea.com/images/4qTLnCKd5EuaAqSHT6TqiQ/e696de56fdde60bfd4d62ec6b59682ee/l278.png,false,18,CAM,Center Attacking Midfielder,midfielder,Midfielder,82,0,88,0,74,0,84,0,58,0,76,0,88,0,80,0,70,0,73,0,70,0,68,0,68,0,81,0,81,0,73,0,56,0,15,0,14,0,7,0,10,0,10,0,66,0,68,0,73,0,74,0,81,0,72,0,75,0,69,0,74,0,78,0,74,0,73,0,76,0,67,0,81,0,68,0,73,0,70,0,,,,,,,,,,,,,,,,,
234741,1281,77,Gustavo,Hamer,,6/24/1997 12:00:00 AM,169,3,3,1,EFL Championship,61,https://ratings-images-prod.pulse.ea.com/FC25/full/player-portraits/p234741.png?padding=0.7,https://ratings-images-prod.pulse.ea.com/FC25/full/player-shields/en/234741.png?width=265,14,Center Midfielder,CM,27,Left Wing,LW,trait1_8,Dead Ball,"Faster, accurate set pieces with longer trajectory preview",https://drop-assets.ea.com/images/1razu2wcM3XA82VvB7NyUm/eec6b07080e49d6bf2d7a7951a22375f/Dead_Ball.png,playStyle,Play Style,trait1_128,Gamechanger,Fancy and Trivela shots are performed with improved accuracy.,https://drop-assets.ea.com/images/2v8I0GQrtREaEJzJcyStKe/e46d719e4e5ed88ac5a1f671c7448f4a/Gamechanger.png,playStyle,Play Style,trait1_256,Incisive Pass,"Accurate through passes, curvier swerve passes, faster precision passes",https://drop-assets.ea.com/images/2K5BYfVYRnrdjt8F3hwI04/62f147b6a436c107bfa3d042c1d5728d/Incisive_Pass.png,playStyle,Play Style,trait1_8192,Inventive,Fancy and Trivela passes are performed with improved accuracy.,https://drop-assets.ea.com/images/4fpo31RdL5T0vrzNqcSc4x/f82209bfd51270dcc447d4313b3e61f1/Inventive.png,playStyle,Play Style,0,Men's Football,34,Holland,https://drop-assets.ea.com/images/7LmdSUm2Ge4fzqcz0NElvq/d272142c80713dcf0e5ec0a47232aeee/f_34.png,1794,Sheffield Utd,https://drop-assets.ea.com/images/3QhayzKjMV2yOdihydTnVZ/c272cce245fae380f220f4c9cca689f1/l1794.png,false,16,LM,Left Midfielder,midfielder,Midfielder,73,0,78,0,76,0,81,0,70,0,86,0,86,0,77,0,73,0,78,0,80,0,72,0,71,0,76,0,73,0,70,0,77,0,12,0,7,0,7,0,9,0,10,0,68,0,72,0,79,0,77,0,70,0,79,0,60,0,76,0,72,0,78,0,72,0,79,0,77,0,70,0,68,0,74,0,80,0,68,0,,,,,trait1_16777216,Press Proven,"Close control at jog speed, shields ball more effectively",https://drop-assets.ea.com/images/5rUHwyLJRnvGV53Ba4Pj6M/9a3238695ae8103667ba02af391ac209/Press_Proven.png,playStyle,Play Style,,,,,,,
241496,1282,77,Timothy,Weah,,2/22/2000 12:00:00 AM,182,3,3,1,Ligue 1 McDonald's,66,https://ratings-images-prod.pulse.ea.com/FC25/full/player-portraits/p241496.png?padding=0.7,https://ratings-images-prod.pulse.ea.com/FC25/full/player-shields/en/241496.png?width=265,3,Right Back,RB,,,,trait1_1,Finesse Shot,Faster finesse shots with more curve and accuracy,https://drop-assets.ea.com/images/468u1R1p2k1fA6WBHi0OEn/fb9d49ed2a8fb500cd5a184937b96b34/Finesse_Shot.png,playStyle,Play Style,trait1_2097152,Rapid,"Higher sprint speed while dribbling, reduced error on knock-ons",https://drop-assets.ea.com/images/1aGsvwKyIFlRG1eoJSS0Ot/a4d3d661ff962795a632fe86439d2146/Rapid.png,playStyle,Play Style,trait1_33554432,Quick Step,Faster acceleration during Explosive Sprint,https://drop-assets.ea.com/images/1xG25Zp3wvkLA5YewKiZah/f27f5fabd1e899fc0bbb817d2db233b1/Quick_Step.png,playStyle,Play Style,,,,,,,0,Men's Football,95,United States,https://drop-assets.ea.com/images/7ZVadlJQIutRH5P85wr76/c2456a2d76146d19f98c2c3071136dcf/f_95.png,219,OM,https://drop-assets.ea.com/images/3t06Qm41tT2gB8NqJYXdue/928373951a71a9a8565497e6481925d1/l219.png,false,12,RM,Right Midfielder,midfielder,Midfielder,86,0,86,0,76,0,70,0,59,0,72,0,74,0,78,0,74,0,75,0,74,0,68,0,68,0,78,0,77,0,74,0,53,0,7,0,9,0,12,0,15,0,14,0,67,0,66,0,72,0,76,0,87,0,72,0,60,0,65,0,75,0,75,0,75,0,75,0,79,0,70,0,88,0,69,0,69,0,74,0,,,,,,,,,,,,,,,,,
216320,1283,77,Seko,Fofana,,5/7/1995 12:00:00 AM,185,3,4,1,Ligue 1 McDonald's,74,https://ratings-images-prod.pulse.ea.com/FC25/full/player-portraits/p216320.png?padding=0.7,https://ratings-images-prod.pulse.ea.com/FC25/full/player-shields/en/216320.png?width=265,10,Center Defensive Midfielder,CDM,18,Center Attacking Midfielder,CAM,trait1_4,Power Shot,Faster power shots with increased speed,https://drop-assets.ea.com/images/3ohVoKWSsvT44qgjabWqfV/e536ef26ad854c3c4cbf63ed7954b9cd/Power_Shot.png,playStyle,Play Style,trait1_256,Incisive Pass,"Accurate through passes, curvier swerve passes, faster precision passes",https://drop-assets.ea.com/images/2K5BYfVYRnrdjt8F3hwI04/62f147b6a436c107bfa3d042c1d5728d/Incisive_Pass.png,playStyle,Play Style,trait1_67108864,Relentless,"Increased half time fatigue recovery, longer teammate contain and press",https://drop-assets.ea.com/images/2vVuRxgvPNaAuFGqZZ9nDY/3e2505addd5a6b353becdeaf7173d187/Relentless.png,playStyle,Play Style,,,,,,,0,Men's Football,108,Côte d'Ivoire,https://drop-assets.ea.com/images/6WOgIUFG0fMJWcKjih5i3K/8d09758d91059b879a2e5521f8d7e616/f_108.png,74,Stade Rennais FC,https://drop-assets.ea.com/images/7CHlTnryGZyOatI2WOFXiP/def56f5b08c456e671d09d3a47cc327b/l74.png,false,14,CM,Center Midfielder,midfielder,Midfielder,67,0,69,0,75,0,76,0,82,0,79,0,61,0,77,0,76,0,62,0,72,0,71,0,68,0,76,0,78,0,72,0,62,0,9,0,8,0,9,0,11,0,10,0,58,0,74,0,72,0,82,0,68,0,74,0,56,0,80,0,75,0,75,0,75,0,80,0,83,0,70,0,68,0,78,0,78,0,68,0,,,,,,,,,,,,,,,,,
257186,1284,77,Ardon,Jashari,,7/30/2002 12:00:00 AM,181,2,4,2,Serie A Enilive,82,https://ratings-images-prod.pulse.ea.com/FC25/full/player-portraits/p257186.png?padding=0.7,https://ratings-images-prod.pulse.ea.com/FC25/full/player-shields/en/257186.png?width=265,14,Center Midfielder,CM,,,,trait1_1024,Long Ball Pass,"Accurate, faster Lob and Lofted Through Passes",https://drop-assets.ea.com/images/7jwRDD4zkOsqRpc821t73d/16d46d57a5dfc7dd5dd5f8de0fd26a99/Long_Ball_Pass.png,playStyle,Play Style,trait1_67108864,Relentless,"Increased half time fatigue recovery, longer teammate contain and press",https://drop-assets.ea.com/images/2vVuRxgvPNaAuFGqZZ9nDY/3e2505addd5a6b353becdeaf7173d187/Relentless.png,playStyle,Play Style,,,,,,,,,,,,,0,Men's Football,47,Switzerland,https://drop-assets.ea.com/images/4CseD8PxDZqObA1huFIws0/f30914625e329de69ffdd60f3c334a88/f_47.png,131681,Milano FC,https://drop-assets.ea.com/images/6D3s1RlLRER3UOunC4Lofv/ec87a4178160a87521b0b7c688e7638e/l131681.png,false,10,CDM,Center Defensive Midfielder,midfielder,Midfielder,77,0,77,0,81,0,91,0,80,0,78,0,80,0,75,0,76,0,68,0,64,0,72,0,76,0,73,0,70,0,64,0,62,0,8,0,7,0,14,0,13,0,5,0,62,0,74,0,76,0,70,0,75,0,75,0,60,0,82,0,65,0,74,0,67,0,80,0,76,0,68,0,74,0,72,0,76,0,63,0,,,,,,,,,,,,,,,,,
272951,1286,77,Kevin,Castaño,,9/29/2000 12:00:00 AM,177,2,3,1,LPF,73,https://ratings-images-prod.pulse.ea.com/FC25/full/player-portraits/p272951.png?padding=0.7,https://ratings-images-prod.pulse.ea.com/FC25/full/player-shields/en/272951.png?width=265,10,Center Defensive Midfielder,CDM,,,,trait1_1024,Long Ball Pass,"Accurate, faster Lob and Lofted Through Passes",https://drop-assets.ea.com/images/7jwRDD4zkOsqRpc821t73d/16d46d57a5dfc7dd5dd5f8de0fd26a99/Long_Ball_Pass.png,playStyle,Play Style,trait1_2048,Tiki Taka,Accurate first-time Ground Passes,https://drop-assets.ea.com/images/2tvHC5JQ2sXrN8wUTJWLEA/94b0f6a78d1a9e1348a33c9772f23afd/Tiki_Taka.png,playStyle,Play Style,trait1_131072,Anticipate,"Improved standing tackle success, possibility of stopping ball at feet",https://drop-assets.ea.com/images/4xPnUcL7thizFB7qmhlwUR/1ade7a0f77d5e875c2db869964540a35/Anticipate.png,playStyle,Play Style,trait1_4194304,First Touch,"Reduced trapping error, faster dribbling transition",https://drop-assets.ea.com/images/3f727XsoDVLbT49oMk0HBu/2787568be8ccb2d5daa2d18fabacad97/First_Touch.png,playStyle,Play Style,0,Men's Football,56,Colombia,https://drop-assets.ea.com/images/JphMzcFrWU7Uo2jq6GSep/d909b5b6000d5bf7515600d2c6db6375/f_56.png,1876,River Plate,https://drop-assets.ea.com/images/3a9cbBltvLpgMO1eByYVRq/bc311aba63f687dc0480c592dfeca1b4/l1876.png,false,14,CM,Center Midfielder,midfielder,Midfielder,74,0,73,0,77,0,76,0,73,0,76,0,76,0,77,0,76,0,67,0,68,0,72,0,71,0,76,0,75,0,68,0,62,0,14,0,13,0,12,0,7,0,8,0,66,0,72,0,80,0,68,0,76,0,76,0,63,0,75,0,73,0,78,0,68,0,81,0,70,0,70,0,78,0,76,0,80,0,58,0,,,,,trait1_16777216,Press Proven,"Close control at jog speed, shields ball more effectively",https://drop-assets.ea.com/images/5rUHwyLJRnvGV53Ba4Pj6M/9a3238695ae8103667ba02af391ac209/Press_Proven.png,playStyle,Play Style,trait1_67108864,Relentless,"Increased half time fatigue recovery, longer teammate contain and press",https://drop-assets.ea.com/images/2vVuRxgvPNaAuFGqZZ9nDY/3e2505addd5a6b353becdeaf7173d187/Relentless.png,playStyle,Play Style,
236822,1287,77,Gabriel,Gudmundsson,,4/29/1999 12:00:00 AM,180,3,3,2,Premier League,78,https://ratings-images-prod.pulse.ea.com/FC25/full/player-portraits/p236822.png?padding=0.7,https://ratings-images-prod.pulse.ea.com/FC25/full/player-shields/en/236822.png?width=265,16,Left Midfielder,LM,5,Center Back,CB,trait1_2097152,Rapid,"Higher sprint speed while dribbling, reduced error on knock-ons",https://drop-assets.ea.com/images/1aGsvwKyIFlRG1eoJSS0Ot/a4d3d661ff962795a632fe86439d2146/Rapid.png,playStyle,Play Style,trait1_134217728,Long Throw,Powerful throw-ins for greater distance,https://drop-assets.ea.com/images/51OlohNQvoEwW0aLhknAHh/58fa7d903d10f6d8cfa2622f62ba6b6f/Long_Throw.png,playStyle,Play Style,,,,,,,,,,,,,0,Men's Football,46,Sweden,https://drop-assets.ea.com/images/4ts7Tmr55hzylhHNBA5xsw/073e32f2c968ae9d531bb1d013a350a0/f_46.png,8,Leeds United,https://drop-assets.ea.com/images/4GwGagnihmCNc321tRi8qB/07ddd8a7768922d58f01c2b6f2964a18/l8.png,false,7,LB,Left Back,defense,Defense,85,0,74,0,76,0,79,0,73,0,74,0,68,0,75,0,72,0,77,0,66,0,70,0,70,0,75,0,76,0,59,0,50,0,12,0,10,0,7,0,6,0,8,0,51,0,72,0,69,0,69,0,87,0,71,0,46,0,75,0,68,0,74,0,64,0,73,0,75,0,74,0,88,0,74,0,68,0,56,0,,,,,,,,,,,,,,,,,
245637,1289,77,Georginio,Rutter,,4/20/2002 12:00:00 AM,182,5,5,2,Premier League,83,https://ratings-images-prod.pulse.ea.com/FC25/full/player-portraits/p245637.png?padding=0.7,https://ratings-images-prod.pulse.ea.com/FC25/full/player-shields/en/245637.png?width=265,25,Striker,ST,,,,trait1_256,Incisive Pass,"Accurate through passes, curvier swerve passes, faster precision passes",https://drop-assets.ea.com/images/2K5BYfVYRnrdjt8F3hwI04/62f147b6a436c107bfa3d042c1d5728d/Incisive_Pass.png,playStyle,Play Style,trait1_8388608,Trickster,Performs unique flick Skill Moves,https://drop-assets.ea.com/images/47Ygd5ri33RgjIYGiTAJpj/f0723e6f2f89a98fb6e8200c3659c6a9/Trickster.png,playStyle,Play Style,trait1_536870912,Enforcer,Performs dribble Shoulder Challenges and Shielding with increased effectiveness.,https://drop-assets.ea.com/images/2sNQz8b9dgV0hW8vl7oOvV/d7a503dbd4c73b232055b3ca06aa88eb/Enforcer.png,playStyle,Play Style,,,,,,,0,Men's Football,18,France,https://drop-assets.ea.com/images/3ECAQzhfgSLWRf9IIHB6G8/7e235a7b2f93c1f73db7f89dc03b3657/f_18.png,1808,Brighton,https://drop-assets.ea.com/images/1mFLMjuFkxQjbRaTLKZ8Gm/277b9eb6d29d37064d1d82063b06f681/l1808.png,false,18,CAM,Center Attacking Midfielder,midfielder,Midfielder,76,0,77,0,85,0,79,0,76,0,59,0,79,0,81,0,77,0,73,0,75,0,60,0,58,0,80,0,80,0,76,0,68,0,6,0,10,0,14,0,10,0,10,0,73,0,56,0,74,0,71,0,77,0,75,0,70,0,74,0,77,0,77,0,75,0,76,0,76,0,50,0,77,0,62,0,77,0,71,0,,,,,,,,,,,,,,,,,
253157,1290,77,Hicham,Boudaoui,,9/23/1999 12:00:00 AM,175,3,3,1,Ligue 1 McDonald's,61,https://ratings-images-prod.pulse.ea.com/FC25/full/player-portraits/p253157.png?padding=0.7,https://ratings-images-prod.pulse.ea.com/FC25/full/player-shields/en/253157.png?width=265,10,Center Defensive Midfielder,CDM,,,,trait1_1048576,Technical,"Faster Controlled Sprint, precise wide turns while dribbling",https://drop-assets.ea.com/images/5Esx7NK4YBU44O4bo07rvb/69ca9417da7fd07905f6c6956ad93f6d/Technical.png,playStyle,Play Style,,,,,,,,,,,,,,,,,,,0,Men's Football,97,Algeria,https://drop-assets.ea.com/images/7DBnvM9EEo73oK7xEvbWvJ/47a0a190f5a0092fef1bc40e7e74b8f9/f_97.png,72,OGC Nice,https://drop-assets.ea.com/images/zByYanPvcCULBfC8OITvN/a262863aa77bfb1551a403f5f9b49f28/l72.png,false,14,CM,Center Midfielder,midfielder,Midfielder,74,0,79,0,79,0,93,0,67,0,75,0,77,0,78,0,75,0,68,0,77,0,74,0,72,0,77,0,77,0,68,0,58,0,7,0,6,0,7,0,13,0,8,0,73,0,73,0,75,0,67,0,73,0,74,0,54,0,76,0,74,0,77,0,67,0,78,0,70,0,75,0,73,0,76,0,75,0,51,0,,,,,,,,,,,,,,,,,
266436,1291,77,Javier,Guerra Moreno,Javi Guerra,5/13/2003 12:00:00 AM,187,3,4,1,LALIGA EA SPORTS,77,https://ratings-images-prod.pulse.ea.com/FC25/full/player-portraits/p266436.png?padding=0.7,https://ratings-images-prod.pulse.ea.com/FC25/full/player-shields/en/266436.png?width=265,10,Center Defensive Midfielder,CDM,,,,trait1_256,Incisive Pass,"Accurate through passes, curvier swerve passes, faster precision passes",https://drop-assets.ea.com/images/2K5BYfVYRnrdjt8F3hwI04/62f147b6a436c107bfa3d042c1d5728d/Incisive_Pass.png,playStyle,Play Style,trait1_8192,Inventive,Fancy and Trivela passes are performed with improved accuracy.,https://drop-assets.ea.com/images/4fpo31RdL5T0vrzNqcSc4x/f82209bfd51270dcc447d4313b3e61f1/Inventive.png,playStyle,Play Style,,,,,,,,,,,,,0,Men's Football,45,Spain,https://drop-assets.ea.com/images/Kv8okAYMsDbB3ZKbxrAXw/9d30c88d16a4c85002f35c6af412c6f7/f_45.png,461,Valencia CF,https://drop-assets.ea.com/images/3rBiULK7uv6Uim0qpaPGXG/123be59c7edf775fa3df08effc267f43/l461.png,false,14,CM,Center Midfielder,midfielder,Midfielder,73,0,77,0,75,0,73,0,69,0,67,0,71,0,78,0,74,0,63,0,65,0,73,0,74,0,76,0,76,0,75,0,62,0,5,0,12,0,13,0,11,0,14,0,68,0,75,0,78,0,74,0,74,0,75,0,63,0,70,0,77,0,74,0,73,0,81,0,73,0,69,0,74,0,75,0,80,0,52,0,,,,,,,,,,,,,,,,,
212207,1292,77,Nicolae,Stanciu,,5/7/1993 12:00:00 AM,170,4,4,1,Serie A Enilive,70,https://ratings-images-prod.pulse.ea.com/FC25/full/player-portraits/p212207.png?padding=0.7,https://ratings-images-prod.pulse.ea.com/FC25/full/player-shields/en/212207.png?width=265,18,Center Attacking Midfielder,CAM,,,,trait1_4,Power Shot,Faster power shots with increased speed,https://drop-assets.ea.com/images/3ohVoKWSsvT44qgjabWqfV/e536ef26ad854c3c4cbf63ed7954b9cd/Power_Shot.png,playStyle,Play Style,trait1_8,Dead Ball,"Faster, accurate set pieces with longer trajectory preview",https://drop-assets.ea.com/images/1razu2wcM3XA82VvB7NyUm/eec6b07080e49d6bf2d7a7951a22375f/Dead_Ball.png,playStyle,Play Style,trait1_256,Incisive Pass,"Accurate through passes, curvier swerve passes, faster precision passes",https://drop-assets.ea.com/images/2K5BYfVYRnrdjt8F3hwI04/62f147b6a436c107bfa3d042c1d5728d/Incisive_Pass.png,playStyle,Play Style,trait1_8192,Inventive,Fancy and Trivela passes are performed with improved accuracy.,https://drop-assets.ea.com/images/4fpo31RdL5T0vrzNqcSc4x/f82209bfd51270dcc447d4313b3e61f1/Inventive.png,playStyle,Play Style,0,Men's Football,39,Romania,https://drop-assets.ea.com/images/yJG6VRw2DHBpS1YBUe6XM/8251edf43104234bc25ece0a960006de/f_39.png,110556,Genoa,https://drop-assets.ea.com/images/K5vcQ5KjT64Rr1dZZu3RG/0955cabcb0645ef5649ed69904e4b502/l110556.png,false,14,CM,Center Midfielder,midfielder,Midfielder,79,0,90,0,75,0,91,0,62,0,69,0,89,0,78,0,78,0,76,0,81,0,62,0,62,0,78,0,75,0,72,0,82,0,14,0,7,0,13,0,10,0,12,0,66,0,60,0,80,0,77,0,76,0,79,0,68,0,71,0,73,0,75,0,74,0,79,0,77,0,58,0,74,0,62,0,78,0,70,0,,,,,trait1_1048576,Technical,"Faster Controlled Sprint, precise wide turns while dribbling",https://drop-assets.ea.com/images/5Esx7NK4YBU44O4bo07rvb/69ca9417da7fd07905f6c6956ad93f6d/Technical.png,playStyle,Play Style,,,,,,,
236830,1293,77,Zaydou,Youssouf,,7/11/1999 12:00:00 AM,182,3,3,2,ROSHN Saudi League,77,https://ratings-images-prod.pulse.ea.com/FC25/full/player-portraits/p236830.png?padding=0.7,https://ratings-images-prod.pulse.ea.com/FC25/full/player-shields/en/236830.png?width=265,14,Center Midfielder,CM,5,Center Back,CB,trait1_16777216,Press Proven,"Close control at jog speed, shields ball more effectively",https://drop-assets.ea.com/images/5rUHwyLJRnvGV53Ba4Pj6M/9a3238695ae8103667ba02af391ac209/Press_Proven.png,playStyle,Play Style,,,,,,,,,,,,,,,,,,,0,Men's Football,214,Comoros,https://drop-assets.ea.com/images/2MXuA5bu5gtEZVlkkbmdPH/17d751f828af280a3fd8fa00b3fc6e44/f_214.png,112390,Al Fateh,https://drop-assets.ea.com/images/6v7yU4RrTQPgruLFIKjFOR/9757e8a4070b872b3be68038edfccf95/l112390.png,false,10,CDM,Center Defensive Midfielder,midfielder,Midfielder,68,0,72,0,75,0,80,0,81,0,80,0,74,0,82,0,77,0,63,0,70,0,71,0,72,0,80,0,81,0,60,0,68,0,13,0,9,0,10,0,12,0,11,0,59,0,72,0,76,0,68,0,70,0,74,0,62,0,80,0,76,0,75,0,65,0,79,0,74,0,65,0,72,0,74,0,75,0,59,0,,,,,,,,,,,,,,,,,
275138,1295,77,Lamine,Camara,,1/1/2004 12:00:00 AM,173,3,3,1,Ligue 1 McDonald's,65,https://ratings-images-prod.pulse.ea.com/FC25/full/player-portraits/p275138.png?padding=0.7,https://ratings-images-prod.pulse.ea.com/FC25/full/player-shields/en/275138.png?width=265,10,Center Defensive Midfielder,CDM,,,,trait1_8,Dead Ball,"Faster, accurate set pieces with longer trajectory preview",https://drop-assets.ea.com/images/1razu2wcM3XA82VvB7NyUm/eec6b07080e49d6bf2d7a7951a22375f/Dead_Ball.png,playStyle,Play Style,trait1_1024,Long Ball Pass,"Accurate, faster Lob and Lofted Through Passes",https://drop-assets.ea.com/images/7jwRDD4zkOsqRpc821t73d/16d46d57a5dfc7dd5dd5f8de0fd26a99/Long_Ball_Pass.png,playStyle,Play Style,,,,,,,,,,,,,0,Men's Football,136,Senegal,https://drop-assets.ea.com/images/5YFW1KnsSwDBZwtoXH9mTj/690bf685246b53efaf24d6f2de696eb3/f_136.png,69,AS Monaco,https://drop-assets.ea.com/images/6XicH1VsjyR3WbTdpk99p3/8b11b6c53072e6c9c042eb77f3c6a8f4/l69.png,false,14,CM,Center Midfielder,midfielder,Midfielder,82,0,79,0,68,0,81,0,61,0,74,0,80,0,77,0,75,0,80,0,71,0,71,0,70,0,77,0,76,0,65,0,74,0,13,0,12,0,15,0,12,0,9,0,48,0,74,0,78,0,66,0,79,0,78,0,55,0,69,0,72,0,76,0,66,0,80,0,72,0,72,0,76,0,76,0,77,0,52,0,,,,,,,,,,,,,,,,,
235663,1296,77,Guus,Til,,12/22/1997 12:00:00 AM,186,3,3,1,Eredivisie,78,https://ratings-images-prod.pulse.ea.com/FC25/full/player-portraits/p235663.png?padding=0.7,https://ratings-images-prod.pulse.ea.com/FC25/full/player-shields/en/235663.png?width=265,14,Center Midfielder,CM,,,,trait1_16,Precision Header,Performs headers with increased accuracy and power.,https://drop-assets.ea.com/images/3ync8fbblS4zLzF3p1VXmT/7752a5103c2ebd8be5cf1819379c66f4/Precision_Header.png,playStyle,Play Style,trait1_4194304,First Touch,"Reduced trapping error, faster dribbling transition",https://drop-assets.ea.com/images/3f727XsoDVLbT49oMk0HBu/2787568be8ccb2d5daa2d18fabacad97/First_Touch.png,playStyle,Play Style,,,,,,,,,,,,,0,Men's Football,34,Holland,https://drop-assets.ea.com/images/7LmdSUm2Ge4fzqcz0NElvq/d272142c80713dcf0e5ec0a47232aeee/f_34.png,,,,,18,CAM,Center Attacking Midfielder,midfielder,Midfielder,75,0,66,0,77,0,78,0,71,0,77,0,66,0,76,0,77,0,63,0,64,0,64,0,63,0,74,0,73,0,78,0,63,0,12,0,6,0,12,0,11,0,14,0,78,0,68,0,73,0,72,0,79,0,72,0,66,0,74,0,85,0,82,0,76,0,77,0,77,0,58,0,83,0,61,0,75,0,67,0,,,,,,,,,,,,,,,,,
269136,1297,77,Kobbie,Mainoo,,4/19/2005 12:00:00 AM,181,3,3,1,Premier League,80,https://ratings-images-prod.pulse.ea.com/FC25/full/player-portraits/p269136.png?padding=0.7,https://ratings-images-prod.pulse.ea.com/FC25/full/player-shields/en/269136.png?width=265,10,Center Defensive Midfielder,CDM,,,,trait1_1,Finesse Shot,Faster finesse shots with more curve and accuracy,https://drop-assets.ea.com/images/468u1R1p2k1fA6WBHi0OEn/fb9d49ed2a8fb500cd5a184937b96b34/Finesse_Shot.png,playStyle,Play Style,trait1_16777216,Press Proven,"Close control at jog speed, shields ball more effectively",https://drop-assets.ea.com/images/5rUHwyLJRnvGV53Ba4Pj6M/9a3238695ae8103667ba02af391ac209/Press_Proven.png,playStyle,Play Style,,,,,,,,,,,,,0,Men's Football,14,England,https://drop-assets.ea.com/images/6ZM1OFXGUFeV0ZaYVKj2z/ae88ef17f8cb179fbc1c463f7e1e4bd8/f_14.png,11,Man Utd,https://drop-assets.ea.com/images/5xxJeUfFY6FEQZEJyJK35/990979becf88b88ecb6461dc441c2ebf/l11.png,false,14,CM,Center Midfielder,midfielder,Midfielder,70,0,80,0,74,0,74,0,73,0,74,0,88,0,80,0,82,0,65,0,76,0,73,0,70,0,81,0,82,0,73,0,55,0,14,0,11,0,10,0,5,0,9,0,64,0,74,0,78,0,62,0,68,0,74,0,58,0,74,0,74,0,78,0,69,0,79,0,69,0,75,0,66,0,77,0,76,0,58,0,,,,,,,,,,,,,,,,,
209846,1298,77,Christian,Günter,,2/28/1993 12:00:00 AM,184,3,2,2,Bundesliga,83,https://ratings-images-prod.pulse.ea.com/FC25/full/player-portraits/p209846.png?padding=0.7,https://ratings-images-prod.pulse.ea.com/FC25/full/player-shields/en/209846.png?width=265,16,Left Midfielder,LM,,,,trait1_4096,Whipped Pass,"Accurate, faster crosses with more curve",https://drop-assets.ea.com/images/FfTP29PWrRWZjEaiCCVoa/a1b345e4ae7023ed78b1efd68d28f392/Whipped_Pass.png,playStyle,Play Style,trait1_262144,Slide Tackle,Stops ball at feet during slide tackles,https://drop-assets.ea.com/images/7mI1lrxE0pv9iJfQFki9OA/8c1ecac325f923e049be72231c8c968a/Slide_Tackle.png,playStyle,Play Style,trait1_2097152,Rapid,"Higher sprint speed while dribbling, reduced error on knock-ons",https://drop-assets.ea.com/images/1aGsvwKyIFlRG1eoJSS0Ot/a4d3d661ff962795a632fe86439d2146/Rapid.png,playStyle,Play Style,trait1_67108864,Relentless,"Increased half time fatigue recovery, longer teammate contain and press",https://drop-assets.ea.com/images/2vVuRxgvPNaAuFGqZZ9nDY/3e2505addd5a6b353becdeaf7173d187/Relentless.png,playStyle,Play Style,0,Men's Football,21,Germany,https://drop-assets.ea.com/images/6IIMMGk0Uj1rcZ6DSHTpLL/93f95b602dc62594104f418c8f80ebb3/f_21.png,25,SC Freiburg,https://drop-assets.ea.com/images/TnclXkBIoI1MtJBmRvObq/83167db02b49b274917cec5814510b79/l25.png,false,7,LB,Left Back,defense,Defense,76,0,64,0,83,0,83,0,82,0,82,0,63,0,71,0,71,0,77,0,77,0,73,0,74,0,71,0,73,0,51,0,72,0,9,0,15,0,9,0,8,0,14,0,65,0,74,0,64,0,63,0,83,0,69,0,46,0,82,0,63,0,76,0,60,0,72,0,84,0,73,0,88,0,75,0,58,0,39,0,,,,,,,,,,,,,,,,,
213991,1299,77,Jefferson,Lerma,,10/25/1994 12:00:00 AM,179,3,3,1,Premier League,70,https://ratings-images-prod.pulse.ea.com/FC25/full/player-portraits/p213991.png?padding=0.7,https://ratings-images-prod.pulse.ea.com/FC25/full/player-shields/en/213991.png?width=265,14,Center Midfielder,CM,5,Center Back,CB,trait1_65536,Intercept,Increased reach and possession retention in interceptions,https://drop-assets.ea.com/images/5ysv7Iw8jDHl7sp1JXqIa7/d34004fed8c95bde083dcf8257391a70/Intercept.png,playStyle,Play Style,trait1_131072,Anticipate,"Improved standing tackle success, possibility of stopping ball at feet",https://drop-assets.ea.com/images/4xPnUcL7thizFB7qmhlwUR/1ade7a0f77d5e875c2db869964540a35/Anticipate.png,playStyle,Play Style,trait1_262144,Slide Tackle,Stops ball at feet during slide tackles,https://drop-assets.ea.com/images/7mI1lrxE0pv9iJfQFki9OA/8c1ecac325f923e049be72231c8c968a/Slide_Tackle.png,playStyle,Play Style,trait1_524288,Aerial Fortress,Performs higher jumps and has physical defensive presence before and during aerial duels,https://drop-assets.ea.com/images/3rsDbUXd3MZX39YTsk6lKe/404db89f2237eeb7466668a730c52a4b/Aerial_Fortress.png,playStyle,Play Style,0,Men's Football,56,Colombia,https://drop-assets.ea.com/images/JphMzcFrWU7Uo2jq6GSep/d909b5b6000d5bf7515600d2c6db6375/f_56.png,1799,Crystal Palace,https://drop-assets.ea.com/images/6j7pLWl2t3yl13bu6Y9s5K/91a346d14011a610d95ec956816b6a38/l1799.png,false,10,CDM,Center Defensive Midfielder,midfielder,Midfielder,65,0,65,0,88,0,80,0,73,0,88,0,75,0,75,0,72,0,65,0,67,0,76,0,75,0,74,0,74,0,65,0,61,0,16,0,14,0,11,0,7,0,9,0,77,0,77,0,80,0,75,0,68,0,70,0,58,0,79,0,60,0,77,0,71,0,74,0,83,0,76,0,71,0,76,0,63,0,78,0,,,,,trait1_67108864,Relentless,"Increased half time fatigue recovery, longer teammate contain and press",https://drop-assets.ea.com/images/2vVuRxgvPNaAuFGqZZ9nDY/3e2505addd5a6b353becdeaf7173d187/Relentless.png,playStyle,Play Style,trait1_268435456,Bruiser,Stronger physical tackles,https://drop-assets.ea.com/images/7euMJ2jVypFrFPQesWuGGm/14019168b12faac1584a2920d5c2d5d9/Bruiser.png,playStyle,Play Style,
233965,1300,77,Alessio,Castro-Montes,,5/17/1997 12:00:00 AM,175,3,4,1,Bundesliga,67,https://ratings-images-prod.pulse.ea.com/FC25/full/player-portraits/p233965.png?padding=0.7,https://ratings-images-prod.pulse.ea.com/FC25/full/player-shields/en/233965.png?width=265,16,Left Midfielder,LM,3,Right Back,RB,trait1_2097152,Rapid,"Higher sprint speed while dribbling, reduced error on knock-ons",https://drop-assets.ea.com/images/1aGsvwKyIFlRG1eoJSS0Ot/a4d3d661ff962795a632fe86439d2146/Rapid.png,playStyle,Play Style,trait1_134217728,Long Throw,Powerful throw-ins for greater distance,https://drop-assets.ea.com/images/51OlohNQvoEwW0aLhknAHh/58fa7d903d10f6d8cfa2622f62ba6b6f/Long_Throw.png,playStyle,Play Style,,,,,,,,,,,,,0,Men's Football,7,Belgium,https://drop-assets.ea.com/images/7eZLPoDDyxSlQoqcS4NVA2/6fc085dc7e85ccd7519be7ff2df875ee/f_7.png,31,1. FC Köln,https://drop-assets.ea.com/images/1YRZmYboKO3TLN8LdJdFjk/6015406736cb01c604c6e911040ed238/l31.png,false,12,RM,Right Midfielder,midfielder,Midfielder,74,0,74,0,74,0,86,0,66,0,70,0,76,0,76,0,71,0,76,0,70,0,71,0,71,0,75,0,76,0,74,0,70,0,8,0,13,0,15,0,11,0,9,0,66,0,72,0,72,0,70,0,74,0,74,0,66,0,72,0,76,0,72,0,72,0,75,0,72,0,72,0,74,0,72,0,76,0,62,0,,23,Right Wing,RW,,,,,,,,,,,,,
234153,1301,77,Carlos,Soler Barragán,Carlos Soler,1/2/1997 12:00:00 AM,180,3,4,1,LALIGA EA SPORTS,76,https://ratings-images-prod.pulse.ea.com/FC25/full/player-portraits/p234153.png?padding=0.7,https://ratings-images-prod.pulse.ea.com/FC25/full/player-shields/en/234153.png?width=250,18,Center Attacking Midfielder,CAM,,,,,,,,,,,,,,,,,,,,,,,,,,,,0,Men's Football,45,Spain,https://drop-assets.ea.com/images/Kv8okAYMsDbB3ZKbxrAXw/9d30c88d16a4c85002f35c6af412c6f7/f_45.png,457,Real Sociedad,https://drop-assets.ea.com/images/2ohvULVVtNoXptjhNS2dLq/08d0f2d7ecfd9e0f43ce837a4e73d139/l457.png,false,14,CM,Center Midfielder,midfielder,Midfielder,74,0,75,0,71,0,67,0,69,0,65,0,73,0,79,0,76,0,77,0,80,0,69,0,67,0,78,0,78,0,75,0,76,0,6,0,14,0,7,0,13,0,11,0,56,0,72,0,77,0,74,0,70,0,78,0,74,0,68,0,76,0,75,0,75,0,79,0,77,0,68,0,67,0,73,0,79,0,66,0,,,,,,,,,,,,,,,,,
257919,1302,77,Rocco,Reitz,,5/29/2002 12:00:00 AM,176,3,4,1,Bundesliga,72,https://ratings-images-prod.pulse.ea.com/FC25/full/player-portraits/p257919.png?padding=0.7,https://ratings-images-prod.pulse.ea.com/FC25/full/player-shields/en/257919.png?width=265,10,Center Defensive Midfielder,CDM,,,,trait1_256,Incisive Pass,"Accurate through passes, curvier swerve passes, faster precision passes",https://drop-assets.ea.com/images/2K5BYfVYRnrdjt8F3hwI04/62f147b6a436c107bfa3d042c1d5728d/Incisive_Pass.png,playStyle,Play Style,trait1_16384,Jockey,"Faster Sprint Jockey, better transition speed",https://drop-assets.ea.com/images/7lHjpOBSghE6Ywt1jgVv1C/21f9914d00f073d79d4b46cac71b9087/Jockey.png,playStyle,Play Style,trait1_65536,Intercept,Increased reach and possession retention in interceptions,https://drop-assets.ea.com/images/5ysv7Iw8jDHl7sp1JXqIa7/d34004fed8c95bde083dcf8257391a70/Intercept.png,playStyle,Play Style,trait1_16777216,Press Proven,"Close control at jog speed, shields ball more effectively",https://drop-assets.ea.com/images/5rUHwyLJRnvGV53Ba4Pj6M/9a3238695ae8103667ba02af391ac209/Press_Proven.png,playStyle,Play Style,0,Men's Football,21,Germany,https://drop-assets.ea.com/images/6IIMMGk0Uj1rcZ6DSHTpLL/93f95b602dc62594104f418c8f80ebb3/f_21.png,23,M'gladbach,https://drop-assets.ea.com/images/4eJmGBw11G3Rn334GUOKaV/7571515e89d9e3b02893855bbdb28dbb/l23.png,false,14,CM,Center Midfielder,midfielder,Midfielder,73,0,82,0,70,0,79,0,55,0,84,0,79,0,78,0,74,0,68,0,72,0,77,0,73,0,78,0,77,0,73,0,53,0,8,0,8,0,10,0,15,0,6,0,68,0,86,0,77,0,68,0,71,0,74,0,61,0,68,0,74,0,73,0,70,0,78,0,70,0,78,0,69,0,77,0,75,0,57,0,,,,,trait1_67108864,Relentless,"Increased half time fatigue recovery, longer teammate contain and press",https://drop-assets.ea.com/images/2vVuRxgvPNaAuFGqZZ9nDY/3e2505addd5a6b353becdeaf7173d187/Relentless.png,playStyle,Play Style,,,,,,,
208364,1303,77,Clinton Mukoni,Mata Pedro Lourenço,Clinton Mata,11/7/1992 12:00:00 AM,180,3,3,1,Ligue 1 McDonald's,73,https://ratings-images-prod.pulse.ea.com/FC25/full/player-portraits/p208364.png?padding=0.7,https://ratings-images-prod.pulse.ea.com/FC25/full/player-shields/en/208364.png?width=265,3,Right Back,RB,,,,trait1_16384,Jockey,"Faster Sprint Jockey, better transition speed",https://drop-assets.ea.com/images/7lHjpOBSghE6Ywt1jgVv1C/21f9914d00f073d79d4b46cac71b9087/Jockey.png,playStyle,Play Style,trait1_32768,Block,Increased reach and success in blocking,https://drop-assets.ea.com/images/2Rlftzr8lqUdI29suCQVWe/43c6c36e8bd5fa26b88478d4354611a2/Block.png,playStyle,Play Style,trait1_65536,Intercept,Increased reach and possession retention in interceptions,https://drop-assets.ea.com/images/5ysv7Iw8jDHl7sp1JXqIa7/d34004fed8c95bde083dcf8257391a70/Intercept.png,playStyle,Play Style,,,,,,,0,Men's Football,98,Angola,https://drop-assets.ea.com/images/2WClilFCg9IQ7P0PPZojYR/5d8d23a688d61a667f2cc35729990e04/f_98.png,66,OL,https://drop-assets.ea.com/images/s2BAEtejMk8pyJDqN3uyR/9938fd597d35ed59158d5b441aa07455/l66.png,false,5,CB,Center Back,defense,Defense,74,0,74,0,83,0,84,0,75,0,76,0,69,0,73,0,77,0,65,0,71,0,77,0,78,0,74,0,74,0,53,0,70,0,10,0,10,0,7,0,10,0,10,0,74,0,78,0,71,0,67,0,79,0,68,0,49,0,78,0,67,0,78,0,61,0,72,0,76,0,76,0,83,0,77,0,61,0,46,0,,,,,,,,,,,,,,,,,
222227,1304,77,Patrick,Berg,,11/24/1997 12:00:00 AM,177,3,3,1,Eliteserien,74,https://ratings-images-prod.pulse.ea.com/FC25/full/player-portraits/p222227.png?padding=0.7,https://ratings-images-prod.pulse.ea.com/FC25/full/player-shields/en/222227.png?width=265,14,Center Midfielder,CM,,,,trait1_8192,Inventive,Fancy and Trivela passes are performed with improved accuracy.,https://drop-assets.ea.com/images/4fpo31RdL5T0vrzNqcSc4x/f82209bfd51270dcc447d4313b3e61f1/Inventive.png,playStyle,Play Style,trait1_65536,Intercept,Increased reach and possession retention in interceptions,https://drop-assets.ea.com/images/5ysv7Iw8jDHl7sp1JXqIa7/d34004fed8c95bde083dcf8257391a70/Intercept.png,playStyle,Play Style,trait1_16777216,Press Proven,"Close control at jog speed, shields ball more effectively",https://drop-assets.ea.com/images/5rUHwyLJRnvGV53Ba4Pj6M/9a3238695ae8103667ba02af391ac209/Press_Proven.png,playStyle,Play Style,trait1_67108864,Relentless,"Increased half time fatigue recovery, longer teammate contain and press",https://drop-assets.ea.com/images/2vVuRxgvPNaAuFGqZZ9nDY/3e2505addd5a6b353becdeaf7173d187/Relentless.png,playStyle,Play Style,0,Men's Football,36,Norway,https://drop-assets.ea.com/images/kyD8KeqfkpF4AODggVj9z/999272a9ed21faa0d79c9ed626b89ec2/f_36.png,918,FK Bodø/Glimt,https://drop-assets.ea.com/images/6tn2m1mm20cckFsvUL8AEG/a2cc4cd5cb3203af9b077dc705109903/l918.png,false,10,CDM,Center Defensive Midfielder,midfielder,Midfielder,72,0,70,0,74,0,92,0,75,0,68,0,77,0,75,0,78,0,72,0,73,0,71,0,72,0,73,0,72,0,64,0,66,0,14,0,11,0,16,0,10,0,8,0,58,0,77,0,76,0,74,0,73,0,75,0,58,0,78,0,68,0,76,0,67,0,78,0,69,0,70,0,74,0,72,0,76,0,65,0,,,,,,,,,,,,,,,,,
225782,1305,77,Ainsley,Maitland-Niles,,8/29/1997 12:00:00 AM,180,3,3,1,Ligue 1 McDonald's,71,https://ratings-images-prod.pulse.ea.com/FC25/full/player-portraits/p225782.png?padding=0.7,https://ratings-images-prod.pulse.ea.com/FC25/full/player-shields/en/225782.png?width=265,12,Right Midfielder,RM,23,Right Wing,RW,trait1_2097152,Rapid,"Higher sprint speed while dribbling, reduced error on knock-ons",https://drop-assets.ea.com/images/1aGsvwKyIFlRG1eoJSS0Ot/a4d3d661ff962795a632fe86439d2146/Rapid.png,playStyle,Play Style,,,,,,,,,,,,,,,,,,,0,Men's Football,14,England,https://drop-assets.ea.com/images/6ZM1OFXGUFeV0ZaYVKj2z/ae88ef17f8cb179fbc1c463f7e1e4bd8/f_14.png,66,OL,https://drop-assets.ea.com/images/s2BAEtejMk8pyJDqN3uyR/9938fd597d35ed59158d5b441aa07455/l66.png,false,3,RB,Right Back,defense,Defense,74,0,73,0,73,0,77,0,73,0,72,0,69,0,78,0,80,0,72,0,68,0,72,0,71,0,76,0,75,0,66,0,50,0,15,0,9,0,7,0,10,0,13,0,55,0,73,0,74,0,63,0,77,0,73,0,82,0,74,0,67,0,76,0,65,0,76,0,63,0,77,0,80,0,76,0,75,0,61,0,,,,,,,,,,,,,,,,,
230786,1306,77,Jose Luís,García Vayá,Pepelu,8/11/1998 12:00:00 AM,186,3,3,1,LALIGA EA SPORTS,73,https://ratings-images-prod.pulse.ea.com/FC25/full/player-portraits/p230786.png?padding=0.7,https://ratings-images-prod.pulse.ea.com/FC25/full/player-shields/en/230786.png?width=265,10,Center Defensive Midfielder,CDM,,,,trait1_1,Finesse Shot,Faster finesse shots with more curve and accuracy,https://drop-assets.ea.com/images/468u1R1p2k1fA6WBHi0OEn/fb9d49ed2a8fb500cd5a184937b96b34/Finesse_Shot.png,playStyle,Play Style,trait1_1024,Long Ball Pass,"Accurate, faster Lob and Lofted Through Passes",https://drop-assets.ea.com/images/7jwRDD4zkOsqRpc821t73d/16d46d57a5dfc7dd5dd5f8de0fd26a99/Long_Ball_Pass.png,playStyle,Play Style,trait1_524288,Aerial Fortress,Performs higher jumps and has physical defensive presence before and during aerial duels,https://drop-assets.ea.com/images/3rsDbUXd3MZX39YTsk6lKe/404db89f2237eeb7466668a730c52a4b/Aerial_Fortress.png,playStyle,Play Style,,,,,,,0,Men's Football,45,Spain,https://drop-assets.ea.com/images/Kv8okAYMsDbB3ZKbxrAXw/9d30c88d16a4c85002f35c6af412c6f7/f_45.png,461,Valencia CF,https://drop-assets.ea.com/images/3rBiULK7uv6Uim0qpaPGXG/123be59c7edf775fa3df08effc267f43/l461.png,false,14,CM,Center Midfielder,midfielder,Midfielder,61,0,68,0,72,0,89,0,75,0,73,0,68,0,78,0,74,0,74,0,78,0,73,0,70,0,74,0,74,0,66,0,78,0,12,0,13,0,6,0,9,0,6,0,62,0,73,0,78,0,74,0,64,0,78,0,83,0,78,0,69,0,73,0,70,0,80,0,73,0,74,0,67,0,78,0,76,0,65,0,,,,,,,,,,,,,,,,,
236477,1307,77,Alexis,Claude-Maurice,,6/6/1998 12:00:00 AM,175,4,3,1,Bundesliga,62,https://ratings-images-prod.pulse.ea.com/FC25/full/player-portraits/p236477.png?padding=0.7,https://ratings-images-prod.pulse.ea.com/FC25/full/player-shields/en/236477.png?width=265,14,Center Midfielder,CM,27,Left Wing,LW,trait1_1048576,Technical,"Faster Controlled Sprint, precise wide turns while dribbling",https://drop-assets.ea.com/images/5Esx7NK4YBU44O4bo07rvb/69ca9417da7fd07905f6c6956ad93f6d/Technical.png,playStyle,Play Style,,,,,,,,,,,,,,,,,,,0,Men's Football,18,France,https://drop-assets.ea.com/images/3ECAQzhfgSLWRf9IIHB6G8/7e235a7b2f93c1f73db7f89dc03b3657/f_18.png,100409,FC Augsburg,https://drop-assets.ea.com/images/1LMXVBp9QlIruHH6OejXOw/97f61074046861f13beaf6216a07edb5/l100409.png,false,18,CAM,Center Attacking Midfielder,midfielder,Midfielder,78,0,87,0,72,0,74,0,61,0,69,0,84,0,80,0,74,0,64,0,82,0,68,0,69,0,81,0,82,0,73,0,69,0,11,0,13,0,15,0,14,0,15,0,59,0,68,0,70,0,78,0,75,0,73,0,65,0,66,0,74,0,73,0,74,0,77,0,76,0,66,0,73,0,71,0,76,0,58,0,,,,,,,,,,,,,,,,,
270039,1308,77,Diego Manuel,J. da Silva Moreira,Diego Moreira,8/6/2004 12:00:00 AM,179,4,3,2,Ligue 1 McDonald's,73,https://ratings-images-prod.pulse.ea.com/FC25/full/player-portraits/p270039.png?padding=0.7,https://ratings-images-prod.pulse.ea.com/FC25/full/player-shields/en/270039.png?width=265,7,Left Back,LB,,,,trait1_128,Gamechanger,Fancy and Trivela shots are performed with improved accuracy.,https://drop-assets.ea.com/images/2v8I0GQrtREaEJzJcyStKe/e46d719e4e5ed88ac5a1f671c7448f4a/Gamechanger.png,playStyle,Play Style,trait1_2097152,Rapid,"Higher sprint speed while dribbling, reduced error on knock-ons",https://drop-assets.ea.com/images/1aGsvwKyIFlRG1eoJSS0Ot/a4d3d661ff962795a632fe86439d2146/Rapid.png,playStyle,Play Style,trait1_67108864,Relentless,"Increased half time fatigue recovery, longer teammate contain and press",https://drop-assets.ea.com/images/2vVuRxgvPNaAuFGqZZ9nDY/3e2505addd5a6b353becdeaf7173d187/Relentless.png,playStyle,Play Style,,,,,,,0,Men's Football,7,Belgium,https://drop-assets.ea.com/images/7eZLPoDDyxSlQoqcS4NVA2/6fc085dc7e85ccd7519be7ff2df875ee/f_7.png,76,Strasbourg,https://drop-assets.ea.com/images/5ujpJkozlZbo3FNV0Fi84H/d39ffa173bd150d5f10bcfe3392abe54/l76.png,false,16,LM,Left Midfielder,midfielder,Midfielder,87,0,84,0,70,0,83,0,62,0,65,0,83,0,78,0,76,0,71,0,74,0,64,0,63,0,79,0,80,0,66,0,49,0,9,0,11,0,6,0,8,0,13,0,48,0,69,0,61,0,68,0,90,0,69,0,60,0,68,0,73,0,74,0,67,0,72,0,70,0,62,0,92,0,66,0,70,0,58,0,,,,,,,,,,,,,,,,,
193105,1309,77,Alphonse,Areola,,2/27/1993 12:00:00 AM,195,1,3,1,Premier League,94,https://ratings-images-prod.pulse.ea.com/FC25/full/player-portraits/p193105.png?padding=0.7,https://ratings-images-prod.pulse.ea.com/FC25/full/player-shields/en/193105.png?width=250,,,,,,,trait2_1,Far Throw,Unique goalkeeper throw animations with longer throw distance,https://drop-assets.ea.com/images/3CjCz29sjIt1xMZTRDi4vQ/8ecb201b0ae7d6d536d03c847a768ffa/Far_Throw.png,playStyle,Play Style,trait2_2,Footwork,"Exclusive foot saves, better performance on low shots",https://drop-assets.ea.com/images/1s2muXoHUmP1T0vGYKXSl1/6d265b13804069371f16a58788703a33/Footwork.png,playStyle,Play Style,,,,,,,,,,,,,0,Men's Football,18,France,https://drop-assets.ea.com/images/3ECAQzhfgSLWRf9IIHB6G8/7e235a7b2f93c1f73db7f89dc03b3657/f_18.png,19,West Ham,https://drop-assets.ea.com/images/60X4vXPDgGISHaqyOdUGkg/c7def9840658d49d646e4895e9e04e94/l19.png,false,0,GK,Goalkeeper,defense,Defense,56,0,58,0,75,0,38,0,79,0,26,0,58,0,22,0,64,0,20,0,16,0,55,0,13,0,78,0,15,0,19,0,16,0,78,0,75,0,74,0,76,0,78,0,14,0,23,0,55,0,14,0,78,0,74,0,25,0,76,0,17,0,74,0,75,0,48,0,56,0,12,0,54,0,18,0,59,0,16,0,,,,,,,,,,,,,,,,,
245253,1310,77,Leandro,Barreiro,,1/3/2000 12:00:00 AM,174,3,3,1,Liga Portugal,67,https://ratings-images-prod.pulse.ea.com/FC25/full/player-portraits/p245253.png?padding=0.7,https://ratings-images-prod.pulse.ea.com/FC25/full/player-shields/en/245253.png?width=265,10,Center Defensive Midfielder,CDM,18,Center Attacking Midfielder,CAM,trait1_32768,Block,Increased reach and success in blocking,https://drop-assets.ea.com/images/2Rlftzr8lqUdI29suCQVWe/43c6c36e8bd5fa26b88478d4354611a2/Block.png,playStyle,Play Style,trait1_262144,Slide Tackle,Stops ball at feet during slide tackles,https://drop-assets.ea.com/images/7mI1lrxE0pv9iJfQFki9OA/8c1ecac325f923e049be72231c8c968a/Slide_Tackle.png,playStyle,Play Style,trait1_67108864,Relentless,"Increased half time fatigue recovery, longer teammate contain and press",https://drop-assets.ea.com/images/2vVuRxgvPNaAuFGqZZ9nDY/3e2505addd5a6b353becdeaf7173d187/Relentless.png,playStyle,Play Style,,,,,,,0,Men's Football,31,Luxembourg,https://drop-assets.ea.com/images/7fs5ZHzFMFyCidOp8KHK7q/666d72210a689716aa216de252ca64c8/f_31.png,234,SL Benfica,https://drop-assets.ea.com/images/2DamHkQ1ZP1CYVjFPp6ofg/3e07292021842fdadb7aaaa84e7473aa/l234.png,false,14,CM,Center Midfielder,midfielder,Midfielder,81,0,88,0,66,0,85,0,54,0,79,0,77,0,78,0,75,0,54,0,62,0,73,0,75,0,79,0,78,0,72,0,46,0,14,0,9,0,6,0,6,0,6,0,52,0,79,0,72,0,67,0,80,0,69,0,47,0,67,0,78,0,79,0,68,0,78,0,67,0,71,0,79,0,75,0,74,0,56,0,,,,,,,,,,,,,,,,,
