id,rank,overallRating,firstName,lastName,commonName,birthdate,height,skillMoves,weakFootAbility,preferredFoot,leagueName,weight,avatarUrl,shieldUrl,alternatePositions/0/id,alternatePositions/0/label,alternatePositions/0/shortLabel,playerAbilities/0/id,playerAbilities/0/label,playerAbilities/0/description,playerAbilities/0/imageUrl,playerAbilities/0/type/id,playerAbilities/0/type/label,playerAbilities/1/id,playerAbilities/1/label,playerAbilities/1/description,playerAbilities/1/imageUrl,playerAbilities/1/type/id,playerAbilities/1/type/label,gender/id,gender/label,nationality/id,nationality/label,nationality/imageUrl,team/id,team/label,team/imageUrl,team/isPopular,position/id,position/shortLabel,position/label,position/positionType/id,position/positionType/name,stats/acceleration/value,stats/acceleration/diff,stats/agility/value,stats/agility/diff,stats/jumping/value,stats/jumping/diff,stats/stamina/value,stats/stamina/diff,stats/strength/value,stats/strength/diff,stats/aggression/value,stats/aggression/diff,stats/balance/value,stats/balance/diff,stats/ballControl/value,stats/ballControl/diff,stats/composure/value,stats/composure/diff,stats/crossing/value,stats/crossing/diff,stats/curve/value,stats/curve/diff,stats/def/value,stats/def/diff,stats/defensiveAwareness/value,stats/defensiveAwareness/diff,stats/dri/value,stats/dri/diff,stats/dribbling/value,stats/dribbling/diff,stats/finishing/value,stats/finishing/diff,stats/freeKickAccuracy/value,stats/freeKickAccuracy/diff,stats/gkDiving/value,stats/gkDiving/diff,stats/gkHandling/value,stats/gkHandling/diff,stats/gkKicking/value,stats/gkKicking/diff,stats/gkPositioning/value,stats/gkPositioning/diff,stats/gkReflexes/value,stats/gkReflexes/diff,stats/headingAccuracy/value,stats/headingAccuracy/diff,stats/interceptions/value,stats/interceptions/diff,stats/longPassing/value,stats/longPassing/diff,stats/longShots/value,stats/longShots/diff,stats/pac/value,stats/pac/diff,stats/pas/value,stats/pas/diff,stats/penalties/value,stats/penalties/diff,stats/phy/value,stats/phy/diff,stats/positioning/value,stats/positioning/diff,stats/reactions/value,stats/reactions/diff,stats/sho/value,stats/sho/diff,stats/shortPassing/value,stats/shortPassing/diff,stats/shotPower/value,stats/shotPower/diff,stats/slidingTackle/value,stats/slidingTackle/diff,stats/sprintSpeed/value,stats/sprintSpeed/diff,stats/standingTackle/value,stats/standingTackle/diff,stats/vision/value,stats/vision/diff,stats/volleys/value,stats/volleys/diff,alternatePositions/1/id,alternatePositions/1/label,alternatePositions/1/shortLabel,alternatePositions/2/id,alternatePositions/2/label,alternatePositions/2/shortLabel,playerAbilities/2/id,playerAbilities/2/label,playerAbilities/2/description,playerAbilities/2/imageUrl,playerAbilities/2/type/id,playerAbilities/2/type/label,playerAbilities/3/id,playerAbilities/3/label,playerAbilities/3/description,playerAbilities/3/imageUrl,playerAbilities/3/type/id,playerAbilities/3/type/label,alternatePositions/0,team,playerAbilities/4/id,playerAbilities/4/label,playerAbilities/4/description,playerAbilities/4/imageUrl,playerAbilities/4/type/id,playerAbilities/4/type/label,playerAbilities/5/id,playerAbilities/5/label,playerAbilities/5/description,playerAbilities/5/imageUrl,playerAbilities/5/type/id,playerAbilities/5/type/label,playerAbilities/6/id,playerAbilities/6/label,playerAbilities/6/description,playerAbilities/6/imageUrl,playerAbilities/6/type/id,playerAbilities/6/type/label
223671,896,79,Stefan,Posch,,5/14/1997 12:00:00 AM,190,2,3,1,Serie A Enilive,82,https://ratings-images-prod.pulse.ea.com/FC25/full/player-portraits/p223671.png?padding=0.7,https://ratings-images-prod.pulse.ea.com/FC25/full/player-shields/en/223671.png?width=265,12,Right Midfielder,RM,trait1_131072,Anticipate,"Improved standing tackle success, possibility of stopping ball at feet",https://drop-assets.ea.com/images/4xPnUcL7thizFB7qmhlwUR/1ade7a0f77d5e875c2db869964540a35/Anticipate.png,playStyle,Play Style,trait1_268435456,Bruiser,Stronger physical tackles,https://drop-assets.ea.com/images/7euMJ2jVypFrFPQesWuGGm/14019168b12faac1584a2920d5c2d5d9/Bruiser.png,playStyle,Play Style,0,Men's Football,4,Austria,https://drop-assets.ea.com/images/2nTz63NpDfuBGFbmXrDg0N/eaa6fc81bfd7bd77d76886d479841ebb/f_4.png,1745,Como,https://drop-assets.ea.com/images/3y8mulzaICjwfi7inFVld2/ec9c71566982f8df59f26e81745143ec/l1745.png,false,3,RB,Right Back,defense,Defense,71,0,36,0,85,0,70,0,75,0,73,0,60,0,75,0,70,0,73,0,65,0,80,0,79,0,66,0,65,0,52,0,45,0,6,0,8,0,7,0,6,0,8,0,80,0,78,0,70,0,54,0,75,0,68,0,38,0,74,0,71,0,76,0,55,0,74,0,63,0,78,0,78,0,82,0,55,0,51,0,,,,,,,,,,,,,,,,,,,,,,,,,,,,,,,,,,,,,,
254117,898,79,Maximilian,Beier,,10/17/2002 12:00:00 AM,185,4,3,1,Bundesliga,72,https://ratings-images-prod.pulse.ea.com/FC25/full/player-portraits/p254117.png?padding=0.7,https://ratings-images-prod.pulse.ea.com/FC25/full/player-shields/en/254117.png?width=265,12,Right Midfielder,RM,trait1_1,Finesse Shot,Faster finesse shots with more curve and accuracy,https://drop-assets.ea.com/images/468u1R1p2k1fA6WBHi0OEn/fb9d49ed2a8fb500cd5a184937b96b34/Finesse_Shot.png,playStyle,Play Style,trait1_128,Gamechanger,Fancy and Trivela shots are performed with improved accuracy.,https://drop-assets.ea.com/images/2v8I0GQrtREaEJzJcyStKe/e46d719e4e5ed88ac5a1f671c7448f4a/Gamechanger.png,playStyle,Play Style,0,Men's Football,21,Germany,https://drop-assets.ea.com/images/6IIMMGk0Uj1rcZ6DSHTpLL/93f95b602dc62594104f418c8f80ebb3/f_21.png,22,Borussia Dortmund,https://drop-assets.ea.com/images/TmqxUZk2FrbFXOK1kdE89/3dce225926ac7cfd9f283ecd731fa710/l22.png,false,25,ST,Striker,attack,Attack,86,0,82,0,77,0,82,0,53,0,54,0,77,0,82,0,73,0,67,0,74,0,43,0,45,0,80,0,80,0,82,0,51,0,6,0,8,0,8,0,6,0,13,0,72,0,43,0,60,0,76,0,86,0,68,0,65,0,62,0,82,0,79,0,79,0,74,0,80,0,21,0,86,0,39,0,68,0,75,0,16,Left Midfielder,LM,23,Right Wing,RW,trait1_2097152,Rapid,"Higher sprint speed while dribbling, reduced error on knock-ons",https://drop-assets.ea.com/images/1aGsvwKyIFlRG1eoJSS0Ot/a4d3d661ff962795a632fe86439d2146/Rapid.png,playStyle,Play Style,trait1_33554432,Quick Step,Faster acceleration during Explosive Sprint,https://drop-assets.ea.com/images/1xG25Zp3wvkLA5YewKiZah/f27f5fabd1e899fc0bbb817d2db233b1/Quick_Step.png,playStyle,Play Style,,,,,,,,,,,,,,,,,,,,
258575,899,79,Emmanuel,Agbadou,,6/17/1997 12:00:00 AM,192,2,3,1,Premier League,86,https://ratings-images-prod.pulse.ea.com/FC25/full/player-portraits/p258575.png?padding=0.7,https://ratings-images-prod.pulse.ea.com/FC25/full/player-shields/en/258575.png?width=265,,,,trait1_16,Precision Header,Performs headers with increased accuracy and power.,https://drop-assets.ea.com/images/3ync8fbblS4zLzF3p1VXmT/7752a5103c2ebd8be5cf1819379c66f4/Precision_Header.png,playStyle,Play Style,trait1_16384,Jockey,"Faster Sprint Jockey, better transition speed",https://drop-assets.ea.com/images/7lHjpOBSghE6Ywt1jgVv1C/21f9914d00f073d79d4b46cac71b9087/Jockey.png,playStyle,Play Style,0,Men's Football,108,Côte d'Ivoire,https://drop-assets.ea.com/images/6WOgIUFG0fMJWcKjih5i3K/8d09758d91059b879a2e5521f8d7e616/f_108.png,110,Wolves,https://drop-assets.ea.com/images/3DIKyPF6XcAgIrI3Wv0UBo/4b26ac5525105f84de13860ebe177633/l110.png,false,5,CB,Center Back,defense,Defense,69,0,51,0,89,0,68,0,90,0,84,0,40,0,66,0,78,0,48,0,49,0,78,0,79,0,66,0,69,0,51,0,30,0,9,0,7,0,12,0,9,0,14,0,78,0,77,0,77,0,33,0,80,0,63,0,46,0,83,0,55,0,79,0,48,0,73,0,61,0,76,0,89,0,79,0,63,0,28,0,,,,,,,trait1_32768,Block,Increased reach and success in blocking,https://drop-assets.ea.com/images/2Rlftzr8lqUdI29suCQVWe/43c6c36e8bd5fa26b88478d4354611a2/Block.png,playStyle,Play Style,trait1_268435456,Bruiser,Stronger physical tackles,https://drop-assets.ea.com/images/7euMJ2jVypFrFPQesWuGGm/14019168b12faac1584a2920d5c2d5d9/Bruiser.png,playStyle,Play Style,,,,,,,,,,,,,,,,,,,,
229906,901,79,Leon,Bailey,,8/9/1997 12:00:00 AM,178,4,2,2,Serie A Enilive,77,https://ratings-images-prod.pulse.ea.com/FC25/full/player-portraits/p229906.png?padding=0.7,https://ratings-images-prod.pulse.ea.com/FC25/full/player-shields/en/229906.png?width=265,23,Right Wing,RW,trait1_33554432,Quick Step,Faster acceleration during Explosive Sprint,https://drop-assets.ea.com/images/1xG25Zp3wvkLA5YewKiZah/f27f5fabd1e899fc0bbb817d2db233b1/Quick_Step.png,playStyle,Play Style,,,,,,,0,Men's Football,82,Jamaica,https://drop-assets.ea.com/images/7uTxlyxwozutfPtiDq58XA/34184ec288fead4c03b628acf2f83eb8/f_82.png,52,AS Roma,https://drop-assets.ea.com/images/2ruQP0TDYcCmtVFKr9qMBI/5f53795056598b1faac31300900b8671/l52.png,false,12,RM,Right Midfielder,midfielder,Midfielder,91,0,91,0,75,0,64,0,61,0,55,0,88,0,81,0,73,0,75,0,76,0,38,0,45,0,84,0,85,0,76,0,72,0,12,0,13,0,6,0,15,0,14,0,57,0,28,0,65,0,74,0,87,0,73,0,71,0,61,0,76,0,77,0,74,0,75,0,72,0,29,0,84,0,34,0,75,0,73,0,,,,,,,,,,,,,,,,,,,,,,,,,,,,,,,,,,,,,,
244369,902,79,Viktor,Tsygankov,,11/15/1997 12:00:00 AM,178,4,4,2,LALIGA EA SPORTS,73,https://ratings-images-prod.pulse.ea.com/FC25/full/player-portraits/p244369.png?padding=0.7,https://ratings-images-prod.pulse.ea.com/FC25/full/player-shields/en/244369.png?width=265,23,Right Wing,RW,trait1_1048576,Technical,"Faster Controlled Sprint, precise wide turns while dribbling",https://drop-assets.ea.com/images/5Esx7NK4YBU44O4bo07rvb/69ca9417da7fd07905f6c6956ad93f6d/Technical.png,playStyle,Play Style,trait1_33554432,Quick Step,Faster acceleration during Explosive Sprint,https://drop-assets.ea.com/images/1xG25Zp3wvkLA5YewKiZah/f27f5fabd1e899fc0bbb817d2db233b1/Quick_Step.png,playStyle,Play Style,0,Men's Football,49,Ukraine,https://drop-assets.ea.com/images/6qDmsmOUdD4va3zMohbKhb/0074f5347b6d5908bf7c36de17f1e512/f_49.png,110062,Girona FC,https://drop-assets.ea.com/images/40lM20ITshJSKsZtWMGQ8m/3f11cea65b14635cc29654b6ba13c0b6/l110062.png,false,12,RM,Right Midfielder,midfielder,Midfielder,82,0,81,0,62,0,75,0,52,0,63,0,72,0,79,0,75,0,80,0,79,0,43,0,48,0,78,0,78,0,74,0,74,0,9,0,7,0,15,0,6,0,12,0,45,0,43,0,76,0,76,0,82,0,79,0,81,0,60,0,75,0,76,0,75,0,80,0,77,0,37,0,82,0,39,0,78,0,72,0,18,Center Attacking Midfielder,CAM,,,,,,,,,,,,,,,,,,,,,,,,,,,,,,,,,,,
261188,903,79,Iliman,Ndiaye,,3/6/2000 12:00:00 AM,180,4,4,1,Premier League,70,https://ratings-images-prod.pulse.ea.com/FC25/full/player-portraits/p261188.png?padding=0.7,https://ratings-images-prod.pulse.ea.com/FC25/full/player-shields/en/261188.png?width=265,27,Left Wing,LW,trait1_1048576,Technical,"Faster Controlled Sprint, precise wide turns while dribbling",https://drop-assets.ea.com/images/5Esx7NK4YBU44O4bo07rvb/69ca9417da7fd07905f6c6956ad93f6d/Technical.png,playStyle,Play Style,,,,,,,0,Men's Football,136,Senegal,https://drop-assets.ea.com/images/5YFW1KnsSwDBZwtoXH9mTj/690bf685246b53efaf24d6f2de696eb3/f_136.png,7,Everton,https://drop-assets.ea.com/images/6Cth6wtCt1i37ZjPMZKIm3/4c68def58bf71a34afa1870cad4d5cfe/l7.png,false,16,LM,Left Midfielder,midfielder,Midfielder,83,0,84,0,75,0,71,0,65,0,47,0,77,0,83,0,82,0,70,0,68,0,40,0,44,0,84,0,86,0,78,0,55,0,7,0,9,0,7,0,15,0,8,0,59,0,49,0,58,0,70,0,84,0,70,0,80,0,63,0,79,0,79,0,76,0,75,0,76,0,26,0,85,0,28,0,74,0,71,0,,,,,,,,,,,,,,,,,,,,,,,,,,,,,,,,,,,,,,
226166,906,79,Nordi,Mukiele,,11/1/1997 12:00:00 AM,187,3,3,1,Premier League,84,https://ratings-images-prod.pulse.ea.com/FC25/full/player-portraits/p226166.png?padding=0.7,https://ratings-images-prod.pulse.ea.com/FC25/full/player-shields/en/226166.png?width=265,5,Center Back,CB,trait1_262144,Slide Tackle,Stops ball at feet during slide tackles,https://drop-assets.ea.com/images/7mI1lrxE0pv9iJfQFki9OA/8c1ecac325f923e049be72231c8c968a/Slide_Tackle.png,playStyle,Play Style,,,,,,,0,Men's Football,18,France,https://drop-assets.ea.com/images/3ECAQzhfgSLWRf9IIHB6G8/7e235a7b2f93c1f73db7f89dc03b3657/f_18.png,106,Sunderland,https://drop-assets.ea.com/images/6ja62Iw2LyY8cVrud4aSHi/aa6c15e4a2ceed66f92099108bea9dfa/l106.png,false,3,RB,Right Back,defense,Defense,76,0,65,0,78,0,68,0,79,0,83,0,65,0,74,0,71,0,71,0,68,0,80,0,80,0,71,0,70,0,40,0,33,0,10,0,7,0,14,0,11,0,15,0,73,0,81,0,69,0,52,0,72,0,67,0,45,0,77,0,60,0,76,0,49,0,71,0,67,0,85,0,69,0,81,0,64,0,39,0,12,Right Midfielder,RM,,,,,,,,,,,,,,,,,,,,,,,,,,,,,,,,,,,
230918,907,79,Trevoh,Chalobah,,7/5/1999 12:00:00 AM,192,3,3,1,Premier League,75,https://ratings-images-prod.pulse.ea.com/FC25/full/player-portraits/p230918.png?padding=0.7,https://ratings-images-prod.pulse.ea.com/FC25/full/player-shields/en/230918.png?width=265,3,Right Back,RB,trait1_65536,Intercept,Increased reach and possession retention in interceptions,https://drop-assets.ea.com/images/5ysv7Iw8jDHl7sp1JXqIa7/d34004fed8c95bde083dcf8257391a70/Intercept.png,playStyle,Play Style,trait1_262144,Slide Tackle,Stops ball at feet during slide tackles,https://drop-assets.ea.com/images/7mI1lrxE0pv9iJfQFki9OA/8c1ecac325f923e049be72231c8c968a/Slide_Tackle.png,playStyle,Play Style,0,Men's Football,14,England,https://drop-assets.ea.com/images/6ZM1OFXGUFeV0ZaYVKj2z/ae88ef17f8cb179fbc1c463f7e1e4bd8/f_14.png,5,Chelsea,https://drop-assets.ea.com/images/6T0vfhzb3y9R6YVtmVwYcD/b99723a87536e30979c7cbdb8bba9310/l5.png,false,5,CB,Center Back,defense,Defense,64,0,52,0,84,0,67,0,83,0,76,0,60,0,74,0,78,0,62,0,65,0,80,0,80,0,70,0,70,0,46,0,44,0,5,0,5,0,9,0,9,0,7,0,77,0,81,0,75,0,62,0,66,0,69,0,45,0,78,0,50,0,78,0,53,0,77,0,65,0,78,0,68,0,80,0,67,0,47,0,12,Right Midfielder,RM,,,,,,,,,,,,,,,,,,,,,,,,,,,,,,,,,,,
252042,908,79,João Pedro,Junqueira de Jesus,João Pedro,9/26/2001 12:00:00 AM,188,4,4,1,Premier League,82,https://ratings-images-prod.pulse.ea.com/FC25/full/player-portraits/p252042.png?padding=0.7,https://ratings-images-prod.pulse.ea.com/FC25/full/player-shields/en/252042.png?width=265,18,Center Attacking Midfielder,CAM,trait1_2097152,Rapid,"Higher sprint speed while dribbling, reduced error on knock-ons",https://drop-assets.ea.com/images/1aGsvwKyIFlRG1eoJSS0Ot/a4d3d661ff962795a632fe86439d2146/Rapid.png,playStyle,Play Style,,,,,,,0,Men's Football,54,Brazil,https://drop-assets.ea.com/images/1zdNn1R9tRlfQ3lsbAOecD/a606f742789b6306363383a6e20dd003/f_54.png,5,Chelsea,https://drop-assets.ea.com/images/6T0vfhzb3y9R6YVtmVwYcD/b99723a87536e30979c7cbdb8bba9310/l5.png,false,25,ST,Striker,attack,Attack,79,0,76,0,84,0,75,0,70,0,61,0,77,0,81,0,78,0,66,0,73,0,37,0,39,0,81,0,83,0,79,0,54,0,7,0,6,0,10,0,8,0,14,0,77,0,38,0,69,0,71,0,78,0,72,0,86,0,70,0,80,0,79,0,78,0,78,0,80,0,23,0,77,0,27,0,75,0,74,0,,,,,,,,,,,,,,,,,,,,,,,,,,,,,,,,,,,,,,
188350,911,79,Marco,Reus,,5/31/1989 12:00:00 AM,180,4,4,1,MLS,71,https://ratings-images-prod.pulse.ea.com/FC25/full/player-portraits/p188350.png?padding=0.7,https://ratings-images-prod.pulse.ea.com/FC25/full/player-shields/en/188350.png?width=265,25,Striker,ST,trait1_1,Finesse Shot,Faster finesse shots with more curve and accuracy,https://drop-assets.ea.com/images/468u1R1p2k1fA6WBHi0OEn/fb9d49ed2a8fb500cd5a184937b96b34/Finesse_Shot.png,playStyle,Play Style,trait1_2,Chip Shot,"Faster, more accurate chip shots",https://drop-assets.ea.com/images/6Gl08kt7odn1fJNX74CS2P/984feac3cd8d99902f5cb5131d5fd26a/Chip_Shot.png,playStyle,Play Style,0,Men's Football,21,Germany,https://drop-assets.ea.com/images/6IIMMGk0Uj1rcZ6DSHTpLL/93f95b602dc62594104f418c8f80ebb3/f_21.png,697,LA Galaxy,https://drop-assets.ea.com/images/eGVllmGrNtxd7wDWFgngP/a1d4ff6c7bbfaaefe0b5ab8c641af314/l697.png,false,18,CAM,Center Attacking Midfielder,midfielder,Midfielder,62,0,76,0,59,0,66,0,66,0,48,0,81,0,82,0,78,0,81,0,86,0,52,0,55,0,80,0,80,0,81,0,84,0,12,0,12,0,13,0,13,0,11,0,44,0,55,0,76,0,80,0,58,0,81,0,81,0,62,0,80,0,81,0,81,0,83,0,82,0,59,0,54,0,47,0,81,0,79,0,14,Center Midfielder,CM,,,,trait1_128,Gamechanger,Fancy and Trivela shots are performed with improved accuracy.,https://drop-assets.ea.com/images/2v8I0GQrtREaEJzJcyStKe/e46d719e4e5ed88ac5a1f671c7448f4a/Gamechanger.png,playStyle,Play Style,trait1_4194304,First Touch,"Reduced trapping error, faster dribbling transition",https://drop-assets.ea.com/images/3f727XsoDVLbT49oMk0HBu/2787568be8ccb2d5daa2d18fabacad97/First_Touch.png,playStyle,Play Style,,,,,,,,,,,,,,,,,,,,
244067,912,79,Maxence,Lacroix,,4/6/2000 12:00:00 AM,190,2,2,1,Premier League,88,https://ratings-images-prod.pulse.ea.com/FC25/full/player-portraits/p244067.png?padding=0.7,https://ratings-images-prod.pulse.ea.com/FC25/full/player-shields/en/244067.png?width=265,,,,trait1_1024,Long Ball Pass,"Accurate, faster Lob and Lofted Through Passes",https://drop-assets.ea.com/images/7jwRDD4zkOsqRpc821t73d/16d46d57a5dfc7dd5dd5f8de0fd26a99/Long_Ball_Pass.png,playStyle,Play Style,trait1_16384,Jockey,"Faster Sprint Jockey, better transition speed",https://drop-assets.ea.com/images/7lHjpOBSghE6Ywt1jgVv1C/21f9914d00f073d79d4b46cac71b9087/Jockey.png,playStyle,Play Style,0,Men's Football,18,France,https://drop-assets.ea.com/images/3ECAQzhfgSLWRf9IIHB6G8/7e235a7b2f93c1f73db7f89dc03b3657/f_18.png,1799,Crystal Palace,https://drop-assets.ea.com/images/6j7pLWl2t3yl13bu6Y9s5K/91a346d14011a610d95ec956816b6a38/l1799.png,false,5,CB,Center Back,defense,Defense,82,0,64,0,83,0,77,0,84,0,81,0,56,0,69,0,75,0,35,0,45,0,80,0,80,0,67,0,66,0,29,0,26,0,14,0,7,0,12,0,12,0,11,0,75,0,82,0,72,0,37,0,88,0,57,0,38,0,82,0,32,0,80,0,40,0,71,0,75,0,78,0,93,0,80,0,55,0,28,0,,,,,,,,,,,,,,,,,,,,,,,,,,,,,,,,,,,,,,
251421,913,79,Brennan,Johnson,,5/23/2001 12:00:00 AM,186,3,4,1,Premier League,73,https://ratings-images-prod.pulse.ea.com/FC25/full/player-portraits/p251421.png?padding=0.7,https://ratings-images-prod.pulse.ea.com/FC25/full/player-shields/en/251421.png?width=265,12,Right Midfielder,RM,trait1_2097152,Rapid,"Higher sprint speed while dribbling, reduced error on knock-ons",https://drop-assets.ea.com/images/1aGsvwKyIFlRG1eoJSS0Ot/a4d3d661ff962795a632fe86439d2146/Rapid.png,playStyle,Play Style,trait1_33554432,Quick Step,Faster acceleration during Explosive Sprint,https://drop-assets.ea.com/images/1xG25Zp3wvkLA5YewKiZah/f27f5fabd1e899fc0bbb817d2db233b1/Quick_Step.png,playStyle,Play Style,0,Men's Football,50,Wales,https://drop-assets.ea.com/images/5LJDvJK0VmUTnM1w0LQTX5/44ffb962bf8c0f13b162675e5cd31f49/f_50.png,18,Spurs,https://drop-assets.ea.com/images/7kUcyCh5xGrzQlcjP2Q9NH/11aba507486f44765ee5938b1b5b097e/l18.png,false,23,RW,Right Wing,attack,Attack,87,0,81,0,70,0,78,0,52,0,48,0,66,0,78,0,79,0,78,0,64,0,43,0,45,0,78,0,78,0,82,0,43,0,14,0,7,0,13,0,5,0,13,0,58,0,23,0,63,0,68,0,86,0,72,0,67,0,59,0,83,0,78,0,76,0,74,0,74,0,53,0,85,0,45,0,78,0,73,0,,,,,,,,,,,,,,,,,,,,,,,,,,,,,,,,,,,,,,
237221,916,79,Juan,Foyth,,1/12/1998 12:00:00 AM,187,3,3,1,LALIGA EA SPORTS,83,https://ratings-images-prod.pulse.ea.com/FC25/full/player-portraits/p237221.png?padding=0.7,https://ratings-images-prod.pulse.ea.com/FC25/full/player-shields/en/237221.png?width=265,3,Right Back,RB,trait1_32768,Block,Increased reach and success in blocking,https://drop-assets.ea.com/images/2Rlftzr8lqUdI29suCQVWe/43c6c36e8bd5fa26b88478d4354611a2/Block.png,playStyle,Play Style,trait1_262144,Slide Tackle,Stops ball at feet during slide tackles,https://drop-assets.ea.com/images/7mI1lrxE0pv9iJfQFki9OA/8c1ecac325f923e049be72231c8c968a/Slide_Tackle.png,playStyle,Play Style,0,Men's Football,52,Argentina,https://drop-assets.ea.com/images/4xMXjEt7CFJ6JENYeG45Sk/836d733dc1642c5e4ab3338d91481436/f_52.png,483,Villarreal CF,https://drop-assets.ea.com/images/xvk9pCQTX74mWG8EjcgYU/f631ffd2c7ac06bd43f2547fc44463c4/l483.png,false,5,CB,Center Back,defense,Defense,67,0,67,0,83,0,68,0,77,0,80,0,69,0,75,0,68,0,73,0,61,0,80,0,79,0,71,0,69,0,43,0,47,0,8,0,15,0,7,0,14,0,9,0,78,0,79,0,69,0,42,0,68,0,71,0,47,0,76,0,62,0,78,0,47,0,79,0,56,0,80,0,68,0,81,0,66,0,43,0,,,,,,,trait1_268435456,Bruiser,Stronger physical tackles,https://drop-assets.ea.com/images/7euMJ2jVypFrFPQesWuGGm/14019168b12faac1584a2920d5c2d5d9/Bruiser.png,playStyle,Play Style,,,,,,,,,,,,,,,,,,,,,,,,,,
238186,917,79,Marcin,Bułka,,10/4/1999 12:00:00 AM,199,1,2,1,ROSHN Saudi League,99,https://ratings-images-prod.pulse.ea.com/FC25/full/player-portraits/p238186.png?padding=0.7,https://ratings-images-prod.pulse.ea.com/FC25/full/player-shields/en/238186.png?width=250,,,,trait2_2,Footwork,"Exclusive foot saves, better performance on low shots",https://drop-assets.ea.com/images/1s2muXoHUmP1T0vGYKXSl1/6d265b13804069371f16a58788703a33/Footwork.png,playStyle,Play Style,,,,,,,0,Men's Football,37,Poland,https://drop-assets.ea.com/images/2ldG0tWskgN4waD1fBmnk1/24cbe80f6af25d3ab745fd339b024988/f_37.png,131798,Neom,https://drop-assets.ea.com/images/19YBZNEm7MFPHXWpagPovP/4b539edbae2665b79907325436f2515d/l131798.png,false,0,GK,Goalkeeper,defense,Defense,28,0,41,0,67,0,37,0,82,0,25,0,28,0,15,0,58,0,12,0,13,0,27,0,15,0,81,0,13,0,8,0,14,0,79,0,76,0,71,0,79,0,81,0,10,0,11,0,33,0,7,0,79,0,71,0,18,0,79,0,8,0,73,0,76,0,35,0,53,0,14,0,25,0,10,0,49,0,5,0,,,,,,,,,,,,,,,,,,,,,,,,,,,,,,,,,,,,,,
246565,918,79,Bafodé,Diakité,,1/6/2001 12:00:00 AM,184,2,4,1,Premier League,82,https://ratings-images-prod.pulse.ea.com/FC25/full/player-portraits/p246565.png?padding=0.7,https://ratings-images-prod.pulse.ea.com/FC25/full/player-shields/en/246565.png?width=265,,,,trait1_16,Precision Header,Performs headers with increased accuracy and power.,https://drop-assets.ea.com/images/3ync8fbblS4zLzF3p1VXmT/7752a5103c2ebd8be5cf1819379c66f4/Precision_Header.png,playStyle,Play Style,trait1_16384,Jockey,"Faster Sprint Jockey, better transition speed",https://drop-assets.ea.com/images/7lHjpOBSghE6Ywt1jgVv1C/21f9914d00f073d79d4b46cac71b9087/Jockey.png,playStyle,Play Style,0,Men's Football,18,France,https://drop-assets.ea.com/images/3ECAQzhfgSLWRf9IIHB6G8/7e235a7b2f93c1f73db7f89dc03b3657/f_18.png,1943,AFC Bournemouth,https://drop-assets.ea.com/images/5Z6J6MhqjuJVwE7SVnfr5E/6075ff3239d67bdf8258a067ed93ccdb/l1943.png,false,5,CB,Center Back,defense,Defense,66,0,69,0,86,0,78,0,79,0,81,0,65,0,74,0,76,0,67,0,52,0,79,0,77,0,71,0,68,0,41,0,36,0,7,0,10,0,8,0,13,0,5,0,84,0,77,0,65,0,36,0,72,0,65,0,48,0,80,0,64,0,78,0,46,0,73,0,62,0,80,0,77,0,81,0,59,0,39,0,,,,,,,trait1_524288,Aerial Fortress,Performs higher jumps and has physical defensive presence before and during aerial duels,https://drop-assets.ea.com/images/3rsDbUXd3MZX39YTsk6lKe/404db89f2237eeb7466668a730c52a4b/Aerial_Fortress.png,playStyle,Play Style,,,,,,,,,,,,,,,,,,,,,,,,,,
193474,919,79,Idrissa,Gueye,,9/26/1989 12:00:00 AM,174,3,3,1,Premier League,66,https://ratings-images-prod.pulse.ea.com/FC25/full/player-portraits/p193474.png?padding=0.7,https://ratings-images-prod.pulse.ea.com/FC25/full/player-shields/en/193474.png?width=265,14,Center Midfielder,CM,trait1_65536,Intercept,Increased reach and possession retention in interceptions,https://drop-assets.ea.com/images/5ysv7Iw8jDHl7sp1JXqIa7/d34004fed8c95bde083dcf8257391a70/Intercept.png,playStyle,Play Style,trait1_262144,Slide Tackle,Stops ball at feet during slide tackles,https://drop-assets.ea.com/images/7mI1lrxE0pv9iJfQFki9OA/8c1ecac325f923e049be72231c8c968a/Slide_Tackle.png,playStyle,Play Style,0,Men's Football,136,Senegal,https://drop-assets.ea.com/images/5YFW1KnsSwDBZwtoXH9mTj/690bf685246b53efaf24d6f2de696eb3/f_136.png,7,Everton,https://drop-assets.ea.com/images/6Cth6wtCt1i37ZjPMZKIm3/4c68def58bf71a34afa1870cad4d5cfe/l7.png,false,10,CDM,Center Defensive Midfielder,midfielder,Midfielder,66,0,77,0,75,0,82,0,58,0,83,0,76,0,76,0,75,0,65,0,66,0,80,0,79,0,73,0,68,0,52,0,66,0,8,0,6,0,8,0,12,0,13,0,69,0,83,0,72,0,65,0,60,0,70,0,55,0,70,0,58,0,81,0,59,0,77,0,76,0,80,0,55,0,84,0,65,0,33,0,,,,,,,trait1_524288,Aerial Fortress,Performs higher jumps and has physical defensive presence before and during aerial duels,https://drop-assets.ea.com/images/3rsDbUXd3MZX39YTsk6lKe/404db89f2237eeb7466668a730c52a4b/Aerial_Fortress.png,playStyle,Play Style,,,,,,,,,,,,,,,,,,,,,,,,,,
247172,920,79,Jhon,Durán,,12/13/2003 12:00:00 AM,187,3,2,2,Trendyol Süper Lig,70,https://ratings-images-prod.pulse.ea.com/FC25/full/player-portraits/p247172.png?padding=0.7,https://ratings-images-prod.pulse.ea.com/FC25/full/player-shields/en/247172.png?width=265,,,,trait1_16,Precision Header,Performs headers with increased accuracy and power.,https://drop-assets.ea.com/images/3ync8fbblS4zLzF3p1VXmT/7752a5103c2ebd8be5cf1819379c66f4/Precision_Header.png,playStyle,Play Style,,,,,,,0,Men's Football,56,Colombia,https://drop-assets.ea.com/images/JphMzcFrWU7Uo2jq6GSep/d909b5b6000d5bf7515600d2c6db6375/f_56.png,326,Fenerbahçe,https://drop-assets.ea.com/images/3sfoNHvqDPqhM1PsEE1sNM/b9dcc82d0e2fba3efc8e8d0ed4c216a6/l326.png,false,25,ST,Striker,attack,Attack,76,0,68,0,83,0,69,0,83,0,83,0,69,0,79,0,77,0,53,0,52,0,32,0,26,0,75,0,75,0,82,0,55,0,6,0,6,0,10,0,9,0,5,0,67,0,28,0,58,0,79,0,81,0,63,0,68,0,80,0,79,0,78,0,81,0,73,0,86,0,22,0,85,0,33,0,63,0,77,0,,,,,,,,,,,,,,,,,,,,,,,,,,,,,,,,,,,,,,
252037,921,79,Fábio Daniel,Soares Silva,Fábio Silva,7/19/2002 12:00:00 AM,185,4,3,1,Bundesliga,75,https://ratings-images-prod.pulse.ea.com/FC25/full/player-portraits/p252037.png?padding=0.7,https://ratings-images-prod.pulse.ea.com/FC25/full/player-shields/en/252037.png?width=250,27,Left Wing,LW,,,,,,,,,,,,,0,Men's Football,38,Portugal,https://drop-assets.ea.com/images/3CxRD7XqY2NSlZ3628fY4S/abf38470644ee334e6a425b9272f7767/f_38.png,22,Borussia Dortmund,https://drop-assets.ea.com/images/TmqxUZk2FrbFXOK1kdE89/3dce225926ac7cfd9f283ecd731fa710/l22.png,false,25,ST,Striker,attack,Attack,79,0,79,0,89,0,83,0,77,0,77,0,69,0,81,0,76,0,45,0,52,0,32,0,32,0,79,0,79,0,80,0,46,0,6,0,12,0,7,0,13,0,8,0,80,0,18,0,70,0,69,0,81,0,64,0,75,0,79,0,81,0,78,0,77,0,75,0,79,0,26,0,83,0,28,0,69,0,75,0,,,,,,,,,,,,,,,,,,,,,,,,,,,,,,,,,,,,,,
272600,923,79,Marc,Casadó Torras,Marc Casadó,9/14/2003 12:00:00 AM,172,3,4,1,LALIGA EA SPORTS,66,https://ratings-images-prod.pulse.ea.com/FC25/full/player-portraits/p272600.png?padding=0.7,https://ratings-images-prod.pulse.ea.com/FC25/full/player-shields/en/272600.png?width=265,14,Center Midfielder,CM,trait1_4194304,First Touch,"Reduced trapping error, faster dribbling transition",https://drop-assets.ea.com/images/3f727XsoDVLbT49oMk0HBu/2787568be8ccb2d5daa2d18fabacad97/First_Touch.png,playStyle,Play Style,trait1_16777216,Press Proven,"Close control at jog speed, shields ball more effectively",https://drop-assets.ea.com/images/5rUHwyLJRnvGV53Ba4Pj6M/9a3238695ae8103667ba02af391ac209/Press_Proven.png,playStyle,Play Style,0,Men's Football,45,Spain,https://drop-assets.ea.com/images/Kv8okAYMsDbB3ZKbxrAXw/9d30c88d16a4c85002f35c6af412c6f7/f_45.png,241,FC Barcelona,https://drop-assets.ea.com/images/5VXhqALaBzgvb2YG8iJxlq/990024f3e3ecc9e6c37eae41ebef86bd/l241.png,true,10,CDM,Center Defensive Midfielder,midfielder,Midfielder,66,0,78,0,63,0,67,0,53,0,79,0,84,0,82,0,78,0,53,0,64,0,77,0,78,0,80,0,79,0,64,0,53,0,12,0,14,0,11,0,8,0,12,0,62,0,77,0,79,0,65,0,57,0,72,0,51,0,62,0,69,0,78,0,64,0,82,0,68,0,79,0,49,0,80,0,76,0,53,0,,,,,,,,,,,,,,,,,,,,,,,,,,,,,,,,,,,,,,
199422,927,79,Jordy,Clasie,,6/27/1991 12:00:00 AM,170,3,3,1,Eredivisie,68,https://ratings-images-prod.pulse.ea.com/FC25/full/player-portraits/p199422.png?padding=0.7,https://ratings-images-prod.pulse.ea.com/FC25/full/player-shields/en/199422.png?width=265,14,Center Midfielder,CM,trait1_1024,Long Ball Pass,"Accurate, faster Lob and Lofted Through Passes",https://drop-assets.ea.com/images/7jwRDD4zkOsqRpc821t73d/16d46d57a5dfc7dd5dd5f8de0fd26a99/Long_Ball_Pass.png,playStyle,Play Style,trait1_65536,Intercept,Increased reach and possession retention in interceptions,https://drop-assets.ea.com/images/5ysv7Iw8jDHl7sp1JXqIa7/d34004fed8c95bde083dcf8257391a70/Intercept.png,playStyle,Play Style,0,Men's Football,34,Holland,https://drop-assets.ea.com/images/7LmdSUm2Ge4fzqcz0NElvq/d272142c80713dcf0e5ec0a47232aeee/f_34.png,,,,,10,CDM,Center Defensive Midfielder,midfielder,Midfielder,46,0,69,0,53,0,68,0,71,0,75,0,85,0,78,0,80,0,75,0,75,0,72,0,77,0,75,0,73,0,54,0,68,0,11,0,11,0,14,0,10,0,7,0,34,0,78,0,86,0,69,0,46,0,80,0,62,0,70,0,64,0,77,0,64,0,84,0,78,0,73,0,46,0,75,0,78,0,70,0,,,,,,,trait1_131072,Anticipate,"Improved standing tackle success, possibility of stopping ball at feet",https://drop-assets.ea.com/images/4xPnUcL7thizFB7qmhlwUR/1ade7a0f77d5e875c2db869964540a35/Anticipate.png,playStyle,Play Style,trait1_16777216,Press Proven,"Close control at jog speed, shields ball more effectively",https://drop-assets.ea.com/images/5rUHwyLJRnvGV53Ba4Pj6M/9a3238695ae8103667ba02af391ac209/Press_Proven.png,playStyle,Play Style,,,,,,,,,,,,,,,,,,,,
202335,928,79,Eric,Dier,,1/15/1994 12:00:00 AM,191,2,2,1,Ligue 1 McDonald's,91,https://ratings-images-prod.pulse.ea.com/FC25/full/player-portraits/p202335.png?padding=0.7,https://ratings-images-prod.pulse.ea.com/FC25/full/player-shields/en/202335.png?width=265,,,,trait1_268435456,Bruiser,Stronger physical tackles,https://drop-assets.ea.com/images/7euMJ2jVypFrFPQesWuGGm/14019168b12faac1584a2920d5c2d5d9/Bruiser.png,playStyle,Play Style,,,,,,,0,Men's Football,14,England,https://drop-assets.ea.com/images/6ZM1OFXGUFeV0ZaYVKj2z/ae88ef17f8cb179fbc1c463f7e1e4bd8/f_14.png,69,AS Monaco,https://drop-assets.ea.com/images/6XicH1VsjyR3WbTdpk99p3/8b11b6c53072e6c9c042eb77f3c6a8f4/l69.png,false,5,CB,Center Back,defense,Defense,35,0,34,0,80,0,64,0,90,0,85,0,47,0,65,0,71,0,60,0,66,0,80,0,84,0,62,0,66,0,52,0,67,0,11,0,14,0,6,0,13,0,9,0,82,0,76,0,80,0,71,0,54,0,67,0,74,0,82,0,48,0,73,0,62,0,72,0,81,0,77,0,69,0,78,0,56,0,51,0,,,,,,,,,,,,,,,,,,,,,,,,,,,,,,,,,,,,,,
248695,929,79,Wesley,Fofana,,12/17/2000 12:00:00 AM,185,2,3,1,Premier League,84,https://ratings-images-prod.pulse.ea.com/FC25/full/player-portraits/p248695.png?padding=0.7,https://ratings-images-prod.pulse.ea.com/FC25/full/player-shields/en/248695.png?width=265,,,,trait1_16384,Jockey,"Faster Sprint Jockey, better transition speed",https://drop-assets.ea.com/images/7lHjpOBSghE6Ywt1jgVv1C/21f9914d00f073d79d4b46cac71b9087/Jockey.png,playStyle,Play Style,,,,,,,0,Men's Football,18,France,https://drop-assets.ea.com/images/3ECAQzhfgSLWRf9IIHB6G8/7e235a7b2f93c1f73db7f89dc03b3657/f_18.png,5,Chelsea,https://drop-assets.ea.com/images/6T0vfhzb3y9R6YVtmVwYcD/b99723a87536e30979c7cbdb8bba9310/l5.png,false,5,CB,Center Back,defense,Defense,69,0,65,0,78,0,67,0,81,0,83,0,60,0,72,0,76,0,42,0,50,0,80,0,79,0,71,0,71,0,38,0,44,0,14,0,12,0,9,0,14,0,6,0,77,0,81,0,69,0,38,0,74,0,62,0,46,0,78,0,40,0,77,0,41,0,75,0,48,0,80,0,78,0,81,0,60,0,40,0,,,,,,,,,,,,,,,,,,,,,,,,,,,,,,,,,,,,,,
245037,931,79,Eric,García Martret,Eric García,1/9/2001 12:00:00 AM,182,2,3,1,LALIGA EA SPORTS,76,https://ratings-images-prod.pulse.ea.com/FC25/full/player-portraits/p245037.png?padding=0.7,https://ratings-images-prod.pulse.ea.com/FC25/full/player-shields/en/245037.png?width=265,3,Right Back,RB,trait1_16,Precision Header,Performs headers with increased accuracy and power.,https://drop-assets.ea.com/images/3ync8fbblS4zLzF3p1VXmT/7752a5103c2ebd8be5cf1819379c66f4/Precision_Header.png,playStyle,Play Style,trait1_1024,Long Ball Pass,"Accurate, faster Lob and Lofted Through Passes",https://drop-assets.ea.com/images/7jwRDD4zkOsqRpc821t73d/16d46d57a5dfc7dd5dd5f8de0fd26a99/Long_Ball_Pass.png,playStyle,Play Style,0,Men's Football,45,Spain,https://drop-assets.ea.com/images/Kv8okAYMsDbB3ZKbxrAXw/9d30c88d16a4c85002f35c6af412c6f7/f_45.png,241,FC Barcelona,https://drop-assets.ea.com/images/5VXhqALaBzgvb2YG8iJxlq/990024f3e3ecc9e6c37eae41ebef86bd/l241.png,true,5,CB,Center Back,defense,Defense,55,0,64,0,77,0,68,0,73,0,79,0,60,0,77,0,78,0,54,0,65,0,80,0,80,0,71,0,69,0,50,0,31,0,11,0,9,0,12,0,11,0,7,0,77,0,80,0,81,0,44,0,63,0,70,0,44,0,73,0,45,0,78,0,48,0,82,0,51,0,79,0,69,0,82,0,70,0,31,0,10,Center Defensive Midfielder,CDM,12,Right Midfielder,RM,trait1_131072,Anticipate,"Improved standing tackle success, possibility of stopping ball at feet",https://drop-assets.ea.com/images/4xPnUcL7thizFB7qmhlwUR/1ade7a0f77d5e875c2db869964540a35/Anticipate.png,playStyle,Play Style,,,,,,,,,,,,,,,,,,,,,,,,,,
254022,933,79,Nick,Woltemade,,2/14/2002 12:00:00 AM,199,4,3,1,Premier League,90,https://ratings-images-prod.pulse.ea.com/FC25/full/player-portraits/p254022.png?padding=0.7,https://ratings-images-prod.pulse.ea.com/FC25/full/player-shields/en/254022.png?width=265,18,Center Attacking Midfielder,CAM,trait1_128,Gamechanger,Fancy and Trivela shots are performed with improved accuracy.,https://drop-assets.ea.com/images/2v8I0GQrtREaEJzJcyStKe/e46d719e4e5ed88ac5a1f671c7448f4a/Gamechanger.png,playStyle,Play Style,trait1_1048576,Technical,"Faster Controlled Sprint, precise wide turns while dribbling",https://drop-assets.ea.com/images/5Esx7NK4YBU44O4bo07rvb/69ca9417da7fd07905f6c6956ad93f6d/Technical.png,playStyle,Play Style,0,Men's Football,21,Germany,https://drop-assets.ea.com/images/6IIMMGk0Uj1rcZ6DSHTpLL/93f95b602dc62594104f418c8f80ebb3/f_21.png,13,Newcastle Utd,https://drop-assets.ea.com/images/69fXoaX4p9zFwKaZYoNtNX/14d86649a9b5a3f7e876cc3d46357b5d/l13.png,false,25,ST,Striker,attack,Attack,64,0,69,0,84,0,71,0,81,0,60,0,57,0,80,0,77,0,46,0,51,0,41,0,32,0,79,0,83,0,82,0,42,0,11,0,8,0,13,0,9,0,8,0,77,0,35,0,63,0,66,0,67,0,65,0,70,0,74,0,82,0,79,0,78,0,77,0,81,0,30,0,69,0,44,0,74,0,73,0,,,,,,,,,,,,,,,,,,,,,,,,,,,,,,,,,,,,,,
205431,934,79,Niclas,Füllkrug,,2/9/1993 12:00:00 AM,188,3,4,1,Premier League,83,https://ratings-images-prod.pulse.ea.com/FC25/full/player-portraits/p205431.png?padding=0.7,https://ratings-images-prod.pulse.ea.com/FC25/full/player-shields/en/205431.png?width=265,,,,trait1_16,Precision Header,Performs headers with increased accuracy and power.,https://drop-assets.ea.com/images/3ync8fbblS4zLzF3p1VXmT/7752a5103c2ebd8be5cf1819379c66f4/Precision_Header.png,playStyle,Play Style,,,,,,,0,Men's Football,21,Germany,https://drop-assets.ea.com/images/6IIMMGk0Uj1rcZ6DSHTpLL/93f95b602dc62594104f418c8f80ebb3/f_21.png,19,West Ham,https://drop-assets.ea.com/images/60X4vXPDgGISHaqyOdUGkg/c7def9840658d49d646e4895e9e04e94/l19.png,false,25,ST,Striker,attack,Attack,53,0,51,0,86,0,55,0,86,0,82,0,61,0,77,0,79,0,65,0,72,0,43,0,41,0,73,0,74,0,81,0,68,0,15,0,9,0,10,0,13,0,9,0,87,0,24,0,59,0,78,0,57,0,71,0,88,0,77,0,82,0,80,0,82,0,77,0,86,0,30,0,60,0,46,0,76,0,80,0,,,,,,,,,,,,,,,,,,,,,,,,,,,,,,,,,,,,,,
228174,935,79,Cameron,Carter-Vickers,,12/31/1997 12:00:00 AM,183,2,2,1,Scottish Prem,92,https://ratings-images-prod.pulse.ea.com/FC25/full/player-portraits/p228174.png?padding=0.7,https://ratings-images-prod.pulse.ea.com/FC25/full/player-shields/en/228174.png?width=265,,,,trait1_512,Pinged Pass,Faster ground passes without affecting receiver's trapping,https://drop-assets.ea.com/images/1mXBWIBgJSpYoIa1C4r5FX/7220e78a4049530f4e9fa642b1656fa4/Pinged_Pass.png,playStyle,Play Style,trait1_16384,Jockey,"Faster Sprint Jockey, better transition speed",https://drop-assets.ea.com/images/7lHjpOBSghE6Ywt1jgVv1C/21f9914d00f073d79d4b46cac71b9087/Jockey.png,playStyle,Play Style,0,Men's Football,95,United States,https://drop-assets.ea.com/images/7ZVadlJQIutRH5P85wr76/c2456a2d76146d19f98c2c3071136dcf/f_95.png,78,Celtic,https://drop-assets.ea.com/images/16GwjVn0vBxAdBx5F4uW0q/6a96b7c86f98010e0b9cd943dc48d4ca/l78.png,false,5,CB,Center Back,defense,Defense,79,0,77,0,91,0,74,0,90,0,80,0,78,0,76,0,79,0,37,0,36,0,77,0,78,0,72,0,65,0,24,0,30,0,13,0,6,0,8,0,16,0,10,0,75,0,74,0,70,0,21,0,78,0,59,0,38,0,84,0,27,0,80,0,33,0,76,0,65,0,75,0,78,0,78,0,57,0,26,0,,,,,,,trait1_524288,Aerial Fortress,Performs higher jumps and has physical defensive presence before and during aerial duels,https://drop-assets.ea.com/images/3rsDbUXd3MZX39YTsk6lKe/404db89f2237eeb7466668a730c52a4b/Aerial_Fortress.png,playStyle,Play Style,trait1_268435456,Bruiser,Stronger physical tackles,https://drop-assets.ea.com/images/7euMJ2jVypFrFPQesWuGGm/14019168b12faac1584a2920d5c2d5d9/Bruiser.png,playStyle,Play Style,,,,,,,,,,,,,,,,,,,,
239763,936,79,Edon,Zhegrova,,3/31/1999 12:00:00 AM,180,4,2,2,Serie A Enilive,74,https://ratings-images-prod.pulse.ea.com/FC25/full/player-portraits/p239763.png?padding=0.7,https://ratings-images-prod.pulse.ea.com/FC25/full/player-shields/en/239763.png?width=265,23,Right Wing,RW,trait1_1,Finesse Shot,Faster finesse shots with more curve and accuracy,https://drop-assets.ea.com/images/468u1R1p2k1fA6WBHi0OEn/fb9d49ed2a8fb500cd5a184937b96b34/Finesse_Shot.png,playStyle,Play Style,trait1_128,Gamechanger,Fancy and Trivela shots are performed with improved accuracy.,https://drop-assets.ea.com/images/2v8I0GQrtREaEJzJcyStKe/e46d719e4e5ed88ac5a1f671c7448f4a/Gamechanger.png,playStyle,Play Style,0,Men's Football,219,Kosovo,https://drop-assets.ea.com/images/4YJ3M3GAeLdL1Q8hN7ARmo/bfa48edbf3007805182f5372e3d45189/f_219.png,45,Juventus,https://drop-assets.ea.com/images/6zWQmPATtK8lpsiXbKb3mY/6b2d1dab08ef14f63271a5cd70a0db0d/l45.png,true,12,RM,Right Midfielder,midfielder,Midfielder,90,0,90,0,66,0,65,0,63,0,54,0,84,0,82,0,78,0,78,0,82,0,25,0,32,0,85,0,87,0,69,0,74,0,7,0,11,0,6,0,12,0,7,0,36,0,20,0,70,0,75,0,84,0,76,0,51,0,62,0,75,0,74,0,71,0,76,0,78,0,18,0,79,0,21,0,77,0,62,0,,,,,,,trait1_4096,Whipped Pass,"Accurate, faster crosses with more curve",https://drop-assets.ea.com/images/FfTP29PWrRWZjEaiCCVoa/a1b345e4ae7023ed78b1efd68d28f392/Whipped_Pass.png,playStyle,Play Style,trait1_1048576,Technical,"Faster Controlled Sprint, precise wide turns while dribbling",https://drop-assets.ea.com/images/5Esx7NK4YBU44O4bo07rvb/69ca9417da7fd07905f6c6956ad93f6d/Technical.png,playStyle,Play Style,,,trait1_4194304,First Touch,"Reduced trapping error, faster dribbling transition",https://drop-assets.ea.com/images/3f727XsoDVLbT49oMk0HBu/2787568be8ccb2d5daa2d18fabacad97/First_Touch.png,playStyle,Play Style,,,,,,,,,,,,
258781,939,79,Illia,Zabarnyi,,9/1/2002 12:00:00 AM,189,2,3,1,Ligue 1 McDonald's,80,https://ratings-images-prod.pulse.ea.com/FC25/full/player-portraits/p258781.png?padding=0.7,https://ratings-images-prod.pulse.ea.com/FC25/full/player-shields/en/258781.png?width=265,,,,trait1_1024,Long Ball Pass,"Accurate, faster Lob and Lofted Through Passes",https://drop-assets.ea.com/images/7jwRDD4zkOsqRpc821t73d/16d46d57a5dfc7dd5dd5f8de0fd26a99/Long_Ball_Pass.png,playStyle,Play Style,trait1_16384,Jockey,"Faster Sprint Jockey, better transition speed",https://drop-assets.ea.com/images/7lHjpOBSghE6Ywt1jgVv1C/21f9914d00f073d79d4b46cac71b9087/Jockey.png,playStyle,Play Style,0,Men's Football,49,Ukraine,https://drop-assets.ea.com/images/6qDmsmOUdD4va3zMohbKhb/0074f5347b6d5908bf7c36de17f1e512/f_49.png,73,Paris SG,https://drop-assets.ea.com/images/2QwnhmHh5K7bjkfZAF7ZCi/7c53874542fb5c606ff810a4b1f6b88b/l73.png,true,5,CB,Center Back,defense,Defense,76,0,64,0,88,0,73,0,80,0,76,0,56,0,67,0,72,0,55,0,36,0,80,0,81,0,64,0,60,0,33,0,40,0,14,0,11,0,10,0,11,0,13,0,77,0,79,0,76,0,34,0,80,0,64,0,40,0,78,0,35,0,79,0,37,0,76,0,50,0,79,0,84,0,80,0,57,0,28,0,,,,,,,trait1_65536,Intercept,Increased reach and possession retention in interceptions,https://drop-assets.ea.com/images/5ysv7Iw8jDHl7sp1JXqIa7/d34004fed8c95bde083dcf8257391a70/Intercept.png,playStyle,Play Style,trait1_524288,Aerial Fortress,Performs higher jumps and has physical defensive presence before and during aerial duels,https://drop-assets.ea.com/images/3rsDbUXd3MZX39YTsk6lKe/404db89f2237eeb7466668a730c52a4b/Aerial_Fortress.png,playStyle,Play Style,,,,,,,,,,,,,,,,,,,,
277581,940,79,Samuel,Omorodion Aghehowa,Samu,5/5/2004 12:00:00 AM,193,3,3,1,Liga Portugal,90,https://ratings-images-prod.pulse.ea.com/FC25/full/player-portraits/p277581.png?padding=0.7,https://ratings-images-prod.pulse.ea.com/FC25/full/player-shields/en/277581.png?width=265,,,,trait1_16,Precision Header,Performs headers with increased accuracy and power.,https://drop-assets.ea.com/images/3ync8fbblS4zLzF3p1VXmT/7752a5103c2ebd8be5cf1819379c66f4/Precision_Header.png,playStyle,Play Style,trait1_536870912,Enforcer,Performs dribble Shoulder Challenges and Shielding with increased effectiveness.,https://drop-assets.ea.com/images/2sNQz8b9dgV0hW8vl7oOvV/d7a503dbd4c73b232055b3ca06aa88eb/Enforcer.png,playStyle,Play Style,0,Men's Football,45,Spain,https://drop-assets.ea.com/images/Kv8okAYMsDbB3ZKbxrAXw/9d30c88d16a4c85002f35c6af412c6f7/f_45.png,236,FC Porto,https://drop-assets.ea.com/images/3rIoG9U8fPPfaXZiGOGtvw/37c0c0ceefe454e9c299d4cc1852671f/l236.png,false,25,ST,Striker,attack,Attack,75,0,57,0,94,0,74,0,90,0,74,0,50,0,69,0,73,0,48,0,56,0,36,0,30,0,68,0,71,0,83,0,50,0,11,0,12,0,11,0,8,0,8,0,82,0,33,0,57,0,72,0,79,0,58,0,60,0,83,0,83,0,79,0,79,0,67,0,81,0,21,0,83,0,32,0,54,0,70,0,,,,,,,,,,,,,,,,,,,,,,,,,,,,,,,,,,,,,,
226229,941,79,Thilo,Kehrer,,9/21/1996 12:00:00 AM,186,2,5,1,Ligue 1 McDonald's,76,https://ratings-images-prod.pulse.ea.com/FC25/full/player-portraits/p226229.png?padding=0.7,https://ratings-images-prod.pulse.ea.com/FC25/full/player-shields/en/226229.png?width=265,,,,trait1_16,Precision Header,Performs headers with increased accuracy and power.,https://drop-assets.ea.com/images/3ync8fbblS4zLzF3p1VXmT/7752a5103c2ebd8be5cf1819379c66f4/Precision_Header.png,playStyle,Play Style,trait1_268435456,Bruiser,Stronger physical tackles,https://drop-assets.ea.com/images/7euMJ2jVypFrFPQesWuGGm/14019168b12faac1584a2920d5c2d5d9/Bruiser.png,playStyle,Play Style,0,Men's Football,21,Germany,https://drop-assets.ea.com/images/6IIMMGk0Uj1rcZ6DSHTpLL/93f95b602dc62594104f418c8f80ebb3/f_21.png,69,AS Monaco,https://drop-assets.ea.com/images/6XicH1VsjyR3WbTdpk99p3/8b11b6c53072e6c9c042eb77f3c6a8f4/l69.png,false,5,CB,Center Back,defense,Defense,62,0,62,0,82,0,71,0,79,0,78,0,63,0,66,0,73,0,64,0,54,0,80,0,80,0,66,0,64,0,37,0,39,0,9,0,9,0,14,0,10,0,12,0,76,0,79,0,68,0,40,0,69,0,66,0,41,0,77,0,53,0,79,0,44,0,74,0,65,0,81,0,75,0,81,0,60,0,32,0,,,,,,,,,,,,,,,,,,,,,,,,,,,,,,,,,,,,,,
176580,943,79,Luis,Suárez,,1/24/1987 12:00:00 AM,182,3,4,1,MLS,86,https://ratings-images-prod.pulse.ea.com/FC25/full/player-portraits/p176580.png?padding=0.7,https://ratings-images-prod.pulse.ea.com/FC25/full/player-shields/en/176580.png?width=265,18,Center Attacking Midfielder,CAM,trait1_128,Gamechanger,Fancy and Trivela shots are performed with improved accuracy.,https://drop-assets.ea.com/images/2v8I0GQrtREaEJzJcyStKe/e46d719e4e5ed88ac5a1f671c7448f4a/Gamechanger.png,playStyle,Play Style,trait1_536870912,Enforcer,Performs dribble Shoulder Challenges and Shielding with increased effectiveness.,https://drop-assets.ea.com/images/2sNQz8b9dgV0hW8vl7oOvV/d7a503dbd4c73b232055b3ca06aa88eb/Enforcer.png,playStyle,Play Style,0,Men's Football,60,Uruguay,https://drop-assets.ea.com/images/GRwJwZ17RfDveZX4N4L78/25beda9babb2d93a8ff7bb5487eb263b/f_60.png,112893,Inter Miami CF,https://drop-assets.ea.com/images/3luAerlx8cliy5XNziWvOA/b7785fb1a6915d5044b4f954d83e4915/l112893.png,false,25,ST,Striker,attack,Attack,52,0,66,0,75,0,53,0,81,0,87,0,71,0,79,0,86,0,71,0,80,0,41,0,35,0,76,0,75,0,82,0,79,0,27,0,25,0,31,0,33,0,37,0,82,0,35,0,70,0,80,0,53,0,74,0,81,0,75,0,84,0,83,0,82,0,73,0,83,0,35,0,54,0,38,0,80,0,85,0,,,,,,,,,,,,,,,,,,,,,,,,,,,,,,,,,,,,,,
210930,944,79,Carles,Gil Pareja,Carles Gil,11/2/1992 12:00:00 AM,170,4,4,2,MLS,65,https://ratings-images-prod.pulse.ea.com/FC25/full/player-portraits/p210930.png?padding=0.7,https://ratings-images-prod.pulse.ea.com/FC25/full/player-shields/en/210930.png?width=265,12,Right Midfielder,RM,trait1_1,Finesse Shot,Faster finesse shots with more curve and accuracy,https://drop-assets.ea.com/images/468u1R1p2k1fA6WBHi0OEn/fb9d49ed2a8fb500cd5a184937b96b34/Finesse_Shot.png,playStyle,Play Style,trait1_256,Incisive Pass,"Accurate through passes, curvier swerve passes, faster precision passes",https://drop-assets.ea.com/images/2K5BYfVYRnrdjt8F3hwI04/62f147b6a436c107bfa3d042c1d5728d/Incisive_Pass.png,playStyle,Play Style,0,Men's Football,45,Spain,https://drop-assets.ea.com/images/Kv8okAYMsDbB3ZKbxrAXw/9d30c88d16a4c85002f35c6af412c6f7/f_45.png,691,New England,https://drop-assets.ea.com/images/48ngeALXrPB00VU1uedurz/7841d93996c63753d1244626bbc2a3aa/l691.png,false,18,CAM,Center Attacking Midfielder,midfielder,Midfielder,74,0,73,0,58,0,84,0,61,0,40,0,74,0,80,0,76,0,77,0,80,0,38,0,35,0,79,0,80,0,73,0,72,0,12,0,15,0,16,0,9,0,6,0,33,0,39,0,77,0,74,0,70,0,80,0,68,0,62,0,78,0,79,0,71,0,82,0,62,0,38,0,67,0,42,0,85,0,70,0,14,Center Midfielder,CM,,,,trait1_512,Pinged Pass,Faster ground passes without affecting receiver's trapping,https://drop-assets.ea.com/images/1mXBWIBgJSpYoIa1C4r5FX/7220e78a4049530f4e9fa642b1656fa4/Pinged_Pass.png,playStyle,Play Style,trait1_8192,Inventive,Fancy and Trivela passes are performed with improved accuracy.,https://drop-assets.ea.com/images/4fpo31RdL5T0vrzNqcSc4x/f82209bfd51270dcc447d4313b3e61f1/Inventive.png,playStyle,Play Style,,,trait1_16777216,Press Proven,"Close control at jog speed, shields ball more effectively",https://drop-assets.ea.com/images/5rUHwyLJRnvGV53Ba4Pj6M/9a3238695ae8103667ba02af391ac209/Press_Proven.png,playStyle,Play Style,,,,,,,,,,,,
261050,945,79,Francisco,F. da Conceição,Francisco Conceição,12/14/2002 12:00:00 AM,168,4,2,2,Serie A Enilive,61,https://ratings-images-prod.pulse.ea.com/FC25/full/player-portraits/p261050.png?padding=0.7,https://ratings-images-prod.pulse.ea.com/FC25/full/player-shields/en/261050.png?width=265,23,Right Wing,RW,trait1_1,Finesse Shot,Faster finesse shots with more curve and accuracy,https://drop-assets.ea.com/images/468u1R1p2k1fA6WBHi0OEn/fb9d49ed2a8fb500cd5a184937b96b34/Finesse_Shot.png,playStyle,Play Style,trait1_1048576,Technical,"Faster Controlled Sprint, precise wide turns while dribbling",https://drop-assets.ea.com/images/5Esx7NK4YBU44O4bo07rvb/69ca9417da7fd07905f6c6956ad93f6d/Technical.png,playStyle,Play Style,0,Men's Football,38,Portugal,https://drop-assets.ea.com/images/3CxRD7XqY2NSlZ3628fY4S/abf38470644ee334e6a425b9272f7767/f_38.png,45,Juventus,https://drop-assets.ea.com/images/6zWQmPATtK8lpsiXbKb3mY/6b2d1dab08ef14f63271a5cd70a0db0d/l45.png,true,12,RM,Right Midfielder,midfielder,Midfielder,88,0,93,0,54,0,69,0,40,0,49,0,90,0,83,0,72,0,74,0,77,0,36,0,34,0,85,0,85,0,68,0,58,0,9,0,6,0,7,0,15,0,14,0,36,0,31,0,69,0,65,0,87,0,73,0,59,0,50,0,76,0,79,0,68,0,77,0,72,0,37,0,87,0,41,0,71,0,71,0,18,Center Attacking Midfielder,CAM,,,,trait1_33554432,Quick Step,Faster acceleration during Explosive Sprint,https://drop-assets.ea.com/images/1xG25Zp3wvkLA5YewKiZah/f27f5fabd1e899fc0bbb817d2db233b1/Quick_Step.png,playStyle,Play Style,,,,,,,,,,,,,,,,,,,,,,,,,,
213761,947,79,Abderrazak,Hamdallah,,12/17/1990 12:00:00 AM,179,3,3,1,ROSHN Saudi League,75,https://ratings-images-prod.pulse.ea.com/FC25/full/player-portraits/p213761.png?padding=0.7,https://ratings-images-prod.pulse.ea.com/FC25/full/player-shields/en/213761.png?width=265,18,Center Attacking Midfielder,CAM,trait1_1,Finesse Shot,Faster finesse shots with more curve and accuracy,https://drop-assets.ea.com/images/468u1R1p2k1fA6WBHi0OEn/fb9d49ed2a8fb500cd5a184937b96b34/Finesse_Shot.png,playStyle,Play Style,trait1_2,Chip Shot,"Faster, more accurate chip shots",https://drop-assets.ea.com/images/6Gl08kt7odn1fJNX74CS2P/984feac3cd8d99902f5cb5131d5fd26a/Chip_Shot.png,playStyle,Play Style,0,Men's Football,129,Morocco,https://drop-assets.ea.com/images/47SGeQ7STCrJZQSKOVJaHA/1aa24a57a60f85051e34a5ad8205771d/f_129.png,111674,Al Shabab,https://drop-assets.ea.com/images/VTUgGrOQD2Ao8gd3KhDfS/d43f1f7d0af58701cce9229eb9771652/l111674.png,false,25,ST,Striker,attack,Attack,51,0,74,0,74,0,80,0,80,0,70,0,46,0,86,0,77,0,66,0,74,0,31,0,30,0,78,0,77,0,84,0,72,0,9,0,11,0,9,0,15,0,10,0,81,0,20,0,63,0,70,0,59,0,70,0,85,0,78,0,83,0,82,0,80,0,72,0,78,0,20,0,65,0,25,0,74,0,77,0,,,,,,,trait1_16,Precision Header,Performs headers with increased accuracy and power.,https://drop-assets.ea.com/images/3ync8fbblS4zLzF3p1VXmT/7752a5103c2ebd8be5cf1819379c66f4/Precision_Header.png,playStyle,Play Style,trait1_64,Low Driven Shot,"Enhances a player's ability to execute low driven shots with increased accuracy, faster ball travel, and quicker shot execution.",https://drop-assets.ea.com/images/1NfyWsEpQ7s9bhWWt92lbn/5b5dbeb0e55c2e9241cdc26c70ee2d2c/Low_Driven_Shot.png,playStyle,Play Style,,,trait1_128,Gamechanger,Fancy and Trivela shots are performed with improved accuracy.,https://drop-assets.ea.com/images/2v8I0GQrtREaEJzJcyStKe/e46d719e4e5ed88ac5a1f671c7448f4a/Gamechanger.png,playStyle,Play Style,,,,,,,,,,,,
225100,948,79,Joe,Gomez,,5/23/1997 12:00:00 AM,188,3,3,1,Premier League,77,https://ratings-images-prod.pulse.ea.com/FC25/full/player-portraits/p225100.png?padding=0.7,https://ratings-images-prod.pulse.ea.com/FC25/full/player-shields/en/225100.png?width=265,3,Right Back,RB,trait1_134217728,Long Throw,Powerful throw-ins for greater distance,https://drop-assets.ea.com/images/51OlohNQvoEwW0aLhknAHh/58fa7d903d10f6d8cfa2622f62ba6b6f/Long_Throw.png,playStyle,Play Style,,,,,,,0,Men's Football,14,England,https://drop-assets.ea.com/images/6ZM1OFXGUFeV0ZaYVKj2z/ae88ef17f8cb179fbc1c463f7e1e4bd8/f_14.png,9,Liverpool,https://drop-assets.ea.com/images/3mmzooNXBDCKuCy6kWcGQo/2e332a30fe2a7225a88fcb1898f48bbf/l9.png,false,5,CB,Center Back,defense,Defense,72,0,61,0,85,0,57,0,78,0,77,0,64,0,75,0,75,0,73,0,55,0,79,0,79,0,71,0,71,0,20,0,29,0,8,0,13,0,14,0,7,0,7,0,76,0,79,0,75,0,22,0,74,0,70,0,26,0,73,0,56,0,78,0,29,0,77,0,51,0,78,0,76,0,81,0,65,0,34,0,7,Left Back,LB,12,Right Midfielder,RM,,,,,,,,,,,,,,,,,,,,,,,,,,,,,,,,
208448,951,79,Emil,Forsberg,,10/23/1991 12:00:00 AM,177,4,4,1,MLS,76,https://ratings-images-prod.pulse.ea.com/FC25/full/player-portraits/p208448.png?padding=0.7,https://ratings-images-prod.pulse.ea.com/FC25/full/player-shields/en/208448.png?width=265,16,Left Midfielder,LM,trait1_256,Incisive Pass,"Accurate through passes, curvier swerve passes, faster precision passes",https://drop-assets.ea.com/images/2K5BYfVYRnrdjt8F3hwI04/62f147b6a436c107bfa3d042c1d5728d/Incisive_Pass.png,playStyle,Play Style,trait1_8192,Inventive,Fancy and Trivela passes are performed with improved accuracy.,https://drop-assets.ea.com/images/4fpo31RdL5T0vrzNqcSc4x/f82209bfd51270dcc447d4313b3e61f1/Inventive.png,playStyle,Play Style,0,Men's Football,46,Sweden,https://drop-assets.ea.com/images/4ts7Tmr55hzylhHNBA5xsw/073e32f2c968ae9d531bb1d013a350a0/f_46.png,689,Red Bulls,https://drop-assets.ea.com/images/5f7uIjuRx6ua3nQqfm7qZr/8e8274e586ad7e6e0df6dd7e3f085e72/l689.png,false,18,CAM,Center Attacking Midfielder,midfielder,Midfielder,65,0,71,0,56,0,65,0,59,0,61,0,79,0,84,0,77,0,81,0,79,0,35,0,35,0,80,0,81,0,73,0,75,0,13,0,7,0,9,0,15,0,11,0,44,0,41,0,77,0,72,0,64,0,81,0,79,0,61,0,77,0,78,0,73,0,83,0,71,0,33,0,63,0,27,0,82,0,65,0,14,Center Midfielder,CM,,,,trait1_1048576,Technical,"Faster Controlled Sprint, precise wide turns while dribbling",https://drop-assets.ea.com/images/5Esx7NK4YBU44O4bo07rvb/69ca9417da7fd07905f6c6956ad93f6d/Technical.png,playStyle,Play Style,trait1_4194304,First Touch,"Reduced trapping error, faster dribbling transition",https://drop-assets.ea.com/images/3f727XsoDVLbT49oMk0HBu/2787568be8ccb2d5daa2d18fabacad97/First_Touch.png,playStyle,Play Style,,,,,,,,,,,,,,,,,,,,
258911,952,79,Toluwalase,Arokodare,,11/23/2000 12:00:00 AM,197,2,3,1,Premier League,97,https://ratings-images-prod.pulse.ea.com/FC25/full/player-portraits/p258911.png?padding=0.7,https://ratings-images-prod.pulse.ea.com/FC25/full/player-shields/en/258911.png?width=265,,,,trait1_4,Power Shot,Faster power shots with increased speed,https://drop-assets.ea.com/images/3ohVoKWSsvT44qgjabWqfV/e536ef26ad854c3c4cbf63ed7954b9cd/Power_Shot.png,playStyle,Play Style,trait1_16,Precision Header,Performs headers with increased accuracy and power.,https://drop-assets.ea.com/images/3ync8fbblS4zLzF3p1VXmT/7752a5103c2ebd8be5cf1819379c66f4/Precision_Header.png,playStyle,Play Style,0,Men's Football,133,Nigeria,https://drop-assets.ea.com/images/7pdYOUzcOpsSLsQJqx6jq9/ab9bec93f27d4c42a76f2617073a6cce/f_133.png,110,Wolves,https://drop-assets.ea.com/images/3DIKyPF6XcAgIrI3Wv0UBo/4b26ac5525105f84de13860ebe177633/l110.png,false,25,ST,Striker,attack,Attack,71,0,41,0,91,0,71,0,91,0,64,0,36,0,79,0,65,0,35,0,57,0,31,0,22,0,70,0,75,0,85,0,55,0,9,0,8,0,12,0,14,0,9,0,78,0,18,0,52,0,75,0,75,0,57,0,66,0,81,0,76,0,72,0,80,0,75,0,79,0,21,0,79,0,35,0,52,0,72,0,,,,,,,trait1_64,Low Driven Shot,"Enhances a player's ability to execute low driven shots with increased accuracy, faster ball travel, and quicker shot execution.",https://drop-assets.ea.com/images/1NfyWsEpQ7s9bhWWt92lbn/5b5dbeb0e55c2e9241cdc26c70ee2d2c/Low_Driven_Shot.png,playStyle,Play Style,trait1_536870912,Enforcer,Performs dribble Shoulder Challenges and Shielding with increased effectiveness.,https://drop-assets.ea.com/images/2sNQz8b9dgV0hW8vl7oOvV/d7a503dbd4c73b232055b3ca06aa88eb/Enforcer.png,playStyle,Play Style,,,,,,,,,,,,,,,,,,,,
226710,953,79,Gianluca,Scamacca,,1/1/1999 12:00:00 AM,196,3,3,1,Serie A Enilive,85,https://ratings-images-prod.pulse.ea.com/FC25/full/player-portraits/p226710.png?padding=0.7,https://ratings-images-prod.pulse.ea.com/FC25/full/player-shields/en/226710.png?width=265,,,,trait1_536870912,Enforcer,Performs dribble Shoulder Challenges and Shielding with increased effectiveness.,https://drop-assets.ea.com/images/2sNQz8b9dgV0hW8vl7oOvV/d7a503dbd4c73b232055b3ca06aa88eb/Enforcer.png,playStyle,Play Style,,,,,,,0,Men's Football,27,Italy,https://drop-assets.ea.com/images/2WtjWPqYzT7xcMCbvajGZH/d06e9ec4734a0d43d88f65386cc3a484/f_27.png,115845,Bergamo Calcio,https://drop-assets.ea.com/images/19gWEcyonp2fvk02MNHZOA/83b82283fc62f7010b529a53a0724eee/l115845.png,false,25,ST,Striker,attack,Attack,61,0,61,0,86,0,51,0,83,0,58,0,54,0,80,0,79,0,44,0,69,0,36,0,40,0,74,0,74,0,83,0,68,0,12,0,10,0,11,0,7,0,12,0,83,0,26,0,70,0,78,0,65,0,67,0,68,0,70,0,80,0,76,0,81,0,75,0,83,0,20,0,69,0,28,0,71,0,79,0,,,,,,,,,,,,,,,,,,,,,,,,,,,,,,,,,,,,,,
178509,954,79,Olivier,Giroud,,9/30/1986 12:00:00 AM,193,3,3,2,Ligue 1 McDonald's,91,https://ratings-images-prod.pulse.ea.com/FC25/full/player-portraits/p178509.png?padding=0.7,https://ratings-images-prod.pulse.ea.com/FC25/full/player-shields/en/178509.png?width=265,,,,trait1_16,Precision Header,Performs headers with increased accuracy and power.,https://drop-assets.ea.com/images/3ync8fbblS4zLzF3p1VXmT/7752a5103c2ebd8be5cf1819379c66f4/Precision_Header.png,playStyle,Play Style,trait1_128,Gamechanger,Fancy and Trivela shots are performed with improved accuracy.,https://drop-assets.ea.com/images/2v8I0GQrtREaEJzJcyStKe/e46d719e4e5ed88ac5a1f671c7448f4a/Gamechanger.png,playStyle,Play Style,0,Men's Football,18,France,https://drop-assets.ea.com/images/3ECAQzhfgSLWRf9IIHB6G8/7e235a7b2f93c1f73db7f89dc03b3657/f_18.png,65,LOSC Lille,https://drop-assets.ea.com/images/tfbRaZiFuJ9jTer1qcf0Z/95171efd06d2494735c0e8a7c5aa9df2/l65.png,false,25,ST,Striker,attack,Attack,45,0,55,0,84,0,61,0,88,0,76,0,53,0,80,0,84,0,64,0,73,0,41,0,37,0,73,0,71,0,80,0,65,0,12,0,15,0,11,0,6,0,5,0,86,0,42,0,64,0,73,0,48,0,71,0,88,0,79,0,86,0,84,0,80,0,75,0,83,0,20,0,51,0,37,0,78,0,85,0,,,,,,,trait1_524288,Aerial Fortress,Performs higher jumps and has physical defensive presence before and during aerial duels,https://drop-assets.ea.com/images/3rsDbUXd3MZX39YTsk6lKe/404db89f2237eeb7466668a730c52a4b/Aerial_Fortress.png,playStyle,Play Style,trait1_536870912,Enforcer,Performs dribble Shoulder Challenges and Shielding with increased effectiveness.,https://drop-assets.ea.com/images/2sNQz8b9dgV0hW8vl7oOvV/d7a503dbd4c73b232055b3ca06aa88eb/Enforcer.png,playStyle,Play Style,,,,,,,,,,,,,,,,,,,,
197655,955,79,Sebastián,Coates,,10/7/1990 12:00:00 AM,196,2,3,1,Libertadores,94,https://ratings-images-prod.pulse.ea.com/FC25/full/player-portraits/p197655.png?padding=0.7,https://ratings-images-prod.pulse.ea.com/FC25/full/player-shields/en/197655.png?width=265,,,,trait1_1024,Long Ball Pass,"Accurate, faster Lob and Lofted Through Passes",https://drop-assets.ea.com/images/7jwRDD4zkOsqRpc821t73d/16d46d57a5dfc7dd5dd5f8de0fd26a99/Long_Ball_Pass.png,playStyle,Play Style,trait1_262144,Slide Tackle,Stops ball at feet during slide tackles,https://drop-assets.ea.com/images/7mI1lrxE0pv9iJfQFki9OA/8c1ecac325f923e049be72231c8c968a/Slide_Tackle.png,playStyle,Play Style,0,Men's Football,60,Uruguay,https://drop-assets.ea.com/images/GRwJwZ17RfDveZX4N4L78/25beda9babb2d93a8ff7bb5487eb263b/f_60.png,,,,,5,CB,Center Back,defense,Defense,61,0,37,0,80,0,75,0,91,0,80,0,31,0,65,0,77,0,20,0,39,0,81,0,81,0,61,0,64,0,55,0,19,0,16,0,13,0,15,0,16,0,13,0,79,0,79,0,71,0,30,0,60,0,54,0,69,0,84,0,49,0,70,0,49,0,70,0,50,0,80,0,59,0,82,0,60,0,48,0,,,,,,,trait1_524288,Aerial Fortress,Performs higher jumps and has physical defensive presence before and during aerial duels,https://drop-assets.ea.com/images/3rsDbUXd3MZX39YTsk6lKe/404db89f2237eeb7466668a730c52a4b/Aerial_Fortress.png,playStyle,Play Style,,,,,,,,,,,,,,,,,,,,,,,,,,
205175,956,79,Arkadiusz,Milik,,2/28/1994 12:00:00 AM,186,3,3,2,Serie A Enilive,80,https://ratings-images-prod.pulse.ea.com/FC25/full/player-portraits/p205175.png?padding=0.7,https://ratings-images-prod.pulse.ea.com/FC25/full/player-shields/en/205175.png?width=265,,,,trait1_4,Power Shot,Faster power shots with increased speed,https://drop-assets.ea.com/images/3ohVoKWSsvT44qgjabWqfV/e536ef26ad854c3c4cbf63ed7954b9cd/Power_Shot.png,playStyle,Play Style,,,,,,,0,Men's Football,37,Poland,https://drop-assets.ea.com/images/2ldG0tWskgN4waD1fBmnk1/24cbe80f6af25d3ab745fd339b024988/f_37.png,45,Juventus,https://drop-assets.ea.com/images/6zWQmPATtK8lpsiXbKb3mY/6b2d1dab08ef14f63271a5cd70a0db0d/l45.png,true,25,ST,Striker,attack,Attack,48,0,69,0,80,0,45,0,76,0,67,0,62,0,83,0,84,0,63,0,76,0,40,0,35,0,77,0,76,0,83,0,81,0,9,0,16,0,16,0,15,0,6,0,85,0,36,0,64,0,78,0,50,0,72,0,79,0,67,0,83,0,78,0,82,0,75,0,84,0,32,0,52,0,34,0,78,0,81,0,,,,,,,,,,,,,,,,,,,,,,,,,,,,,,,,,,,,,,
277797,957,79,Marcos Leonardo,Santos Almeida,Marcos Leonardo,5/2/2003 12:00:00 AM,175,4,4,1,ROSHN Saudi League,72,https://ratings-images-prod.pulse.ea.com/FC25/full/player-portraits/p277797.png?padding=0.7,https://ratings-images-prod.pulse.ea.com/FC25/full/player-shields/en/277797.png?width=265,18,Center Attacking Midfielder,CAM,trait1_2,Chip Shot,"Faster, more accurate chip shots",https://drop-assets.ea.com/images/6Gl08kt7odn1fJNX74CS2P/984feac3cd8d99902f5cb5131d5fd26a/Chip_Shot.png,playStyle,Play Style,trait1_128,Gamechanger,Fancy and Trivela shots are performed with improved accuracy.,https://drop-assets.ea.com/images/2v8I0GQrtREaEJzJcyStKe/e46d719e4e5ed88ac5a1f671c7448f4a/Gamechanger.png,playStyle,Play Style,0,Men's Football,54,Brazil,https://drop-assets.ea.com/images/1zdNn1R9tRlfQ3lsbAOecD/a606f742789b6306363383a6e20dd003/f_54.png,605,Al Hilal,https://drop-assets.ea.com/images/S6sbDN9mfGaVn2VJDekYR/c6f580c98a0d614b0b308a89a241c6ab/l605.png,false,25,ST,Striker,attack,Attack,76,0,77,0,87,0,75,0,75,0,34,0,72,0,76,0,70,0,56,0,65,0,27,0,22,0,75,0,75,0,83,0,49,0,6,0,9,0,8,0,13,0,6,0,79,0,26,0,57,0,69,0,78,0,63,0,75,0,67,0,84,0,80,0,78,0,69,0,78,0,20,0,79,0,17,0,65,0,73,0,14,Center Midfielder,CM,,,,,,,,,,,,,,,,,,,,,,,,,,,,,,,,,,,
247649,959,79,Jarrad,Branthwaite,,6/27/2002 12:00:00 AM,195,2,5,2,Premier League,74,https://ratings-images-prod.pulse.ea.com/FC25/full/player-portraits/p247649.png?padding=0.7,https://ratings-images-prod.pulse.ea.com/FC25/full/player-shields/en/247649.png?width=265,,,,trait1_65536,Intercept,Increased reach and possession retention in interceptions,https://drop-assets.ea.com/images/5ysv7Iw8jDHl7sp1JXqIa7/d34004fed8c95bde083dcf8257391a70/Intercept.png,playStyle,Play Style,trait1_262144,Slide Tackle,Stops ball at feet during slide tackles,https://drop-assets.ea.com/images/7mI1lrxE0pv9iJfQFki9OA/8c1ecac325f923e049be72231c8c968a/Slide_Tackle.png,playStyle,Play Style,0,Men's Football,14,England,https://drop-assets.ea.com/images/6ZM1OFXGUFeV0ZaYVKj2z/ae88ef17f8cb179fbc1c463f7e1e4bd8/f_14.png,7,Everton,https://drop-assets.ea.com/images/6Cth6wtCt1i37ZjPMZKIm3/4c68def58bf71a34afa1870cad4d5cfe/l7.png,false,5,CB,Center Back,defense,Defense,65,0,34,0,78,0,72,0,82,0,75,0,43,0,69,0,76,0,34,0,29,0,80,0,81,0,60,0,57,0,35,0,24,0,10,0,9,0,11,0,12,0,10,0,80,0,78,0,69,0,29,0,71,0,58,0,33,0,78,0,43,0,79,0,39,0,78,0,59,0,82,0,75,0,81,0,52,0,34,0,,,,,,,trait1_524288,Aerial Fortress,Performs higher jumps and has physical defensive presence before and during aerial duels,https://drop-assets.ea.com/images/3rsDbUXd3MZX39YTsk6lKe/404db89f2237eeb7466668a730c52a4b/Aerial_Fortress.png,playStyle,Play Style,,,,,,,,,,,,,,,,,,,,,,,,,,
237985,960,79,Kevin,Danso,,9/19/1998 12:00:00 AM,190,2,3,1,Premier League,85,https://ratings-images-prod.pulse.ea.com/FC25/full/player-portraits/p237985.png?padding=0.7,https://ratings-images-prod.pulse.ea.com/FC25/full/player-shields/en/237985.png?width=265,,,,trait1_1024,Long Ball Pass,"Accurate, faster Lob and Lofted Through Passes",https://drop-assets.ea.com/images/7jwRDD4zkOsqRpc821t73d/16d46d57a5dfc7dd5dd5f8de0fd26a99/Long_Ball_Pass.png,playStyle,Play Style,trait1_524288,Aerial Fortress,Performs higher jumps and has physical defensive presence before and during aerial duels,https://drop-assets.ea.com/images/3rsDbUXd3MZX39YTsk6lKe/404db89f2237eeb7466668a730c52a4b/Aerial_Fortress.png,playStyle,Play Style,0,Men's Football,4,Austria,https://drop-assets.ea.com/images/2nTz63NpDfuBGFbmXrDg0N/eaa6fc81bfd7bd77d76886d479841ebb/f_4.png,18,Spurs,https://drop-assets.ea.com/images/7kUcyCh5xGrzQlcjP2Q9NH/11aba507486f44765ee5938b1b5b097e/l18.png,false,5,CB,Center Back,defense,Defense,65,0,53,0,89,0,66,0,90,0,85,0,46,0,68,0,72,0,44,0,46,0,78,0,77,0,62,0,59,0,26,0,31,0,12,0,13,0,6,0,11,0,15,0,81,0,77,0,62,0,25,0,73,0,57,0,42,0,83,0,43,0,77,0,32,0,69,0,49,0,76,0,79,0,80,0,52,0,31,0,,,,,,,trait1_268435456,Bruiser,Stronger physical tackles,https://drop-assets.ea.com/images/7euMJ2jVypFrFPQesWuGGm/14019168b12faac1584a2920d5c2d5d9/Bruiser.png,playStyle,Play Style,,,,,,,,,,,,,,,,,,,,,,,,,,
231366,963,79,Philipp,Lienhart,,7/11/1996 12:00:00 AM,189,2,3,1,Bundesliga,87,https://ratings-images-prod.pulse.ea.com/FC25/full/player-portraits/p231366.png?padding=0.7,https://ratings-images-prod.pulse.ea.com/FC25/full/player-shields/en/231366.png?width=265,,,,trait1_1024,Long Ball Pass,"Accurate, faster Lob and Lofted Through Passes",https://drop-assets.ea.com/images/7jwRDD4zkOsqRpc821t73d/16d46d57a5dfc7dd5dd5f8de0fd26a99/Long_Ball_Pass.png,playStyle,Play Style,,,,,,,0,Men's Football,4,Austria,https://drop-assets.ea.com/images/2nTz63NpDfuBGFbmXrDg0N/eaa6fc81bfd7bd77d76886d479841ebb/f_4.png,25,SC Freiburg,https://drop-assets.ea.com/images/TnclXkBIoI1MtJBmRvObq/83167db02b49b274917cec5814510b79/l25.png,false,5,CB,Center Back,defense,Defense,62,0,63,0,85,0,75,0,79,0,77,0,62,0,69,0,75,0,41,0,28,0,81,0,83,0,64,0,59,0,24,0,40,0,14,0,8,0,11,0,12,0,14,0,84,0,80,0,70,0,34,0,67,0,59,0,41,0,78,0,35,0,78,0,28,0,74,0,29,0,74,0,71,0,80,0,53,0,21,0,,,,,,,,,,,,,,,,,,,,,,,,,,,,,,,,,,,,,,
208165,964,79,Berat,Djimsiti,,2/19/1993 12:00:00 AM,190,2,3,1,Serie A Enilive,83,https://ratings-images-prod.pulse.ea.com/FC25/full/player-portraits/p208165.png?padding=0.7,https://ratings-images-prod.pulse.ea.com/FC25/full/player-shields/en/208165.png?width=265,,,,trait1_1024,Long Ball Pass,"Accurate, faster Lob and Lofted Through Passes",https://drop-assets.ea.com/images/7jwRDD4zkOsqRpc821t73d/16d46d57a5dfc7dd5dd5f8de0fd26a99/Long_Ball_Pass.png,playStyle,Play Style,trait1_65536,Intercept,Increased reach and possession retention in interceptions,https://drop-assets.ea.com/images/5ysv7Iw8jDHl7sp1JXqIa7/d34004fed8c95bde083dcf8257391a70/Intercept.png,playStyle,Play Style,0,Men's Football,1,Albania,https://drop-assets.ea.com/images/3D0lVUum3iaZjDUJjUIkHb/c8dedc4db5937f9b1354d852d6893e92/f_1.png,115845,Bergamo Calcio,https://drop-assets.ea.com/images/19gWEcyonp2fvk02MNHZOA/83b82283fc62f7010b529a53a0724eee/l115845.png,false,5,CB,Center Back,defense,Defense,63,0,40,0,84,0,77,0,79,0,80,0,51,0,67,0,74,0,53,0,42,0,81,0,84,0,53,0,41,0,36,0,30,0,10,0,6,0,13,0,10,0,10,0,81,0,80,0,68,0,30,0,64,0,60,0,38,0,79,0,55,0,79,0,39,0,71,0,52,0,77,0,65,0,81,0,56,0,32,0,,,,,,,trait1_524288,Aerial Fortress,Performs higher jumps and has physical defensive presence before and during aerial duels,https://drop-assets.ea.com/images/3rsDbUXd3MZX39YTsk6lKe/404db89f2237eeb7466668a730c52a4b/Aerial_Fortress.png,playStyle,Play Style,,,,,,,,,,,,,,,,,,,,,,,,,,
223710,965,79,Vedat,Muriqi,,4/24/1994 12:00:00 AM,194,3,3,2,LALIGA EA SPORTS,92,https://ratings-images-prod.pulse.ea.com/FC25/full/player-portraits/p223710.png?padding=0.7,https://ratings-images-prod.pulse.ea.com/FC25/full/player-shields/en/223710.png?width=265,,,,trait1_4,Power Shot,Faster power shots with increased speed,https://drop-assets.ea.com/images/3ohVoKWSsvT44qgjabWqfV/e536ef26ad854c3c4cbf63ed7954b9cd/Power_Shot.png,playStyle,Play Style,trait1_16,Precision Header,Performs headers with increased accuracy and power.,https://drop-assets.ea.com/images/3ync8fbblS4zLzF3p1VXmT/7752a5103c2ebd8be5cf1819379c66f4/Precision_Header.png,playStyle,Play Style,0,Men's Football,219,Kosovo,https://drop-assets.ea.com/images/4YJ3M3GAeLdL1Q8hN7ARmo/bfa48edbf3007805182f5372e3d45189/f_219.png,453,RCD Mallorca,https://drop-assets.ea.com/images/3M8ak3PmmUDRXsH9mryxH9/54d5da4b609ccf51bd0564abad99cc0e/l453.png,false,25,ST,Striker,attack,Attack,34,0,36,0,82,0,71,0,91,0,74,0,33,0,81,0,75,0,35,0,58,0,29,0,23,0,71,0,75,0,82,0,58,0,8,0,9,0,14,0,9,0,10,0,88,0,18,0,64,0,79,0,50,0,63,0,81,0,82,0,80,0,82,0,81,0,77,0,82,0,22,0,63,0,25,0,66,0,71,0,,,,,,,trait1_536870912,Enforcer,Performs dribble Shoulder Challenges and Shielding with increased effectiveness.,https://drop-assets.ea.com/images/2sNQz8b9dgV0hW8vl7oOvV/d7a503dbd4c73b232055b3ca06aa88eb/Enforcer.png,playStyle,Play Style,,,,,,,,,,,,,,,,,,,,,,,,,,
243976,967,79,Alejandro,Catena Marugán,Catena,10/28/1994 12:00:00 AM,194,2,3,1,LALIGA EA SPORTS,82,https://ratings-images-prod.pulse.ea.com/FC25/full/player-portraits/p243976.png?padding=0.7,https://ratings-images-prod.pulse.ea.com/FC25/full/player-shields/en/243976.png?width=265,,,,trait1_1024,Long Ball Pass,"Accurate, faster Lob and Lofted Through Passes",https://drop-assets.ea.com/images/7jwRDD4zkOsqRpc821t73d/16d46d57a5dfc7dd5dd5f8de0fd26a99/Long_Ball_Pass.png,playStyle,Play Style,trait1_524288,Aerial Fortress,Performs higher jumps and has physical defensive presence before and during aerial duels,https://drop-assets.ea.com/images/3rsDbUXd3MZX39YTsk6lKe/404db89f2237eeb7466668a730c52a4b/Aerial_Fortress.png,playStyle,Play Style,0,Men's Football,45,Spain,https://drop-assets.ea.com/images/Kv8okAYMsDbB3ZKbxrAXw/9d30c88d16a4c85002f35c6af412c6f7/f_45.png,479,CA Osasuna,https://drop-assets.ea.com/images/5T0gPuxPGVG3BLEP9wYxLx/8be8ef52e215bc47956d1084f702409d/l479.png,false,5,CB,Center Back,defense,Defense,64,0,58,0,84,0,78,0,77,0,78,0,52,0,71,0,71,0,39,0,42,0,79,0,79,0,53,0,35,0,38,0,31,0,9,0,9,0,14,0,8,0,11,0,82,0,78,0,81,0,32,0,64,0,63,0,44,0,78,0,33,0,76,0,39,0,80,0,52,0,79,0,64,0,80,0,55,0,29,0,,,,,,,,,,,,,,,,,,,,,,,,,,,,,,,,,,,,,,
248484,968,79,Nathan,Collins,,4/30/2001 12:00:00 AM,193,2,3,1,Premier League,81,https://ratings-images-prod.pulse.ea.com/FC25/full/player-portraits/p248484.png?padding=0.7,https://ratings-images-prod.pulse.ea.com/FC25/full/player-shields/en/248484.png?width=265,,,,trait1_32768,Block,Increased reach and success in blocking,https://drop-assets.ea.com/images/2Rlftzr8lqUdI29suCQVWe/43c6c36e8bd5fa26b88478d4354611a2/Block.png,playStyle,Play Style,trait1_65536,Intercept,Increased reach and possession retention in interceptions,https://drop-assets.ea.com/images/5ysv7Iw8jDHl7sp1JXqIa7/d34004fed8c95bde083dcf8257391a70/Intercept.png,playStyle,Play Style,0,Men's Football,25,Republic of Ireland,https://drop-assets.ea.com/images/3kYEdtacSx6YJO1G3LJIGw/72d622eb085aecaa6ecfa86c30bc3015/f_25.png,1925,Brentford,https://drop-assets.ea.com/images/3UCvZhjBB0odWNL0OPusuK/1de0f5b97a2e137201670df2cf09e1a5/l1925.png,false,5,CB,Center Back,defense,Defense,55,0,46,0,84,0,80,0,83,0,77,0,47,0,66,0,75,0,50,0,39,0,80,0,80,0,63,0,64,0,29,0,25,0,9,0,10,0,6,0,13,0,9,0,81,0,79,0,66,0,19,0,62,0,58,0,35,0,81,0,33,0,78,0,31,0,70,0,46,0,80,0,68,0,79,0,50,0,22,0,,,,,,,trait1_131072,Anticipate,"Improved standing tackle success, possibility of stopping ball at feet",https://drop-assets.ea.com/images/4xPnUcL7thizFB7qmhlwUR/1ade7a0f77d5e875c2db869964540a35/Anticipate.png,playStyle,Play Style,trait1_524288,Aerial Fortress,Performs higher jumps and has physical defensive presence before and during aerial duels,https://drop-assets.ea.com/images/3rsDbUXd3MZX39YTsk6lKe/404db89f2237eeb7466668a730c52a4b/Aerial_Fortress.png,playStyle,Play Style,,,,,,,,,,,,,,,,,,,,
198032,969,79,Dan,Burn,,5/9/1992 12:00:00 AM,201,2,3,2,Premier League,104,https://ratings-images-prod.pulse.ea.com/FC25/full/player-portraits/p198032.png?padding=0.7,https://ratings-images-prod.pulse.ea.com/FC25/full/player-shields/en/198032.png?width=265,,,,trait1_16,Precision Header,Performs headers with increased accuracy and power.,https://drop-assets.ea.com/images/3ync8fbblS4zLzF3p1VXmT/7752a5103c2ebd8be5cf1819379c66f4/Precision_Header.png,playStyle,Play Style,trait1_524288,Aerial Fortress,Performs higher jumps and has physical defensive presence before and during aerial duels,https://drop-assets.ea.com/images/3rsDbUXd3MZX39YTsk6lKe/404db89f2237eeb7466668a730c52a4b/Aerial_Fortress.png,playStyle,Play Style,0,Men's Football,14,England,https://drop-assets.ea.com/images/6ZM1OFXGUFeV0ZaYVKj2z/ae88ef17f8cb179fbc1c463f7e1e4bd8/f_14.png,13,Newcastle Utd,https://drop-assets.ea.com/images/69fXoaX4p9zFwKaZYoNtNX/14d86649a9b5a3f7e876cc3d46357b5d/l13.png,false,5,CB,Center Back,defense,Defense,34,0,32,0,70,0,78,0,90,0,86,0,32,0,69,0,76,0,68,0,49,0,79,0,81,0,64,0,69,0,26,0,46,0,15,0,13,0,7,0,8,0,10,0,78,0,76,0,69,0,29,0,42,0,67,0,48,0,85,0,61,0,77,0,36,0,75,0,60,0,80,0,49,0,79,0,61,0,22,0,,,,,,,,,,,,,,,,,,,,,,,,,,,,,,,,,,,,,,
238744,973,78,Weston,McKennie,,8/28/1998 12:00:00 AM,180,3,3,1,Serie A Enilive,86,https://ratings-images-prod.pulse.ea.com/FC25/full/player-portraits/p238744.png?padding=0.7,https://ratings-images-prod.pulse.ea.com/FC25/full/player-shields/en/238744.png?width=265,10,Center Defensive Midfielder,CDM,trait1_256,Incisive Pass,"Accurate through passes, curvier swerve passes, faster precision passes",https://drop-assets.ea.com/images/2K5BYfVYRnrdjt8F3hwI04/62f147b6a436c107bfa3d042c1d5728d/Incisive_Pass.png,playStyle,Play Style,trait1_524288,Aerial Fortress,Performs higher jumps and has physical defensive presence before and during aerial duels,https://drop-assets.ea.com/images/3rsDbUXd3MZX39YTsk6lKe/404db89f2237eeb7466668a730c52a4b/Aerial_Fortress.png,playStyle,Play Style,0,Men's Football,95,United States,https://drop-assets.ea.com/images/7ZVadlJQIutRH5P85wr76/c2456a2d76146d19f98c2c3071136dcf/f_95.png,45,Juventus,https://drop-assets.ea.com/images/6zWQmPATtK8lpsiXbKb3mY/6b2d1dab08ef14f63271a5cd70a0db0d/l45.png,true,14,CM,Center Midfielder,midfielder,Midfielder,75,0,68,0,91,0,81,0,77,0,82,0,69,0,78,0,78,0,78,0,77,0,80,0,78,0,77,0,78,0,68,0,63,0,7,0,9,0,12,0,9,0,11,0,86,0,78,0,77,0,73,0,77,0,77,0,61,0,80,0,78,0,77,0,71,0,78,0,76,0,75,0,78,0,82,0,76,0,77,0,18,Center Attacking Midfielder,CAM,,,,trait1_134217728,Long Throw,Powerful throw-ins for greater distance,https://drop-assets.ea.com/images/51OlohNQvoEwW0aLhknAHh/58fa7d903d10f6d8cfa2622f62ba6b6f/Long_Throw.png,playStyle,Play Style,,,,,,,,,,,,,,,,,,,,,,,,,,
245235,975,78,Alexander,Bah,,12/9/1997 12:00:00 AM,183,3,4,1,Liga Portugal,76,https://ratings-images-prod.pulse.ea.com/FC25/full/player-portraits/p245235.png?padding=0.7,https://ratings-images-prod.pulse.ea.com/FC25/full/player-shields/en/245235.png?width=265,12,Right Midfielder,RM,trait1_512,Pinged Pass,Faster ground passes without affecting receiver's trapping,https://drop-assets.ea.com/images/1mXBWIBgJSpYoIa1C4r5FX/7220e78a4049530f4e9fa642b1656fa4/Pinged_Pass.png,playStyle,Play Style,trait1_4096,Whipped Pass,"Accurate, faster crosses with more curve",https://drop-assets.ea.com/images/FfTP29PWrRWZjEaiCCVoa/a1b345e4ae7023ed78b1efd68d28f392/Whipped_Pass.png,playStyle,Play Style,0,Men's Football,13,Denmark,https://drop-assets.ea.com/images/6ueYG8kGNCY97fHWQ6LIZ7/9ad4b50beeb1d0d2a5d2bb5a8891336f/f_13.png,234,SL Benfica,https://drop-assets.ea.com/images/2DamHkQ1ZP1CYVjFPp6ofg/3e07292021842fdadb7aaaa84e7473aa/l234.png,false,3,RB,Right Back,defense,Defense,88,0,77,0,82,0,84,0,78,0,84,0,70,0,74,0,76,0,75,0,75,0,73,0,72,0,75,0,75,0,59,0,64,0,6,0,12,0,12,0,9,0,13,0,71,0,75,0,70,0,65,0,90,0,72,0,51,0,81,0,72,0,76,0,65,0,71,0,81,0,73,0,91,0,74,0,75,0,54,0,,,,,,,trait1_16384,Jockey,"Faster Sprint Jockey, better transition speed",https://drop-assets.ea.com/images/7lHjpOBSghE6Ywt1jgVv1C/21f9914d00f073d79d4b46cac71b9087/Jockey.png,playStyle,Play Style,trait1_131072,Anticipate,"Improved standing tackle success, possibility of stopping ball at feet",https://drop-assets.ea.com/images/4xPnUcL7thizFB7qmhlwUR/1ade7a0f77d5e875c2db869964540a35/Anticipate.png,playStyle,Play Style,,,trait1_2097152,Rapid,"Higher sprint speed while dribbling, reduced error on knock-ons",https://drop-assets.ea.com/images/1aGsvwKyIFlRG1eoJSS0Ot/a4d3d661ff962795a632fe86439d2146/Rapid.png,playStyle,Play Style,trait1_67108864,Relentless,"Increased half time fatigue recovery, longer teammate contain and press",https://drop-assets.ea.com/images/2vVuRxgvPNaAuFGqZZ9nDY/3e2505addd5a6b353becdeaf7173d187/Relentless.png,playStyle,Play Style,trait1_268435456,Bruiser,Stronger physical tackles,https://drop-assets.ea.com/images/7euMJ2jVypFrFPQesWuGGm/14019168b12faac1584a2920d5c2d5d9/Bruiser.png,playStyle,Play Style
224334,976,78,Marcos,Acuña,,10/28/1991 12:00:00 AM,172,3,3,2,LPF,69,https://ratings-images-prod.pulse.ea.com/FC25/full/player-portraits/p224334.png?padding=0.7,https://ratings-images-prod.pulse.ea.com/FC25/full/player-shields/en/224334.png?width=265,16,Left Midfielder,LM,trait1_4,Power Shot,Faster power shots with increased speed,https://drop-assets.ea.com/images/3ohVoKWSsvT44qgjabWqfV/e536ef26ad854c3c4cbf63ed7954b9cd/Power_Shot.png,playStyle,Play Style,trait1_1024,Long Ball Pass,"Accurate, faster Lob and Lofted Through Passes",https://drop-assets.ea.com/images/7jwRDD4zkOsqRpc821t73d/16d46d57a5dfc7dd5dd5f8de0fd26a99/Long_Ball_Pass.png,playStyle,Play Style,0,Men's Football,52,Argentina,https://drop-assets.ea.com/images/4xMXjEt7CFJ6JENYeG45Sk/836d733dc1642c5e4ab3338d91481436/f_52.png,1876,River Plate,https://drop-assets.ea.com/images/3a9cbBltvLpgMO1eByYVRq/bc311aba63f687dc0480c592dfeca1b4/l1876.png,false,7,LB,Left Back,defense,Defense,79,0,80,0,88,0,80,0,81,0,73,0,87,0,82,0,77,0,84,0,85,0,71,0,65,0,81,0,81,0,63,0,74,0,8,0,14,0,13,0,13,0,14,0,75,0,74,0,72,0,72,0,76,0,77,0,75,0,80,0,80,0,77,0,69,0,75,0,74,0,73,0,74,0,74,0,78,0,66,0,,,,,,,trait1_8192,Inventive,Fancy and Trivela passes are performed with improved accuracy.,https://drop-assets.ea.com/images/4fpo31RdL5T0vrzNqcSc4x/f82209bfd51270dcc447d4313b3e61f1/Inventive.png,playStyle,Play Style,trait1_131072,Anticipate,"Improved standing tackle success, possibility of stopping ball at feet",https://drop-assets.ea.com/images/4xPnUcL7thizFB7qmhlwUR/1ade7a0f77d5e875c2db869964540a35/Anticipate.png,playStyle,Play Style,,,trait1_67108864,Relentless,"Increased half time fatigue recovery, longer teammate contain and press",https://drop-assets.ea.com/images/2vVuRxgvPNaAuFGqZZ9nDY/3e2505addd5a6b353becdeaf7173d187/Relentless.png,playStyle,Play Style,trait1_268435456,Bruiser,Stronger physical tackles,https://drop-assets.ea.com/images/7euMJ2jVypFrFPQesWuGGm/14019168b12faac1584a2920d5c2d5d9/Bruiser.png,playStyle,Play Style,,,,,,
251530,977,78,Nuno Albertino,Varela Tavares,Nuno Tavares,1/26/2000 12:00:00 AM,183,3,4,2,Serie A Enilive,75,https://ratings-images-prod.pulse.ea.com/FC25/full/player-portraits/p251530.png?padding=0.7,https://ratings-images-prod.pulse.ea.com/FC25/full/player-shields/en/251530.png?width=265,16,Left Midfielder,LM,trait1_4096,Whipped Pass,"Accurate, faster crosses with more curve",https://drop-assets.ea.com/images/FfTP29PWrRWZjEaiCCVoa/a1b345e4ae7023ed78b1efd68d28f392/Whipped_Pass.png,playStyle,Play Style,trait1_131072,Anticipate,"Improved standing tackle success, possibility of stopping ball at feet",https://drop-assets.ea.com/images/4xPnUcL7thizFB7qmhlwUR/1ade7a0f77d5e875c2db869964540a35/Anticipate.png,playStyle,Play Style,0,Men's Football,38,Portugal,https://drop-assets.ea.com/images/3CxRD7XqY2NSlZ3628fY4S/abf38470644ee334e6a425b9272f7767/f_38.png,115841,Latium,https://drop-assets.ea.com/images/APtVhL3q3cFDG9pkum0Q4/cbfe542e327cc69c0890b8b5a189fad7/l115841.png,false,7,LB,Left Back,defense,Defense,87,0,79,0,82,0,81,0,77,0,73,0,63,0,79,0,75,0,86,0,79,0,70,0,69,0,80,0,83,0,61,0,66,0,8,0,13,0,6,0,12,0,13,0,58,0,65,0,67,0,74,0,88,0,72,0,42,0,77,0,76,0,75,0,67,0,73,0,83,0,74,0,89,0,76,0,62,0,51,0,,,,,,,trait1_2097152,Rapid,"Higher sprint speed while dribbling, reduced error on knock-ons",https://drop-assets.ea.com/images/1aGsvwKyIFlRG1eoJSS0Ot/a4d3d661ff962795a632fe86439d2146/Rapid.png,playStyle,Play Style,trait1_33554432,Quick Step,Faster acceleration during Explosive Sprint,https://drop-assets.ea.com/images/1xG25Zp3wvkLA5YewKiZah/f27f5fabd1e899fc0bbb817d2db233b1/Quick_Step.png,playStyle,Play Style,,,trait1_134217728,Long Throw,Powerful throw-ins for greater distance,https://drop-assets.ea.com/images/51OlohNQvoEwW0aLhknAHh/58fa7d903d10f6d8cfa2622f62ba6b6f/Long_Throw.png,playStyle,Play Style,,,,,,,,,,,,
240709,978,78,Ridle,Baku,,4/8/1998 12:00:00 AM,176,3,4,1,Bundesliga,79,https://ratings-images-prod.pulse.ea.com/FC25/full/player-portraits/p240709.png?padding=0.7,https://ratings-images-prod.pulse.ea.com/FC25/full/player-shields/en/240709.png?width=265,3,Right Back,RB,trait1_2097152,Rapid,"Higher sprint speed while dribbling, reduced error on knock-ons",https://drop-assets.ea.com/images/1aGsvwKyIFlRG1eoJSS0Ot/a4d3d661ff962795a632fe86439d2146/Rapid.png,playStyle,Play Style,,,,,,,0,Men's Football,21,Germany,https://drop-assets.ea.com/images/6IIMMGk0Uj1rcZ6DSHTpLL/93f95b602dc62594104f418c8f80ebb3/f_21.png,112172,RB Leipzig,https://drop-assets.ea.com/images/1EoW6b2VkhiP3S0vqikd9s/f181f899a2037360f70a9a8aba18af30/l112172.png,false,12,RM,Right Midfielder,midfielder,Midfielder,85,0,84,0,74,0,76,0,74,0,74,0,85,0,78,0,76,0,75,0,79,0,71,0,72,0,81,0,82,0,71,0,48,0,12,0,8,0,7,0,10,0,9,0,49,0,75,0,70,0,73,0,81,0,73,0,60,0,75,0,76,0,75,0,72,0,75,0,77,0,74,0,78,0,74,0,75,0,63,0,23,Right Wing,RW,,,,,,,,,,,,,,,,,,,,,,,,,,,,,,,,,,,
253727,979,78,Lukáš,Provod,,10/23/1996 12:00:00 AM,191,3,4,2,Česká Liga,85,https://ratings-images-prod.pulse.ea.com/FC25/full/player-portraits/p253727.png?padding=0.7,https://ratings-images-prod.pulse.ea.com/FC25/full/player-shields/en/253727.png?width=265,14,Center Midfielder,CM,trait1_4,Power Shot,Faster power shots with increased speed,https://drop-assets.ea.com/images/3ohVoKWSsvT44qgjabWqfV/e536ef26ad854c3c4cbf63ed7954b9cd/Power_Shot.png,playStyle,Play Style,trait1_16777216,Press Proven,"Close control at jog speed, shields ball more effectively",https://drop-assets.ea.com/images/5rUHwyLJRnvGV53Ba4Pj6M/9a3238695ae8103667ba02af391ac209/Press_Proven.png,playStyle,Play Style,0,Men's Football,12,Czech Republic,https://drop-assets.ea.com/images/3yIKmUj5BRZgJtSLR6do7t/484fa785d4f5c3f900ba80eddf3a70dc/f_12.png,266,Slavia Praha,https://drop-assets.ea.com/images/50ZlXnzmauE6zv0Hn5WifN/8d941df874a7753f22f33585999fa0ce/l266.png,false,18,CAM,Center Attacking Midfielder,midfielder,Midfielder,71,0,73,0,82,0,85,0,85,0,73,0,77,0,79,0,79,0,78,0,75,0,64,0,62,0,78,0,79,0,71,0,72,0,14,0,5,0,10,0,7,0,15,0,69,0,67,0,78,0,80,0,76,0,78,0,69,0,82,0,78,0,79,0,75,0,79,0,82,0,63,0,80,0,64,0,77,0,68,0,16,Left Midfielder,LM,,,,,,,,,,,,,,,,,,,,,,,,,,,,,,,,,,,
256688,980,78,Cameron,Puertas,,8/18/1998 12:00:00 AM,178,4,4,1,Bundesliga,74,https://ratings-images-prod.pulse.ea.com/FC25/full/player-portraits/p256688.png?padding=0.7,https://ratings-images-prod.pulse.ea.com/FC25/full/player-shields/en/256688.png?width=265,14,Center Midfielder,CM,trait1_8,Dead Ball,"Faster, accurate set pieces with longer trajectory preview",https://drop-assets.ea.com/images/1razu2wcM3XA82VvB7NyUm/eec6b07080e49d6bf2d7a7951a22375f/Dead_Ball.png,playStyle,Play Style,trait1_8192,Inventive,Fancy and Trivela passes are performed with improved accuracy.,https://drop-assets.ea.com/images/4fpo31RdL5T0vrzNqcSc4x/f82209bfd51270dcc447d4313b3e61f1/Inventive.png,playStyle,Play Style,0,Men's Football,45,Spain,https://drop-assets.ea.com/images/Kv8okAYMsDbB3ZKbxrAXw/9d30c88d16a4c85002f35c6af412c6f7/f_45.png,38,SV Werder Bremen,https://drop-assets.ea.com/images/5UE88g3Vfeo6kFu8lh1s26/cfc99dce8f7c7dc22a8a39920383cf3d/l38.png,false,18,CAM,Center Attacking Midfielder,midfielder,Midfielder,75,0,77,0,69,0,80,0,73,0,80,0,74,0,80,0,75,0,80,0,74,0,69,0,72,0,79,0,81,0,73,0,82,0,11,0,9,0,8,0,12,0,7,0,47,0,70,0,73,0,78,0,74,0,79,0,77,0,76,0,73,0,74,0,75,0,79,0,78,0,67,0,73,0,74,0,84,0,65,0,,,,,,,trait1_2097152,Rapid,"Higher sprint speed while dribbling, reduced error on knock-ons",https://drop-assets.ea.com/images/1aGsvwKyIFlRG1eoJSS0Ot/a4d3d661ff962795a632fe86439d2146/Rapid.png,playStyle,Play Style,,,,,,,,,,,,,,,,,,,,,,,,,,
242280,983,78,Lewis,Ferguson,,8/24/1999 12:00:00 AM,181,3,4,1,Serie A Enilive,75,https://ratings-images-prod.pulse.ea.com/FC25/full/player-portraits/p242280.png?padding=0.7,https://ratings-images-prod.pulse.ea.com/FC25/full/player-shields/en/242280.png?width=265,10,Center Defensive Midfielder,CDM,trait1_524288,Aerial Fortress,Performs higher jumps and has physical defensive presence before and during aerial duels,https://drop-assets.ea.com/images/3rsDbUXd3MZX39YTsk6lKe/404db89f2237eeb7466668a730c52a4b/Aerial_Fortress.png,playStyle,Play Style,,,,,,,0,Men's Football,42,Scotland,https://drop-assets.ea.com/images/3LfmKqyBykOGZyfdSpENTr/ec3733dfa9526c8f6da96bf0f8c7448e/f_42.png,189,Bologna,https://drop-assets.ea.com/images/46WRpnCKdCAJlQHuRwlxXF/a7ac6606d8a808d382d4dd5c484eb60e/l189.png,false,14,CM,Center Midfielder,midfielder,Midfielder,72,0,78,0,81,0,77,0,70,0,85,0,73,0,81,0,75,0,67,0,69,0,72,0,67,0,78,0,78,0,78,0,67,0,6,0,11,0,6,0,14,0,14,0,76,0,74,0,76,0,76,0,72,0,74,0,80,0,75,0,84,0,72,0,78,0,79,0,78,0,68,0,72,0,76,0,76,0,76,0,18,Center Attacking Midfielder,CAM,,,,,,,,,,,,,,,,,,,,,,,,,,,,,,,,,,,
181291,985,78,Georginio,Wijnaldum,,11/11/1990 12:00:00 AM,175,3,4,1,ROSHN Saudi League,74,https://ratings-images-prod.pulse.ea.com/FC25/full/player-portraits/p181291.png?padding=0.7,https://ratings-images-prod.pulse.ea.com/FC25/full/player-shields/en/181291.png?width=265,25,Striker,ST,trait1_16,Precision Header,Performs headers with increased accuracy and power.,https://drop-assets.ea.com/images/3ync8fbblS4zLzF3p1VXmT/7752a5103c2ebd8be5cf1819379c66f4/Precision_Header.png,playStyle,Play Style,trait1_524288,Aerial Fortress,Performs higher jumps and has physical defensive presence before and during aerial duels,https://drop-assets.ea.com/images/3rsDbUXd3MZX39YTsk6lKe/404db89f2237eeb7466668a730c52a4b/Aerial_Fortress.png,playStyle,Play Style,0,Men's Football,34,Holland,https://drop-assets.ea.com/images/7LmdSUm2Ge4fzqcz0NElvq/d272142c80713dcf0e5ec0a47232aeee/f_34.png,112096,Al Ettifaq,https://drop-assets.ea.com/images/4iiu5yKgXLP6VztXNaebb1/19909c746281492a1191662354871832/l112096.png,false,18,CAM,Center Attacking Midfielder,midfielder,Midfielder,67,0,80,0,81,0,76,0,74,0,75,0,87,0,82,0,80,0,70,0,77,0,76,0,75,0,80,0,77,0,70,0,68,0,16,0,6,0,14,0,12,0,6,0,77,0,77,0,75,0,74,0,67,0,77,0,74,0,75,0,81,0,81,0,72,0,82,0,73,0,68,0,67,0,77,0,77,0,67,0,14,Center Midfielder,CM,,,,,,,,,,,,,,,,,,,,,,,,,,,,,,,,,,,
189332,986,78,Jordi,Alba Ramos,Jordi Alba,3/21/1989 12:00:00 AM,170,3,3,2,MLS,68,https://ratings-images-prod.pulse.ea.com/FC25/full/player-portraits/p189332.png?padding=0.7,https://ratings-images-prod.pulse.ea.com/FC25/full/player-shields/en/189332.png?width=265,,,,trait1_16384,Jockey,"Faster Sprint Jockey, better transition speed",https://drop-assets.ea.com/images/7lHjpOBSghE6Ywt1jgVv1C/21f9914d00f073d79d4b46cac71b9087/Jockey.png,playStyle,Play Style,trait1_131072,Anticipate,"Improved standing tackle success, possibility of stopping ball at feet",https://drop-assets.ea.com/images/4xPnUcL7thizFB7qmhlwUR/1ade7a0f77d5e875c2db869964540a35/Anticipate.png,playStyle,Play Style,0,Men's Football,45,Spain,https://drop-assets.ea.com/images/Kv8okAYMsDbB3ZKbxrAXw/9d30c88d16a4c85002f35c6af412c6f7/f_45.png,112893,Inter Miami CF,https://drop-assets.ea.com/images/3luAerlx8cliy5XNziWvOA/b7785fb1a6915d5044b4f954d83e4915/l112893.png,false,7,LB,Left Back,defense,Defense,84,0,83,0,76,0,84,0,58,0,73,0,84,0,80,0,78,0,79,0,82,0,70,0,67,0,80,0,79,0,73,0,63,0,13,0,15,0,13,0,6,0,13,0,69,0,75,0,79,0,66,0,82,0,78,0,59,0,68,0,77,0,76,0,69,0,80,0,64,0,69,0,81,0,71,0,75,0,75,0,,,,,,,trait1_2097152,Rapid,"Higher sprint speed while dribbling, reduced error on knock-ons",https://drop-assets.ea.com/images/1aGsvwKyIFlRG1eoJSS0Ot/a4d3d661ff962795a632fe86439d2146/Rapid.png,playStyle,Play Style,,,,,,,,,,,,,,,,,,,,,,,,,,
244374,987,78,Mykola,Shaparenko,,10/4/1998 12:00:00 AM,178,3,3,1,Ukrayina Liha,72,https://ratings-images-prod.pulse.ea.com/FC25/full/player-portraits/p244374.png?padding=0.7,https://ratings-images-prod.pulse.ea.com/FC25/full/player-shields/en/244374.png?width=265,18,Center Attacking Midfielder,CAM,trait1_2097152,Rapid,"Higher sprint speed while dribbling, reduced error on knock-ons",https://drop-assets.ea.com/images/1aGsvwKyIFlRG1eoJSS0Ot/a4d3d661ff962795a632fe86439d2146/Rapid.png,playStyle,Play Style,,,,,,,0,Men's Football,49,Ukraine,https://drop-assets.ea.com/images/6qDmsmOUdD4va3zMohbKhb/0074f5347b6d5908bf7c36de17f1e512/f_49.png,101047,Dynamo Kyiv,https://drop-assets.ea.com/images/Vn6kgtvJTVHRxr7VKv1uQ/524fcf57ad88faa97991b86fbb4ecbea/l101047.png,false,14,CM,Center Midfielder,midfielder,Midfielder,81,0,82,0,73,0,77,0,65,0,78,0,75,0,77,0,74,0,73,0,75,0,68,0,69,0,79,0,81,0,69,0,73,0,13,0,6,0,12,0,14,0,13,0,56,0,71,0,83,0,75,0,79,0,79,0,62,0,71,0,74,0,79,0,71,0,82,0,74,0,67,0,78,0,69,0,81,0,62,0,10,Center Defensive Midfielder,CDM,,,,,,,,,,,,,,,,,,,,,,,,,,,,,,,,,,,
255009,989,78,Kenneth,Taylor,,5/16/2002 12:00:00 AM,182,3,5,2,Eredivisie,73,https://ratings-images-prod.pulse.ea.com/FC25/full/player-portraits/p255009.png?padding=0.7,https://ratings-images-prod.pulse.ea.com/FC25/full/player-shields/en/255009.png?width=265,18,Center Attacking Midfielder,CAM,trait1_256,Incisive Pass,"Accurate through passes, curvier swerve passes, faster precision passes",https://drop-assets.ea.com/images/2K5BYfVYRnrdjt8F3hwI04/62f147b6a436c107bfa3d042c1d5728d/Incisive_Pass.png,playStyle,Play Style,trait1_512,Pinged Pass,Faster ground passes without affecting receiver's trapping,https://drop-assets.ea.com/images/1mXBWIBgJSpYoIa1C4r5FX/7220e78a4049530f4e9fa642b1656fa4/Pinged_Pass.png,playStyle,Play Style,0,Men's Football,34,Holland,https://drop-assets.ea.com/images/7LmdSUm2Ge4fzqcz0NElvq/d272142c80713dcf0e5ec0a47232aeee/f_34.png,,,,,14,CM,Center Midfielder,midfielder,Midfielder,78,0,77,0,68,0,83,0,70,0,73,0,76,0,79,0,78,0,76,0,75,0,67,0,69,0,78,0,78,0,79,0,71,0,9,0,12,0,10,0,6,0,7,0,60,0,69,0,78,0,74,0,73,0,78,0,74,0,74,0,80,0,78,0,77,0,80,0,76,0,66,0,69,0,67,0,77,0,65,0,,,,,,,trait1_2048,Tiki Taka,Accurate first-time Ground Passes,https://drop-assets.ea.com/images/2tvHC5JQ2sXrN8wUTJWLEA/94b0f6a78d1a9e1348a33c9772f23afd/Tiki_Taka.png,playStyle,Play Style,,,,,,,,,,,,,,,,,,,,,,,,,,
258775,990,78,Luka,Sučić,,9/8/2002 12:00:00 AM,185,4,3,2,LALIGA EA SPORTS,71,https://ratings-images-prod.pulse.ea.com/FC25/full/player-portraits/p258775.png?padding=0.7,https://ratings-images-prod.pulse.ea.com/FC25/full/player-shields/en/258775.png?width=265,18,Center Attacking Midfielder,CAM,trait1_4,Power Shot,Faster power shots with increased speed,https://drop-assets.ea.com/images/3ohVoKWSsvT44qgjabWqfV/e536ef26ad854c3c4cbf63ed7954b9cd/Power_Shot.png,playStyle,Play Style,trait1_256,Incisive Pass,"Accurate through passes, curvier swerve passes, faster precision passes",https://drop-assets.ea.com/images/2K5BYfVYRnrdjt8F3hwI04/62f147b6a436c107bfa3d042c1d5728d/Incisive_Pass.png,playStyle,Play Style,0,Men's Football,10,Croatia,https://drop-assets.ea.com/images/4ZYNK06L8ZkJTrdtSby4NW/eb42cc852fc74ea3d3f5b8904fb5194f/f_10.png,457,Real Sociedad,https://drop-assets.ea.com/images/2ohvULVVtNoXptjhNS2dLq/08d0f2d7ecfd9e0f43ce837a4e73d139/l457.png,false,14,CM,Center Midfielder,midfielder,Midfielder,80,0,73,0,78,0,77,0,72,0,65,0,65,0,79,0,77,0,75,0,77,0,68,0,65,0,77,0,79,0,73,0,74,0,15,0,12,0,10,0,11,0,7,0,62,0,73,0,78,0,77,0,76,0,78,0,65,0,72,0,78,0,76,0,76,0,80,0,84,0,67,0,73,0,70,0,78,0,72,0,10,Center Defensive Midfielder,CDM,,,,trait1_1048576,Technical,"Faster Controlled Sprint, precise wide turns while dribbling",https://drop-assets.ea.com/images/5Esx7NK4YBU44O4bo07rvb/69ca9417da7fd07905f6c6956ad93f6d/Technical.png,playStyle,Play Style,,,,,,,,,,,,,,,,,,,,,,,,,,
268896,991,78,Hugo,Larsson,,6/27/2004 12:00:00 AM,187,3,3,1,Bundesliga,74,https://ratings-images-prod.pulse.ea.com/FC25/full/player-portraits/p268896.png?padding=0.7,https://ratings-images-prod.pulse.ea.com/FC25/full/player-shields/en/268896.png?width=265,10,Center Defensive Midfielder,CDM,trait1_512,Pinged Pass,Faster ground passes without affecting receiver's trapping,https://drop-assets.ea.com/images/1mXBWIBgJSpYoIa1C4r5FX/7220e78a4049530f4e9fa642b1656fa4/Pinged_Pass.png,playStyle,Play Style,trait1_2048,Tiki Taka,Accurate first-time Ground Passes,https://drop-assets.ea.com/images/2tvHC5JQ2sXrN8wUTJWLEA/94b0f6a78d1a9e1348a33c9772f23afd/Tiki_Taka.png,playStyle,Play Style,0,Men's Football,46,Sweden,https://drop-assets.ea.com/images/4ts7Tmr55hzylhHNBA5xsw/073e32f2c968ae9d531bb1d013a350a0/f_46.png,1824,Frankfurt,https://drop-assets.ea.com/images/3KK76lJIZtlRnPaAgbD85V/5614e02825eb0ed03b69a9d078e40db9/l1824.png,false,14,CM,Center Midfielder,midfielder,Midfielder,72,0,79,0,75,0,83,0,74,0,75,0,73,0,80,0,85,0,47,0,64,0,71,0,76,0,78,0,75,0,77,0,53,0,14,0,7,0,7,0,12,0,8,0,61,0,77,0,77,0,69,0,77,0,71,0,53,0,77,0,76,0,79,0,73,0,83,0,74,0,60,0,81,0,70,0,78,0,67,0,,,,,,,trait1_65536,Intercept,Increased reach and possession retention in interceptions,https://drop-assets.ea.com/images/5ysv7Iw8jDHl7sp1JXqIa7/d34004fed8c95bde083dcf8257391a70/Intercept.png,playStyle,Play Style,trait1_16777216,Press Proven,"Close control at jog speed, shields ball more effectively",https://drop-assets.ea.com/images/5rUHwyLJRnvGV53Ba4Pj6M/9a3238695ae8103667ba02af391ac209/Press_Proven.png,playStyle,Play Style,,,trait1_67108864,Relentless,"Increased half time fatigue recovery, longer teammate contain and press",https://drop-assets.ea.com/images/2vVuRxgvPNaAuFGqZZ9nDY/3e2505addd5a6b353becdeaf7173d187/Relentless.png,playStyle,Play Style,,,,,,,,,,,,
228789,993,78,Robert,Lynch Sánchez,Robert Sánchez,11/18/1997 12:00:00 AM,197,1,4,1,Premier League,90,https://ratings-images-prod.pulse.ea.com/FC25/full/player-portraits/p228789.png?padding=0.7,https://ratings-images-prod.pulse.ea.com/FC25/full/player-shields/en/228789.png?width=250,,,,trait2_2,Footwork,"Exclusive foot saves, better performance on low shots",https://drop-assets.ea.com/images/1s2muXoHUmP1T0vGYKXSl1/6d265b13804069371f16a58788703a33/Footwork.png,playStyle,Play Style,trait2_4,Cross Claimer,"Unique punching animations, powerful punches, faster crosses coverage",https://drop-assets.ea.com/images/4Uvgm6UNiSz3say1zZqKDC/51837f53072d5e01063699f6d2b7401a/Cross_Claimer.png,playStyle,Play Style,0,Men's Football,45,Spain,https://drop-assets.ea.com/images/Kv8okAYMsDbB3ZKbxrAXw/9d30c88d16a4c85002f35c6af412c6f7/f_45.png,5,Chelsea,https://drop-assets.ea.com/images/6T0vfhzb3y9R6YVtmVwYcD/b99723a87536e30979c7cbdb8bba9310/l5.png,false,0,GK,Goalkeeper,defense,Defense,55,0,45,0,75,0,40,0,77,0,35,0,35,0,45,0,55,0,13,0,13,0,59,0,20,0,79,0,20,0,12,0,13,0,79,0,77,0,75,0,77,0,79,0,15,0,15,0,50,0,12,0,79,0,75,0,17,0,77,0,12,0,74,0,77,0,52,0,56,0,15,0,65,0,17,0,55,0,12,0,,,,,,,,,,,,,,,,,,,,,,,,,,,,,,,,,,,,,,
231340,994,78,Gonzalo,Montiel,,1/1/1997 12:00:00 AM,175,3,3,1,LPF,70,https://ratings-images-prod.pulse.ea.com/FC25/full/player-portraits/p231340.png?padding=0.7,https://ratings-images-prod.pulse.ea.com/FC25/full/player-shields/en/231340.png?width=265,12,Right Midfielder,RM,trait1_4096,Whipped Pass,"Accurate, faster crosses with more curve",https://drop-assets.ea.com/images/FfTP29PWrRWZjEaiCCVoa/a1b345e4ae7023ed78b1efd68d28f392/Whipped_Pass.png,playStyle,Play Style,trait1_262144,Slide Tackle,Stops ball at feet during slide tackles,https://drop-assets.ea.com/images/7mI1lrxE0pv9iJfQFki9OA/8c1ecac325f923e049be72231c8c968a/Slide_Tackle.png,playStyle,Play Style,0,Men's Football,52,Argentina,https://drop-assets.ea.com/images/4xMXjEt7CFJ6JENYeG45Sk/836d733dc1642c5e4ab3338d91481436/f_52.png,1876,River Plate,https://drop-assets.ea.com/images/3a9cbBltvLpgMO1eByYVRq/bc311aba63f687dc0480c592dfeca1b4/l1876.png,false,3,RB,Right Back,defense,Defense,80,0,82,0,86,0,84,0,76,0,83,0,75,0,79,0,75,0,75,0,63,0,74,0,74,0,77,0,74,0,60,0,39,0,6,0,10,0,11,0,5,0,6,0,75,0,73,0,71,0,61,0,81,0,71,0,84,0,80,0,81,0,77,0,63,0,74,0,68,0,74,0,81,0,75,0,73,0,43,0,,,,,,,trait1_134217728,Long Throw,Powerful throw-ins for greater distance,https://drop-assets.ea.com/images/51OlohNQvoEwW0aLhknAHh/58fa7d903d10f6d8cfa2622f62ba6b6f/Long_Throw.png,playStyle,Play Style,,,,,,,,,,,,,,,,,,,,,,,,,,
232244,995,78,Santiago,Ascacíbar,,2/25/1997 12:00:00 AM,169,3,3,1,LPF,68,https://ratings-images-prod.pulse.ea.com/FC25/full/player-portraits/p232244.png?padding=0.7,https://ratings-images-prod.pulse.ea.com/FC25/full/player-shields/en/232244.png?width=265,14,Center Midfielder,CM,trait1_4,Power Shot,Faster power shots with increased speed,https://drop-assets.ea.com/images/3ohVoKWSsvT44qgjabWqfV/e536ef26ad854c3c4cbf63ed7954b9cd/Power_Shot.png,playStyle,Play Style,trait1_16,Precision Header,Performs headers with increased accuracy and power.,https://drop-assets.ea.com/images/3ync8fbblS4zLzF3p1VXmT/7752a5103c2ebd8be5cf1819379c66f4/Precision_Header.png,playStyle,Play Style,0,Men's Football,52,Argentina,https://drop-assets.ea.com/images/4xMXjEt7CFJ6JENYeG45Sk/836d733dc1642c5e4ab3338d91481436/f_52.png,101083,Estudiantes,https://drop-assets.ea.com/images/4YAQMFITOGB7FMvl3pAP52/0b2344540d9573f06dea8d5ed3af4bff/l101083.png,false,10,CDM,Center Defensive Midfielder,midfielder,Midfielder,82,0,81,0,82,0,91,0,60,0,87,0,83,0,76,0,80,0,63,0,57,0,74,0,75,0,75,0,71,0,74,0,55,0,6,0,10,0,5,0,14,0,9,0,62,0,71,0,74,0,72,0,78,0,72,0,58,0,74,0,77,0,77,0,73,0,79,0,77,0,78,0,74,0,78,0,76,0,69,0,,,,,,,trait1_262144,Slide Tackle,Stops ball at feet during slide tackles,https://drop-assets.ea.com/images/7mI1lrxE0pv9iJfQFki9OA/8c1ecac325f923e049be72231c8c968a/Slide_Tackle.png,playStyle,Play Style,trait1_524288,Aerial Fortress,Performs higher jumps and has physical defensive presence before and during aerial duels,https://drop-assets.ea.com/images/3rsDbUXd3MZX39YTsk6lKe/404db89f2237eeb7466668a730c52a4b/Aerial_Fortress.png,playStyle,Play Style,,,trait1_4194304,First Touch,"Reduced trapping error, faster dribbling transition",https://drop-assets.ea.com/images/3f727XsoDVLbT49oMk0HBu/2787568be8ccb2d5daa2d18fabacad97/First_Touch.png,playStyle,Play Style,trait1_67108864,Relentless,"Increased half time fatigue recovery, longer teammate contain and press",https://drop-assets.ea.com/images/2vVuRxgvPNaAuFGqZZ9nDY/3e2505addd5a6b353becdeaf7173d187/Relentless.png,playStyle,Play Style,,,,,,
243631,996,78,Mahdi,Camara,,6/30/1998 12:00:00 AM,178,3,2,1,Ligue 1 McDonald's,73,https://ratings-images-prod.pulse.ea.com/FC25/full/player-portraits/p243631.png?padding=0.7,https://ratings-images-prod.pulse.ea.com/FC25/full/player-shields/en/243631.png?width=250,18,Center Attacking Midfielder,CAM,,,,,,,,,,,,,0,Men's Football,18,France,https://drop-assets.ea.com/images/3ECAQzhfgSLWRf9IIHB6G8/7e235a7b2f93c1f73db7f89dc03b3657/f_18.png,74,Stade Rennais FC,https://drop-assets.ea.com/images/7CHlTnryGZyOatI2WOFXiP/def56f5b08c456e671d09d3a47cc327b/l74.png,false,14,CM,Center Midfielder,midfielder,Midfielder,68,0,75,0,76,0,81,0,74,0,76,0,71,0,78,0,77,0,63,0,67,0,77,0,76,0,77,0,77,0,69,0,47,0,6,0,11,0,7,0,9,0,7,0,69,0,80,0,79,0,69,0,74,0,74,0,55,0,76,0,76,0,79,0,68,0,81,0,70,0,76,0,78,0,79,0,78,0,54,0,,,,,,,,,,,,,,,,,,,,,,,,,,,,,,,,,,,,,,
246923,997,78,Jacob,Ramsey,,5/21/2001 12:00:00 AM,180,3,4,1,Premier League,72,https://ratings-images-prod.pulse.ea.com/FC25/full/player-portraits/p246923.png?padding=0.7,https://ratings-images-prod.pulse.ea.com/FC25/full/player-shields/en/246923.png?width=265,27,Left Wing,LW,trait1_2097152,Rapid,"Higher sprint speed while dribbling, reduced error on knock-ons",https://drop-assets.ea.com/images/1aGsvwKyIFlRG1eoJSS0Ot/a4d3d661ff962795a632fe86439d2146/Rapid.png,playStyle,Play Style,,,,,,,0,Men's Football,14,England,https://drop-assets.ea.com/images/6ZM1OFXGUFeV0ZaYVKj2z/ae88ef17f8cb179fbc1c463f7e1e4bd8/f_14.png,13,Newcastle Utd,https://drop-assets.ea.com/images/69fXoaX4p9zFwKaZYoNtNX/14d86649a9b5a3f7e876cc3d46357b5d/l13.png,false,16,LM,Left Midfielder,midfielder,Midfielder,76,0,79,0,72,0,79,0,68,0,73,0,84,0,78,0,78,0,71,0,73,0,68,0,69,0,80,0,81,0,77,0,54,0,14,0,9,0,8,0,6,0,12,0,56,0,67,0,69,0,75,0,77,0,73,0,53,0,72,0,78,0,79,0,75,0,77,0,78,0,64,0,77,0,73,0,75,0,65,0,,,,,,,,,,,,,,,,,,,,,,,,,,,,,,,,,,,,,,
202884,998,78,Leonardo,Spinazzola,,3/25/1993 12:00:00 AM,186,4,4,1,Serie A Enilive,75,https://ratings-images-prod.pulse.ea.com/FC25/full/player-portraits/p202884.png?padding=0.7,https://ratings-images-prod.pulse.ea.com/FC25/full/player-shields/en/202884.png?width=265,16,Left Midfielder,LM,trait1_2097152,Rapid,"Higher sprint speed while dribbling, reduced error on knock-ons",https://drop-assets.ea.com/images/1aGsvwKyIFlRG1eoJSS0Ot/a4d3d661ff962795a632fe86439d2146/Rapid.png,playStyle,Play Style,,,,,,,0,Men's Football,27,Italy,https://drop-assets.ea.com/images/2WtjWPqYzT7xcMCbvajGZH/d06e9ec4734a0d43d88f65386cc3a484/f_27.png,48,SSC Napoli,https://drop-assets.ea.com/images/2FIV26KpnSXl3Nv8Ar6jk3/d8461aa150da3d433fccc34bc80c978f/l48.png,false,7,LB,Left Back,defense,Defense,84,0,76,0,78,0,67,0,64,0,71,0,66,0,78,0,75,0,79,0,66,0,76,0,75,0,77,0,78,0,60,0,45,0,11,0,13,0,12,0,15,0,14,0,68,0,77,0,69,0,68,0,85,0,73,0,59,0,67,0,76,0,74,0,65,0,76,0,71,0,74,0,86,0,78,0,74,0,64,0,,,,,,,,,,,,,,,,,,,,,,,,,,,,,,,,,,,,,,
214026,999,78,Johan,Mojica,,8/21/1992 12:00:00 AM,185,3,2,2,LALIGA EA SPORTS,66,https://ratings-images-prod.pulse.ea.com/FC25/full/player-portraits/p214026.png?padding=0.7,https://ratings-images-prod.pulse.ea.com/FC25/full/player-shields/en/214026.png?width=265,16,Left Midfielder,LM,trait1_2097152,Rapid,"Higher sprint speed while dribbling, reduced error on knock-ons",https://drop-assets.ea.com/images/1aGsvwKyIFlRG1eoJSS0Ot/a4d3d661ff962795a632fe86439d2146/Rapid.png,playStyle,Play Style,trait1_33554432,Quick Step,Faster acceleration during Explosive Sprint,https://drop-assets.ea.com/images/1xG25Zp3wvkLA5YewKiZah/f27f5fabd1e899fc0bbb817d2db233b1/Quick_Step.png,playStyle,Play Style,0,Men's Football,56,Colombia,https://drop-assets.ea.com/images/JphMzcFrWU7Uo2jq6GSep/d909b5b6000d5bf7515600d2c6db6375/f_56.png,453,RCD Mallorca,https://drop-assets.ea.com/images/3M8ak3PmmUDRXsH9mryxH9/54d5da4b609ccf51bd0564abad99cc0e/l453.png,false,7,LB,Left Back,defense,Defense,86,0,69,0,80,0,63,0,69,0,77,0,58,0,75,0,70,0,77,0,74,0,74,0,73,0,73,0,75,0,62,0,64,0,13,0,8,0,14,0,9,0,15,0,65,0,75,0,72,0,61,0,88,0,73,0,60,0,70,0,71,0,74,0,65,0,77,0,80,0,75,0,90,0,77,0,65,0,43,0,,,,,,,,,,,,,,,,,,,,,,,,,,,,,,,,,,,,,,
233738,1000,78,Igor,Zubeldia Elorza,Zubeldia,3/30/1997 12:00:00 AM,181,2,3,1,LALIGA EA SPORTS,73,https://ratings-images-prod.pulse.ea.com/FC25/full/player-portraits/p233738.png?padding=0.7,https://ratings-images-prod.pulse.ea.com/FC25/full/player-shields/en/233738.png?width=265,,,,trait1_65536,Intercept,Increased reach and possession retention in interceptions,https://drop-assets.ea.com/images/5ysv7Iw8jDHl7sp1JXqIa7/d34004fed8c95bde083dcf8257391a70/Intercept.png,playStyle,Play Style,trait1_524288,Aerial Fortress,Performs higher jumps and has physical defensive presence before and during aerial duels,https://drop-assets.ea.com/images/3rsDbUXd3MZX39YTsk6lKe/404db89f2237eeb7466668a730c52a4b/Aerial_Fortress.png,playStyle,Play Style,0,Men's Football,45,Spain,https://drop-assets.ea.com/images/Kv8okAYMsDbB3ZKbxrAXw/9d30c88d16a4c85002f35c6af412c6f7/f_45.png,457,Real Sociedad,https://drop-assets.ea.com/images/2ohvULVVtNoXptjhNS2dLq/08d0f2d7ecfd9e0f43ce837a4e73d139/l457.png,false,5,CB,Center Back,defense,Defense,73,0,73,0,85,0,77,0,81,0,85,0,74,0,72,0,73,0,65,0,73,0,78,0,79,0,72,0,71,0,62,0,65,0,6,0,8,0,9,0,10,0,13,0,73,0,80,0,76,0,60,0,76,0,73,0,51,0,81,0,63,0,79,0,63,0,78,0,75,0,75,0,78,0,77,0,72,0,47,0,,,,,,,trait1_268435456,Bruiser,Stronger physical tackles,https://drop-assets.ea.com/images/7euMJ2jVypFrFPQesWuGGm/14019168b12faac1584a2920d5c2d5d9/Bruiser.png,playStyle,Play Style,,,,,,,,,,,,,,,,,,,,,,,,,,
258498,1001,78,Bart,Verbruggen,,8/18/2002 12:00:00 AM,193,1,4,1,Premier League,89,https://ratings-images-prod.pulse.ea.com/FC25/full/player-portraits/p258498.png?padding=0.7,https://ratings-images-prod.pulse.ea.com/FC25/full/player-shields/en/258498.png?width=250,,,,trait2_2,Footwork,"Exclusive foot saves, better performance on low shots",https://drop-assets.ea.com/images/1s2muXoHUmP1T0vGYKXSl1/6d265b13804069371f16a58788703a33/Footwork.png,playStyle,Play Style,,,,,,,0,Men's Football,34,Holland,https://drop-assets.ea.com/images/7LmdSUm2Ge4fzqcz0NElvq/d272142c80713dcf0e5ec0a47232aeee/f_34.png,1808,Brighton,https://drop-assets.ea.com/images/1mFLMjuFkxQjbRaTLKZ8Gm/277b9eb6d29d37064d1d82063b06f681/l1808.png,false,0,GK,Goalkeeper,defense,Defense,57,0,52,0,73,0,30,0,72,0,17,0,45,0,23,0,35,0,10,0,11,0,56,0,12,0,81,0,15,0,8,0,15,0,79,0,76,0,76,0,75,0,81,0,15,0,19,0,35,0,7,0,79,0,76,0,21,0,75,0,4,0,76,0,76,0,40,0,57,0,14,0,55,0,17,0,43,0,6,0,,,,,,,,,,,,,,,,,,,,,,,,,,,,,,,,,,,,,,
190113,1002,78,Mert,Günok,,3/1/1989 12:00:00 AM,196,1,3,1,Trendyol Süper Lig,92,https://ratings-images-prod.pulse.ea.com/FC25/full/player-portraits/p190113.png?padding=0.7,https://ratings-images-prod.pulse.ea.com/FC25/full/player-shields/en/190113.png?width=250,,,,trait2_1,Far Throw,Unique goalkeeper throw animations with longer throw distance,https://drop-assets.ea.com/images/3CjCz29sjIt1xMZTRDi4vQ/8ecb201b0ae7d6d536d03c847a768ffa/Far_Throw.png,playStyle,Play Style,trait2_2,Footwork,"Exclusive foot saves, better performance on low shots",https://drop-assets.ea.com/images/1s2muXoHUmP1T0vGYKXSl1/6d265b13804069371f16a58788703a33/Footwork.png,playStyle,Play Style,0,Men's Football,48,Turkey,https://drop-assets.ea.com/images/501PnaP87pzjR8dKEQ20OT/7f0fd5c896b732a094222cbf0560b4c2/f_48.png,327,Beşiktaş,https://drop-assets.ea.com/images/Sx4dfrxgLrl3y1lm5Wj8p/fe2d92ed674ea49ea5ee3ac8d9842897/l327.png,false,0,GK,Goalkeeper,defense,Defense,55,0,53,0,70,0,39,0,68,0,31,0,50,0,25,0,56,0,15,0,16,0,56,0,22,0,78,0,15,0,15,0,16,0,76,0,76,0,79,0,77,0,78,0,14,0,25,0,47,0,15,0,76,0,79,0,16,0,77,0,15,0,74,0,76,0,40,0,59,0,12,0,57,0,13,0,55,0,16,0,,,,,,,trait2_4,Cross Claimer,"Unique punching animations, powerful punches, faster crosses coverage",https://drop-assets.ea.com/images/4Uvgm6UNiSz3say1zZqKDC/51837f53072d5e01063699f6d2b7401a/Cross_Claimer.png,playStyle,Play Style,,,,,,,,,,,,,,,,,,,,,,,,,,
201389,1003,78,Cristiano,Biraghi,,9/1/1992 12:00:00 AM,185,3,3,2,Serie A Enilive,78,https://ratings-images-prod.pulse.ea.com/FC25/full/player-portraits/p201389.png?padding=0.7,https://ratings-images-prod.pulse.ea.com/FC25/full/player-shields/en/201389.png?width=265,16,Left Midfielder,LM,trait1_8,Dead Ball,"Faster, accurate set pieces with longer trajectory preview",https://drop-assets.ea.com/images/1razu2wcM3XA82VvB7NyUm/eec6b07080e49d6bf2d7a7951a22375f/Dead_Ball.png,playStyle,Play Style,trait1_134217728,Long Throw,Powerful throw-ins for greater distance,https://drop-assets.ea.com/images/51OlohNQvoEwW0aLhknAHh/58fa7d903d10f6d8cfa2622f62ba6b6f/Long_Throw.png,playStyle,Play Style,0,Men's Football,27,Italy,https://drop-assets.ea.com/images/2WtjWPqYzT7xcMCbvajGZH/d06e9ec4734a0d43d88f65386cc3a484/f_27.png,54,Torino,https://drop-assets.ea.com/images/hSLWPIkJFJBzTMyk85qej/40d38d4675390d6677c4f17dddae5627/l54.png,false,7,LB,Left Back,defense,Defense,73,0,71,0,75,0,76,0,66,0,75,0,70,0,78,0,82,0,85,0,82,0,76,0,78,0,76,0,76,0,58,0,88,0,12,0,6,0,14,0,10,0,7,0,70,0,77,0,75,0,80,0,72,0,78,0,75,0,71,0,73,0,77,0,69,0,77,0,82,0,74,0,71,0,76,0,72,0,54,0,,,,,,,,,,,,,,,,,,,,,,,,,,,,,,,,,,,,,,
256632,1004,78,Luis Henrique,Tomaz de Lima,Luis Henrique,12/14/2001 12:00:00 AM,181,3,3,1,Serie A Enilive,85,https://ratings-images-prod.pulse.ea.com/FC25/full/player-portraits/p256632.png?padding=0.7,https://ratings-images-prod.pulse.ea.com/FC25/full/player-shields/en/256632.png?width=265,16,Left Midfielder,LM,trait1_2097152,Rapid,"Higher sprint speed while dribbling, reduced error on knock-ons",https://drop-assets.ea.com/images/1aGsvwKyIFlRG1eoJSS0Ot/a4d3d661ff962795a632fe86439d2146/Rapid.png,playStyle,Play Style,trait1_33554432,Quick Step,Faster acceleration during Explosive Sprint,https://drop-assets.ea.com/images/1xG25Zp3wvkLA5YewKiZah/f27f5fabd1e899fc0bbb817d2db233b1/Quick_Step.png,playStyle,Play Style,0,Men's Football,54,Brazil,https://drop-assets.ea.com/images/1zdNn1R9tRlfQ3lsbAOecD/a606f742789b6306363383a6e20dd003/f_54.png,131682,Lombardia FC,https://drop-assets.ea.com/images/1thPMvXN97JgFvt6ASWr4c/d2ca0a691a98c344305bc0975ab70314/l131682.png,false,12,RM,Right Midfielder,midfielder,Midfielder,85,0,71,0,86,0,75,0,81,0,65,0,73,0,75,0,73,0,75,0,63,0,54,0,53,0,77,0,80,0,74,0,52,0,9,0,5,0,7,0,10,0,15,0,67,0,55,0,63,0,73,0,90,0,71,0,63,0,77,0,77,0,75,0,73,0,74,0,77,0,46,0,94,0,52,0,73,0,59,0,23,Right Wing,RW,,,,,,,,,,,,,,,,,,,,,,,,,,,,,,,,,,,
279604,1006,78,Mikel,Jauregizar Alboniga,Jauregizar,11/13/2003 12:00:00 AM,177,3,4,1,LALIGA EA SPORTS,74,https://ratings-images-prod.pulse.ea.com/FC25/full/player-portraits/p279604.png?padding=0.7,https://ratings-images-prod.pulse.ea.com/FC25/full/player-shields/en/279604.png?width=265,10,Center Defensive Midfielder,CDM,trait1_67108864,Relentless,"Increased half time fatigue recovery, longer teammate contain and press",https://drop-assets.ea.com/images/2vVuRxgvPNaAuFGqZZ9nDY/3e2505addd5a6b353becdeaf7173d187/Relentless.png,playStyle,Play Style,,,,,,,0,Men's Football,45,Spain,https://drop-assets.ea.com/images/Kv8okAYMsDbB3ZKbxrAXw/9d30c88d16a4c85002f35c6af412c6f7/f_45.png,448,Athletic Club,https://drop-assets.ea.com/images/5lGGXYvaOCdAYlo8xWPzQb/7092243785809519c68b482ad21b2c41/l448.png,false,14,CM,Center Midfielder,midfielder,Midfielder,74,0,78,0,68,0,81,0,71,0,77,0,83,0,79,0,79,0,64,0,72,0,72,0,75,0,79,0,78,0,68,0,66,0,6,0,9,0,5,0,13,0,6,0,48,0,75,0,78,0,75,0,71,0,75,0,55,0,75,0,75,0,76,0,70,0,79,0,75,0,66,0,69,0,77,0,78,0,53,0,,,,,,,,,,,,,,,,,,,,,,,,,,,,,,,,,,,,,,
198009,1007,78,Mattia,Perin,,11/10/1992 12:00:00 AM,188,1,3,1,Serie A Enilive,77,https://ratings-images-prod.pulse.ea.com/FC25/full/player-portraits/p198009.png?padding=0.7,https://ratings-images-prod.pulse.ea.com/FC25/full/player-shields/en/198009.png?width=250,,,,,,,,,,,,,,,,0,Men's Football,27,Italy,https://drop-assets.ea.com/images/2WtjWPqYzT7xcMCbvajGZH/d06e9ec4734a0d43d88f65386cc3a484/f_27.png,45,Juventus,https://drop-assets.ea.com/images/6zWQmPATtK8lpsiXbKb3mY/6b2d1dab08ef14f63271a5cd70a0db0d/l45.png,true,0,GK,Goalkeeper,defense,Defense,57,0,53,0,63,0,30,0,52,0,25,0,30,0,23,0,65,0,11,0,15,0,57,0,20,0,78,0,19,0,11,0,13,0,78,0,78,0,71,0,79,0,78,0,12,0,19,0,31,0,17,0,78,0,71,0,21,0,79,0,12,0,74,0,78,0,33,0,53,0,19,0,56,0,12,0,45,0,19,0,,,,,,,,,,,,,,,,,,,,,,,,,,,,,,,,,,,,,,
232711,1008,78,Jens,Stage,,11/8/1996 12:00:00 AM,185,3,3,1,Bundesliga,83,https://ratings-images-prod.pulse.ea.com/FC25/full/player-portraits/p232711.png?padding=0.7,https://ratings-images-prod.pulse.ea.com/FC25/full/player-shields/en/232711.png?width=265,10,Center Defensive Midfielder,CDM,trait1_16,Precision Header,Performs headers with increased accuracy and power.,https://drop-assets.ea.com/images/3ync8fbblS4zLzF3p1VXmT/7752a5103c2ebd8be5cf1819379c66f4/Precision_Header.png,playStyle,Play Style,trait1_32,Acrobatic,"Perform volleys with increased accuracy, acrobatic volley animations",https://drop-assets.ea.com/images/2sRRBHcIe0zrDwYaRI2xG3/d02b8c8855de853470897009e030eb5d/Acrobatic.png,playStyle,Play Style,0,Men's Football,13,Denmark,https://drop-assets.ea.com/images/6ueYG8kGNCY97fHWQ6LIZ7/9ad4b50beeb1d0d2a5d2bb5a8891336f/f_13.png,38,SV Werder Bremen,https://drop-assets.ea.com/images/5UE88g3Vfeo6kFu8lh1s26/cfc99dce8f7c7dc22a8a39920383cf3d/l38.png,false,14,CM,Center Midfielder,midfielder,Midfielder,67,0,69,0,86,0,82,0,78,0,78,0,73,0,80,0,77,0,68,0,62,0,75,0,72,0,77,0,76,0,74,0,56,0,11,0,12,0,5,0,10,0,6,0,83,0,75,0,77,0,70,0,63,0,74,0,60,0,79,0,77,0,79,0,73,0,79,0,77,0,70,0,60,0,76,0,76,0,70,0,,,,,,,trait1_524288,Aerial Fortress,Performs higher jumps and has physical defensive presence before and during aerial duels,https://drop-assets.ea.com/images/3rsDbUXd3MZX39YTsk6lKe/404db89f2237eeb7466668a730c52a4b/Aerial_Fortress.png,playStyle,Play Style,trait1_67108864,Relentless,"Increased half time fatigue recovery, longer teammate contain and press",https://drop-assets.ea.com/images/2vVuRxgvPNaAuFGqZZ9nDY/3e2505addd5a6b353becdeaf7173d187/Relentless.png,playStyle,Play Style,,,,,,,,,,,,,,,,,,,,
240734,1009,78,Matt,O'Riley,,11/21/2000 12:00:00 AM,188,3,4,2,Ligue 1 McDonald's,77,https://ratings-images-prod.pulse.ea.com/FC25/full/player-portraits/p240734.png?padding=0.7,https://ratings-images-prod.pulse.ea.com/FC25/full/player-shields/en/240734.png?width=265,14,Center Midfielder,CM,trait1_1,Finesse Shot,Faster finesse shots with more curve and accuracy,https://drop-assets.ea.com/images/468u1R1p2k1fA6WBHi0OEn/fb9d49ed2a8fb500cd5a184937b96b34/Finesse_Shot.png,playStyle,Play Style,trait1_2,Chip Shot,"Faster, more accurate chip shots",https://drop-assets.ea.com/images/6Gl08kt7odn1fJNX74CS2P/984feac3cd8d99902f5cb5131d5fd26a/Chip_Shot.png,playStyle,Play Style,0,Men's Football,13,Denmark,https://drop-assets.ea.com/images/6ueYG8kGNCY97fHWQ6LIZ7/9ad4b50beeb1d0d2a5d2bb5a8891336f/f_13.png,219,OM,https://drop-assets.ea.com/images/3t06Qm41tT2gB8NqJYXdue/928373951a71a9a8565497e6481925d1/l219.png,false,18,CAM,Center Attacking Midfielder,midfielder,Midfielder,67,0,70,0,74,0,78,0,72,0,71,0,78,0,78,0,79,0,74,0,78,0,67,0,66,0,76,0,76,0,77,0,74,0,14,0,12,0,5,0,13,0,6,0,66,0,67,0,79,0,76,0,68,0,79,0,77,0,73,0,78,0,79,0,78,0,81,0,81,0,65,0,68,0,70,0,81,0,74,0,,,,,,,trait1_256,Incisive Pass,"Accurate through passes, curvier swerve passes, faster precision passes",https://drop-assets.ea.com/images/2K5BYfVYRnrdjt8F3hwI04/62f147b6a436c107bfa3d042c1d5728d/Incisive_Pass.png,playStyle,Play Style,trait1_262144,Slide Tackle,Stops ball at feet during slide tackles,https://drop-assets.ea.com/images/7mI1lrxE0pv9iJfQFki9OA/8c1ecac325f923e049be72231c8c968a/Slide_Tackle.png,playStyle,Play Style,,,trait1_1048576,Technical,"Faster Controlled Sprint, precise wide turns while dribbling",https://drop-assets.ea.com/images/5Esx7NK4YBU44O4bo07rvb/69ca9417da7fd07905f6c6956ad93f6d/Technical.png,playStyle,Play Style,trait1_4194304,First Touch,"Reduced trapping error, faster dribbling transition",https://drop-assets.ea.com/images/3f727XsoDVLbT49oMk0HBu/2787568be8ccb2d5daa2d18fabacad97/First_Touch.png,playStyle,Play Style,,,,,,
243686,1010,78,Francisco L.,Lima Silva Machado,Chiquinho,7/19/1995 12:00:00 AM,175,4,3,1,Hellas Liga,66,https://ratings-images-prod.pulse.ea.com/FC25/full/player-portraits/p243686.png?padding=0.7,https://ratings-images-prod.pulse.ea.com/FC25/full/player-shields/en/243686.png?width=265,18,Center Attacking Midfielder,CAM,trait1_512,Pinged Pass,Faster ground passes without affecting receiver's trapping,https://drop-assets.ea.com/images/1mXBWIBgJSpYoIa1C4r5FX/7220e78a4049530f4e9fa642b1656fa4/Pinged_Pass.png,playStyle,Play Style,trait1_1048576,Technical,"Faster Controlled Sprint, precise wide turns while dribbling",https://drop-assets.ea.com/images/5Esx7NK4YBU44O4bo07rvb/69ca9417da7fd07905f6c6956ad93f6d/Technical.png,playStyle,Play Style,0,Men's Football,38,Portugal,https://drop-assets.ea.com/images/3CxRD7XqY2NSlZ3628fY4S/abf38470644ee334e6a425b9272f7767/f_38.png,280,Olympiacos FC,https://drop-assets.ea.com/images/2hyiQlv23Ipa7IOEtN7qAv/39a4514bd5a02d0d6db09d8eb2564c8f/l280.png,false,14,CM,Center Midfielder,midfielder,Midfielder,75,0,78,0,66,0,83,0,66,0,64,0,80,0,79,0,78,0,75,0,78,0,66,0,67,0,78,0,77,0,73,0,71,0,5,0,12,0,6,0,5,0,8,0,48,0,71,0,78,0,78,0,74,0,78,0,74,0,70,0,77,0,74,0,75,0,80,0,76,0,63,0,73,0,70,0,79,0,71,0,12,Right Midfielder,RM,,,,,,,,,,,,,,,,,,,,,,,,,,,,,,,,,,,
251573,1011,78,Renan Augusto,Lodi dos Santos,Renan Lodi,4/8/1998 12:00:00 AM,173,4,3,2,ROSHN Saudi League,68,https://ratings-images-prod.pulse.ea.com/FC25/full/player-portraits/p251573.png?padding=0.7,https://ratings-images-prod.pulse.ea.com/FC25/full/player-shields/en/251573.png?width=250,16,Left Midfielder,LM,,,,,,,,,,,,,0,Men's Football,54,Brazil,https://drop-assets.ea.com/images/1zdNn1R9tRlfQ3lsbAOecD/a606f742789b6306363383a6e20dd003/f_54.png,605,Al Hilal,https://drop-assets.ea.com/images/S6sbDN9mfGaVn2VJDekYR/c6f580c98a0d614b0b308a89a241c6ab/l605.png,false,7,LB,Left Back,defense,Defense,74,0,79,0,75,0,81,0,65,0,73,0,77,0,77,0,74,0,82,0,81,0,73,0,71,0,77,0,76,0,69,0,57,0,12,0,7,0,11,0,10,0,15,0,69,0,72,0,74,0,68,0,75,0,76,0,55,0,71,0,76,0,75,0,69,0,77,0,75,0,77,0,75,0,74,0,75,0,59,0,,,,,,,,,,,,,,,,,,,,,,,,,,,,,,,,,,,,,,
206591,1013,78,Mitchell,Weiser,,4/21/1994 12:00:00 AM,177,4,4,1,Bundesliga,70,https://ratings-images-prod.pulse.ea.com/FC25/full/player-portraits/p206591.png?padding=0.7,https://ratings-images-prod.pulse.ea.com/FC25/full/player-shields/en/206591.png?width=265,12,Right Midfielder,RM,trait1_4096,Whipped Pass,"Accurate, faster crosses with more curve",https://drop-assets.ea.com/images/FfTP29PWrRWZjEaiCCVoa/a1b345e4ae7023ed78b1efd68d28f392/Whipped_Pass.png,playStyle,Play Style,trait1_16384,Jockey,"Faster Sprint Jockey, better transition speed",https://drop-assets.ea.com/images/7lHjpOBSghE6Ywt1jgVv1C/21f9914d00f073d79d4b46cac71b9087/Jockey.png,playStyle,Play Style,0,Men's Football,21,Germany,https://drop-assets.ea.com/images/6IIMMGk0Uj1rcZ6DSHTpLL/93f95b602dc62594104f418c8f80ebb3/f_21.png,38,SV Werder Bremen,https://drop-assets.ea.com/images/5UE88g3Vfeo6kFu8lh1s26/cfc99dce8f7c7dc22a8a39920383cf3d/l38.png,false,3,RB,Right Back,defense,Defense,78,0,84,0,75,0,92,0,64,0,66,0,82,0,80,0,76,0,76,0,69,0,71,0,67,0,82,0,83,0,65,0,52,0,13,0,15,0,10,0,13,0,9,0,66,0,75,0,69,0,61,0,78,0,74,0,58,0,72,0,76,0,80,0,63,0,77,0,60,0,72,0,78,0,72,0,78,0,62,0,,,,,,,,,,,,,,,,,,,,,,,,,,,,,,,,,,,,,,
235467,1014,78,Marcelino,Moreno,,6/25/1995 12:00:00 AM,168,5,2,1,LPF,65,https://ratings-images-prod.pulse.ea.com/FC25/full/player-portraits/p235467.png?padding=0.7,https://ratings-images-prod.pulse.ea.com/FC25/full/player-shields/en/235467.png?width=265,16,Left Midfielder,LM,trait1_64,Low Driven Shot,"Enhances a player's ability to execute low driven shots with increased accuracy, faster ball travel, and quicker shot execution.",https://drop-assets.ea.com/images/1NfyWsEpQ7s9bhWWt92lbn/5b5dbeb0e55c2e9241cdc26c70ee2d2c/Low_Driven_Shot.png,playStyle,Play Style,trait1_128,Gamechanger,Fancy and Trivela shots are performed with improved accuracy.,https://drop-assets.ea.com/images/2v8I0GQrtREaEJzJcyStKe/e46d719e4e5ed88ac5a1f671c7448f4a/Gamechanger.png,playStyle,Play Style,0,Men's Football,52,Argentina,https://drop-assets.ea.com/images/4xMXjEt7CFJ6JENYeG45Sk/836d733dc1642c5e4ab3338d91481436/f_52.png,110395,Lanús,https://drop-assets.ea.com/images/3YdIDtCdoAVx6qHfneuLay/c0dc2285e2422882233c8137a4f40606/l110395.png,false,18,CAM,Center Attacking Midfielder,midfielder,Midfielder,91,0,86,0,72,0,79,0,63,0,64,0,90,0,78,0,77,0,67,0,77,0,53,0,51,0,81,0,82,0,76,0,78,0,8,0,9,0,15,0,8,0,12,0,49,0,57,0,73,0,74,0,90,0,75,0,65,0,68,0,75,0,69,0,73,0,76,0,73,0,50,0,90,0,53,0,79,0,57,0,25,Striker,ST,14,Center Midfielder,CM,trait1_256,Incisive Pass,"Accurate through passes, curvier swerve passes, faster precision passes",https://drop-assets.ea.com/images/2K5BYfVYRnrdjt8F3hwI04/62f147b6a436c107bfa3d042c1d5728d/Incisive_Pass.png,playStyle,Play Style,trait1_8192,Inventive,Fancy and Trivela passes are performed with improved accuracy.,https://drop-assets.ea.com/images/4fpo31RdL5T0vrzNqcSc4x/f82209bfd51270dcc447d4313b3e61f1/Inventive.png,playStyle,Play Style,,,trait1_1048576,Technical,"Faster Controlled Sprint, precise wide turns while dribbling",https://drop-assets.ea.com/images/5Esx7NK4YBU44O4bo07rvb/69ca9417da7fd07905f6c6956ad93f6d/Technical.png,playStyle,Play Style,trait1_33554432,Quick Step,Faster acceleration during Explosive Sprint,https://drop-assets.ea.com/images/1xG25Zp3wvkLA5YewKiZah/f27f5fabd1e899fc0bbb817d2db233b1/Quick_Step.png,playStyle,Play Style,,,,,,
278773,1016,78,Myles,Lewis-Skelly,,9/26/2006 12:00:00 AM,178,3,3,2,Premier League,72,https://ratings-images-prod.pulse.ea.com/FC25/full/player-portraits/p278773.png?padding=0.7,https://ratings-images-prod.pulse.ea.com/FC25/full/player-shields/en/278773.png?width=265,14,Center Midfielder,CM,trait1_16777216,Press Proven,"Close control at jog speed, shields ball more effectively",https://drop-assets.ea.com/images/5rUHwyLJRnvGV53Ba4Pj6M/9a3238695ae8103667ba02af391ac209/Press_Proven.png,playStyle,Play Style,,,,,,,0,Men's Football,14,England,https://drop-assets.ea.com/images/6ZM1OFXGUFeV0ZaYVKj2z/ae88ef17f8cb179fbc1c463f7e1e4bd8/f_14.png,1,Arsenal,https://drop-assets.ea.com/images/2ng99bvkwKaA228PJje39i/09d2df89a78377d3f8d3f78469cbadc9/l1.png,false,7,LB,Left Back,defense,Defense,77,0,68,0,83,0,75,0,79,0,80,0,84,0,77,0,79,0,73,0,74,0,75,0,74,0,77,0,77,0,55,0,45,0,11,0,10,0,6,0,12,0,9,0,70,0,76,0,75,0,62,0,76,0,74,0,55,0,78,0,72,0,77,0,60,0,78,0,69,0,75,0,76,0,77,0,76,0,58,0,,,,,,,,,,,,,,,,,,,,,,,,,,,,,,,,,,,,,,
207439,1017,78,Leandro,Paredes,,6/29/1994 12:00:00 AM,180,4,4,1,LPF,75,https://ratings-images-prod.pulse.ea.com/FC25/full/player-portraits/p207439.png?padding=0.7,https://ratings-images-prod.pulse.ea.com/FC25/full/player-shields/en/207439.png?width=265,10,Center Defensive Midfielder,CDM,trait1_1024,Long Ball Pass,"Accurate, faster Lob and Lofted Through Passes",https://drop-assets.ea.com/images/7jwRDD4zkOsqRpc821t73d/16d46d57a5dfc7dd5dd5f8de0fd26a99/Long_Ball_Pass.png,playStyle,Play Style,trait1_2048,Tiki Taka,Accurate first-time Ground Passes,https://drop-assets.ea.com/images/2tvHC5JQ2sXrN8wUTJWLEA/94b0f6a78d1a9e1348a33c9772f23afd/Tiki_Taka.png,playStyle,Play Style,0,Men's Football,52,Argentina,https://drop-assets.ea.com/images/4xMXjEt7CFJ6JENYeG45Sk/836d733dc1642c5e4ab3338d91481436/f_52.png,1877,Boca Juniors,https://drop-assets.ea.com/images/4v42cau4ZlAgfPnWHaQSKn/a9fa2af475b4b779ed13870c7f1ec66b/l1877.png,false,14,CM,Center Midfielder,midfielder,Midfielder,62,0,68,0,67,0,73,0,70,0,88,0,75,0,84,0,82,0,77,0,83,0,72,0,70,0,79,0,78,0,60,0,78,0,9,0,14,0,6,0,9,0,10,0,56,0,77,0,84,0,72,0,62,0,82,0,85,0,74,0,62,0,71,0,70,0,84,0,86,0,75,0,62,0,76,0,81,0,71,0,,,,,,,trait1_524288,Aerial Fortress,Performs higher jumps and has physical defensive presence before and during aerial duels,https://drop-assets.ea.com/images/3rsDbUXd3MZX39YTsk6lKe/404db89f2237eeb7466668a730c52a4b/Aerial_Fortress.png,playStyle,Play Style,,,,,,,,,,,,,,,,,,,,,,,,,,
224031,1018,78,Adam,Marušić,,10/17/1992 12:00:00 AM,185,3,4,1,Serie A Enilive,81,https://ratings-images-prod.pulse.ea.com/FC25/full/player-portraits/p224031.png?padding=0.7,https://ratings-images-prod.pulse.ea.com/FC25/full/player-shields/en/224031.png?width=265,7,Left Back,LB,trait1_2097152,Rapid,"Higher sprint speed while dribbling, reduced error on knock-ons",https://drop-assets.ea.com/images/1aGsvwKyIFlRG1eoJSS0Ot/a4d3d661ff962795a632fe86439d2146/Rapid.png,playStyle,Play Style,trait1_33554432,Quick Step,Faster acceleration during Explosive Sprint,https://drop-assets.ea.com/images/1xG25Zp3wvkLA5YewKiZah/f27f5fabd1e899fc0bbb817d2db233b1/Quick_Step.png,playStyle,Play Style,0,Men's Football,15,Montenegro,https://drop-assets.ea.com/images/1lxyzgMd0AqBcCf9jEd4lN/e12139202eb33c51ba49e26b71ef26ae/f_15.png,115841,Latium,https://drop-assets.ea.com/images/APtVhL3q3cFDG9pkum0Q4/cbfe542e327cc69c0890b8b5a189fad7/l115841.png,false,3,RB,Right Back,defense,Defense,79,0,64,0,86,0,77,0,77,0,76,0,70,0,76,0,75,0,76,0,76,0,75,0,74,0,74,0,75,0,56,0,54,0,8,0,9,0,7,0,10,0,10,0,74,0,75,0,55,0,77,0,80,0,67,0,58,0,77,0,69,0,76,0,66,0,71,0,79,0,75,0,80,0,76,0,60,0,68,0,12,Right Midfielder,RM,,,,,,,,,,,,,,,,,,,,,,,,,,,,,,,,,,,
234112,1019,78,Domilson,Cordeiro dos Santos,Dodô,11/17/1998 12:00:00 AM,166,3,3,1,Serie A Enilive,68,https://ratings-images-prod.pulse.ea.com/FC25/full/player-portraits/p234112.png?padding=0.7,https://ratings-images-prod.pulse.ea.com/FC25/full/player-shields/en/234112.png?width=265,12,Right Midfielder,RM,trait1_4096,Whipped Pass,"Accurate, faster crosses with more curve",https://drop-assets.ea.com/images/FfTP29PWrRWZjEaiCCVoa/a1b345e4ae7023ed78b1efd68d28f392/Whipped_Pass.png,playStyle,Play Style,trait1_16384,Jockey,"Faster Sprint Jockey, better transition speed",https://drop-assets.ea.com/images/7lHjpOBSghE6Ywt1jgVv1C/21f9914d00f073d79d4b46cac71b9087/Jockey.png,playStyle,Play Style,0,Men's Football,54,Brazil,https://drop-assets.ea.com/images/1zdNn1R9tRlfQ3lsbAOecD/a606f742789b6306363383a6e20dd003/f_54.png,110374,Fiorentina,https://drop-assets.ea.com/images/j2Zuc19dll43zq88V7CgZ/d2e748909a451985aed5a26b122a4d8f/l110374.png,false,3,RB,Right Back,defense,Defense,84,0,81,0,71,0,84,0,59,0,74,0,87,0,80,0,76,0,79,0,71,0,72,0,74,0,79,0,78,0,60,0,52,0,14,0,14,0,10,0,14,0,5,0,55,0,74,0,68,0,50,0,86,0,74,0,50,0,69,0,78,0,76,0,59,0,78,0,66,0,71,0,87,0,75,0,72,0,49,0,,,,,,,trait1_131072,Anticipate,"Improved standing tackle success, possibility of stopping ball at feet",https://drop-assets.ea.com/images/4xPnUcL7thizFB7qmhlwUR/1ade7a0f77d5e875c2db869964540a35/Anticipate.png,playStyle,Play Style,trait1_2097152,Rapid,"Higher sprint speed while dribbling, reduced error on knock-ons",https://drop-assets.ea.com/images/1aGsvwKyIFlRG1eoJSS0Ot/a4d3d661ff962795a632fe86439d2146/Rapid.png,playStyle,Play Style,,,,,,,,,,,,,,,,,,,,
235374,1020,78,Manuel,Lazzari,,11/29/1993 12:00:00 AM,174,3,3,1,Serie A Enilive,67,https://ratings-images-prod.pulse.ea.com/FC25/full/player-portraits/p235374.png?padding=0.7,https://ratings-images-prod.pulse.ea.com/FC25/full/player-shields/en/235374.png?width=265,12,Right Midfielder,RM,trait1_4096,Whipped Pass,"Accurate, faster crosses with more curve",https://drop-assets.ea.com/images/FfTP29PWrRWZjEaiCCVoa/a1b345e4ae7023ed78b1efd68d28f392/Whipped_Pass.png,playStyle,Play Style,trait1_2097152,Rapid,"Higher sprint speed while dribbling, reduced error on knock-ons",https://drop-assets.ea.com/images/1aGsvwKyIFlRG1eoJSS0Ot/a4d3d661ff962795a632fe86439d2146/Rapid.png,playStyle,Play Style,0,Men's Football,27,Italy,https://drop-assets.ea.com/images/2WtjWPqYzT7xcMCbvajGZH/d06e9ec4734a0d43d88f65386cc3a484/f_27.png,115841,Latium,https://drop-assets.ea.com/images/APtVhL3q3cFDG9pkum0Q4/cbfe542e327cc69c0890b8b5a189fad7/l115841.png,false,3,RB,Right Back,defense,Defense,89,0,89,0,63,0,76,0,52,0,66,0,84,0,79,0,76,0,80,0,68,0,71,0,74,0,81,0,80,0,67,0,58,0,14,0,6,0,11,0,5,0,11,0,44,0,74,0,73,0,57,0,90,0,75,0,55,0,61,0,72,0,78,0,61,0,76,0,53,0,69,0,90,0,75,0,74,0,59,0,,,,,,,trait1_33554432,Quick Step,Faster acceleration during Explosive Sprint,https://drop-assets.ea.com/images/1xG25Zp3wvkLA5YewKiZah/f27f5fabd1e899fc0bbb817d2db233b1/Quick_Step.png,playStyle,Play Style,,,,,,,,,,,,,,,,,,,,,,,,,,
251615,1021,78,Francisco,Sampaio Moura,Francisco Moura,8/16/1999 12:00:00 AM,182,3,2,2,Liga Portugal,80,https://ratings-images-prod.pulse.ea.com/FC25/full/player-portraits/p251615.png?padding=0.7,https://ratings-images-prod.pulse.ea.com/FC25/full/player-shields/en/251615.png?width=265,16,Left Midfielder,LM,trait1_1024,Long Ball Pass,"Accurate, faster Lob and Lofted Through Passes",https://drop-assets.ea.com/images/7jwRDD4zkOsqRpc821t73d/16d46d57a5dfc7dd5dd5f8de0fd26a99/Long_Ball_Pass.png,playStyle,Play Style,trait1_4096,Whipped Pass,"Accurate, faster crosses with more curve",https://drop-assets.ea.com/images/FfTP29PWrRWZjEaiCCVoa/a1b345e4ae7023ed78b1efd68d28f392/Whipped_Pass.png,playStyle,Play Style,0,Men's Football,38,Portugal,https://drop-assets.ea.com/images/3CxRD7XqY2NSlZ3628fY4S/abf38470644ee334e6a425b9272f7767/f_38.png,236,FC Porto,https://drop-assets.ea.com/images/3rIoG9U8fPPfaXZiGOGtvw/37c0c0ceefe454e9c299d4cc1852671f/l236.png,false,7,LB,Left Back,defense,Defense,79,0,72,0,78,0,81,0,70,0,73,0,69,0,77,0,73,0,79,0,72,0,74,0,73,0,75,0,76,0,67,0,60,0,15,0,10,0,6,0,5,0,14,0,67,0,75,0,72,0,50,0,78,0,75,0,50,0,74,0,74,0,75,0,63,0,76,0,70,0,74,0,77,0,76,0,75,0,45,0,,,,,,,trait1_67108864,Relentless,"Increased half time fatigue recovery, longer teammate contain and press",https://drop-assets.ea.com/images/2vVuRxgvPNaAuFGqZZ9nDY/3e2505addd5a6b353becdeaf7173d187/Relentless.png,playStyle,Play Style,,,,,,,,,,,,,,,,,,,,,,,,,,
256107,1022,78,Alistair,Johnston,,10/8/1998 12:00:00 AM,180,2,3,1,Scottish Prem,77,https://ratings-images-prod.pulse.ea.com/FC25/full/player-portraits/p256107.png?padding=0.7,https://ratings-images-prod.pulse.ea.com/FC25/full/player-shields/en/256107.png?width=265,12,Right Midfielder,RM,trait1_16384,Jockey,"Faster Sprint Jockey, better transition speed",https://drop-assets.ea.com/images/7lHjpOBSghE6Ywt1jgVv1C/21f9914d00f073d79d4b46cac71b9087/Jockey.png,playStyle,Play Style,trait1_131072,Anticipate,"Improved standing tackle success, possibility of stopping ball at feet",https://drop-assets.ea.com/images/4xPnUcL7thizFB7qmhlwUR/1ade7a0f77d5e875c2db869964540a35/Anticipate.png,playStyle,Play Style,0,Men's Football,70,Canada,https://drop-assets.ea.com/images/6NVjftdldQXhdzrkDQccXB/0bbb62e54641cc2fc4c5e9f347319859/f_70.png,78,Celtic,https://drop-assets.ea.com/images/16GwjVn0vBxAdBx5F4uW0q/6a96b7c86f98010e0b9cd943dc48d4ca/l78.png,false,3,RB,Right Back,defense,Defense,76,0,76,0,80,0,85,0,76,0,85,0,76,0,76,0,78,0,74,0,69,0,73,0,75,0,72,0,67,0,57,0,37,0,8,0,9,0,14,0,11,0,11,0,66,0,67,0,75,0,53,0,82,0,73,0,60,0,80,0,74,0,77,0,59,0,77,0,68,0,76,0,86,0,76,0,75,0,46,0,,,,,,,trait1_67108864,Relentless,"Increased half time fatigue recovery, longer teammate contain and press",https://drop-assets.ea.com/images/2vVuRxgvPNaAuFGqZZ9nDY/3e2505addd5a6b353becdeaf7173d187/Relentless.png,playStyle,Play Style,trait1_268435456,Bruiser,Stronger physical tackles,https://drop-assets.ea.com/images/7euMJ2jVypFrFPQesWuGGm/14019168b12faac1584a2920d5c2d5d9/Bruiser.png,playStyle,Play Style,,,,,,,,,,,,,,,,,,,,
266097,1023,78,Geny,Cipriano Catamo,Geny Catamo,1/26/2001 12:00:00 AM,173,4,3,2,Liga Portugal,71,https://ratings-images-prod.pulse.ea.com/FC25/full/player-portraits/p266097.png?padding=0.7,https://ratings-images-prod.pulse.ea.com/FC25/full/player-shields/en/266097.png?width=265,16,Left Midfielder,LM,trait1_1,Finesse Shot,Faster finesse shots with more curve and accuracy,https://drop-assets.ea.com/images/468u1R1p2k1fA6WBHi0OEn/fb9d49ed2a8fb500cd5a184937b96b34/Finesse_Shot.png,playStyle,Play Style,trait1_64,Low Driven Shot,"Enhances a player's ability to execute low driven shots with increased accuracy, faster ball travel, and quicker shot execution.",https://drop-assets.ea.com/images/1NfyWsEpQ7s9bhWWt92lbn/5b5dbeb0e55c2e9241cdc26c70ee2d2c/Low_Driven_Shot.png,playStyle,Play Style,0,Men's Football,130,Mozambique,https://drop-assets.ea.com/images/3y41EltePbbjGv1rzrXRjR/75c22ceb210700b327e15e4136cd199f/f_130.png,237,Sporting CP,https://drop-assets.ea.com/images/2bL9oGApMvbYE1o0Byl8KB/c914cde8141f11124f026cb198a0eb00/l237.png,false,12,RM,Right Midfielder,midfielder,Midfielder,92,0,88,0,68,0,79,0,50,0,56,0,80,0,82,0,72,0,72,0,74,0,64,0,67,0,82,0,82,0,74,0,54,0,10,0,7,0,10,0,9,0,8,0,52,0,65,0,59,0,78,0,91,0,69,0,53,0,59,0,76,0,74,0,74,0,70,0,73,0,58,0,91,0,66,0,72,0,71,0,18,Center Attacking Midfielder,CAM,23,Right Wing,RW,trait1_128,Gamechanger,Fancy and Trivela shots are performed with improved accuracy.,https://drop-assets.ea.com/images/2v8I0GQrtREaEJzJcyStKe/e46d719e4e5ed88ac5a1f671c7448f4a/Gamechanger.png,playStyle,Play Style,trait1_8192,Inventive,Fancy and Trivela passes are performed with improved accuracy.,https://drop-assets.ea.com/images/4fpo31RdL5T0vrzNqcSc4x/f82209bfd51270dcc447d4313b3e61f1/Inventive.png,playStyle,Play Style,,,trait1_2097152,Rapid,"Higher sprint speed while dribbling, reduced error on knock-ons",https://drop-assets.ea.com/images/1aGsvwKyIFlRG1eoJSS0Ot/a4d3d661ff962795a632fe86439d2146/Rapid.png,playStyle,Play Style,,,,,,,,,,,,
243627,1024,78,Yacine,Adli,,7/29/2000 12:00:00 AM,186,3,3,1,Serie A Enilive,78,https://ratings-images-prod.pulse.ea.com/FC25/full/player-portraits/p243627.png?padding=0.7,https://ratings-images-prod.pulse.ea.com/FC25/full/player-shields/en/243627.png?width=265,14,Center Midfielder,CM,trait1_1024,Long Ball Pass,"Accurate, faster Lob and Lofted Through Passes",https://drop-assets.ea.com/images/7jwRDD4zkOsqRpc821t73d/16d46d57a5dfc7dd5dd5f8de0fd26a99/Long_Ball_Pass.png,playStyle,Play Style,,,,,,,0,Men's Football,18,France,https://drop-assets.ea.com/images/3ECAQzhfgSLWRf9IIHB6G8/7e235a7b2f93c1f73db7f89dc03b3657/f_18.png,131681,Milano FC,https://drop-assets.ea.com/images/6D3s1RlLRER3UOunC4Lofv/ec87a4178160a87521b0b7c688e7638e/l131681.png,false,10,CDM,Center Defensive Midfielder,midfielder,Midfielder,72,0,71,0,73,0,64,0,67,0,76,0,66,0,81,0,81,0,74,0,77,0,73,0,76,0,78,0,78,0,66,0,75,0,14,0,12,0,9,0,10,0,14,0,62,0,73,0,86,0,75,0,70,0,80,0,60,0,68,0,71,0,78,0,69,0,82,0,73,0,68,0,69,0,76,0,82,0,68,0,,,,,,,,,,,,,,,,,,,,,,,,,,,,,,,,,,,,,,
251988,1025,78,Andrea,Colpani,,5/11/1999 12:00:00 AM,184,3,3,2,Serie BKT,75,https://ratings-images-prod.pulse.ea.com/FC25/full/player-portraits/p251988.png?padding=0.7,https://ratings-images-prod.pulse.ea.com/FC25/full/player-shields/en/251988.png?width=265,18,Center Attacking Midfielder,CAM,trait1_64,Low Driven Shot,"Enhances a player's ability to execute low driven shots with increased accuracy, faster ball travel, and quicker shot execution.",https://drop-assets.ea.com/images/1NfyWsEpQ7s9bhWWt92lbn/5b5dbeb0e55c2e9241cdc26c70ee2d2c/Low_Driven_Shot.png,playStyle,Play Style,,,,,,,0,Men's Football,27,Italy,https://drop-assets.ea.com/images/2WtjWPqYzT7xcMCbvajGZH/d06e9ec4734a0d43d88f65386cc3a484/f_27.png,111811,Monza,https://drop-assets.ea.com/images/6YrkZJWBBNtoW2AmE6rtnS/2d8db35e1d08805b35c6a770741f9044/l111811.png,false,12,RM,Right Midfielder,midfielder,Midfielder,73,0,73,0,74,0,74,0,65,0,58,0,66,0,80,0,75,0,73,0,79,0,65,0,62,0,78,0,79,0,76,0,76,0,10,0,9,0,6,0,12,0,11,0,67,0,62,0,76,0,75,0,76,0,77,0,70,0,66,0,77,0,76,0,76,0,80,0,78,0,69,0,79,0,69,0,76,0,75,0,23,Right Wing,RW,,,,,,,,,,,,,,,,,,,,,,,,,,,,,,,,,,,
257711,1026,78,Riccardo,Calafiori,,5/19/2002 12:00:00 AM,188,3,4,2,Premier League,86,https://ratings-images-prod.pulse.ea.com/FC25/full/player-portraits/p257711.png?padding=0.7,https://ratings-images-prod.pulse.ea.com/FC25/full/player-shields/en/257711.png?width=265,5,Center Back,CB,trait1_1024,Long Ball Pass,"Accurate, faster Lob and Lofted Through Passes",https://drop-assets.ea.com/images/7jwRDD4zkOsqRpc821t73d/16d46d57a5dfc7dd5dd5f8de0fd26a99/Long_Ball_Pass.png,playStyle,Play Style,,,,,,,0,Men's Football,27,Italy,https://drop-assets.ea.com/images/2WtjWPqYzT7xcMCbvajGZH/d06e9ec4734a0d43d88f65386cc3a484/f_27.png,1,Arsenal,https://drop-assets.ea.com/images/2ng99bvkwKaA228PJje39i/09d2df89a78377d3f8d3f78469cbadc9/l1.png,false,7,LB,Left Back,defense,Defense,74,0,69,0,84,0,73,0,77,0,79,0,69,0,77,0,75,0,73,0,72,0,77,0,76,0,75,0,75,0,62,0,65,0,9,0,11,0,5,0,6,0,11,0,75,0,77,0,67,0,70,0,72,0,71,0,50,0,77,0,70,0,78,0,66,0,76,0,75,0,79,0,70,0,78,0,66,0,57,0,,,,,,,,,,,,,,,,,,,,,,,,,,,,,,,,,,,,,,
201455,1028,78,Geoffrey,Kondogbia,,2/15/1993 12:00:00 AM,188,3,3,2,Ligue 1 McDonald's,80,https://ratings-images-prod.pulse.ea.com/FC25/full/player-portraits/p201455.png?padding=0.7,https://ratings-images-prod.pulse.ea.com/FC25/full/player-shields/en/201455.png?width=265,10,Center Defensive Midfielder,CDM,trait1_4,Power Shot,Faster power shots with increased speed,https://drop-assets.ea.com/images/3ohVoKWSsvT44qgjabWqfV/e536ef26ad854c3c4cbf63ed7954b9cd/Power_Shot.png,playStyle,Play Style,trait1_16384,Jockey,"Faster Sprint Jockey, better transition speed",https://drop-assets.ea.com/images/7lHjpOBSghE6Ywt1jgVv1C/21f9914d00f073d79d4b46cac71b9087/Jockey.png,playStyle,Play Style,0,Men's Football,105,Central African Republic,https://drop-assets.ea.com/images/4DKCo6EJ5IUIXZhiPpyUdY/3da430ad3b6b688c5c7830b38db4f999/f_105.png,219,OM,https://drop-assets.ea.com/images/3t06Qm41tT2gB8NqJYXdue/928373951a71a9a8565497e6481925d1/l219.png,false,5,CB,Center Back,defense,Defense,64,0,65,0,83,0,74,0,84,0,81,0,57,0,77,0,77,0,64,0,64,0,78,0,80,0,71,0,70,0,67,0,63,0,15,0,10,0,10,0,8,0,10,0,74,0,77,0,78,0,70,0,65,0,73,0,53,0,81,0,66,0,70,0,69,0,79,0,78,0,76,0,66,0,79,0,73,0,56,0,14,Center Midfielder,CM,,,,trait1_131072,Anticipate,"Improved standing tackle success, possibility of stopping ball at feet",https://drop-assets.ea.com/images/4xPnUcL7thizFB7qmhlwUR/1ade7a0f77d5e875c2db869964540a35/Anticipate.png,playStyle,Play Style,trait1_268435456,Bruiser,Stronger physical tackles,https://drop-assets.ea.com/images/7euMJ2jVypFrFPQesWuGGm/14019168b12faac1584a2920d5c2d5d9/Bruiser.png,playStyle,Play Style,,,,,,,,,,,,,,,,,,,,
241707,1029,78,Pape,Gueye,,1/24/1999 12:00:00 AM,189,2,3,2,LALIGA EA SPORTS,79,https://ratings-images-prod.pulse.ea.com/FC25/full/player-portraits/p241707.png?padding=0.7,https://ratings-images-prod.pulse.ea.com/FC25/full/player-shields/en/241707.png?width=265,10,Center Defensive Midfielder,CDM,trait1_524288,Aerial Fortress,Performs higher jumps and has physical defensive presence before and during aerial duels,https://drop-assets.ea.com/images/3rsDbUXd3MZX39YTsk6lKe/404db89f2237eeb7466668a730c52a4b/Aerial_Fortress.png,playStyle,Play Style,,,,,,,0,Men's Football,136,Senegal,https://drop-assets.ea.com/images/5YFW1KnsSwDBZwtoXH9mTj/690bf685246b53efaf24d6f2de696eb3/f_136.png,483,Villarreal CF,https://drop-assets.ea.com/images/xvk9pCQTX74mWG8EjcgYU/f631ffd2c7ac06bd43f2547fc44463c4/l483.png,false,14,CM,Center Midfielder,midfielder,Midfielder,66,0,67,0,77,0,80,0,78,0,79,0,68,0,78,0,76,0,67,0,51,0,76,0,77,0,75,0,76,0,56,0,55,0,12,0,12,0,12,0,14,0,12,0,68,0,76,0,79,0,72,0,67,0,75,0,52,0,79,0,75,0,77,0,65,0,81,0,81,0,74,0,68,0,77,0,79,0,49,0,,,,,,,,,,,,,,,,,,,,,,,,,,,,,,,,,,,,,,
252064,1030,78,Ladislav,Krejčí,,4/20/1999 12:00:00 AM,191,3,3,2,Premier League,87,https://ratings-images-prod.pulse.ea.com/FC25/full/player-portraits/p252064.png?padding=0.7,https://ratings-images-prod.pulse.ea.com/FC25/full/player-shields/en/252064.png?width=265,10,Center Defensive Midfielder,CDM,trait1_512,Pinged Pass,Faster ground passes without affecting receiver's trapping,https://drop-assets.ea.com/images/1mXBWIBgJSpYoIa1C4r5FX/7220e78a4049530f4e9fa642b1656fa4/Pinged_Pass.png,playStyle,Play Style,trait1_268435456,Bruiser,Stronger physical tackles,https://drop-assets.ea.com/images/7euMJ2jVypFrFPQesWuGGm/14019168b12faac1584a2920d5c2d5d9/Bruiser.png,playStyle,Play Style,0,Men's Football,12,Czech Republic,https://drop-assets.ea.com/images/3yIKmUj5BRZgJtSLR6do7t/484fa785d4f5c3f900ba80eddf3a70dc/f_12.png,110,Wolves,https://drop-assets.ea.com/images/3DIKyPF6XcAgIrI3Wv0UBo/4b26ac5525105f84de13860ebe177633/l110.png,false,5,CB,Center Back,defense,Defense,68,0,55,0,89,0,79,0,85,0,88,0,65,0,72,0,75,0,56,0,55,0,76,0,75,0,69,0,69,0,62,0,54,0,9,0,5,0,6,0,14,0,6,0,82,0,77,0,74,0,68,0,72,0,68,0,76,0,84,0,73,0,75,0,68,0,75,0,78,0,74,0,75,0,76,0,70,0,65,0,,,,,,,,,,,,,,,,,,,,,,,,,,,,,,,,,,,,,,
252143,1031,78,Daniel,Santos Bragança,Daniel Bragança,5/27/1999 12:00:00 AM,178,4,2,2,Liga Portugal,72,https://ratings-images-prod.pulse.ea.com/FC25/full/player-portraits/p252143.png?padding=0.7,https://ratings-images-prod.pulse.ea.com/FC25/full/player-shields/en/252143.png?width=265,10,Center Defensive Midfielder,CDM,trait1_1,Finesse Shot,Faster finesse shots with more curve and accuracy,https://drop-assets.ea.com/images/468u1R1p2k1fA6WBHi0OEn/fb9d49ed2a8fb500cd5a184937b96b34/Finesse_Shot.png,playStyle,Play Style,trait1_8192,Inventive,Fancy and Trivela passes are performed with improved accuracy.,https://drop-assets.ea.com/images/4fpo31RdL5T0vrzNqcSc4x/f82209bfd51270dcc447d4313b3e61f1/Inventive.png,playStyle,Play Style,0,Men's Football,38,Portugal,https://drop-assets.ea.com/images/3CxRD7XqY2NSlZ3628fY4S/abf38470644ee334e6a425b9272f7767/f_38.png,237,Sporting CP,https://drop-assets.ea.com/images/2bL9oGApMvbYE1o0Byl8KB/c914cde8141f11124f026cb198a0eb00/l237.png,false,14,CM,Center Midfielder,midfielder,Midfielder,76,0,77,0,64,0,70,0,58,0,59,0,75,0,82,0,75,0,65,0,76,0,67,0,64,0,80,0,80,0,76,0,73,0,6,0,12,0,14,0,11,0,11,0,49,0,72,0,79,0,72,0,79,0,77,0,66,0,62,0,72,0,77,0,72,0,82,0,66,0,69,0,81,0,71,0,79,0,63,0,18,Center Attacking Midfielder,CAM,,,,trait1_65536,Intercept,Increased reach and possession retention in interceptions,https://drop-assets.ea.com/images/5ysv7Iw8jDHl7sp1JXqIa7/d34004fed8c95bde083dcf8257391a70/Intercept.png,playStyle,Play Style,trait1_1048576,Technical,"Faster Controlled Sprint, precise wide turns while dribbling",https://drop-assets.ea.com/images/5Esx7NK4YBU44O4bo07rvb/69ca9417da7fd07905f6c6956ad93f6d/Technical.png,playStyle,Play Style,,,trait1_4194304,First Touch,"Reduced trapping error, faster dribbling transition",https://drop-assets.ea.com/images/3f727XsoDVLbT49oMk0HBu/2787568be8ccb2d5daa2d18fabacad97/First_Touch.png,playStyle,Play Style,,,,,,,,,,,,
254909,1032,78,Oscar,Dorley,,7/19/1998 12:00:00 AM,174,4,3,2,Česká Liga,66,https://ratings-images-prod.pulse.ea.com/FC25/full/player-portraits/p254909.png?padding=0.7,https://ratings-images-prod.pulse.ea.com/FC25/full/player-shields/en/254909.png?width=265,14,Center Midfielder,CM,trait1_2048,Tiki Taka,Accurate first-time Ground Passes,https://drop-assets.ea.com/images/2tvHC5JQ2sXrN8wUTJWLEA/94b0f6a78d1a9e1348a33c9772f23afd/Tiki_Taka.png,playStyle,Play Style,trait1_131072,Anticipate,"Improved standing tackle success, possibility of stopping ball at feet",https://drop-assets.ea.com/images/4xPnUcL7thizFB7qmhlwUR/1ade7a0f77d5e875c2db869964540a35/Anticipate.png,playStyle,Play Style,0,Men's Football,122,Liberia,https://drop-assets.ea.com/images/7b3zDV8DmoqG6Joj5Owrz5/e3609e3bed6fdc3da7898f6f057bd357/f_122.png,266,Slavia Praha,https://drop-assets.ea.com/images/50ZlXnzmauE6zv0Hn5WifN/8d941df874a7753f22f33585999fa0ce/l266.png,false,10,CDM,Center Defensive Midfielder,midfielder,Midfielder,80,0,86,0,75,0,86,0,64,0,72,0,83,0,79,0,79,0,74,0,76,0,75,0,78,0,79,0,78,0,52,0,67,0,11,0,6,0,8,0,13,0,5,0,64,0,78,0,76,0,60,0,78,0,76,0,62,0,72,0,64,0,77,0,57,0,80,0,63,0,78,0,76,0,74,0,74,0,55,0,,,,,,,trait1_1048576,Technical,"Faster Controlled Sprint, precise wide turns while dribbling",https://drop-assets.ea.com/images/5Esx7NK4YBU44O4bo07rvb/69ca9417da7fd07905f6c6956ad93f6d/Technical.png,playStyle,Play Style,,,,,,,,,,,,,,,,,,,,,,,,,,
