id,rank,overallRating,firstName,lastName,commonName,birthdate,height,skillMoves,weakFootAbility,preferredFoot,leagueName,weight,avatarUrl,shieldUrl,alternatePositions/0/id,alternatePositions/0/label,alternatePositions/0/shortLabel,alternatePositions/1/id,alternatePositions/1/label,alternatePositions/1/shortLabel,alternatePositions/2/id,alternatePositions/2/label,alternatePositions/2/shortLabel,playerAbilities/0/id,playerAbilities/0/label,playerAbilities/0/description,playerAbilities/0/imageUrl,playerAbilities/0/type/id,playerAbilities/0/type/label,playerAbilities/1/id,playerAbilities/1/label,playerAbilities/1/description,playerAbilities/1/imageUrl,playerAbilities/1/type/id,playerAbilities/1/type/label,playerAbilities/2/id,playerAbilities/2/label,playerAbilities/2/description,playerAbilities/2/imageUrl,playerAbilities/2/type/id,playerAbilities/2/type/label,playerAbilities/3/id,playerAbilities/3/label,playerAbilities/3/description,playerAbilities/3/imageUrl,playerAbilities/3/type/id,playerAbilities/3/type/label,playerAbilities/4/id,playerAbilities/4/label,playerAbilities/4/description,playerAbilities/4/imageUrl,playerAbilities/4/type/id,playerAbilities/4/type/label,playerAbilities/5/id,playerAbilities/5/label,playerAbilities/5/description,playerAbilities/5/imageUrl,playerAbilities/5/type/id,playerAbilities/5/type/label,gender/id,gender/label,nationality/id,nationality/label,nationality/imageUrl,team/id,team/label,team/imageUrl,team/isPopular,position/id,position/shortLabel,position/label,position/positionType/id,position/positionType/name,stats/acceleration/value,stats/acceleration/diff,stats/agility/value,stats/agility/diff,stats/jumping/value,stats/jumping/diff,stats/stamina/value,stats/stamina/diff,stats/strength/value,stats/strength/diff,stats/aggression/value,stats/aggression/diff,stats/balance/value,stats/balance/diff,stats/ballControl/value,stats/ballControl/diff,stats/composure/value,stats/composure/diff,stats/crossing/value,stats/crossing/diff,stats/curve/value,stats/curve/diff,stats/def/value,stats/def/diff,stats/defensiveAwareness/value,stats/defensiveAwareness/diff,stats/dri/value,stats/dri/diff,stats/dribbling/value,stats/dribbling/diff,stats/finishing/value,stats/finishing/diff,stats/freeKickAccuracy/value,stats/freeKickAccuracy/diff,stats/gkDiving/value,stats/gkDiving/diff,stats/gkHandling/value,stats/gkHandling/diff,stats/gkKicking/value,stats/gkKicking/diff,stats/gkPositioning/value,stats/gkPositioning/diff,stats/gkReflexes/value,stats/gkReflexes/diff,stats/headingAccuracy/value,stats/headingAccuracy/diff,stats/interceptions/value,stats/interceptions/diff,stats/longPassing/value,stats/longPassing/diff,stats/longShots/value,stats/longShots/diff,stats/pac/value,stats/pac/diff,stats/pas/value,stats/pas/diff,stats/penalties/value,stats/penalties/diff,stats/phy/value,stats/phy/diff,stats/positioning/value,stats/positioning/diff,stats/reactions/value,stats/reactions/diff,stats/sho/value,stats/sho/diff,stats/shortPassing/value,stats/shortPassing/diff,stats/shotPower/value,stats/shotPower/diff,stats/slidingTackle/value,stats/slidingTackle/diff,stats/sprintSpeed/value,stats/sprintSpeed/diff,stats/standingTackle/value,stats/standingTackle/diff,stats/vision/value,stats/vision/diff,stats/volleys/value,stats/volleys/diff,alternatePositions/0,playerAbilities/6/id,playerAbilities/6/label,playerAbilities/6/description,playerAbilities/6/imageUrl,playerAbilities/6/type/id,playerAbilities/6/type/label,team
225403,1035,78,İrfan Can,Kahveci,,7/15/1995 12:00:00 AM,176,3,3,2,Trendyol Süper Lig,75,https://ratings-images-prod.pulse.ea.com/FC25/full/player-portraits/p225403.png?padding=0.7,https://ratings-images-prod.pulse.ea.com/FC25/full/player-shields/en/225403.png?width=265,18,Center Attacking Midfielder,CAM,14,Center Midfielder,CM,12,Right Midfielder,RM,trait1_1,Finesse Shot,Faster finesse shots with more curve and accuracy,https://drop-assets.ea.com/images/468u1R1p2k1fA6WBHi0OEn/fb9d49ed2a8fb500cd5a184937b96b34/Finesse_Shot.png,playStyle,Play Style,trait1_4,Power Shot,Faster power shots with increased speed,https://drop-assets.ea.com/images/3ohVoKWSsvT44qgjabWqfV/e536ef26ad854c3c4cbf63ed7954b9cd/Power_Shot.png,playStyle,Play Style,trait1_256,Incisive Pass,"Accurate through passes, curvier swerve passes, faster precision passes",https://drop-assets.ea.com/images/2K5BYfVYRnrdjt8F3hwI04/62f147b6a436c107bfa3d042c1d5728d/Incisive_Pass.png,playStyle,Play Style,trait1_4096,Whipped Pass,"Accurate, faster crosses with more curve",https://drop-assets.ea.com/images/FfTP29PWrRWZjEaiCCVoa/a1b345e4ae7023ed78b1efd68d28f392/Whipped_Pass.png,playStyle,Play Style,trait1_1048576,Technical,"Faster Controlled Sprint, precise wide turns while dribbling",https://drop-assets.ea.com/images/5Esx7NK4YBU44O4bo07rvb/69ca9417da7fd07905f6c6956ad93f6d/Technical.png,playStyle,Play Style,trait1_4194304,First Touch,"Reduced trapping error, faster dribbling transition",https://drop-assets.ea.com/images/3f727XsoDVLbT49oMk0HBu/2787568be8ccb2d5daa2d18fabacad97/First_Touch.png,playStyle,Play Style,0,Men's Football,48,Turkey,https://drop-assets.ea.com/images/501PnaP87pzjR8dKEQ20OT/7f0fd5c896b732a094222cbf0560b4c2/f_48.png,326,Fenerbahçe,https://drop-assets.ea.com/images/3sfoNHvqDPqhM1PsEE1sNM/b9dcc82d0e2fba3efc8e8d0ed4c216a6/l326.png,false,23,RW,Right Wing,attack,Attack,74,0,77,0,61,0,68,0,66,0,68,0,85,0,82,0,75,0,82,0,85,0,58,0,56,0,80,0,81,0,74,0,80,0,13,0,14,0,15,0,15,0,10,0,52,0,62,0,79,0,85,0,73,0,81,0,58,0,67,0,76,0,74,0,77,0,81,0,82,0,56,0,72,0,61,0,79,0,71,0,,,,,,,,
235973,1036,78,Sebastian,Szymański,,5/10/1999 12:00:00 AM,174,3,2,2,Trendyol Süper Lig,60,https://ratings-images-prod.pulse.ea.com/FC25/full/player-portraits/p235973.png?padding=0.7,https://ratings-images-prod.pulse.ea.com/FC25/full/player-shields/en/235973.png?width=265,14,Center Midfielder,CM,,,,,,,trait1_1,Finesse Shot,Faster finesse shots with more curve and accuracy,https://drop-assets.ea.com/images/468u1R1p2k1fA6WBHi0OEn/fb9d49ed2a8fb500cd5a184937b96b34/Finesse_Shot.png,playStyle,Play Style,trait1_8,Dead Ball,"Faster, accurate set pieces with longer trajectory preview",https://drop-assets.ea.com/images/1razu2wcM3XA82VvB7NyUm/eec6b07080e49d6bf2d7a7951a22375f/Dead_Ball.png,playStyle,Play Style,trait1_256,Incisive Pass,"Accurate through passes, curvier swerve passes, faster precision passes",https://drop-assets.ea.com/images/2K5BYfVYRnrdjt8F3hwI04/62f147b6a436c107bfa3d042c1d5728d/Incisive_Pass.png,playStyle,Play Style,trait1_1048576,Technical,"Faster Controlled Sprint, precise wide turns while dribbling",https://drop-assets.ea.com/images/5Esx7NK4YBU44O4bo07rvb/69ca9417da7fd07905f6c6956ad93f6d/Technical.png,playStyle,Play Style,,,,,,,,,,,,,0,Men's Football,37,Poland,https://drop-assets.ea.com/images/2ldG0tWskgN4waD1fBmnk1/24cbe80f6af25d3ab745fd339b024988/f_37.png,326,Fenerbahçe,https://drop-assets.ea.com/images/3sfoNHvqDPqhM1PsEE1sNM/b9dcc82d0e2fba3efc8e8d0ed4c216a6/l326.png,false,18,CAM,Center Attacking Midfielder,midfielder,Midfielder,81,0,85,0,71,0,84,0,57,0,70,0,80,0,78,0,76,0,78,0,82,0,60,0,66,0,77,0,74,0,76,0,74,0,9,0,10,0,10,0,14,0,14,0,58,0,51,0,78,0,79,0,78,0,78,0,54,0,67,0,80,0,77,0,76,0,79,0,79,0,57,0,76,0,60,0,78,0,62,0,,,,,,,,
244261,1037,78,Lovro,Majer,,1/17/1998 12:00:00 AM,178,4,3,2,Bundesliga,76,https://ratings-images-prod.pulse.ea.com/FC25/full/player-portraits/p244261.png?padding=0.7,https://ratings-images-prod.pulse.ea.com/FC25/full/player-shields/en/244261.png?width=265,18,Center Attacking Midfielder,CAM,12,Right Midfielder,RM,,,,trait1_8192,Inventive,Fancy and Trivela passes are performed with improved accuracy.,https://drop-assets.ea.com/images/4fpo31RdL5T0vrzNqcSc4x/f82209bfd51270dcc447d4313b3e61f1/Inventive.png,playStyle,Play Style,trait1_1048576,Technical,"Faster Controlled Sprint, precise wide turns while dribbling",https://drop-assets.ea.com/images/5Esx7NK4YBU44O4bo07rvb/69ca9417da7fd07905f6c6956ad93f6d/Technical.png,playStyle,Play Style,trait1_4194304,First Touch,"Reduced trapping error, faster dribbling transition",https://drop-assets.ea.com/images/3f727XsoDVLbT49oMk0HBu/2787568be8ccb2d5daa2d18fabacad97/First_Touch.png,playStyle,Play Style,trait1_67108864,Relentless,"Increased half time fatigue recovery, longer teammate contain and press",https://drop-assets.ea.com/images/2vVuRxgvPNaAuFGqZZ9nDY/3e2505addd5a6b353becdeaf7173d187/Relentless.png,playStyle,Play Style,,,,,,,,,,,,,0,Men's Football,10,Croatia,https://drop-assets.ea.com/images/4ZYNK06L8ZkJTrdtSby4NW/eb42cc852fc74ea3d3f5b8904fb5194f/f_10.png,175,VfL Wolfsburg,https://drop-assets.ea.com/images/4mw5u30yjPmzh9OVqKB0YV/ad59c24a84c9afb0a877046fadeb9c9e/l175.png,false,14,CM,Center Midfielder,midfielder,Midfielder,76,0,84,0,71,0,84,0,65,0,63,0,76,0,84,0,78,0,79,0,86,0,60,0,58,0,83,0,83,0,71,0,77,0,9,0,12,0,12,0,5,0,6,0,55,0,63,0,79,0,72,0,70,0,80,0,80,0,70,0,76,0,78,0,73,0,82,0,76,0,66,0,65,0,58,0,78,0,67,0,,,,,,,,
224158,1039,78,Sofyan,Amrabat,,8/21/1996 12:00:00 AM,183,3,2,1,LALIGA EA SPORTS,77,https://ratings-images-prod.pulse.ea.com/FC25/full/player-portraits/p224158.png?padding=0.7,https://ratings-images-prod.pulse.ea.com/FC25/full/player-shields/en/224158.png?width=265,14,Center Midfielder,CM,5,Center Back,CB,,,,trait1_262144,Slide Tackle,Stops ball at feet during slide tackles,https://drop-assets.ea.com/images/7mI1lrxE0pv9iJfQFki9OA/8c1ecac325f923e049be72231c8c968a/Slide_Tackle.png,playStyle,Play Style,trait1_16777216,Press Proven,"Close control at jog speed, shields ball more effectively",https://drop-assets.ea.com/images/5rUHwyLJRnvGV53Ba4Pj6M/9a3238695ae8103667ba02af391ac209/Press_Proven.png,playStyle,Play Style,trait1_67108864,Relentless,"Increased half time fatigue recovery, longer teammate contain and press",https://drop-assets.ea.com/images/2vVuRxgvPNaAuFGqZZ9nDY/3e2505addd5a6b353becdeaf7173d187/Relentless.png,playStyle,Play Style,,,,,,,,,,,,,,,,,,,0,Men's Football,129,Morocco,https://drop-assets.ea.com/images/47SGeQ7STCrJZQSKOVJaHA/1aa24a57a60f85051e34a5ad8205771d/f_129.png,449,Real Betis,https://drop-assets.ea.com/images/4rODtg2WvYGHhUGfPXxilW/e047163865b561a0ced87f9f593498c1/l449.png,false,10,CDM,Center Defensive Midfielder,midfielder,Midfielder,62,0,62,0,76,0,79,0,82,0,86,0,76,0,77,0,76,0,64,0,73,0,75,0,74,0,74,0,74,0,65,0,65,0,13,0,13,0,6,0,16,0,12,0,65,0,77,0,78,0,73,0,61,0,73,0,57,0,82,0,66,0,74,0,70,0,77,0,81,0,76,0,61,0,78,0,75,0,68,0,,,,,,,,
228413,1041,78,Emil,Audero,,1/18/1997 12:00:00 AM,192,1,3,1,Serie A Enilive,83,https://ratings-images-prod.pulse.ea.com/FC25/full/player-portraits/p228413.png?padding=0.7,https://ratings-images-prod.pulse.ea.com/FC25/full/player-shields/en/228413.png?width=250,,,,,,,,,,trait2_4,Cross Claimer,"Unique punching animations, powerful punches, faster crosses coverage",https://drop-assets.ea.com/images/4Uvgm6UNiSz3say1zZqKDC/51837f53072d5e01063699f6d2b7401a/Cross_Claimer.png,playStyle,Play Style,,,,,,,,,,,,,,,,,,,,,,,,,,,,,,,0,Men's Football,160,Indonesia,https://drop-assets.ea.com/images/7GhMFNxZ3NNeWrTN9DLvOB/20a882fac2468d8892ca6f281a4aad3c/f_160.png,111434,Cremonese,https://drop-assets.ea.com/images/5qGQiqAc43aS9qGMCgpOAT/60c44a125cdec67fa0bae64fb42aa10a/l111434.png,false,0,GK,Goalkeeper,defense,Defense,55,0,53,0,66,0,25,0,55,0,24,0,51,0,18,0,56,0,13,0,12,0,53,0,10,0,81,0,19,0,16,0,12,0,79,0,74,0,72,0,76,0,81,0,19,0,11,0,19,0,19,0,79,0,72,0,22,0,76,0,8,0,75,0,74,0,29,0,54,0,12,0,49,0,12,0,40,0,18,0,,,,,,,,
229659,1042,78,Bryan,Heynen,,2/6/1997 12:00:00 AM,183,3,4,1,1A Pro League,74,https://ratings-images-prod.pulse.ea.com/FC25/full/player-portraits/p229659.png?padding=0.7,https://ratings-images-prod.pulse.ea.com/FC25/full/player-shields/en/229659.png?width=265,14,Center Midfielder,CM,,,,,,,trait1_256,Incisive Pass,"Accurate through passes, curvier swerve passes, faster precision passes",https://drop-assets.ea.com/images/2K5BYfVYRnrdjt8F3hwI04/62f147b6a436c107bfa3d042c1d5728d/Incisive_Pass.png,playStyle,Play Style,trait1_16384,Jockey,"Faster Sprint Jockey, better transition speed",https://drop-assets.ea.com/images/7lHjpOBSghE6Ywt1jgVv1C/21f9914d00f073d79d4b46cac71b9087/Jockey.png,playStyle,Play Style,trait1_65536,Intercept,Increased reach and possession retention in interceptions,https://drop-assets.ea.com/images/5ysv7Iw8jDHl7sp1JXqIa7/d34004fed8c95bde083dcf8257391a70/Intercept.png,playStyle,Play Style,trait1_524288,Aerial Fortress,Performs higher jumps and has physical defensive presence before and during aerial duels,https://drop-assets.ea.com/images/3rsDbUXd3MZX39YTsk6lKe/404db89f2237eeb7466668a730c52a4b/Aerial_Fortress.png,playStyle,Play Style,,,,,,,,,,,,,0,Men's Football,7,Belgium,https://drop-assets.ea.com/images/7eZLPoDDyxSlQoqcS4NVA2/6fc085dc7e85ccd7519be7ff2df875ee/f_7.png,673,KRC Genk,https://drop-assets.ea.com/images/2064Z9wPzJbjkzW3n9b4RQ/ef883d28dde3104b3bea959320b4597a/l673.png,false,10,CDM,Center Defensive Midfielder,midfielder,Midfielder,60,0,70,0,72,0,91,0,73,0,76,0,70,0,81,0,82,0,67,0,74,0,73,0,77,0,76,0,73,0,74,0,68,0,7,0,12,0,6,0,8,0,10,0,67,0,71,0,76,0,70,0,60,0,75,0,71,0,78,0,75,0,81,0,73,0,79,0,75,0,66,0,60,0,74,0,78,0,77,0,,,,,,,,
234171,1043,78,Roland,Sallai,,5/22/1997 12:00:00 AM,183,4,4,1,Trendyol Süper Lig,79,https://ratings-images-prod.pulse.ea.com/FC25/full/player-portraits/p234171.png?padding=0.7,https://ratings-images-prod.pulse.ea.com/FC25/full/player-shields/en/234171.png?width=265,18,Center Attacking Midfielder,CAM,3,Right Back,RB,23,Right Wing,RW,trait1_1048576,Technical,"Faster Controlled Sprint, precise wide turns while dribbling",https://drop-assets.ea.com/images/5Esx7NK4YBU44O4bo07rvb/69ca9417da7fd07905f6c6956ad93f6d/Technical.png,playStyle,Play Style,,,,,,,,,,,,,,,,,,,,,,,,,,,,,,,0,Men's Football,23,Hungary,https://drop-assets.ea.com/images/7i3nOfE2sGJ9iku6pc1FjZ/eeaef3caa45bcbd92bfdd62705d3fa6f/f_23.png,325,Galatasaray,https://drop-assets.ea.com/images/6P5sN0m3ZRE23vjlT8gh5q/f7f9acf3a7be5ea12f889d93dbdfd48f/l325.png,false,12,RM,Right Midfielder,midfielder,Midfielder,77,0,76,0,74,0,78,0,70,0,77,0,76,0,80,0,65,0,75,0,58,0,63,0,65,0,79,0,81,0,75,0,45,0,7,0,5,0,11,0,14,0,9,0,59,0,61,0,64,0,65,0,77,0,71,0,62,0,74,0,78,0,75,0,71,0,76,0,69,0,60,0,77,0,65,0,75,0,68,0,,,,,,,,
235633,1044,78,Yehvann,Diouf,,11/16/1999 12:00:00 AM,190,1,3,1,Ligue 1 McDonald's,74,https://ratings-images-prod.pulse.ea.com/FC25/full/player-portraits/p235633.png?padding=0.7,https://ratings-images-prod.pulse.ea.com/FC25/full/player-shields/en/235633.png?width=250,,,,,,,,,,trait2_1,Far Throw,Unique goalkeeper throw animations with longer throw distance,https://drop-assets.ea.com/images/3CjCz29sjIt1xMZTRDi4vQ/8ecb201b0ae7d6d536d03c847a768ffa/Far_Throw.png,playStyle,Play Style,trait2_4,Cross Claimer,"Unique punching animations, powerful punches, faster crosses coverage",https://drop-assets.ea.com/images/4Uvgm6UNiSz3say1zZqKDC/51837f53072d5e01063699f6d2b7401a/Cross_Claimer.png,playStyle,Play Style,,,,,,,,,,,,,,,,,,,,,,,,,0,Men's Football,136,Senegal,https://drop-assets.ea.com/images/5YFW1KnsSwDBZwtoXH9mTj/690bf685246b53efaf24d6f2de696eb3/f_136.png,72,OGC Nice,https://drop-assets.ea.com/images/zByYanPvcCULBfC8OITvN/a262863aa77bfb1551a403f5f9b49f28/l72.png,false,0,GK,Goalkeeper,defense,Defense,52,0,48,0,67,0,44,0,62,0,26,0,38,0,21,0,46,0,13,0,12,0,50,0,13,0,80,0,13,0,8,0,13,0,78,0,75,0,76,0,76,0,80,0,14,0,15,0,30,0,8,0,78,0,76,0,11,0,76,0,6,0,75,0,75,0,35,0,57,0,16,0,48,0,11,0,41,0,7,0,,,,,,,,
236480,1045,78,Yves,Bissouma,,8/30/1996 12:00:00 AM,182,3,3,1,Premier League,78,https://ratings-images-prod.pulse.ea.com/FC25/full/player-portraits/p236480.png?padding=0.7,https://ratings-images-prod.pulse.ea.com/FC25/full/player-shields/en/236480.png?width=250,14,Center Midfielder,CM,,,,,,,,,,,,,,,,,,,,,,,,,,,,,,,,,,,,,,,,,,,0,Men's Football,126,Mali,https://drop-assets.ea.com/images/1S7vQpbRdNq76uQwGw08kj/10e04512a2ef37fa33678ee1bee5ad23/f_126.png,18,Spurs,https://drop-assets.ea.com/images/7kUcyCh5xGrzQlcjP2Q9NH/11aba507486f44765ee5938b1b5b097e/l18.png,false,10,CDM,Center Defensive Midfielder,midfielder,Midfielder,65,0,73,0,74,0,74,0,74,0,76,0,77,0,79,0,79,0,65,0,62,0,76,0,76,0,79,0,80,0,58,0,75,0,12,0,8,0,8,0,12,0,8,0,65,0,78,0,78,0,75,0,66,0,74,0,58,0,74,0,69,0,77,0,66,0,80,0,78,0,75,0,67,0,77,0,74,0,65,0,,,,,,,,
248793,1047,78,Mats,Wieffer,,11/16/1999 12:00:00 AM,188,3,3,1,Premier League,78,https://ratings-images-prod.pulse.ea.com/FC25/full/player-portraits/p248793.png?padding=0.7,https://ratings-images-prod.pulse.ea.com/FC25/full/player-shields/en/248793.png?width=265,14,Center Midfielder,CM,,,,,,,trait1_32768,Block,Increased reach and success in blocking,https://drop-assets.ea.com/images/2Rlftzr8lqUdI29suCQVWe/43c6c36e8bd5fa26b88478d4354611a2/Block.png,playStyle,Play Style,trait1_65536,Intercept,Increased reach and possession retention in interceptions,https://drop-assets.ea.com/images/5ysv7Iw8jDHl7sp1JXqIa7/d34004fed8c95bde083dcf8257391a70/Intercept.png,playStyle,Play Style,trait1_16777216,Press Proven,"Close control at jog speed, shields ball more effectively",https://drop-assets.ea.com/images/5rUHwyLJRnvGV53Ba4Pj6M/9a3238695ae8103667ba02af391ac209/Press_Proven.png,playStyle,Play Style,trait1_268435456,Bruiser,Stronger physical tackles,https://drop-assets.ea.com/images/7euMJ2jVypFrFPQesWuGGm/14019168b12faac1584a2920d5c2d5d9/Bruiser.png,playStyle,Play Style,,,,,,,,,,,,,0,Men's Football,34,Holland,https://drop-assets.ea.com/images/7LmdSUm2Ge4fzqcz0NElvq/d272142c80713dcf0e5ec0a47232aeee/f_34.png,1808,Brighton,https://drop-assets.ea.com/images/1mFLMjuFkxQjbRaTLKZ8Gm/277b9eb6d29d37064d1d82063b06f681/l1808.png,false,10,CDM,Center Defensive Midfielder,midfielder,Midfielder,67,0,67,0,82,0,77,0,76,0,84,0,65,0,78,0,78,0,68,0,69,0,76,0,73,0,74,0,73,0,62,0,52,0,7,0,12,0,14,0,12,0,7,0,76,0,79,0,78,0,69,0,67,0,74,0,55,0,78,0,63,0,75,0,66,0,79,0,75,0,72,0,67,0,78,0,74,0,68,0,,,,,,,,
264298,1048,78,Conor,Bradley,,7/9/2003 12:00:00 AM,181,3,3,1,Premier League,75,https://ratings-images-prod.pulse.ea.com/FC25/full/player-portraits/p264298.png?padding=0.7,https://ratings-images-prod.pulse.ea.com/FC25/full/player-shields/en/264298.png?width=265,12,Right Midfielder,RM,,,,,,,trait1_67108864,Relentless,"Increased half time fatigue recovery, longer teammate contain and press",https://drop-assets.ea.com/images/2vVuRxgvPNaAuFGqZZ9nDY/3e2505addd5a6b353becdeaf7173d187/Relentless.png,playStyle,Play Style,,,,,,,,,,,,,,,,,,,,,,,,,,,,,,,0,Men's Football,35,Northern Ireland,https://drop-assets.ea.com/images/WShZSgjqloRCOPVGerVVR/bae70293ef337b0e2b357c5faa4fb840/f_35.png,9,Liverpool,https://drop-assets.ea.com/images/3mmzooNXBDCKuCy6kWcGQo/2e332a30fe2a7225a88fcb1898f48bbf/l9.png,false,3,RB,Right Back,defense,Defense,80,0,72,0,76,0,84,0,65,0,84,0,67,0,77,0,68,0,77,0,60,0,75,0,75,0,75,0,75,0,62,0,34,0,15,0,9,0,10,0,5,0,10,0,65,0,75,0,65,0,56,0,80,0,70,0,40,0,74,0,74,0,76,0,61,0,74,0,68,0,75,0,80,0,77,0,69,0,55,0,,,,,,,,
191740,1049,78,Ander,Herrera Agüera,Ander Herrera,8/14/1989 12:00:00 AM,182,3,4,1,LPF,71,https://ratings-images-prod.pulse.ea.com/FC25/full/player-portraits/p191740.png?padding=0.7,https://ratings-images-prod.pulse.ea.com/FC25/full/player-shields/en/191740.png?width=265,14,Center Midfielder,CM,,,,,,,trait1_16777216,Press Proven,"Close control at jog speed, shields ball more effectively",https://drop-assets.ea.com/images/5rUHwyLJRnvGV53Ba4Pj6M/9a3238695ae8103667ba02af391ac209/Press_Proven.png,playStyle,Play Style,trait1_67108864,Relentless,"Increased half time fatigue recovery, longer teammate contain and press",https://drop-assets.ea.com/images/2vVuRxgvPNaAuFGqZZ9nDY/3e2505addd5a6b353becdeaf7173d187/Relentless.png,playStyle,Play Style,,,,,,,,,,,,,,,,,,,,,,,,,0,Men's Football,45,Spain,https://drop-assets.ea.com/images/Kv8okAYMsDbB3ZKbxrAXw/9d30c88d16a4c85002f35c6af412c6f7/f_45.png,1877,Boca Juniors,https://drop-assets.ea.com/images/4v42cau4ZlAgfPnWHaQSKn/a9fa2af475b4b779ed13870c7f1ec66b/l1877.png,false,10,CDM,Center Defensive Midfielder,midfielder,Midfielder,65,0,72,0,70,0,78,0,69,0,80,0,78,0,78,0,83,0,76,0,79,0,77,0,80,0,77,0,77,0,68,0,64,0,9,0,12,0,15,0,9,0,8,0,63,0,80,0,78,0,72,0,59,0,76,0,74,0,74,0,76,0,75,0,71,0,76,0,76,0,75,0,54,0,77,0,78,0,70,0,,,,,,,,
220746,1050,78,Andrija,Živković,,7/11/1996 12:00:00 AM,169,4,3,2,Hellas Liga,62,https://ratings-images-prod.pulse.ea.com/FC25/full/player-portraits/p220746.png?padding=0.7,https://ratings-images-prod.pulse.ea.com/FC25/full/player-shields/en/220746.png?width=265,23,Right Wing,RW,27,Left Wing,LW,,,,trait1_1048576,Technical,"Faster Controlled Sprint, precise wide turns while dribbling",https://drop-assets.ea.com/images/5Esx7NK4YBU44O4bo07rvb/69ca9417da7fd07905f6c6956ad93f6d/Technical.png,playStyle,Play Style,trait1_33554432,Quick Step,Faster acceleration during Explosive Sprint,https://drop-assets.ea.com/images/1xG25Zp3wvkLA5YewKiZah/f27f5fabd1e899fc0bbb817d2db233b1/Quick_Step.png,playStyle,Play Style,trait1_134217728,Long Throw,Powerful throw-ins for greater distance,https://drop-assets.ea.com/images/51OlohNQvoEwW0aLhknAHh/58fa7d903d10f6d8cfa2622f62ba6b6f/Long_Throw.png,playStyle,Play Style,,,,,,,,,,,,,,,,,,,0,Men's Football,51,Serbia,https://drop-assets.ea.com/images/2GKu0zRZkrHdnQe5yZ5cSP/3ef9ea7c2fdd64aba769e1308bf133f0/f_51.png,393,PAOK FC,https://drop-assets.ea.com/images/5goZMQS107pyc49zxrozAC/509a07a4d44e6315d1e5f6d556485f05/l393.png,false,12,RM,Right Midfielder,midfielder,Midfielder,84,0,80,0,66,0,74,0,58,0,75,0,88,0,81,0,78,0,75,0,82,0,57,0,54,0,81,0,82,0,74,0,71,0,9,0,11,0,8,0,6,0,6,0,47,0,64,0,70,0,72,0,82,0,74,0,70,0,66,0,75,0,74,0,74,0,74,0,78,0,53,0,80,0,61,0,77,0,70,0,,,,,,,,
236699,1051,78,Saša,Lukić,,8/13/1996 12:00:00 AM,183,2,3,1,Premier League,77,https://ratings-images-prod.pulse.ea.com/FC25/full/player-portraits/p236699.png?padding=0.7,https://ratings-images-prod.pulse.ea.com/FC25/full/player-shields/en/236699.png?width=250,14,Center Midfielder,CM,,,,,,,,,,,,,,,,,,,,,,,,,,,,,,,,,,,,,,,,,,,0,Men's Football,51,Serbia,https://drop-assets.ea.com/images/2GKu0zRZkrHdnQe5yZ5cSP/3ef9ea7c2fdd64aba769e1308bf133f0/f_51.png,144,Fulham,https://drop-assets.ea.com/images/1YL8ULAZyOPtffpFGZcGe8/84ec5701079276f33aa349d253fa0321/l144.png,false,10,CDM,Center Defensive Midfielder,midfielder,Midfielder,63,0,65,0,72,0,84,0,75,0,83,0,68,0,77,0,75,0,77,0,78,0,76,0,75,0,74,0,74,0,65,0,70,0,9,0,11,0,13,0,9,0,6,0,62,0,80,0,75,0,70,0,60,0,76,0,70,0,79,0,68,0,72,0,69,0,78,0,75,0,75,0,58,0,78,0,74,0,68,0,,,,,,,,
237034,1052,78,Juan Camilo,Hernández Suárez,Cucho,4/22/1999 12:00:00 AM,176,4,4,1,LALIGA EA SPORTS,73,https://ratings-images-prod.pulse.ea.com/FC25/full/player-portraits/p237034.png?padding=0.7,https://ratings-images-prod.pulse.ea.com/FC25/full/player-shields/en/237034.png?width=265,18,Center Attacking Midfielder,CAM,,,,,,,trait1_32,Acrobatic,"Perform volleys with increased accuracy, acrobatic volley animations",https://drop-assets.ea.com/images/2sRRBHcIe0zrDwYaRI2xG3/d02b8c8855de853470897009e030eb5d/Acrobatic.png,playStyle,Play Style,trait1_33554432,Quick Step,Faster acceleration during Explosive Sprint,https://drop-assets.ea.com/images/1xG25Zp3wvkLA5YewKiZah/f27f5fabd1e899fc0bbb817d2db233b1/Quick_Step.png,playStyle,Play Style,,,,,,,,,,,,,,,,,,,,,,,,,0,Men's Football,56,Colombia,https://drop-assets.ea.com/images/JphMzcFrWU7Uo2jq6GSep/d909b5b6000d5bf7515600d2c6db6375/f_56.png,449,Real Betis,https://drop-assets.ea.com/images/4rODtg2WvYGHhUGfPXxilW/e047163865b561a0ced87f9f593498c1/l449.png,false,25,ST,Striker,attack,Attack,84,0,81,0,90,0,79,0,76,0,78,0,80,0,82,0,77,0,68,0,72,0,42,0,44,0,81,0,82,0,76,0,70,0,9,0,11,0,11,0,9,0,6,0,77,0,23,0,76,0,78,0,81,0,75,0,70,0,78,0,78,0,78,0,77,0,79,0,79,0,40,0,79,0,43,0,75,0,73,0,,,,,,,,
212814,1054,78,João Mário,N. Costa Eduardo,João Mário,1/19/1993 12:00:00 AM,179,3,4,1,Trendyol Süper Lig,73,https://ratings-images-prod.pulse.ea.com/FC25/full/player-portraits/p212814.png?padding=0.7,https://ratings-images-prod.pulse.ea.com/FC25/full/player-shields/en/212814.png?width=265,12,Right Midfielder,RM,14,Center Midfielder,CM,27,Left Wing,LW,trait1_256,Incisive Pass,"Accurate through passes, curvier swerve passes, faster precision passes",https://drop-assets.ea.com/images/2K5BYfVYRnrdjt8F3hwI04/62f147b6a436c107bfa3d042c1d5728d/Incisive_Pass.png,playStyle,Play Style,trait1_1048576,Technical,"Faster Controlled Sprint, precise wide turns while dribbling",https://drop-assets.ea.com/images/5Esx7NK4YBU44O4bo07rvb/69ca9417da7fd07905f6c6956ad93f6d/Technical.png,playStyle,Play Style,trait1_4194304,First Touch,"Reduced trapping error, faster dribbling transition",https://drop-assets.ea.com/images/3f727XsoDVLbT49oMk0HBu/2787568be8ccb2d5daa2d18fabacad97/First_Touch.png,playStyle,Play Style,,,,,,,,,,,,,,,,,,,0,Men's Football,38,Portugal,https://drop-assets.ea.com/images/3CxRD7XqY2NSlZ3628fY4S/abf38470644ee334e6a425b9272f7767/f_38.png,327,Beşiktaş,https://drop-assets.ea.com/images/Sx4dfrxgLrl3y1lm5Wj8p/fe2d92ed674ea49ea5ee3ac8d9842897/l327.png,false,16,LM,Left Midfielder,midfielder,Midfielder,68,0,77,0,67,0,77,0,65,0,63,0,72,0,80,0,86,0,78,0,77,0,64,0,64,0,79,0,79,0,74,0,67,0,6,0,15,0,8,0,8,0,8,0,55,0,67,0,76,0,73,0,68,0,79,0,84,0,68,0,78,0,78,0,75,0,82,0,78,0,62,0,68,0,65,0,81,0,71,0,,,,,,,,
215069,1055,78,Rodrigo,Rey,,3/8/1991 12:00:00 AM,190,1,3,1,LPF,78,https://ratings-images-prod.pulse.ea.com/FC25/full/player-portraits/p215069.png?padding=0.7,https://ratings-images-prod.pulse.ea.com/FC25/full/player-shields/en/215069.png?width=250,,,,,,,,,,trait2_2,Footwork,"Exclusive foot saves, better performance on low shots",https://drop-assets.ea.com/images/1s2muXoHUmP1T0vGYKXSl1/6d265b13804069371f16a58788703a33/Footwork.png,playStyle,Play Style,,,,,,,,,,,,,,,,,,,,,,,,,,,,,,,0,Men's Football,52,Argentina,https://drop-assets.ea.com/images/4xMXjEt7CFJ6JENYeG45Sk/836d733dc1642c5e4ab3338d91481436/f_52.png,110093,Independiente,https://drop-assets.ea.com/images/1jWKtSnzOJLCUGQjgSw9B6/1c59266ca28d3abb505fb74ca58f12df/l110093.png,false,0,GK,Goalkeeper,defense,Defense,55,0,43,0,66,0,35,0,60,0,33,0,53,0,23,0,62,0,18,0,17,0,50,0,18,0,79,0,20,0,18,0,17,0,76,0,76,0,74,0,78,0,79,0,12,0,22,0,13,0,13,0,76,0,74,0,23,0,78,0,14,0,72,0,76,0,31,0,56,0,13,0,43,0,18,0,56,0,15,0,,,,,,,,
219522,1056,78,Conan,Ledesma,,2/13/1993 12:00:00 AM,183,1,2,1,LPF,84,https://ratings-images-prod.pulse.ea.com/FC25/full/player-portraits/p219522.png?padding=0.7,https://ratings-images-prod.pulse.ea.com/FC25/full/player-shields/en/219522.png?width=250,,,,,,,,,,trait2_1,Far Throw,Unique goalkeeper throw animations with longer throw distance,https://drop-assets.ea.com/images/3CjCz29sjIt1xMZTRDi4vQ/8ecb201b0ae7d6d536d03c847a768ffa/Far_Throw.png,playStyle,Play Style,trait2_4,Cross Claimer,"Unique punching animations, powerful punches, faster crosses coverage",https://drop-assets.ea.com/images/4Uvgm6UNiSz3say1zZqKDC/51837f53072d5e01063699f6d2b7401a/Cross_Claimer.png,playStyle,Play Style,trait2_32,Deflector,"Unique deflection animations, powerful parries to safer areas",https://drop-assets.ea.com/images/6nb9RYWNVuvUaLZDskFao7/0ad930b0874e7c9454b31de942c0d3f1/Deflector.png,playStyle,Play Style,,,,,,,,,,,,,,,,,,,0,Men's Football,52,Argentina,https://drop-assets.ea.com/images/4xMXjEt7CFJ6JENYeG45Sk/836d733dc1642c5e4ab3338d91481436/f_52.png,1876,River Plate,https://drop-assets.ea.com/images/3a9cbBltvLpgMO1eByYVRq/bc311aba63f687dc0480c592dfeca1b4/l1876.png,false,0,GK,Goalkeeper,defense,Defense,49,0,48,0,74,0,41,0,79,0,34,0,49,0,33,0,47,0,18,0,20,0,49,0,15,0,79,0,22,0,16,0,18,0,79,0,75,0,73,0,78,0,79,0,17,0,22,0,31,0,21,0,79,0,73,0,30,0,78,0,15,0,75,0,75,0,35,0,55,0,14,0,48,0,15,0,53,0,19,0,,,,,,,,
247229,1057,78,Raoul,Bellanova,,5/17/2000 12:00:00 AM,188,3,3,1,Serie A Enilive,85,https://ratings-images-prod.pulse.ea.com/FC25/full/player-portraits/p247229.png?padding=0.7,https://ratings-images-prod.pulse.ea.com/FC25/full/player-shields/en/247229.png?width=265,3,Right Back,RB,23,Right Wing,RW,,,,trait1_4096,Whipped Pass,"Accurate, faster crosses with more curve",https://drop-assets.ea.com/images/FfTP29PWrRWZjEaiCCVoa/a1b345e4ae7023ed78b1efd68d28f392/Whipped_Pass.png,playStyle,Play Style,trait1_2097152,Rapid,"Higher sprint speed while dribbling, reduced error on knock-ons",https://drop-assets.ea.com/images/1aGsvwKyIFlRG1eoJSS0Ot/a4d3d661ff962795a632fe86439d2146/Rapid.png,playStyle,Play Style,trait1_134217728,Long Throw,Powerful throw-ins for greater distance,https://drop-assets.ea.com/images/51OlohNQvoEwW0aLhknAHh/58fa7d903d10f6d8cfa2622f62ba6b6f/Long_Throw.png,playStyle,Play Style,,,,,,,,,,,,,,,,,,,0,Men's Football,27,Italy,https://drop-assets.ea.com/images/2WtjWPqYzT7xcMCbvajGZH/d06e9ec4734a0d43d88f65386cc3a484/f_27.png,115845,Bergamo Calcio,https://drop-assets.ea.com/images/19gWEcyonp2fvk02MNHZOA/83b82283fc62f7010b529a53a0724eee/l115845.png,false,12,RM,Right Midfielder,midfielder,Midfielder,82,0,65,0,81,0,81,0,71,0,70,0,62,0,78,0,66,0,80,0,60,0,71,0,72,0,76,0,79,0,61,0,33,0,8,0,8,0,9,0,8,0,6,0,68,0,70,0,72,0,40,0,86,0,72,0,41,0,74,0,69,0,75,0,54,0,78,0,55,0,71,0,90,0,73,0,68,0,35,0,,,,,,,,
262842,1058,78,Martin,Baturina,,2/16/2003 12:00:00 AM,172,3,4,1,Serie A Enilive,68,https://ratings-images-prod.pulse.ea.com/FC25/full/player-portraits/p262842.png?padding=0.7,https://ratings-images-prod.pulse.ea.com/FC25/full/player-shields/en/262842.png?width=265,14,Center Midfielder,CM,,,,,,,trait1_1,Finesse Shot,Faster finesse shots with more curve and accuracy,https://drop-assets.ea.com/images/468u1R1p2k1fA6WBHi0OEn/fb9d49ed2a8fb500cd5a184937b96b34/Finesse_Shot.png,playStyle,Play Style,trait1_256,Incisive Pass,"Accurate through passes, curvier swerve passes, faster precision passes",https://drop-assets.ea.com/images/2K5BYfVYRnrdjt8F3hwI04/62f147b6a436c107bfa3d042c1d5728d/Incisive_Pass.png,playStyle,Play Style,trait1_8192,Inventive,Fancy and Trivela passes are performed with improved accuracy.,https://drop-assets.ea.com/images/4fpo31RdL5T0vrzNqcSc4x/f82209bfd51270dcc447d4313b3e61f1/Inventive.png,playStyle,Play Style,trait1_1048576,Technical,"Faster Controlled Sprint, precise wide turns while dribbling",https://drop-assets.ea.com/images/5Esx7NK4YBU44O4bo07rvb/69ca9417da7fd07905f6c6956ad93f6d/Technical.png,playStyle,Play Style,trait1_4194304,First Touch,"Reduced trapping error, faster dribbling transition",https://drop-assets.ea.com/images/3f727XsoDVLbT49oMk0HBu/2787568be8ccb2d5daa2d18fabacad97/First_Touch.png,playStyle,Play Style,,,,,,,0,Men's Football,10,Croatia,https://drop-assets.ea.com/images/4ZYNK06L8ZkJTrdtSby4NW/eb42cc852fc74ea3d3f5b8904fb5194f/f_10.png,1745,Como,https://drop-assets.ea.com/images/3y8mulzaICjwfi7inFVld2/ec9c71566982f8df59f26e81745143ec/l1745.png,false,18,CAM,Center Attacking Midfielder,midfielder,Midfielder,77,0,78,0,70,0,76,0,67,0,49,0,86,0,83,0,79,0,73,0,74,0,59,0,62,0,83,0,84,0,67,0,73,0,7,0,5,0,7,0,10,0,6,0,51,0,58,0,77,0,72,0,77,0,78,0,70,0,66,0,68,0,76,0,70,0,81,0,75,0,58,0,77,0,60,0,79,0,70,0,,,,,,,,
231943,1061,78,Richarlison,de Andrade,Richarlison,5/10/1997 12:00:00 AM,184,4,4,1,Premier League,71,https://ratings-images-prod.pulse.ea.com/FC25/full/player-portraits/p231943.png?padding=0.7,https://ratings-images-prod.pulse.ea.com/FC25/full/player-shields/en/231943.png?width=265,27,Left Wing,LW,16,Left Midfielder,LM,,,,trait1_16,Precision Header,Performs headers with increased accuracy and power.,https://drop-assets.ea.com/images/3ync8fbblS4zLzF3p1VXmT/7752a5103c2ebd8be5cf1819379c66f4/Precision_Header.png,playStyle,Play Style,trait1_32,Acrobatic,"Perform volleys with increased accuracy, acrobatic volley animations",https://drop-assets.ea.com/images/2sRRBHcIe0zrDwYaRI2xG3/d02b8c8855de853470897009e030eb5d/Acrobatic.png,playStyle,Play Style,trait1_1048576,Technical,"Faster Controlled Sprint, precise wide turns while dribbling",https://drop-assets.ea.com/images/5Esx7NK4YBU44O4bo07rvb/69ca9417da7fd07905f6c6956ad93f6d/Technical.png,playStyle,Play Style,,,,,,,,,,,,,,,,,,,0,Men's Football,54,Brazil,https://drop-assets.ea.com/images/1zdNn1R9tRlfQ3lsbAOecD/a606f742789b6306363383a6e20dd003/f_54.png,18,Spurs,https://drop-assets.ea.com/images/7kUcyCh5xGrzQlcjP2Q9NH/11aba507486f44765ee5938b1b5b097e/l18.png,false,25,ST,Striker,attack,Attack,77,0,72,0,89,0,68,0,74,0,84,0,65,0,79,0,79,0,73,0,74,0,53,0,43,0,78,0,80,0,78,0,65,0,12,0,7,0,8,0,11,0,13,0,82,0,46,0,61,0,72,0,76,0,72,0,77,0,75,0,79,0,76,0,78,0,76,0,83,0,48,0,75,0,58,0,74,0,78,0,,,,,,,,
239977,1062,78,Nicolas,Kühn,,1/1/2000 12:00:00 AM,175,4,5,2,Serie A Enilive,69,https://ratings-images-prod.pulse.ea.com/FC25/full/player-portraits/p239977.png?padding=0.7,https://ratings-images-prod.pulse.ea.com/FC25/full/player-shields/en/239977.png?width=265,12,Right Midfielder,RM,,,,,,,trait1_1048576,Technical,"Faster Controlled Sprint, precise wide turns while dribbling",https://drop-assets.ea.com/images/5Esx7NK4YBU44O4bo07rvb/69ca9417da7fd07905f6c6956ad93f6d/Technical.png,playStyle,Play Style,trait1_33554432,Quick Step,Faster acceleration during Explosive Sprint,https://drop-assets.ea.com/images/1xG25Zp3wvkLA5YewKiZah/f27f5fabd1e899fc0bbb817d2db233b1/Quick_Step.png,playStyle,Play Style,,,,,,,,,,,,,,,,,,,,,,,,,0,Men's Football,21,Germany,https://drop-assets.ea.com/images/6IIMMGk0Uj1rcZ6DSHTpLL/93f95b602dc62594104f418c8f80ebb3/f_21.png,1745,Como,https://drop-assets.ea.com/images/3y8mulzaICjwfi7inFVld2/ec9c71566982f8df59f26e81745143ec/l1745.png,false,23,RW,Right Wing,attack,Attack,90,0,89,0,74,0,82,0,67,0,65,0,85,0,78,0,78,0,67,0,77,0,46,0,43,0,81,0,81,0,74,0,66,0,5,0,14,0,14,0,13,0,12,0,51,0,40,0,67,0,73,0,91,0,70,0,58,0,71,0,75,0,79,0,73,0,71,0,75,0,47,0,92,0,52,0,75,0,65,0,,,,,,,,
241187,1063,78,Lutsharel,Geertruida,,7/18/2000 12:00:00 AM,185,2,3,1,Premier League,84,https://ratings-images-prod.pulse.ea.com/FC25/full/player-portraits/p241187.png?padding=0.7,https://ratings-images-prod.pulse.ea.com/FC25/full/player-shields/en/241187.png?width=265,3,Right Back,RB,7,Left Back,LB,,,,trait1_512,Pinged Pass,Faster ground passes without affecting receiver's trapping,https://drop-assets.ea.com/images/1mXBWIBgJSpYoIa1C4r5FX/7220e78a4049530f4e9fa642b1656fa4/Pinged_Pass.png,playStyle,Play Style,trait1_16384,Jockey,"Faster Sprint Jockey, better transition speed",https://drop-assets.ea.com/images/7lHjpOBSghE6Ywt1jgVv1C/21f9914d00f073d79d4b46cac71b9087/Jockey.png,playStyle,Play Style,trait1_65536,Intercept,Increased reach and possession retention in interceptions,https://drop-assets.ea.com/images/5ysv7Iw8jDHl7sp1JXqIa7/d34004fed8c95bde083dcf8257391a70/Intercept.png,playStyle,Play Style,,,,,,,,,,,,,,,,,,,0,Men's Football,34,Holland,https://drop-assets.ea.com/images/7LmdSUm2Ge4fzqcz0NElvq/d272142c80713dcf0e5ec0a47232aeee/f_34.png,106,Sunderland,https://drop-assets.ea.com/images/6ja62Iw2LyY8cVrud4aSHi/aa6c15e4a2ceed66f92099108bea9dfa/l106.png,false,5,CB,Center Back,defense,Defense,76,0,69,0,89,0,76,0,80,0,73,0,68,0,77,0,75,0,70,0,56,0,78,0,76,0,75,0,76,0,66,0,30,0,12,0,11,0,13,0,12,0,10,0,79,0,77,0,74,0,45,0,72,0,70,0,45,0,78,0,69,0,75,0,59,0,76,0,65,0,78,0,69,0,81,0,69,0,38,0,,,,,,,,
253473,1064,78,Samuele,Ricci,,8/21/2001 12:00:00 AM,181,3,3,1,Serie A Enilive,76,https://ratings-images-prod.pulse.ea.com/FC25/full/player-portraits/p253473.png?padding=0.7,https://ratings-images-prod.pulse.ea.com/FC25/full/player-shields/en/253473.png?width=265,14,Center Midfielder,CM,,,,,,,trait1_8192,Inventive,Fancy and Trivela passes are performed with improved accuracy.,https://drop-assets.ea.com/images/4fpo31RdL5T0vrzNqcSc4x/f82209bfd51270dcc447d4313b3e61f1/Inventive.png,playStyle,Play Style,trait1_16384,Jockey,"Faster Sprint Jockey, better transition speed",https://drop-assets.ea.com/images/7lHjpOBSghE6Ywt1jgVv1C/21f9914d00f073d79d4b46cac71b9087/Jockey.png,playStyle,Play Style,,,,,,,,,,,,,,,,,,,,,,,,,0,Men's Football,27,Italy,https://drop-assets.ea.com/images/2WtjWPqYzT7xcMCbvajGZH/d06e9ec4734a0d43d88f65386cc3a484/f_27.png,131681,Milano FC,https://drop-assets.ea.com/images/6D3s1RlLRER3UOunC4Lofv/ec87a4178160a87521b0b7c688e7638e/l131681.png,false,10,CDM,Center Defensive Midfielder,midfielder,Midfielder,74,0,76,0,70,0,84,0,65,0,74,0,75,0,81,0,80,0,62,0,60,0,73,0,74,0,79,0,78,0,53,0,62,0,14,0,12,0,6,0,11,0,13,0,57,0,75,0,79,0,69,0,73,0,75,0,52,0,72,0,68,0,76,0,60,0,83,0,70,0,76,0,72,0,76,0,78,0,54,0,,,,,,,,
259233,1065,78,Ilaix,Moriba,,1/19/2003 12:00:00 AM,185,4,4,1,LALIGA EA SPORTS,73,https://ratings-images-prod.pulse.ea.com/FC25/full/player-portraits/p259233.png?padding=0.7,https://ratings-images-prod.pulse.ea.com/FC25/full/player-shields/en/259233.png?width=265,,,,,,,,,,trait1_1048576,Technical,"Faster Controlled Sprint, precise wide turns while dribbling",https://drop-assets.ea.com/images/5Esx7NK4YBU44O4bo07rvb/69ca9417da7fd07905f6c6956ad93f6d/Technical.png,playStyle,Play Style,,,,,,,,,,,,,,,,,,,,,,,,,,,,,,,0,Men's Football,118,Guinea,https://drop-assets.ea.com/images/1jZz62efwnvqOx0jaHEN9Q/6cb3c202445e6236374c77e551404d11/f_118.png,450,Celta,https://drop-assets.ea.com/images/3t0uDwxQg2iWoXop58je1a/d5c49ec269ace3a1ad2ded5fb2e8a9ec/l450.png,false,14,CM,Center Midfielder,midfielder,Midfielder,66,0,65,0,73,0,81,0,71,0,73,0,59,0,77,0,78,0,47,0,59,0,74,0,72,0,75,0,78,0,73,0,59,0,9,0,14,0,15,0,10,0,12,0,67,0,77,0,78,0,73,0,67,0,71,0,49,0,74,0,73,0,77,0,71,0,80,0,73,0,71,0,68,0,77,0,78,0,52,0,,,,,,,,
224251,1069,78,Robin,Zentner,,10/28/1994 12:00:00 AM,194,1,3,1,Bundesliga,96,https://ratings-images-prod.pulse.ea.com/FC25/full/player-portraits/p224251.png?padding=0.7,https://ratings-images-prod.pulse.ea.com/FC25/full/player-shields/en/224251.png?width=250,,,,,,,,,,trait2_1,Far Throw,Unique goalkeeper throw animations with longer throw distance,https://drop-assets.ea.com/images/3CjCz29sjIt1xMZTRDi4vQ/8ecb201b0ae7d6d536d03c847a768ffa/Far_Throw.png,playStyle,Play Style,trait2_2,Footwork,"Exclusive foot saves, better performance on low shots",https://drop-assets.ea.com/images/1s2muXoHUmP1T0vGYKXSl1/6d265b13804069371f16a58788703a33/Footwork.png,playStyle,Play Style,,,,,,,,,,,,,,,,,,,,,,,,,0,Men's Football,21,Germany,https://drop-assets.ea.com/images/6IIMMGk0Uj1rcZ6DSHTpLL/93f95b602dc62594104f418c8f80ebb3/f_21.png,169,1. FSV Mainz 05,https://drop-assets.ea.com/images/4QO9B5tBI7mcWhzDDO3b6N/f70a1fd45fb4a6dd80ceea61a3e91c4d/l169.png,false,0,GK,Goalkeeper,defense,Defense,60,0,30,0,80,0,29,0,83,0,42,0,45,0,16,0,46,0,17,0,14,0,62,0,17,0,83,0,11,0,14,0,16,0,81,0,74,0,59,0,72,0,83,0,18,0,18,0,26,0,13,0,81,0,59,0,25,0,72,0,10,0,77,0,74,0,29,0,44,0,13,0,64,0,17,0,22,0,15,0,,,,,,,,
255971,1070,78,Santiago,Hezze,,10/22/2001 12:00:00 AM,182,3,3,1,Hellas Liga,77,https://ratings-images-prod.pulse.ea.com/FC25/full/player-portraits/p255971.png?padding=0.7,https://ratings-images-prod.pulse.ea.com/FC25/full/player-shields/en/255971.png?width=265,14,Center Midfielder,CM,,,,,,,trait1_16384,Jockey,"Faster Sprint Jockey, better transition speed",https://drop-assets.ea.com/images/7lHjpOBSghE6Ywt1jgVv1C/21f9914d00f073d79d4b46cac71b9087/Jockey.png,playStyle,Play Style,trait1_65536,Intercept,Increased reach and possession retention in interceptions,https://drop-assets.ea.com/images/5ysv7Iw8jDHl7sp1JXqIa7/d34004fed8c95bde083dcf8257391a70/Intercept.png,playStyle,Play Style,trait1_67108864,Relentless,"Increased half time fatigue recovery, longer teammate contain and press",https://drop-assets.ea.com/images/2vVuRxgvPNaAuFGqZZ9nDY/3e2505addd5a6b353becdeaf7173d187/Relentless.png,playStyle,Play Style,,,,,,,,,,,,,,,,,,,0,Men's Football,52,Argentina,https://drop-assets.ea.com/images/4xMXjEt7CFJ6JENYeG45Sk/836d733dc1642c5e4ab3338d91481436/f_52.png,280,Olympiacos FC,https://drop-assets.ea.com/images/2hyiQlv23Ipa7IOEtN7qAv/39a4514bd5a02d0d6db09d8eb2564c8f/l280.png,false,10,CDM,Center Defensive Midfielder,midfielder,Midfielder,68,0,73,0,81,0,88,0,78,0,76,0,70,0,75,0,72,0,62,0,55,0,76,0,72,0,73,0,71,0,64,0,40,0,8,0,13,0,14,0,14,0,7,0,74,0,79,0,76,0,61,0,70,0,70,0,46,0,80,0,72,0,73,0,62,0,78,0,67,0,75,0,71,0,80,0,72,0,38,0,,,,,,,,
205211,1072,78,Milan,Borjan,,10/23/1987 12:00:00 AM,196,1,2,1,ROSHN Saudi League,84,https://ratings-images-prod.pulse.ea.com/FC25/full/player-portraits/p205211.png?padding=0.7,https://ratings-images-prod.pulse.ea.com/FC25/full/player-shields/en/205211.png?width=250,,,,,,,,,,trait2_1,Far Throw,Unique goalkeeper throw animations with longer throw distance,https://drop-assets.ea.com/images/3CjCz29sjIt1xMZTRDi4vQ/8ecb201b0ae7d6d536d03c847a768ffa/Far_Throw.png,playStyle,Play Style,trait2_4,Cross Claimer,"Unique punching animations, powerful punches, faster crosses coverage",https://drop-assets.ea.com/images/4Uvgm6UNiSz3say1zZqKDC/51837f53072d5e01063699f6d2b7401a/Cross_Claimer.png,playStyle,Play Style,,,,,,,,,,,,,,,,,,,,,,,,,0,Men's Football,70,Canada,https://drop-assets.ea.com/images/6NVjftdldQXhdzrkDQccXB/0bbb62e54641cc2fc4c5e9f347319859/f_70.png,113037,Al Riyadh,https://drop-assets.ea.com/images/1L9oQXove9EYtLUufOd5s2/6136b6d3c0a27fd6e686305be57baae7/l113037.png,false,0,GK,Goalkeeper,defense,Defense,49,0,42,0,77,0,42,0,81,0,44,0,48,0,23,0,60,0,15,0,16,0,46,0,21,0,76,0,28,0,15,0,16,0,72,0,78,0,76,0,82,0,76,0,24,0,24,0,48,0,12,0,72,0,76,0,34,0,82,0,14,0,74,0,78,0,38,0,57,0,21,0,42,0,23,0,57,0,19,0,,,,,,,,
244622,1073,78,Javier,Puado Díaz,Puado,5/25/1998 12:00:00 AM,177,4,3,1,LALIGA EA SPORTS,69,https://ratings-images-prod.pulse.ea.com/FC25/full/player-portraits/p244622.png?padding=0.7,https://ratings-images-prod.pulse.ea.com/FC25/full/player-shields/en/244622.png?width=265,16,Left Midfielder,LM,18,Center Attacking Midfielder,CAM,,,,trait1_16,Precision Header,Performs headers with increased accuracy and power.,https://drop-assets.ea.com/images/3ync8fbblS4zLzF3p1VXmT/7752a5103c2ebd8be5cf1819379c66f4/Precision_Header.png,playStyle,Play Style,trait1_2097152,Rapid,"Higher sprint speed while dribbling, reduced error on knock-ons",https://drop-assets.ea.com/images/1aGsvwKyIFlRG1eoJSS0Ot/a4d3d661ff962795a632fe86439d2146/Rapid.png,playStyle,Play Style,trait1_33554432,Quick Step,Faster acceleration during Explosive Sprint,https://drop-assets.ea.com/images/1xG25Zp3wvkLA5YewKiZah/f27f5fabd1e899fc0bbb817d2db233b1/Quick_Step.png,playStyle,Play Style,trait1_67108864,Relentless,"Increased half time fatigue recovery, longer teammate contain and press",https://drop-assets.ea.com/images/2vVuRxgvPNaAuFGqZZ9nDY/3e2505addd5a6b353becdeaf7173d187/Relentless.png,playStyle,Play Style,,,,,,,,,,,,,0,Men's Football,45,Spain,https://drop-assets.ea.com/images/Kv8okAYMsDbB3ZKbxrAXw/9d30c88d16a4c85002f35c6af412c6f7/f_45.png,452,RCD Espanyol,https://drop-assets.ea.com/images/5NYvCpO1y0HynMKlJEcgRy/87d88f05181ecc55ecb3c86a6ce505d0/l452.png,false,25,ST,Striker,attack,Attack,79,0,81,0,84,0,82,0,73,0,66,0,75,0,79,0,77,0,68,0,65,0,49,0,45,0,78,0,78,0,79,0,50,0,8,0,9,0,11,0,8,0,13,0,73,0,47,0,68,0,72,0,80,0,72,0,80,0,74,0,82,0,77,0,77,0,76,0,76,0,44,0,81,0,48,0,77,0,74,0,,,,,,,,
262925,1074,78,Adem,Zorgane,,1/6/2000 12:00:00 AM,184,3,4,1,1A Pro League,77,https://ratings-images-prod.pulse.ea.com/FC25/full/player-portraits/p262925.png?padding=0.7,https://ratings-images-prod.pulse.ea.com/FC25/full/player-shields/en/262925.png?width=265,14,Center Midfielder,CM,,,,,,,trait1_1024,Long Ball Pass,"Accurate, faster Lob and Lofted Through Passes",https://drop-assets.ea.com/images/7jwRDD4zkOsqRpc821t73d/16d46d57a5dfc7dd5dd5f8de0fd26a99/Long_Ball_Pass.png,playStyle,Play Style,trait1_2048,Tiki Taka,Accurate first-time Ground Passes,https://drop-assets.ea.com/images/2tvHC5JQ2sXrN8wUTJWLEA/94b0f6a78d1a9e1348a33c9772f23afd/Tiki_Taka.png,playStyle,Play Style,trait1_4096,Whipped Pass,"Accurate, faster crosses with more curve",https://drop-assets.ea.com/images/FfTP29PWrRWZjEaiCCVoa/a1b345e4ae7023ed78b1efd68d28f392/Whipped_Pass.png,playStyle,Play Style,trait1_8192,Inventive,Fancy and Trivela passes are performed with improved accuracy.,https://drop-assets.ea.com/images/4fpo31RdL5T0vrzNqcSc4x/f82209bfd51270dcc447d4313b3e61f1/Inventive.png,playStyle,Play Style,trait1_131072,Anticipate,"Improved standing tackle success, possibility of stopping ball at feet",https://drop-assets.ea.com/images/4xPnUcL7thizFB7qmhlwUR/1ade7a0f77d5e875c2db869964540a35/Anticipate.png,playStyle,Play Style,trait1_16777216,Press Proven,"Close control at jog speed, shields ball more effectively",https://drop-assets.ea.com/images/5rUHwyLJRnvGV53Ba4Pj6M/9a3238695ae8103667ba02af391ac209/Press_Proven.png,playStyle,Play Style,0,Men's Football,97,Algeria,https://drop-assets.ea.com/images/7DBnvM9EEo73oK7xEvbWvJ/47a0a190f5a0092fef1bc40e7e74b8f9/f_97.png,2014,R. Union St.-G.,https://drop-assets.ea.com/images/6qEBd0g4qIBH3X6KtaTayV/e7405958edc583e79f63c0e71e560c77/l2014.png,false,10,CDM,Center Defensive Midfielder,midfielder,Midfielder,59,0,67,0,75,0,90,0,83,0,76,0,63,0,78,0,77,0,76,0,71,0,71,0,69,0,75,0,75,0,67,0,63,0,14,0,11,0,7,0,9,0,12,0,62,0,74,0,79,0,71,0,54,0,77,0,66,0,83,0,65,0,76,0,70,0,79,0,79,0,71,0,49,0,73,0,79,0,58,0,,trait1_67108864,Relentless,"Increased half time fatigue recovery, longer teammate contain and press",https://drop-assets.ea.com/images/2vVuRxgvPNaAuFGqZZ9nDY/3e2505addd5a6b353becdeaf7173d187/Relentless.png,playStyle,Play Style,
210324,1075,78,Jonas,Hofmann,,7/14/1992 12:00:00 AM,176,3,4,1,Bundesliga,72,https://ratings-images-prod.pulse.ea.com/FC25/full/player-portraits/p210324.png?padding=0.7,https://ratings-images-prod.pulse.ea.com/FC25/full/player-shields/en/210324.png?width=265,25,Striker,ST,14,Center Midfielder,CM,,,,trait1_256,Incisive Pass,"Accurate through passes, curvier swerve passes, faster precision passes",https://drop-assets.ea.com/images/2K5BYfVYRnrdjt8F3hwI04/62f147b6a436c107bfa3d042c1d5728d/Incisive_Pass.png,playStyle,Play Style,,,,,,,,,,,,,,,,,,,,,,,,,,,,,,,0,Men's Football,21,Germany,https://drop-assets.ea.com/images/6IIMMGk0Uj1rcZ6DSHTpLL/93f95b602dc62594104f418c8f80ebb3/f_21.png,32,Leverkusen,https://drop-assets.ea.com/images/mGqQw1um1ucUAshcK0Eop/9c7fe656f526c98b217ff2a052377b5c/l32.png,false,18,CAM,Center Attacking Midfielder,midfielder,Midfielder,69,0,77,0,63,0,73,0,66,0,70,0,79,0,81,0,79,0,75,0,77,0,64,0,70,0,79,0,78,0,77,0,75,0,6,0,6,0,10,0,10,0,10,0,48,0,75,0,76,0,75,0,64,0,78,0,71,0,68,0,81,0,81,0,76,0,79,0,74,0,57,0,60,0,57,0,80,0,85,0,,,,,,,,
230020,1076,78,Pierre,Lees-Melou,,5/25/1993 12:00:00 AM,186,3,4,1,Ligue 1 McDonald's,70,https://ratings-images-prod.pulse.ea.com/FC25/full/player-portraits/p230020.png?padding=0.7,https://ratings-images-prod.pulse.ea.com/FC25/full/player-shields/en/230020.png?width=265,14,Center Midfielder,CM,,,,,,,trait1_512,Pinged Pass,Faster ground passes without affecting receiver's trapping,https://drop-assets.ea.com/images/1mXBWIBgJSpYoIa1C4r5FX/7220e78a4049530f4e9fa642b1656fa4/Pinged_Pass.png,playStyle,Play Style,trait1_1024,Long Ball Pass,"Accurate, faster Lob and Lofted Through Passes",https://drop-assets.ea.com/images/7jwRDD4zkOsqRpc821t73d/16d46d57a5dfc7dd5dd5f8de0fd26a99/Long_Ball_Pass.png,playStyle,Play Style,trait1_67108864,Relentless,"Increased half time fatigue recovery, longer teammate contain and press",https://drop-assets.ea.com/images/2vVuRxgvPNaAuFGqZZ9nDY/3e2505addd5a6b353becdeaf7173d187/Relentless.png,playStyle,Play Style,,,,,,,,,,,,,,,,,,,0,Men's Football,18,France,https://drop-assets.ea.com/images/3ECAQzhfgSLWRf9IIHB6G8/7e235a7b2f93c1f73db7f89dc03b3657/f_18.png,111817,Paris FC,https://drop-assets.ea.com/images/3q4gMefpvBrGdVOPMxk1dD/d310abcaf71d2a45ee4362b169469a93/l111817.png,false,10,CDM,Center Defensive Midfielder,midfielder,Midfielder,61,0,71,0,69,0,80,0,71,0,71,0,65,0,80,0,77,0,76,0,78,0,73,0,76,0,77,0,77,0,70,0,68,0,14,0,6,0,12,0,9,0,10,0,58,0,79,0,78,0,78,0,57,0,77,0,65,0,73,0,75,0,78,0,72,0,79,0,77,0,65,0,54,0,74,0,77,0,58,0,,,,,,,,
240225,1077,78,Matvey,Safonov,,2/25/1999 12:00:00 AM,192,1,2,1,Ligue 1 McDonald's,82,https://ratings-images-prod.pulse.ea.com/FC25/full/player-portraits/p240225.png?padding=0.7,https://ratings-images-prod.pulse.ea.com/FC25/full/player-shields/en/240225.png?width=250,,,,,,,,,,trait2_1,Far Throw,Unique goalkeeper throw animations with longer throw distance,https://drop-assets.ea.com/images/3CjCz29sjIt1xMZTRDi4vQ/8ecb201b0ae7d6d536d03c847a768ffa/Far_Throw.png,playStyle,Play Style,,,,,,,,,,,,,,,,,,,,,,,,,,,,,,,0,Men's Football,40,Russia,https://drop-assets.ea.com/images/1iYEXly8k4I5lLGTeWXwqw/911c8ed4956cb7df9b8f05b166ec51b1/f_40.png,73,Paris SG,https://drop-assets.ea.com/images/2QwnhmHh5K7bjkfZAF7ZCi/7c53874542fb5c606ff810a4b1f6b88b/l73.png,true,0,GK,Goalkeeper,defense,Defense,46,0,55,0,65,0,34,0,65,0,38,0,34,0,26,0,59,0,13,0,15,0,44,0,20,0,80,0,15,0,8,0,11,0,79,0,74,0,75,0,77,0,80,0,13,0,15,0,26,0,7,0,79,0,75,0,12,0,77,0,8,0,70,0,74,0,39,0,56,0,12,0,42,0,14,0,58,0,7,0,,,,,,,,
254262,1078,78,Zeno,Debast,,10/24/2003 12:00:00 AM,191,3,4,1,Liga Portugal,76,https://ratings-images-prod.pulse.ea.com/FC25/full/player-portraits/p254262.png?padding=0.7,https://ratings-images-prod.pulse.ea.com/FC25/full/player-shields/en/254262.png?width=265,5,Center Back,CB,14,Center Midfielder,CM,,,,trait1_1024,Long Ball Pass,"Accurate, faster Lob and Lofted Through Passes",https://drop-assets.ea.com/images/7jwRDD4zkOsqRpc821t73d/16d46d57a5dfc7dd5dd5f8de0fd26a99/Long_Ball_Pass.png,playStyle,Play Style,,,,,,,,,,,,,,,,,,,,,,,,,,,,,,,0,Men's Football,7,Belgium,https://drop-assets.ea.com/images/7eZLPoDDyxSlQoqcS4NVA2/6fc085dc7e85ccd7519be7ff2df875ee/f_7.png,237,Sporting CP,https://drop-assets.ea.com/images/2bL9oGApMvbYE1o0Byl8KB/c914cde8141f11124f026cb198a0eb00/l237.png,false,10,CDM,Center Defensive Midfielder,midfielder,Midfielder,66,0,61,0,80,0,81,0,73,0,77,0,53,0,78,0,73,0,77,0,77,0,77,0,76,0,74,0,76,0,51,0,71,0,6,0,6,0,15,0,6,0,5,0,76,0,76,0,81,0,65,0,70,0,76,0,42,0,76,0,53,0,77,0,56,0,77,0,68,0,76,0,73,0,79,0,71,0,37,0,,,,,,,,
263617,1079,78,Beñat,Prados Díaz,Beñat Prados,2/8/2001 12:00:00 AM,180,2,3,1,LALIGA EA SPORTS,70,https://ratings-images-prod.pulse.ea.com/FC25/full/player-portraits/p263617.png?padding=0.7,https://ratings-images-prod.pulse.ea.com/FC25/full/player-shields/en/263617.png?width=265,14,Center Midfielder,CM,5,Center Back,CB,,,,trait1_1024,Long Ball Pass,"Accurate, faster Lob and Lofted Through Passes",https://drop-assets.ea.com/images/7jwRDD4zkOsqRpc821t73d/16d46d57a5dfc7dd5dd5f8de0fd26a99/Long_Ball_Pass.png,playStyle,Play Style,trait1_262144,Slide Tackle,Stops ball at feet during slide tackles,https://drop-assets.ea.com/images/7mI1lrxE0pv9iJfQFki9OA/8c1ecac325f923e049be72231c8c968a/Slide_Tackle.png,playStyle,Play Style,trait1_524288,Aerial Fortress,Performs higher jumps and has physical defensive presence before and during aerial duels,https://drop-assets.ea.com/images/3rsDbUXd3MZX39YTsk6lKe/404db89f2237eeb7466668a730c52a4b/Aerial_Fortress.png,playStyle,Play Style,,,,,,,,,,,,,,,,,,,0,Men's Football,45,Spain,https://drop-assets.ea.com/images/Kv8okAYMsDbB3ZKbxrAXw/9d30c88d16a4c85002f35c6af412c6f7/f_45.png,448,Athletic Club,https://drop-assets.ea.com/images/5lGGXYvaOCdAYlo8xWPzQb/7092243785809519c68b482ad21b2c41/l448.png,false,10,CDM,Center Defensive Midfielder,midfielder,Midfielder,70,0,78,0,76,0,83,0,73,0,80,0,82,0,77,0,77,0,65,0,60,0,76,0,77,0,75,0,72,0,59,0,49,0,15,0,8,0,13,0,9,0,8,0,70,0,76,0,75,0,62,0,68,0,72,0,47,0,77,0,66,0,78,0,61,0,77,0,70,0,72,0,66,0,78,0,76,0,52,0,,,,,,,,
265526,1080,78,Guillaume,Restes,,3/11/2005 12:00:00 AM,188,1,3,2,Ligue 1 McDonald's,82,https://ratings-images-prod.pulse.ea.com/FC25/full/player-portraits/p265526.png?padding=0.7,https://ratings-images-prod.pulse.ea.com/FC25/full/player-shields/en/265526.png?width=250,,,,,,,,,,trait2_2,Footwork,"Exclusive foot saves, better performance on low shots",https://drop-assets.ea.com/images/1s2muXoHUmP1T0vGYKXSl1/6d265b13804069371f16a58788703a33/Footwork.png,playStyle,Play Style,,,,,,,,,,,,,,,,,,,,,,,,,,,,,,,0,Men's Football,18,France,https://drop-assets.ea.com/images/3ECAQzhfgSLWRf9IIHB6G8/7e235a7b2f93c1f73db7f89dc03b3657/f_18.png,1809,Toulouse FC,https://drop-assets.ea.com/images/5EcfjMCX8afaXxC2kefK7V/41323bd3f20c2b1932bf3e939ddde465/l1809.png,false,0,GK,Goalkeeper,defense,Defense,38,0,38,0,62,0,39,0,65,0,22,0,42,0,17,0,55,0,17,0,13,0,40,0,11,0,80,0,8,0,9,0,13,0,78,0,74,0,80,0,77,0,80,0,12,0,13,0,48,0,7,0,78,0,80,0,15,0,77,0,9,0,72,0,74,0,51,0,60,0,14,0,44,0,16,0,62,0,7,0,,,,,,,,
200110,1082,78,Marco,Bizot,,3/10/1991 12:00:00 AM,193,1,2,1,Premier League,88,https://ratings-images-prod.pulse.ea.com/FC25/full/player-portraits/p200110.png?padding=0.7,https://ratings-images-prod.pulse.ea.com/FC25/full/player-shields/en/200110.png?width=265,,,,,,,,,,trait1_1024,Long Ball Pass,"Accurate, faster Lob and Lofted Through Passes",https://drop-assets.ea.com/images/7jwRDD4zkOsqRpc821t73d/16d46d57a5dfc7dd5dd5f8de0fd26a99/Long_Ball_Pass.png,playStyle,Play Style,trait2_1,Far Throw,Unique goalkeeper throw animations with longer throw distance,https://drop-assets.ea.com/images/3CjCz29sjIt1xMZTRDi4vQ/8ecb201b0ae7d6d536d03c847a768ffa/Far_Throw.png,playStyle,Play Style,trait2_2,Footwork,"Exclusive foot saves, better performance on low shots",https://drop-assets.ea.com/images/1s2muXoHUmP1T0vGYKXSl1/6d265b13804069371f16a58788703a33/Footwork.png,playStyle,Play Style,trait2_32,Deflector,"Unique deflection animations, powerful parries to safer areas",https://drop-assets.ea.com/images/6nb9RYWNVuvUaLZDskFao7/0ad930b0874e7c9454b31de942c0d3f1/Deflector.png,playStyle,Play Style,,,,,,,,,,,,,0,Men's Football,34,Holland,https://drop-assets.ea.com/images/7LmdSUm2Ge4fzqcz0NElvq/d272142c80713dcf0e5ec0a47232aeee/f_34.png,2,Aston Villa,https://drop-assets.ea.com/images/57c0ppYsEA88xL0gxqce8K/99605df97c6a96ea3b6e8a424c217af0/l2.png,false,0,GK,Goalkeeper,defense,Defense,45,0,50,0,65,0,31,0,63,0,39,0,40,0,32,0,47,0,20,0,20,0,46,0,11,0,78,0,12,0,15,0,15,0,78,0,75,0,72,0,79,0,78,0,16,0,17,0,33,0,14,0,78,0,72,0,36,0,79,0,13,0,76,0,75,0,28,0,54,0,14,0,47,0,12,0,56,0,13,0,,,,,,,,
234678,1083,78,Joakim,Mæhle,,5/20/1997 12:00:00 AM,185,3,3,1,Bundesliga,79,https://ratings-images-prod.pulse.ea.com/FC25/full/player-portraits/p234678.png?padding=0.7,https://ratings-images-prod.pulse.ea.com/FC25/full/player-shields/en/234678.png?width=265,3,Right Back,RB,16,Left Midfielder,LM,,,,trait1_131072,Anticipate,"Improved standing tackle success, possibility of stopping ball at feet",https://drop-assets.ea.com/images/4xPnUcL7thizFB7qmhlwUR/1ade7a0f77d5e875c2db869964540a35/Anticipate.png,playStyle,Play Style,,,,,,,,,,,,,,,,,,,,,,,,,,,,,,,0,Men's Football,13,Denmark,https://drop-assets.ea.com/images/6ueYG8kGNCY97fHWQ6LIZ7/9ad4b50beeb1d0d2a5d2bb5a8891336f/f_13.png,175,VfL Wolfsburg,https://drop-assets.ea.com/images/4mw5u30yjPmzh9OVqKB0YV/ad59c24a84c9afb0a877046fadeb9c9e/l175.png,false,7,LB,Left Back,defense,Defense,77,0,70,0,79,0,83,0,74,0,73,0,65,0,79,0,73,0,75,0,63,0,74,0,75,0,75,0,74,0,50,0,40,0,12,0,8,0,12,0,10,0,8,0,64,0,75,0,69,0,62,0,75,0,71,0,33,0,76,0,76,0,79,0,57,0,77,0,65,0,74,0,73,0,74,0,66,0,63,0,,,,,,,,
243702,1084,78,Djed,Spence,,8/9/2000 12:00:00 AM,184,3,3,1,Premier League,71,https://ratings-images-prod.pulse.ea.com/FC25/full/player-portraits/p243702.png?padding=0.7,https://ratings-images-prod.pulse.ea.com/FC25/full/player-shields/en/243702.png?width=265,7,Left Back,LB,12,Right Midfielder,RM,,,,trait1_2097152,Rapid,"Higher sprint speed while dribbling, reduced error on knock-ons",https://drop-assets.ea.com/images/1aGsvwKyIFlRG1eoJSS0Ot/a4d3d661ff962795a632fe86439d2146/Rapid.png,playStyle,Play Style,,,,,,,,,,,,,,,,,,,,,,,,,,,,,,,0,Men's Football,14,England,https://drop-assets.ea.com/images/6ZM1OFXGUFeV0ZaYVKj2z/ae88ef17f8cb179fbc1c463f7e1e4bd8/f_14.png,18,Spurs,https://drop-assets.ea.com/images/7kUcyCh5xGrzQlcjP2Q9NH/11aba507486f44765ee5938b1b5b097e/l18.png,false,3,RB,Right Back,defense,Defense,87,0,78,0,83,0,76,0,72,0,65,0,67,0,78,0,78,0,76,0,65,0,74,0,75,0,79,0,82,0,38,0,28,0,13,0,8,0,7,0,11,0,6,0,69,0,72,0,65,0,45,0,88,0,71,0,37,0,72,0,75,0,75,0,44,0,77,0,54,0,73,0,88,0,75,0,72,0,27,0,,,,,,,,
205812,1089,78,Pietro,Terracciano,,3/8/1990 12:00:00 AM,193,1,2,1,Serie A Enilive,78,https://ratings-images-prod.pulse.ea.com/FC25/full/player-portraits/p205812.png?padding=0.7,https://ratings-images-prod.pulse.ea.com/FC25/full/player-shields/en/205812.png?width=250,,,,,,,,,,trait2_2,Footwork,"Exclusive foot saves, better performance on low shots",https://drop-assets.ea.com/images/1s2muXoHUmP1T0vGYKXSl1/6d265b13804069371f16a58788703a33/Footwork.png,playStyle,Play Style,trait2_8,Rush Out,"Unique reflex saves, better close shot reads, faster rush",https://drop-assets.ea.com/images/4wwnzFkg1zLTAc4QSsXiWO/5fa897cf739a93bddf3556e2323f9b8b/1v1_Close_Down.png,playStyle,Play Style,,,,,,,,,,,,,,,,,,,,,,,,,0,Men's Football,27,Italy,https://drop-assets.ea.com/images/2WtjWPqYzT7xcMCbvajGZH/d06e9ec4734a0d43d88f65386cc3a484/f_27.png,131681,Milano FC,https://drop-assets.ea.com/images/6D3s1RlLRER3UOunC4Lofv/ec87a4178160a87521b0b7c688e7638e/l131681.png,false,0,GK,Goalkeeper,defense,Defense,40,0,48,0,62,0,33,0,60,0,21,0,45,0,22,0,65,0,13,0,12,0,41,0,20,0,82,0,15,0,11,0,12,0,79,0,75,0,72,0,78,0,82,0,15,0,16,0,21,0,11,0,79,0,72,0,22,0,78,0,12,0,70,0,75,0,27,0,54,0,19,0,42,0,11,0,45,0,16,0,,,,,,,,
221342,1090,78,Pablo,Maffeo Becerra,Pablo Maffeo,7/12/1997 12:00:00 AM,172,3,3,1,LALIGA EA SPORTS,70,https://ratings-images-prod.pulse.ea.com/FC25/full/player-portraits/p221342.png?padding=0.7,https://ratings-images-prod.pulse.ea.com/FC25/full/player-shields/en/221342.png?width=265,12,Right Midfielder,RM,,,,,,,trait1_32768,Block,Increased reach and success in blocking,https://drop-assets.ea.com/images/2Rlftzr8lqUdI29suCQVWe/43c6c36e8bd5fa26b88478d4354611a2/Block.png,playStyle,Play Style,,,,,,,,,,,,,,,,,,,,,,,,,,,,,,,0,Men's Football,52,Argentina,https://drop-assets.ea.com/images/4xMXjEt7CFJ6JENYeG45Sk/836d733dc1642c5e4ab3338d91481436/f_52.png,453,RCD Mallorca,https://drop-assets.ea.com/images/3M8ak3PmmUDRXsH9mryxH9/54d5da4b609ccf51bd0564abad99cc0e/l453.png,false,3,RB,Right Back,defense,Defense,83,0,74,0,80,0,71,0,69,0,67,0,81,0,79,0,62,0,79,0,71,0,76,0,74,0,78,0,80,0,53,0,34,0,10,0,7,0,14,0,12,0,15,0,70,0,71,0,68,0,52,0,81,0,70,0,37,0,70,0,67,0,73,0,52,0,75,0,57,0,78,0,79,0,82,0,64,0,21,0,,,,,,,,
234205,1092,78,Hiroki,Ito,,5/12/1999 12:00:00 AM,188,2,3,2,Bundesliga,84,https://ratings-images-prod.pulse.ea.com/FC25/full/player-portraits/p234205.png?padding=0.7,https://ratings-images-prod.pulse.ea.com/FC25/full/player-shields/en/234205.png?width=265,7,Left Back,LB,16,Left Midfielder,LM,,,,trait1_16384,Jockey,"Faster Sprint Jockey, better transition speed",https://drop-assets.ea.com/images/7lHjpOBSghE6Ywt1jgVv1C/21f9914d00f073d79d4b46cac71b9087/Jockey.png,playStyle,Play Style,trait1_32768,Block,Increased reach and success in blocking,https://drop-assets.ea.com/images/2Rlftzr8lqUdI29suCQVWe/43c6c36e8bd5fa26b88478d4354611a2/Block.png,playStyle,Play Style,,,,,,,,,,,,,,,,,,,,,,,,,0,Men's Football,163,Japan,https://drop-assets.ea.com/images/1aoxCwnRS4A6LGlyhrUllt/b5b0cd61a299b9996821c16cc324cc3b/f_163.png,21,FC Bayern München,https://drop-assets.ea.com/images/3p0dv1pGWIH6lGAKZssZKH/4f70d2c5a3c147f3e006c863e85e4993/l21.png,false,5,CB,Center Back,defense,Defense,74,0,66,0,84,0,59,0,77,0,72,0,67,0,77,0,76,0,68,0,52,0,80,0,83,0,72,0,69,0,48,0,45,0,13,0,10,0,10,0,10,0,10,0,74,0,81,0,80,0,64,0,74,0,71,0,47,0,72,0,56,0,82,0,57,0,77,0,78,0,77,0,74,0,78,0,66,0,45,0,,,,,,,,
235781,1093,78,Santiago,Comesaña Veiga,Santi Comesaña,10/5/1996 12:00:00 AM,188,3,4,1,LALIGA EA SPORTS,75,https://ratings-images-prod.pulse.ea.com/FC25/full/player-portraits/p235781.png?padding=0.7,https://ratings-images-prod.pulse.ea.com/FC25/full/player-shields/en/235781.png?width=265,10,Center Defensive Midfielder,CDM,,,,,,,trait1_16,Precision Header,Performs headers with increased accuracy and power.,https://drop-assets.ea.com/images/3ync8fbblS4zLzF3p1VXmT/7752a5103c2ebd8be5cf1819379c66f4/Precision_Header.png,playStyle,Play Style,trait1_268435456,Bruiser,Stronger physical tackles,https://drop-assets.ea.com/images/7euMJ2jVypFrFPQesWuGGm/14019168b12faac1584a2920d5c2d5d9/Bruiser.png,playStyle,Play Style,,,,,,,,,,,,,,,,,,,,,,,,,0,Men's Football,45,Spain,https://drop-assets.ea.com/images/Kv8okAYMsDbB3ZKbxrAXw/9d30c88d16a4c85002f35c6af412c6f7/f_45.png,483,Villarreal CF,https://drop-assets.ea.com/images/xvk9pCQTX74mWG8EjcgYU/f631ffd2c7ac06bd43f2547fc44463c4/l483.png,false,14,CM,Center Midfielder,midfielder,Midfielder,54,0,59,0,70,0,75,0,74,0,77,0,55,0,78,0,78,0,54,0,50,0,77,0,77,0,75,0,77,0,73,0,55,0,8,0,11,0,11,0,6,0,9,0,67,0,76,0,80,0,75,0,55,0,72,0,53,0,75,0,74,0,79,0,72,0,81,0,74,0,79,0,56,0,80,0,76,0,51,0,,,,,,,,
240740,1094,78,Callum,Hudson-Odoi,,11/7/2000 12:00:00 AM,182,4,3,1,Premier League,76,https://ratings-images-prod.pulse.ea.com/FC25/full/player-portraits/p240740.png?padding=0.7,https://ratings-images-prod.pulse.ea.com/FC25/full/player-shields/en/240740.png?width=265,27,Left Wing,LW,,,,,,,trait1_1048576,Technical,"Faster Controlled Sprint, precise wide turns while dribbling",https://drop-assets.ea.com/images/5Esx7NK4YBU44O4bo07rvb/69ca9417da7fd07905f6c6956ad93f6d/Technical.png,playStyle,Play Style,,,,,,,,,,,,,,,,,,,,,,,,,,,,,,,0,Men's Football,14,England,https://drop-assets.ea.com/images/6ZM1OFXGUFeV0ZaYVKj2z/ae88ef17f8cb179fbc1c463f7e1e4bd8/f_14.png,14,Nott'm Forest,https://drop-assets.ea.com/images/60CgBQCMt7Dtcjip9xUxg8/5fa49387c380bf4772138b215ef4fd85/l14.png,false,16,LM,Left Midfielder,midfielder,Midfielder,85,0,83,0,71,0,73,0,62,0,53,0,78,0,80,0,77,0,76,0,80,0,50,0,50,0,81,0,82,0,75,0,70,0,14,0,13,0,11,0,15,0,5,0,52,0,47,0,70,0,80,0,82,0,75,0,60,0,63,0,75,0,75,0,75,0,75,0,78,0,45,0,79,0,53,0,76,0,60,0,,,,,,,,
247495,1095,78,Jon,Moncayola Tollar,Moncayola,5/13/1998 12:00:00 AM,182,3,4,1,LALIGA EA SPORTS,78,https://ratings-images-prod.pulse.ea.com/FC25/full/player-portraits/p247495.png?padding=0.7,https://ratings-images-prod.pulse.ea.com/FC25/full/player-shields/en/247495.png?width=265,10,Center Defensive Midfielder,CDM,3,Right Back,RB,,,,trait1_262144,Slide Tackle,Stops ball at feet during slide tackles,https://drop-assets.ea.com/images/7mI1lrxE0pv9iJfQFki9OA/8c1ecac325f923e049be72231c8c968a/Slide_Tackle.png,playStyle,Play Style,,,,,,,,,,,,,,,,,,,,,,,,,,,,,,,0,Men's Football,45,Spain,https://drop-assets.ea.com/images/Kv8okAYMsDbB3ZKbxrAXw/9d30c88d16a4c85002f35c6af412c6f7/f_45.png,479,CA Osasuna,https://drop-assets.ea.com/images/5T0gPuxPGVG3BLEP9wYxLx/8be8ef52e215bc47956d1084f702409d/l479.png,false,14,CM,Center Midfielder,midfielder,Midfielder,64,0,66,0,66,0,74,0,66,0,75,0,65,0,78,0,73,0,67,0,56,0,73,0,72,0,78,0,82,0,68,0,57,0,7,0,7,0,11,0,11,0,14,0,55,0,76,0,79,0,67,0,63,0,75,0,50,0,70,0,74,0,76,0,67,0,82,0,70,0,77,0,63,0,78,0,77,0,50,0,,,,,,,,
262088,1096,78,Hákon Arnar,Haraldsson,,4/10/2003 12:00:00 AM,178,3,4,1,Ligue 1 McDonald's,71,https://ratings-images-prod.pulse.ea.com/FC25/full/player-portraits/p262088.png?padding=0.7,https://ratings-images-prod.pulse.ea.com/FC25/full/player-shields/en/262088.png?width=265,16,Left Midfielder,LM,14,Center Midfielder,CM,,,,trait1_256,Incisive Pass,"Accurate through passes, curvier swerve passes, faster precision passes",https://drop-assets.ea.com/images/2K5BYfVYRnrdjt8F3hwI04/62f147b6a436c107bfa3d042c1d5728d/Incisive_Pass.png,playStyle,Play Style,trait1_1048576,Technical,"Faster Controlled Sprint, precise wide turns while dribbling",https://drop-assets.ea.com/images/5Esx7NK4YBU44O4bo07rvb/69ca9417da7fd07905f6c6956ad93f6d/Technical.png,playStyle,Play Style,,,,,,,,,,,,,,,,,,,,,,,,,0,Men's Football,24,Iceland,https://drop-assets.ea.com/images/eLvZ0QKgMJ2sjvVZgZTQF/8cf2255e4575e7139e001d7f9ef55dec/f_24.png,65,LOSC Lille,https://drop-assets.ea.com/images/tfbRaZiFuJ9jTer1qcf0Z/95171efd06d2494735c0e8a7c5aa9df2/l65.png,false,18,CAM,Center Attacking Midfielder,midfielder,Midfielder,77,0,86,0,63,0,85,0,57,0,82,0,82,0,81,0,78,0,70,0,67,0,57,0,60,0,81,0,81,0,69,0,68,0,7,0,14,0,10,0,14,0,6,0,45,0,61,0,74,0,66,0,77,0,75,0,58,0,69,0,76,0,76,0,67,0,79,0,66,0,58,0,77,0,56,0,79,0,64,0,,,,,,,,
205678,1101,78,Edin,Višća,,2/17/1990 12:00:00 AM,172,3,4,1,Trendyol Süper Lig,63,https://ratings-images-prod.pulse.ea.com/FC25/full/player-portraits/p205678.png?padding=0.7,https://ratings-images-prod.pulse.ea.com/FC25/full/player-shields/en/205678.png?width=265,16,Left Midfielder,LM,23,Right Wing,RW,,,,trait1_8,Dead Ball,"Faster, accurate set pieces with longer trajectory preview",https://drop-assets.ea.com/images/1razu2wcM3XA82VvB7NyUm/eec6b07080e49d6bf2d7a7951a22375f/Dead_Ball.png,playStyle,Play Style,trait1_4096,Whipped Pass,"Accurate, faster crosses with more curve",https://drop-assets.ea.com/images/FfTP29PWrRWZjEaiCCVoa/a1b345e4ae7023ed78b1efd68d28f392/Whipped_Pass.png,playStyle,Play Style,trait1_8192,Inventive,Fancy and Trivela passes are performed with improved accuracy.,https://drop-assets.ea.com/images/4fpo31RdL5T0vrzNqcSc4x/f82209bfd51270dcc447d4313b3e61f1/Inventive.png,playStyle,Play Style,trait1_2097152,Rapid,"Higher sprint speed while dribbling, reduced error on knock-ons",https://drop-assets.ea.com/images/1aGsvwKyIFlRG1eoJSS0Ot/a4d3d661ff962795a632fe86439d2146/Rapid.png,playStyle,Play Style,trait1_4194304,First Touch,"Reduced trapping error, faster dribbling transition",https://drop-assets.ea.com/images/3f727XsoDVLbT49oMk0HBu/2787568be8ccb2d5daa2d18fabacad97/First_Touch.png,playStyle,Play Style,,,,,,,0,Men's Football,8,Bosnia and Herzegovina,https://drop-assets.ea.com/images/6bC2UfQHtDke2yP2reXu2h/80f6d623b8d0eb5519db30ae10f1c071/f_8.png,436,Trabzonspor,https://drop-assets.ea.com/images/3AF1UCNvLwZs5kapbWuCk9/e1cebee09f0953e5653311d5a29365ee/l436.png,false,12,RM,Right Midfielder,midfielder,Midfielder,83,0,87,0,66,0,81,0,58,0,61,0,91,0,79,0,81,0,76,0,78,0,47,0,55,0,80,0,78,0,73,0,68,0,8,0,14,0,14,0,12,0,16,0,45,0,51,0,71,0,77,0,82,0,75,0,77,0,65,0,78,0,73,0,76,0,74,0,80,0,40,0,81,0,40,0,78,0,74,0,,,,,,,,
214584,1104,78,Franco,Armani,,10/16/1986 12:00:00 AM,189,1,3,1,LPF,88,https://ratings-images-prod.pulse.ea.com/FC25/full/player-portraits/p214584.png?padding=0.7,https://ratings-images-prod.pulse.ea.com/FC25/full/player-shields/en/214584.png?width=265,,,,,,,,,,trait1_1024,Long Ball Pass,"Accurate, faster Lob and Lofted Through Passes",https://drop-assets.ea.com/images/7jwRDD4zkOsqRpc821t73d/16d46d57a5dfc7dd5dd5f8de0fd26a99/Long_Ball_Pass.png,playStyle,Play Style,trait2_4,Cross Claimer,"Unique punching animations, powerful punches, faster crosses coverage",https://drop-assets.ea.com/images/4Uvgm6UNiSz3say1zZqKDC/51837f53072d5e01063699f6d2b7401a/Cross_Claimer.png,playStyle,Play Style,trait2_32,Deflector,"Unique deflection animations, powerful parries to safer areas",https://drop-assets.ea.com/images/6nb9RYWNVuvUaLZDskFao7/0ad930b0874e7c9454b31de942c0d3f1/Deflector.png,playStyle,Play Style,,,,,,,,,,,,,,,,,,,0,Men's Football,52,Argentina,https://drop-assets.ea.com/images/4xMXjEt7CFJ6JENYeG45Sk/836d733dc1642c5e4ab3338d91481436/f_52.png,1876,River Plate,https://drop-assets.ea.com/images/3a9cbBltvLpgMO1eByYVRq/bc311aba63f687dc0480c592dfeca1b4/l1876.png,false,0,GK,Goalkeeper,defense,Defense,44,0,31,0,74,0,35,0,83,0,44,0,50,0,42,0,52,0,18,0,15,0,44,0,14,0,82,0,21,0,11,0,16,0,73,0,75,0,69,0,81,0,82,0,19,0,21,0,29,0,17,0,73,0,69,0,20,0,81,0,17,0,74,0,75,0,35,0,52,0,18,0,45,0,13,0,54,0,18,0,,,,,,,,
235945,1105,78,Marc,Roca Junqué,Marc Roca,11/26/1996 12:00:00 AM,184,3,3,2,LALIGA EA SPORTS,81,https://ratings-images-prod.pulse.ea.com/FC25/full/player-portraits/p235945.png?padding=0.7,https://ratings-images-prod.pulse.ea.com/FC25/full/player-shields/en/235945.png?width=250,14,Center Midfielder,CM,,,,,,,,,,,,,,,,,,,,,,,,,,,,,,,,,,,,,,,,,,,0,Men's Football,45,Spain,https://drop-assets.ea.com/images/Kv8okAYMsDbB3ZKbxrAXw/9d30c88d16a4c85002f35c6af412c6f7/f_45.png,449,Real Betis,https://drop-assets.ea.com/images/4rODtg2WvYGHhUGfPXxilW/e047163865b561a0ced87f9f593498c1/l449.png,false,10,CDM,Center Defensive Midfielder,midfielder,Midfielder,53,0,65,0,71,0,75,0,75,0,74,0,65,0,77,0,77,0,67,0,66,0,75,0,76,0,74,0,74,0,63,0,52,0,12,0,11,0,11,0,10,0,8,0,69,0,76,0,80,0,68,0,59,0,75,0,68,0,75,0,62,0,76,0,66,0,80,0,75,0,74,0,64,0,77,0,78,0,44,0,,,,,,,,
243282,1106,78,Dwight,McNeil,,11/22/1999 12:00:00 AM,183,3,2,2,Premier League,68,https://ratings-images-prod.pulse.ea.com/FC25/full/player-portraits/p243282.png?padding=0.7,https://ratings-images-prod.pulse.ea.com/FC25/full/player-shields/en/243282.png?width=265,18,Center Attacking Midfielder,CAM,12,Right Midfielder,RM,27,Left Wing,LW,trait1_256,Incisive Pass,"Accurate through passes, curvier swerve passes, faster precision passes",https://drop-assets.ea.com/images/2K5BYfVYRnrdjt8F3hwI04/62f147b6a436c107bfa3d042c1d5728d/Incisive_Pass.png,playStyle,Play Style,trait1_4096,Whipped Pass,"Accurate, faster crosses with more curve",https://drop-assets.ea.com/images/FfTP29PWrRWZjEaiCCVoa/a1b345e4ae7023ed78b1efd68d28f392/Whipped_Pass.png,playStyle,Play Style,trait1_1048576,Technical,"Faster Controlled Sprint, precise wide turns while dribbling",https://drop-assets.ea.com/images/5Esx7NK4YBU44O4bo07rvb/69ca9417da7fd07905f6c6956ad93f6d/Technical.png,playStyle,Play Style,,,,,,,,,,,,,,,,,,,0,Men's Football,14,England,https://drop-assets.ea.com/images/6ZM1OFXGUFeV0ZaYVKj2z/ae88ef17f8cb179fbc1c463f7e1e4bd8/f_14.png,7,Everton,https://drop-assets.ea.com/images/6Cth6wtCt1i37ZjPMZKIm3/4c68def58bf71a34afa1870cad4d5cfe/l7.png,false,16,LM,Left Midfielder,midfielder,Midfielder,68,0,75,0,68,0,84,0,64,0,57,0,72,0,79,0,76,0,82,0,81,0,55,0,57,0,79,0,81,0,73,0,74,0,6,0,14,0,14,0,12,0,14,0,59,0,46,0,75,0,85,0,67,0,79,0,62,0,68,0,75,0,76,0,76,0,78,0,83,0,51,0,67,0,60,0,80,0,57,0,,,,,,,,
254548,1107,78,Melvin,Bard,,11/6/2000 12:00:00 AM,173,3,3,2,Ligue 1 McDonald's,65,https://ratings-images-prod.pulse.ea.com/FC25/full/player-portraits/p254548.png?padding=0.7,https://ratings-images-prod.pulse.ea.com/FC25/full/player-shields/en/254548.png?width=265,16,Left Midfielder,LM,5,Center Back,CB,,,,trait1_4096,Whipped Pass,"Accurate, faster crosses with more curve",https://drop-assets.ea.com/images/FfTP29PWrRWZjEaiCCVoa/a1b345e4ae7023ed78b1efd68d28f392/Whipped_Pass.png,playStyle,Play Style,trait1_65536,Intercept,Increased reach and possession retention in interceptions,https://drop-assets.ea.com/images/5ysv7Iw8jDHl7sp1JXqIa7/d34004fed8c95bde083dcf8257391a70/Intercept.png,playStyle,Play Style,trait1_262144,Slide Tackle,Stops ball at feet during slide tackles,https://drop-assets.ea.com/images/7mI1lrxE0pv9iJfQFki9OA/8c1ecac325f923e049be72231c8c968a/Slide_Tackle.png,playStyle,Play Style,trait1_134217728,Long Throw,Powerful throw-ins for greater distance,https://drop-assets.ea.com/images/51OlohNQvoEwW0aLhknAHh/58fa7d903d10f6d8cfa2622f62ba6b6f/Long_Throw.png,playStyle,Play Style,,,,,,,,,,,,,0,Men's Football,18,France,https://drop-assets.ea.com/images/3ECAQzhfgSLWRf9IIHB6G8/7e235a7b2f93c1f73db7f89dc03b3657/f_18.png,72,OGC Nice,https://drop-assets.ea.com/images/zByYanPvcCULBfC8OITvN/a262863aa77bfb1551a403f5f9b49f28/l72.png,false,7,LB,Left Back,defense,Defense,77,0,73,0,76,0,81,0,74,0,77,0,80,0,75,0,70,0,75,0,70,0,75,0,76,0,74,0,73,0,45,0,33,0,12,0,12,0,5,0,7,0,14,0,59,0,76,0,68,0,52,0,78,0,69,0,45,0,76,0,69,0,75,0,52,0,74,0,70,0,75,0,78,0,78,0,64,0,40,0,,,,,,,,
211738,1109,78,Mark,Flekken,,6/13/1993 12:00:00 AM,195,1,4,1,Bundesliga,87,https://ratings-images-prod.pulse.ea.com/FC25/full/player-portraits/p211738.png?padding=0.7,https://ratings-images-prod.pulse.ea.com/FC25/full/player-shields/en/211738.png?width=265,,,,,,,,,,trait1_1024,Long Ball Pass,"Accurate, faster Lob and Lofted Through Passes",https://drop-assets.ea.com/images/7jwRDD4zkOsqRpc821t73d/16d46d57a5dfc7dd5dd5f8de0fd26a99/Long_Ball_Pass.png,playStyle,Play Style,trait2_2,Footwork,"Exclusive foot saves, better performance on low shots",https://drop-assets.ea.com/images/1s2muXoHUmP1T0vGYKXSl1/6d265b13804069371f16a58788703a33/Footwork.png,playStyle,Play Style,,,,,,,,,,,,,,,,,,,,,,,,,0,Men's Football,34,Holland,https://drop-assets.ea.com/images/7LmdSUm2Ge4fzqcz0NElvq/d272142c80713dcf0e5ec0a47232aeee/f_34.png,32,Leverkusen,https://drop-assets.ea.com/images/mGqQw1um1ucUAshcK0Eop/9c7fe656f526c98b217ff2a052377b5c/l32.png,false,0,GK,Goalkeeper,defense,Defense,29,0,34,0,63,0,28,0,72,0,32,0,38,0,34,0,62,0,14,0,19,0,32,0,15,0,80,0,12,0,16,0,12,0,79,0,76,0,80,0,76,0,80,0,11,0,12,0,56,0,11,0,79,0,80,0,23,0,76,0,14,0,74,0,76,0,54,0,60,0,20,0,36,0,13,0,51,0,14,0,,,,,,,,
236636,1110,78,Anthony,Caci,,7/1/1997 12:00:00 AM,185,3,5,1,Bundesliga,76,https://ratings-images-prod.pulse.ea.com/FC25/full/player-portraits/p236636.png?padding=0.7,https://ratings-images-prod.pulse.ea.com/FC25/full/player-shields/en/236636.png?width=265,12,Right Midfielder,RM,5,Center Back,CB,,,,trait1_1024,Long Ball Pass,"Accurate, faster Lob and Lofted Through Passes",https://drop-assets.ea.com/images/7jwRDD4zkOsqRpc821t73d/16d46d57a5dfc7dd5dd5f8de0fd26a99/Long_Ball_Pass.png,playStyle,Play Style,,,,,,,,,,,,,,,,,,,,,,,,,,,,,,,0,Men's Football,18,France,https://drop-assets.ea.com/images/3ECAQzhfgSLWRf9IIHB6G8/7e235a7b2f93c1f73db7f89dc03b3657/f_18.png,169,1. FSV Mainz 05,https://drop-assets.ea.com/images/4QO9B5tBI7mcWhzDDO3b6N/f70a1fd45fb4a6dd80ceea61a3e91c4d/l169.png,false,3,RB,Right Back,defense,Defense,70,0,68,0,79,0,90,0,72,0,68,0,70,0,76,0,70,0,75,0,72,0,75,0,74,0,72,0,71,0,57,0,48,0,11,0,9,0,12,0,7,0,8,0,73,0,73,0,74,0,47,0,72,0,72,0,52,0,76,0,69,0,76,0,56,0,74,0,63,0,76,0,73,0,77,0,68,0,47,0,,,,,,,,
241602,1111,78,Jhon,Arias,,9/21/1997 12:00:00 AM,168,3,4,1,Premier League,70,https://ratings-images-prod.pulse.ea.com/FC25/full/player-portraits/p241602.png?padding=0.7,https://ratings-images-prod.pulse.ea.com/FC25/full/player-shields/en/241602.png?width=265,18,Center Attacking Midfielder,CAM,27,Left Wing,LW,12,Right Midfielder,RM,trait1_16777216,Press Proven,"Close control at jog speed, shields ball more effectively",https://drop-assets.ea.com/images/5rUHwyLJRnvGV53Ba4Pj6M/9a3238695ae8103667ba02af391ac209/Press_Proven.png,playStyle,Play Style,trait1_67108864,Relentless,"Increased half time fatigue recovery, longer teammate contain and press",https://drop-assets.ea.com/images/2vVuRxgvPNaAuFGqZZ9nDY/3e2505addd5a6b353becdeaf7173d187/Relentless.png,playStyle,Play Style,,,,,,,,,,,,,,,,,,,,,,,,,0,Men's Football,56,Colombia,https://drop-assets.ea.com/images/JphMzcFrWU7Uo2jq6GSep/d909b5b6000d5bf7515600d2c6db6375/f_56.png,110,Wolves,https://drop-assets.ea.com/images/3DIKyPF6XcAgIrI3Wv0UBo/4b26ac5525105f84de13860ebe177633/l110.png,false,23,RW,Right Wing,attack,Attack,86,0,90,0,74,0,78,0,72,0,45,0,88,0,76,0,76,0,76,0,71,0,42,0,45,0,79,0,78,0,75,0,63,0,7,0,7,0,7,0,6,0,15,0,48,0,55,0,69,0,75,0,85,0,74,0,70,0,68,0,75,0,76,0,75,0,76,0,79,0,33,0,85,0,32,0,77,0,68,0,,,,,,,,
255223,1112,78,Amine,Adli,,5/10/2000 12:00:00 AM,174,4,3,2,Premier League,72,https://ratings-images-prod.pulse.ea.com/FC25/full/player-portraits/p255223.png?padding=0.7,https://ratings-images-prod.pulse.ea.com/FC25/full/player-shields/en/255223.png?width=265,16,Left Midfielder,LM,18,Center Attacking Midfielder,CAM,,,,trait1_128,Gamechanger,Fancy and Trivela shots are performed with improved accuracy.,https://drop-assets.ea.com/images/2v8I0GQrtREaEJzJcyStKe/e46d719e4e5ed88ac5a1f671c7448f4a/Gamechanger.png,playStyle,Play Style,trait1_1048576,Technical,"Faster Controlled Sprint, precise wide turns while dribbling",https://drop-assets.ea.com/images/5Esx7NK4YBU44O4bo07rvb/69ca9417da7fd07905f6c6956ad93f6d/Technical.png,playStyle,Play Style,,,,,,,,,,,,,,,,,,,,,,,,,0,Men's Football,129,Morocco,https://drop-assets.ea.com/images/47SGeQ7STCrJZQSKOVJaHA/1aa24a57a60f85051e34a5ad8205771d/f_129.png,1943,AFC Bournemouth,https://drop-assets.ea.com/images/5Z6J6MhqjuJVwE7SVnfr5E/6075ff3239d67bdf8258a067ed93ccdb/l1943.png,false,25,ST,Striker,attack,Attack,87,0,86,0,91,0,64,0,67,0,73,0,84,0,82,0,71,0,66,0,73,0,42,0,44,0,82,0,83,0,79,0,52,0,10,0,8,0,14,0,8,0,12,0,74,0,30,0,63,0,72,0,84,0,70,0,68,0,69,0,78,0,76,0,76,0,75,0,79,0,35,0,82,0,38,0,73,0,67,0,,,,,,,,
193348,1115,78,Xherdan,Shaqiri,,10/10/1991 12:00:00 AM,169,5,4,2,Brack Super League,72,https://ratings-images-prod.pulse.ea.com/FC25/full/player-portraits/p193348.png?padding=0.7,https://ratings-images-prod.pulse.ea.com/FC25/full/player-shields/en/193348.png?width=265,23,Right Wing,RW,14,Center Midfielder,CM,,,,trait1_1,Finesse Shot,Faster finesse shots with more curve and accuracy,https://drop-assets.ea.com/images/468u1R1p2k1fA6WBHi0OEn/fb9d49ed2a8fb500cd5a184937b96b34/Finesse_Shot.png,playStyle,Play Style,trait1_4,Power Shot,Faster power shots with increased speed,https://drop-assets.ea.com/images/3ohVoKWSsvT44qgjabWqfV/e536ef26ad854c3c4cbf63ed7954b9cd/Power_Shot.png,playStyle,Play Style,trait1_8,Dead Ball,"Faster, accurate set pieces with longer trajectory preview",https://drop-assets.ea.com/images/1razu2wcM3XA82VvB7NyUm/eec6b07080e49d6bf2d7a7951a22375f/Dead_Ball.png,playStyle,Play Style,trait1_128,Gamechanger,Fancy and Trivela shots are performed with improved accuracy.,https://drop-assets.ea.com/images/2v8I0GQrtREaEJzJcyStKe/e46d719e4e5ed88ac5a1f671c7448f4a/Gamechanger.png,playStyle,Play Style,trait1_256,Incisive Pass,"Accurate through passes, curvier swerve passes, faster precision passes",https://drop-assets.ea.com/images/2K5BYfVYRnrdjt8F3hwI04/62f147b6a436c107bfa3d042c1d5728d/Incisive_Pass.png,playStyle,Play Style,trait1_8192,Inventive,Fancy and Trivela passes are performed with improved accuracy.,https://drop-assets.ea.com/images/4fpo31RdL5T0vrzNqcSc4x/f82209bfd51270dcc447d4313b3e61f1/Inventive.png,playStyle,Play Style,0,Men's Football,47,Switzerland,https://drop-assets.ea.com/images/4CseD8PxDZqObA1huFIws0/f30914625e329de69ffdd60f3c334a88/f_47.png,896,FC Basel 1893,https://drop-assets.ea.com/images/3Pch82RlxKrcAbcxJRaXPd/5960afa4e37bb3f71de4ba619cebeaee/l896.png,false,18,CAM,Center Attacking Midfielder,midfielder,Midfielder,69,0,73,0,69,0,73,0,80,0,55,0,85,0,83,0,80,0,79,0,87,0,40,0,30,0,80,0,80,0,79,0,88,0,13,0,12,0,12,0,11,0,11,0,45,0,42,0,79,0,82,0,67,0,81,0,78,0,73,0,76,0,68,0,81,0,80,0,87,0,44,0,66,0,45,0,82,0,75,0,,,,,,,,
211256,1116,78,Nicolás,Tagliafico,,8/31/1992 12:00:00 AM,172,3,2,2,Ligue 1 McDonald's,65,https://ratings-images-prod.pulse.ea.com/FC25/full/player-portraits/p211256.png?padding=0.7,https://ratings-images-prod.pulse.ea.com/FC25/full/player-shields/en/211256.png?width=265,16,Left Midfielder,LM,,,,,,,trait1_262144,Slide Tackle,Stops ball at feet during slide tackles,https://drop-assets.ea.com/images/7mI1lrxE0pv9iJfQFki9OA/8c1ecac325f923e049be72231c8c968a/Slide_Tackle.png,playStyle,Play Style,,,,,,,,,,,,,,,,,,,,,,,,,,,,,,,0,Men's Football,52,Argentina,https://drop-assets.ea.com/images/4xMXjEt7CFJ6JENYeG45Sk/836d733dc1642c5e4ab3338d91481436/f_52.png,66,OL,https://drop-assets.ea.com/images/s2BAEtejMk8pyJDqN3uyR/9938fd597d35ed59158d5b441aa07455/l66.png,false,7,LB,Left Back,defense,Defense,74,0,77,0,84,0,78,0,72,0,81,0,83,0,77,0,77,0,74,0,66,0,77,0,75,0,76,0,73,0,57,0,40,0,13,0,9,0,10,0,15,0,16,0,77,0,78,0,72,0,46,0,67,0,70,0,46,0,76,0,70,0,79,0,56,0,74,0,65,0,76,0,61,0,79,0,68,0,51,0,,,,,,,,
252935,1117,78,Leonardo,Fernández,,11/8/1998 12:00:00 AM,166,4,3,2,Libertadores,66,https://ratings-images-prod.pulse.ea.com/FC25/full/player-portraits/p252935.png?padding=0.7,https://ratings-images-prod.pulse.ea.com/FC25/full/player-shields/en/252935.png?width=265,25,Striker,ST,,,,,,,trait1_4,Power Shot,Faster power shots with increased speed,https://drop-assets.ea.com/images/3ohVoKWSsvT44qgjabWqfV/e536ef26ad854c3c4cbf63ed7954b9cd/Power_Shot.png,playStyle,Play Style,trait1_8,Dead Ball,"Faster, accurate set pieces with longer trajectory preview",https://drop-assets.ea.com/images/1razu2wcM3XA82VvB7NyUm/eec6b07080e49d6bf2d7a7951a22375f/Dead_Ball.png,playStyle,Play Style,trait1_128,Gamechanger,Fancy and Trivela shots are performed with improved accuracy.,https://drop-assets.ea.com/images/2v8I0GQrtREaEJzJcyStKe/e46d719e4e5ed88ac5a1f671c7448f4a/Gamechanger.png,playStyle,Play Style,trait1_1024,Long Ball Pass,"Accurate, faster Lob and Lofted Through Passes",https://drop-assets.ea.com/images/7jwRDD4zkOsqRpc821t73d/16d46d57a5dfc7dd5dd5f8de0fd26a99/Long_Ball_Pass.png,playStyle,Play Style,trait1_2048,Tiki Taka,Accurate first-time Ground Passes,https://drop-assets.ea.com/images/2tvHC5JQ2sXrN8wUTJWLEA/94b0f6a78d1a9e1348a33c9772f23afd/Tiki_Taka.png,playStyle,Play Style,trait1_1048576,Technical,"Faster Controlled Sprint, precise wide turns while dribbling",https://drop-assets.ea.com/images/5Esx7NK4YBU44O4bo07rvb/69ca9417da7fd07905f6c6956ad93f6d/Technical.png,playStyle,Play Style,0,Men's Football,60,Uruguay,https://drop-assets.ea.com/images/GRwJwZ17RfDveZX4N4L78/25beda9babb2d93a8ff7bb5487eb263b/f_60.png,,,,,18,CAM,Center Attacking Midfielder,midfielder,Midfielder,78,0,82,0,63,0,68,0,64,0,57,0,83,0,76,0,68,0,73,0,79,0,44,0,46,0,77,0,78,0,80,0,85,0,12,0,8,0,14,0,7,0,14,0,40,0,38,0,76,0,86,0,78,0,78,0,74,0,64,0,78,0,72,0,81,0,81,0,88,0,50,0,78,0,45,0,77,0,55,0,,,,,,,,
263620,1118,78,Romeo,Lavia,,1/6/2004 12:00:00 AM,181,3,3,1,Premier League,76,https://ratings-images-prod.pulse.ea.com/FC25/full/player-portraits/p263620.png?padding=0.7,https://ratings-images-prod.pulse.ea.com/FC25/full/player-shields/en/263620.png?width=265,14,Center Midfielder,CM,,,,,,,trait1_1048576,Technical,"Faster Controlled Sprint, precise wide turns while dribbling",https://drop-assets.ea.com/images/5Esx7NK4YBU44O4bo07rvb/69ca9417da7fd07905f6c6956ad93f6d/Technical.png,playStyle,Play Style,,,,,,,,,,,,,,,,,,,,,,,,,,,,,,,0,Men's Football,7,Belgium,https://drop-assets.ea.com/images/7eZLPoDDyxSlQoqcS4NVA2/6fc085dc7e85ccd7519be7ff2df875ee/f_7.png,5,Chelsea,https://drop-assets.ea.com/images/6T0vfhzb3y9R6YVtmVwYcD/b99723a87536e30979c7cbdb8bba9310/l5.png,false,10,CDM,Center Defensive Midfielder,midfielder,Midfielder,71,0,76,0,80,0,65,0,77,0,79,0,77,0,78,0,78,0,62,0,70,0,77,0,78,0,77,0,77,0,43,0,50,0,7,0,7,0,5,0,11,0,13,0,70,0,78,0,76,0,60,0,69,0,72,0,50,0,75,0,60,0,77,0,52,0,79,0,63,0,77,0,68,0,78,0,75,0,43,0,,,,,,,,
222331,1123,78,Lukas,Klostermann,,6/3/1996 12:00:00 AM,189,2,3,1,Bundesliga,90,https://ratings-images-prod.pulse.ea.com/FC25/full/player-portraits/p222331.png?padding=0.7,https://ratings-images-prod.pulse.ea.com/FC25/full/player-shields/en/222331.png?width=265,3,Right Back,RB,,,,,,,trait1_33554432,Quick Step,Faster acceleration during Explosive Sprint,https://drop-assets.ea.com/images/1xG25Zp3wvkLA5YewKiZah/f27f5fabd1e899fc0bbb817d2db233b1/Quick_Step.png,playStyle,Play Style,,,,,,,,,,,,,,,,,,,,,,,,,,,,,,,0,Men's Football,21,Germany,https://drop-assets.ea.com/images/6IIMMGk0Uj1rcZ6DSHTpLL/93f95b602dc62594104f418c8f80ebb3/f_21.png,112172,RB Leipzig,https://drop-assets.ea.com/images/1EoW6b2VkhiP3S0vqikd9s/f181f899a2037360f70a9a8aba18af30/l112172.png,false,5,CB,Center Back,defense,Defense,81,0,62,0,88,0,72,0,78,0,70,0,60,0,72,0,69,0,70,0,47,0,80,0,81,0,70,0,71,0,55,0,22,0,8,0,12,0,10,0,7,0,7,0,75,0,81,0,62,0,31,0,82,0,64,0,32,0,75,0,68,0,80,0,50,0,74,0,58,0,79,0,83,0,80,0,55,0,41,0,,,,,,,,
235844,1124,78,Edson,Álvarez,,10/24/1997 12:00:00 AM,187,2,2,1,Trendyol Süper Lig,73,https://ratings-images-prod.pulse.ea.com/FC25/full/player-portraits/p235844.png?padding=0.7,https://ratings-images-prod.pulse.ea.com/FC25/full/player-shields/en/235844.png?width=265,14,Center Midfielder,CM,,,,,,,trait1_32768,Block,Increased reach and success in blocking,https://drop-assets.ea.com/images/2Rlftzr8lqUdI29suCQVWe/43c6c36e8bd5fa26b88478d4354611a2/Block.png,playStyle,Play Style,trait1_131072,Anticipate,"Improved standing tackle success, possibility of stopping ball at feet",https://drop-assets.ea.com/images/4xPnUcL7thizFB7qmhlwUR/1ade7a0f77d5e875c2db869964540a35/Anticipate.png,playStyle,Play Style,trait1_262144,Slide Tackle,Stops ball at feet during slide tackles,https://drop-assets.ea.com/images/7mI1lrxE0pv9iJfQFki9OA/8c1ecac325f923e049be72231c8c968a/Slide_Tackle.png,playStyle,Play Style,trait1_268435456,Bruiser,Stronger physical tackles,https://drop-assets.ea.com/images/7euMJ2jVypFrFPQesWuGGm/14019168b12faac1584a2920d5c2d5d9/Bruiser.png,playStyle,Play Style,,,,,,,,,,,,,0,Men's Football,83,Mexico,https://drop-assets.ea.com/images/3m4cwLXvHQdesnFwv0Glk6/4adea5e8e658a7ce798dd0ba1521cdda/f_83.png,326,Fenerbahçe,https://drop-assets.ea.com/images/3sfoNHvqDPqhM1PsEE1sNM/b9dcc82d0e2fba3efc8e8d0ed4c216a6/l326.png,false,10,CDM,Center Defensive Midfielder,midfielder,Midfielder,64,0,60,0,79,0,72,0,80,0,86,0,68,0,76,0,76,0,64,0,42,0,78,0,76,0,72,0,72,0,57,0,40,0,7,0,11,0,10,0,7,0,6,0,82,0,79,0,76,0,40,0,65,0,69,0,65,0,79,0,56,0,77,0,58,0,78,0,74,0,77,0,65,0,79,0,69,0,63,0,,,,,,,,
235997,1125,78,Francisco José,Beltrán Peinado,Fran Beltrán,2/3/1999 12:00:00 AM,165,3,3,1,LALIGA EA SPORTS,64,https://ratings-images-prod.pulse.ea.com/FC25/full/player-portraits/p235997.png?padding=0.7,https://ratings-images-prod.pulse.ea.com/FC25/full/player-shields/en/235997.png?width=265,10,Center Defensive Midfielder,CDM,,,,,,,trait1_2048,Tiki Taka,Accurate first-time Ground Passes,https://drop-assets.ea.com/images/2tvHC5JQ2sXrN8wUTJWLEA/94b0f6a78d1a9e1348a33c9772f23afd/Tiki_Taka.png,playStyle,Play Style,,,,,,,,,,,,,,,,,,,,,,,,,,,,,,,0,Men's Football,45,Spain,https://drop-assets.ea.com/images/Kv8okAYMsDbB3ZKbxrAXw/9d30c88d16a4c85002f35c6af412c6f7/f_45.png,450,Celta,https://drop-assets.ea.com/images/3t0uDwxQg2iWoXop58je1a/d5c49ec269ace3a1ad2ded5fb2e8a9ec/l450.png,false,14,CM,Center Midfielder,midfielder,Midfielder,56,0,77,0,65,0,77,0,64,0,70,0,88,0,78,0,67,0,72,0,62,0,76,0,77,0,77,0,76,0,65,0,55,0,14,0,11,0,8,0,13,0,9,0,60,0,76,0,81,0,74,0,56,0,76,0,49,0,69,0,70,0,76,0,67,0,81,0,68,0,78,0,56,0,78,0,78,0,63,0,,,,,,,,
239892,1126,78,Yunus,Akgün,,7/7/2000 12:00:00 AM,173,4,3,2,Trendyol Süper Lig,65,https://ratings-images-prod.pulse.ea.com/FC25/full/player-portraits/p239892.png?padding=0.7,https://ratings-images-prod.pulse.ea.com/FC25/full/player-shields/en/239892.png?width=265,16,Left Midfielder,LM,18,Center Attacking Midfielder,CAM,23,Right Wing,RW,trait1_1,Finesse Shot,Faster finesse shots with more curve and accuracy,https://drop-assets.ea.com/images/468u1R1p2k1fA6WBHi0OEn/fb9d49ed2a8fb500cd5a184937b96b34/Finesse_Shot.png,playStyle,Play Style,trait1_128,Gamechanger,Fancy and Trivela shots are performed with improved accuracy.,https://drop-assets.ea.com/images/2v8I0GQrtREaEJzJcyStKe/e46d719e4e5ed88ac5a1f671c7448f4a/Gamechanger.png,playStyle,Play Style,trait1_2097152,Rapid,"Higher sprint speed while dribbling, reduced error on knock-ons",https://drop-assets.ea.com/images/1aGsvwKyIFlRG1eoJSS0Ot/a4d3d661ff962795a632fe86439d2146/Rapid.png,playStyle,Play Style,trait1_33554432,Quick Step,Faster acceleration during Explosive Sprint,https://drop-assets.ea.com/images/1xG25Zp3wvkLA5YewKiZah/f27f5fabd1e899fc0bbb817d2db233b1/Quick_Step.png,playStyle,Play Style,,,,,,,,,,,,,0,Men's Football,48,Turkey,https://drop-assets.ea.com/images/501PnaP87pzjR8dKEQ20OT/7f0fd5c896b732a094222cbf0560b4c2/f_48.png,325,Galatasaray,https://drop-assets.ea.com/images/6P5sN0m3ZRE23vjlT8gh5q/f7f9acf3a7be5ea12f889d93dbdfd48f/l325.png,false,12,RM,Right Midfielder,midfielder,Midfielder,88,0,89,0,60,0,76,0,50,0,68,0,88,0,79,0,77,0,72,0,75,0,40,0,41,0,81,0,81,0,77,0,64,0,6,0,9,0,8,0,7,0,7,0,52,0,39,0,72,0,79,0,87,0,74,0,67,0,61,0,70,0,74,0,78,0,76,0,84,0,35,0,86,0,38,0,76,0,71,0,,,,,,,,
255566,1127,78,Samuel,Almeida Costa,Samú Costa,11/27/2000 12:00:00 AM,183,2,2,2,LALIGA EA SPORTS,75,https://ratings-images-prod.pulse.ea.com/FC25/full/player-portraits/p255566.png?padding=0.7,https://ratings-images-prod.pulse.ea.com/FC25/full/player-shields/en/255566.png?width=265,14,Center Midfielder,CM,,,,,,,trait1_65536,Intercept,Increased reach and possession retention in interceptions,https://drop-assets.ea.com/images/5ysv7Iw8jDHl7sp1JXqIa7/d34004fed8c95bde083dcf8257391a70/Intercept.png,playStyle,Play Style,trait1_524288,Aerial Fortress,Performs higher jumps and has physical defensive presence before and during aerial duels,https://drop-assets.ea.com/images/3rsDbUXd3MZX39YTsk6lKe/404db89f2237eeb7466668a730c52a4b/Aerial_Fortress.png,playStyle,Play Style,trait1_16777216,Press Proven,"Close control at jog speed, shields ball more effectively",https://drop-assets.ea.com/images/5rUHwyLJRnvGV53Ba4Pj6M/9a3238695ae8103667ba02af391ac209/Press_Proven.png,playStyle,Play Style,,,,,,,,,,,,,,,,,,,0,Men's Football,38,Portugal,https://drop-assets.ea.com/images/3CxRD7XqY2NSlZ3628fY4S/abf38470644ee334e6a425b9272f7767/f_38.png,453,RCD Mallorca,https://drop-assets.ea.com/images/3M8ak3PmmUDRXsH9mryxH9/54d5da4b609ccf51bd0564abad99cc0e/l453.png,false,10,CDM,Center Defensive Midfielder,midfielder,Midfielder,65,0,67,0,79,0,82,0,76,0,81,0,64,0,76,0,66,0,58,0,47,0,75,0,74,0,71,0,69,0,59,0,52,0,6,0,7,0,12,0,14,0,9,0,71,0,75,0,76,0,72,0,61,0,70,0,54,0,79,0,64,0,74,0,65,0,79,0,79,0,75,0,57,0,78,0,71,0,50,0,,,,,,,,
238896,1130,78,Eduardo Gabriel,Aquino Cossa,Pepê,2/24/1997 12:00:00 AM,173,4,2,1,Liga Portugal,72,https://ratings-images-prod.pulse.ea.com/FC25/full/player-portraits/p238896.png?padding=0.7,https://ratings-images-prod.pulse.ea.com/FC25/full/player-shields/en/238896.png?width=265,12,Right Midfielder,RM,16,Left Midfielder,LM,14,Center Midfielder,CM,trait1_1048576,Technical,"Faster Controlled Sprint, precise wide turns while dribbling",https://drop-assets.ea.com/images/5Esx7NK4YBU44O4bo07rvb/69ca9417da7fd07905f6c6956ad93f6d/Technical.png,playStyle,Play Style,trait1_4194304,First Touch,"Reduced trapping error, faster dribbling transition",https://drop-assets.ea.com/images/3f727XsoDVLbT49oMk0HBu/2787568be8ccb2d5daa2d18fabacad97/First_Touch.png,playStyle,Play Style,trait1_8388608,Trickster,Performs unique flick Skill Moves,https://drop-assets.ea.com/images/47Ygd5ri33RgjIYGiTAJpj/f0723e6f2f89a98fb6e8200c3659c6a9/Trickster.png,playStyle,Play Style,trait1_33554432,Quick Step,Faster acceleration during Explosive Sprint,https://drop-assets.ea.com/images/1xG25Zp3wvkLA5YewKiZah/f27f5fabd1e899fc0bbb817d2db233b1/Quick_Step.png,playStyle,Play Style,,,,,,,,,,,,,0,Men's Football,54,Brazil,https://drop-assets.ea.com/images/1zdNn1R9tRlfQ3lsbAOecD/a606f742789b6306363383a6e20dd003/f_54.png,236,FC Porto,https://drop-assets.ea.com/images/3rIoG9U8fPPfaXZiGOGtvw/37c0c0ceefe454e9c299d4cc1852671f/l236.png,false,18,CAM,Center Attacking Midfielder,midfielder,Midfielder,86,0,87,0,61,0,73,0,52,0,54,0,80,0,84,0,73,0,71,0,67,0,52,0,55,0,83,0,83,0,70,0,53,0,14,0,6,0,13,0,10,0,9,0,42,0,70,0,69,0,72,0,85,0,72,0,65,0,58,0,78,0,79,0,70,0,75,0,68,0,41,0,85,0,45,0,75,0,69,0,,,,,,,,
241436,1131,78,Calvin,Bassey,,12/31/1999 12:00:00 AM,185,2,3,2,Premier League,88,https://ratings-images-prod.pulse.ea.com/FC25/full/player-portraits/p241436.png?padding=0.7,https://ratings-images-prod.pulse.ea.com/FC25/full/player-shields/en/241436.png?width=250,,,,,,,,,,,,,,,,,,,,,,,,,,,,,,,,,,,,,,,,,,,,,,0,Men's Football,133,Nigeria,https://drop-assets.ea.com/images/7pdYOUzcOpsSLsQJqx6jq9/ab9bec93f27d4c42a76f2617073a6cce/f_133.png,144,Fulham,https://drop-assets.ea.com/images/1YL8ULAZyOPtffpFGZcGe8/84ec5701079276f33aa349d253fa0321/l144.png,false,5,CB,Center Back,defense,Defense,75,0,67,0,82,0,86,0,88,0,85,0,66,0,66,0,70,0,68,0,63,0,77,0,79,0,68,0,69,0,36,0,37,0,9,0,7,0,5,0,8,0,7,0,75,0,76,0,60,0,36,0,81,0,63,0,44,0,87,0,57,0,77,0,44,0,71,0,65,0,76,0,86,0,78,0,55,0,49,0,,,,,,,,
273463,1133,78,João Victor,Gomes da Silva,João Gomes,2/12/2001 12:00:00 AM,176,3,3,1,Premier League,74,https://ratings-images-prod.pulse.ea.com/FC25/full/player-portraits/p273463.png?padding=0.7,https://ratings-images-prod.pulse.ea.com/FC25/full/player-shields/en/273463.png?width=265,14,Center Midfielder,CM,,,,,,,trait1_262144,Slide Tackle,Stops ball at feet during slide tackles,https://drop-assets.ea.com/images/7mI1lrxE0pv9iJfQFki9OA/8c1ecac325f923e049be72231c8c968a/Slide_Tackle.png,playStyle,Play Style,trait1_16777216,Press Proven,"Close control at jog speed, shields ball more effectively",https://drop-assets.ea.com/images/5rUHwyLJRnvGV53Ba4Pj6M/9a3238695ae8103667ba02af391ac209/Press_Proven.png,playStyle,Play Style,,,,,,,,,,,,,,,,,,,,,,,,,0,Men's Football,54,Brazil,https://drop-assets.ea.com/images/1zdNn1R9tRlfQ3lsbAOecD/a606f742789b6306363383a6e20dd003/f_54.png,110,Wolves,https://drop-assets.ea.com/images/3DIKyPF6XcAgIrI3Wv0UBo/4b26ac5525105f84de13860ebe177633/l110.png,false,10,CDM,Center Defensive Midfielder,midfielder,Midfielder,56,0,74,0,69,0,78,0,68,0,84,0,82,0,77,0,72,0,64,0,60,0,77,0,74,0,75,0,73,0,65,0,63,0,7,0,14,0,10,0,14,0,13,0,70,0,79,0,77,0,69,0,54,0,72,0,69,0,74,0,68,0,75,0,68,0,78,0,75,0,77,0,52,0,81,0,73,0,55,0,,,,,,,,
228881,1134,78,Davide,Calabria,,12/6/1996 12:00:00 AM,177,3,3,1,Hellas Liga,70,https://ratings-images-prod.pulse.ea.com/FC25/full/player-portraits/p228881.png?padding=0.7,https://ratings-images-prod.pulse.ea.com/FC25/full/player-shields/en/228881.png?width=250,,,,,,,,,,,,,,,,,,,,,,,,,,,,,,,,,,,,,,,,,,,,,,0,Men's Football,27,Italy,https://drop-assets.ea.com/images/2WtjWPqYzT7xcMCbvajGZH/d06e9ec4734a0d43d88f65386cc3a484/f_27.png,1884,Panathinaikos,https://drop-assets.ea.com/images/zBYvcvWRAiK0eUY0XmU05/eebc4858ed03bb676b80ce8b9cef6919/l1884.png,false,3,RB,Right Back,defense,Defense,79,0,80,0,72,0,73,0,58,0,78,0,81,0,75,0,78,0,76,0,73,0,76,0,75,0,73,0,68,0,48,0,48,0,8,0,14,0,15,0,12,0,7,0,64,0,79,0,69,0,69,0,77,0,70,0,48,0,66,0,51,0,75,0,57,0,73,0,68,0,77,0,75,0,79,0,64,0,60,0,,,,,,,,
239701,1135,78,Romano,Schmid,,1/27/2000 12:00:00 AM,168,3,3,1,Bundesliga,73,https://ratings-images-prod.pulse.ea.com/FC25/full/player-portraits/p239701.png?padding=0.7,https://ratings-images-prod.pulse.ea.com/FC25/full/player-shields/en/239701.png?width=265,14,Center Midfielder,CM,,,,,,,trait1_256,Incisive Pass,"Accurate through passes, curvier swerve passes, faster precision passes",https://drop-assets.ea.com/images/2K5BYfVYRnrdjt8F3hwI04/62f147b6a436c107bfa3d042c1d5728d/Incisive_Pass.png,playStyle,Play Style,,,,,,,,,,,,,,,,,,,,,,,,,,,,,,,0,Men's Football,4,Austria,https://drop-assets.ea.com/images/2nTz63NpDfuBGFbmXrDg0N/eaa6fc81bfd7bd77d76886d479841ebb/f_4.png,38,SV Werder Bremen,https://drop-assets.ea.com/images/5UE88g3Vfeo6kFu8lh1s26/cfc99dce8f7c7dc22a8a39920383cf3d/l38.png,false,18,CAM,Center Attacking Midfielder,midfielder,Midfielder,78,0,87,0,55,0,88,0,49,0,44,0,90,0,83,0,72,0,83,0,75,0,56,0,60,0,83,0,84,0,62,0,65,0,7,0,9,0,7,0,9,0,6,0,39,0,64,0,72,0,72,0,77,0,78,0,52,0,58,0,77,0,79,0,67,0,80,0,76,0,39,0,76,0,57,0,78,0,55,0,,,,,,,,
244380,1136,78,Vitaliy,Mykolenko,,5/29/1999 12:00:00 AM,180,2,2,2,Premier League,71,https://ratings-images-prod.pulse.ea.com/FC25/full/player-portraits/p244380.png?padding=0.7,https://ratings-images-prod.pulse.ea.com/FC25/full/player-shields/en/244380.png?width=265,16,Left Midfielder,LM,,,,,,,trait1_65536,Intercept,Increased reach and possession retention in interceptions,https://drop-assets.ea.com/images/5ysv7Iw8jDHl7sp1JXqIa7/d34004fed8c95bde083dcf8257391a70/Intercept.png,playStyle,Play Style,,,,,,,,,,,,,,,,,,,,,,,,,,,,,,,0,Men's Football,49,Ukraine,https://drop-assets.ea.com/images/6qDmsmOUdD4va3zMohbKhb/0074f5347b6d5908bf7c36de17f1e512/f_49.png,7,Everton,https://drop-assets.ea.com/images/6Cth6wtCt1i37ZjPMZKIm3/4c68def58bf71a34afa1870cad4d5cfe/l7.png,false,7,LB,Left Back,defense,Defense,70,0,66,0,72,0,79,0,69,0,64,0,68,0,74,0,72,0,74,0,74,0,77,0,78,0,71,0,70,0,44,0,42,0,9,0,8,0,14,0,9,0,14,0,65,0,77,0,69,0,59,0,74,0,71,0,50,0,71,0,65,0,76,0,55,0,74,0,70,0,78,0,77,0,80,0,70,0,64,0,,,,,,,,
252259,1137,78,Enzo,Millot,,7/17/2002 12:00:00 AM,174,4,2,2,ROSHN Saudi League,66,https://ratings-images-prod.pulse.ea.com/FC25/full/player-portraits/p252259.png?padding=0.7,https://ratings-images-prod.pulse.ea.com/FC25/full/player-shields/en/252259.png?width=265,14,Center Midfielder,CM,,,,,,,trait1_256,Incisive Pass,"Accurate through passes, curvier swerve passes, faster precision passes",https://drop-assets.ea.com/images/2K5BYfVYRnrdjt8F3hwI04/62f147b6a436c107bfa3d042c1d5728d/Incisive_Pass.png,playStyle,Play Style,trait1_8192,Inventive,Fancy and Trivela passes are performed with improved accuracy.,https://drop-assets.ea.com/images/4fpo31RdL5T0vrzNqcSc4x/f82209bfd51270dcc447d4313b3e61f1/Inventive.png,playStyle,Play Style,trait1_1048576,Technical,"Faster Controlled Sprint, precise wide turns while dribbling",https://drop-assets.ea.com/images/5Esx7NK4YBU44O4bo07rvb/69ca9417da7fd07905f6c6956ad93f6d/Technical.png,playStyle,Play Style,trait1_4194304,First Touch,"Reduced trapping error, faster dribbling transition",https://drop-assets.ea.com/images/3f727XsoDVLbT49oMk0HBu/2787568be8ccb2d5daa2d18fabacad97/First_Touch.png,playStyle,Play Style,,,,,,,,,,,,,0,Men's Football,18,France,https://drop-assets.ea.com/images/3ECAQzhfgSLWRf9IIHB6G8/7e235a7b2f93c1f73db7f89dc03b3657/f_18.png,112387,Al Ahli,https://drop-assets.ea.com/images/3lVk0osL7o6YMhHuK4YYD6/5e106847b59ce2a4f0bfb55988d812c3/l112387.png,false,18,CAM,Center Attacking Midfielder,midfielder,Midfielder,77,0,87,0,55,0,75,0,46,0,57,0,85,0,82,0,74,0,70,0,72,0,61,0,64,0,83,0,83,0,71,0,59,0,13,0,15,0,12,0,8,0,8,0,44,0,65,0,75,0,67,0,74,0,75,0,62,0,56,0,77,0,79,0,70,0,80,0,73,0,53,0,72,0,65,0,78,0,54,0,,,,,,,,
206467,1141,78,Alassane,Pléa,,3/10/1993 12:00:00 AM,181,4,3,1,Eredivisie,82,https://ratings-images-prod.pulse.ea.com/FC25/full/player-portraits/p206467.png?padding=0.7,https://ratings-images-prod.pulse.ea.com/FC25/full/player-shields/en/206467.png?width=265,18,Center Attacking Midfielder,CAM,27,Left Wing,LW,,,,trait1_1,Finesse Shot,Faster finesse shots with more curve and accuracy,https://drop-assets.ea.com/images/468u1R1p2k1fA6WBHi0OEn/fb9d49ed2a8fb500cd5a184937b96b34/Finesse_Shot.png,playStyle,Play Style,trait1_16,Precision Header,Performs headers with increased accuracy and power.,https://drop-assets.ea.com/images/3ync8fbblS4zLzF3p1VXmT/7752a5103c2ebd8be5cf1819379c66f4/Precision_Header.png,playStyle,Play Style,trait1_256,Incisive Pass,"Accurate through passes, curvier swerve passes, faster precision passes",https://drop-assets.ea.com/images/2K5BYfVYRnrdjt8F3hwI04/62f147b6a436c107bfa3d042c1d5728d/Incisive_Pass.png,playStyle,Play Style,trait1_8192,Inventive,Fancy and Trivela passes are performed with improved accuracy.,https://drop-assets.ea.com/images/4fpo31RdL5T0vrzNqcSc4x/f82209bfd51270dcc447d4313b3e61f1/Inventive.png,playStyle,Play Style,trait1_1048576,Technical,"Faster Controlled Sprint, precise wide turns while dribbling",https://drop-assets.ea.com/images/5Esx7NK4YBU44O4bo07rvb/69ca9417da7fd07905f6c6956ad93f6d/Technical.png,playStyle,Play Style,trait1_4194304,First Touch,"Reduced trapping error, faster dribbling transition",https://drop-assets.ea.com/images/3f727XsoDVLbT49oMk0HBu/2787568be8ccb2d5daa2d18fabacad97/First_Touch.png,playStyle,Play Style,0,Men's Football,18,France,https://drop-assets.ea.com/images/3ECAQzhfgSLWRf9IIHB6G8/7e235a7b2f93c1f73db7f89dc03b3657/f_18.png,,,,,25,ST,Striker,attack,Attack,75,0,77,0,82,0,73,0,73,0,53,0,79,0,80,0,79,0,79,0,82,0,38,0,29,0,80,0,80,0,78,0,73,0,11,0,15,0,16,0,12,0,15,0,73,0,39,0,78,0,78,0,73,0,80,0,70,0,69,0,80,0,79,0,78,0,79,0,79,0,29,0,72,0,38,0,84,0,80,0,,,,,,,,
234200,1143,78,Aschraf,El Mahdioui,,5/24/1996 12:00:00 AM,182,3,4,1,ROSHN Saudi League,71,https://ratings-images-prod.pulse.ea.com/FC25/full/player-portraits/p234200.png?padding=0.7,https://ratings-images-prod.pulse.ea.com/FC25/full/player-shields/en/234200.png?width=265,14,Center Midfielder,CM,5,Center Back,CB,,,,trait1_512,Pinged Pass,Faster ground passes without affecting receiver's trapping,https://drop-assets.ea.com/images/1mXBWIBgJSpYoIa1C4r5FX/7220e78a4049530f4e9fa642b1656fa4/Pinged_Pass.png,playStyle,Play Style,trait1_1024,Long Ball Pass,"Accurate, faster Lob and Lofted Through Passes",https://drop-assets.ea.com/images/7jwRDD4zkOsqRpc821t73d/16d46d57a5dfc7dd5dd5f8de0fd26a99/Long_Ball_Pass.png,playStyle,Play Style,trait1_65536,Intercept,Increased reach and possession retention in interceptions,https://drop-assets.ea.com/images/5ysv7Iw8jDHl7sp1JXqIa7/d34004fed8c95bde083dcf8257391a70/Intercept.png,playStyle,Play Style,trait1_524288,Aerial Fortress,Performs higher jumps and has physical defensive presence before and during aerial duels,https://drop-assets.ea.com/images/3rsDbUXd3MZX39YTsk6lKe/404db89f2237eeb7466668a730c52a4b/Aerial_Fortress.png,playStyle,Play Style,trait1_16777216,Press Proven,"Close control at jog speed, shields ball more effectively",https://drop-assets.ea.com/images/5rUHwyLJRnvGV53Ba4Pj6M/9a3238695ae8103667ba02af391ac209/Press_Proven.png,playStyle,Play Style,,,,,,,0,Men's Football,34,Holland,https://drop-assets.ea.com/images/7LmdSUm2Ge4fzqcz0NElvq/d272142c80713dcf0e5ec0a47232aeee/f_34.png,112393,Al Taawoun,https://drop-assets.ea.com/images/7p6TA5ewyxs1qzy8ym2ydy/15c716ca66c2ffcbed401be345ff6f8e/l112393.png,false,10,CDM,Center Defensive Midfielder,midfielder,Midfielder,69,0,75,0,63,0,90,0,75,0,75,0,68,0,79,0,81,0,64,0,72,0,72,0,75,0,73,0,68,0,44,0,65,0,10,0,9,0,9,0,6,0,12,0,54,0,75,0,80,0,66,0,66,0,74,0,65,0,78,0,57,0,78,0,55,0,80,0,66,0,68,0,63,0,75,0,73,0,53,0,,,,,,,,
244728,1145,78,Sem,Steijn,,11/12/2001 12:00:00 AM,173,3,3,1,Eredivisie,59,https://ratings-images-prod.pulse.ea.com/FC25/full/player-portraits/p244728.png?padding=0.7,https://ratings-images-prod.pulse.ea.com/FC25/full/player-shields/en/244728.png?width=265,14,Center Midfielder,CM,,,,,,,trait1_1,Finesse Shot,Faster finesse shots with more curve and accuracy,https://drop-assets.ea.com/images/468u1R1p2k1fA6WBHi0OEn/fb9d49ed2a8fb500cd5a184937b96b34/Finesse_Shot.png,playStyle,Play Style,trait1_2,Chip Shot,"Faster, more accurate chip shots",https://drop-assets.ea.com/images/6Gl08kt7odn1fJNX74CS2P/984feac3cd8d99902f5cb5131d5fd26a/Chip_Shot.png,playStyle,Play Style,trait1_32,Acrobatic,"Perform volleys with increased accuracy, acrobatic volley animations",https://drop-assets.ea.com/images/2sRRBHcIe0zrDwYaRI2xG3/d02b8c8855de853470897009e030eb5d/Acrobatic.png,playStyle,Play Style,trait1_128,Gamechanger,Fancy and Trivela shots are performed with improved accuracy.,https://drop-assets.ea.com/images/2v8I0GQrtREaEJzJcyStKe/e46d719e4e5ed88ac5a1f671c7448f4a/Gamechanger.png,playStyle,Play Style,trait1_67108864,Relentless,"Increased half time fatigue recovery, longer teammate contain and press",https://drop-assets.ea.com/images/2vVuRxgvPNaAuFGqZZ9nDY/3e2505addd5a6b353becdeaf7173d187/Relentless.png,playStyle,Play Style,,,,,,,0,Men's Football,34,Holland,https://drop-assets.ea.com/images/7LmdSUm2Ge4fzqcz0NElvq/d272142c80713dcf0e5ec0a47232aeee/f_34.png,,,,,18,CAM,Center Attacking Midfielder,midfielder,Midfielder,73,0,75,0,71,0,89,0,66,0,78,0,84,0,80,0,77,0,68,0,72,0,43,0,37,0,77,0,75,0,86,0,81,0,7,0,8,0,9,0,6,0,12,0,74,0,34,0,69,0,79,0,66,0,74,0,83,0,74,0,87,0,82,0,84,0,77,0,84,0,52,0,61,0,40,0,79,0,82,0,,,,,,,,
256261,1146,78,Malick,Thiaw,,8/8/2001 12:00:00 AM,194,2,4,1,Premier League,89,https://ratings-images-prod.pulse.ea.com/FC25/full/player-portraits/p256261.png?padding=0.7,https://ratings-images-prod.pulse.ea.com/FC25/full/player-shields/en/256261.png?width=265,,,,,,,,,,trait1_262144,Slide Tackle,Stops ball at feet during slide tackles,https://drop-assets.ea.com/images/7mI1lrxE0pv9iJfQFki9OA/8c1ecac325f923e049be72231c8c968a/Slide_Tackle.png,playStyle,Play Style,,,,,,,,,,,,,,,,,,,,,,,,,,,,,,,0,Men's Football,21,Germany,https://drop-assets.ea.com/images/6IIMMGk0Uj1rcZ6DSHTpLL/93f95b602dc62594104f418c8f80ebb3/f_21.png,13,Newcastle Utd,https://drop-assets.ea.com/images/69fXoaX4p9zFwKaZYoNtNX/14d86649a9b5a3f7e876cc3d46357b5d/l13.png,false,5,CB,Center Back,defense,Defense,72,0,67,0,88,0,76,0,82,0,76,0,54,0,76,0,78,0,55,0,58,0,78,0,78,0,72,0,70,0,43,0,44,0,10,0,6,0,15,0,11,0,9,0,78,0,76,0,78,0,46,0,72,0,69,0,64,0,80,0,42,0,78,0,47,0,81,0,56,0,77,0,72,0,78,0,65,0,44,0,,,,,,,,
272978,1150,78,Jorrel,Hato,,3/7/2006 12:00:00 AM,182,2,3,2,Premier League,76,https://ratings-images-prod.pulse.ea.com/FC25/full/player-portraits/p272978.png?padding=0.7,https://ratings-images-prod.pulse.ea.com/FC25/full/player-shields/en/272978.png?width=265,5,Center Back,CB,,,,,,,trait1_512,Pinged Pass,Faster ground passes without affecting receiver's trapping,https://drop-assets.ea.com/images/1mXBWIBgJSpYoIa1C4r5FX/7220e78a4049530f4e9fa642b1656fa4/Pinged_Pass.png,playStyle,Play Style,trait1_16384,Jockey,"Faster Sprint Jockey, better transition speed",https://drop-assets.ea.com/images/7lHjpOBSghE6Ywt1jgVv1C/21f9914d00f073d79d4b46cac71b9087/Jockey.png,playStyle,Play Style,trait1_65536,Intercept,Increased reach and possession retention in interceptions,https://drop-assets.ea.com/images/5ysv7Iw8jDHl7sp1JXqIa7/d34004fed8c95bde083dcf8257391a70/Intercept.png,playStyle,Play Style,trait1_33554432,Quick Step,Faster acceleration during Explosive Sprint,https://drop-assets.ea.com/images/1xG25Zp3wvkLA5YewKiZah/f27f5fabd1e899fc0bbb817d2db233b1/Quick_Step.png,playStyle,Play Style,,,,,,,,,,,,,0,Men's Football,34,Holland,https://drop-assets.ea.com/images/7LmdSUm2Ge4fzqcz0NElvq/d272142c80713dcf0e5ec0a47232aeee/f_34.png,5,Chelsea,https://drop-assets.ea.com/images/6T0vfhzb3y9R6YVtmVwYcD/b99723a87536e30979c7cbdb8bba9310/l5.png,false,7,LB,Left Back,defense,Defense,87,0,76,0,91,0,69,0,73,0,72,0,78,0,78,0,78,0,66,0,59,0,75,0,74,0,74,0,70,0,39,0,31,0,8,0,5,0,5,0,13,0,9,0,69,0,77,0,74,0,30,0,85,0,70,0,34,0,73,0,61,0,79,0,41,0,79,0,55,0,73,0,84,0,77,0,67,0,36,0,,,,,,,,
222028,1151,78,Julian,Weigl,,9/8/1995 12:00:00 AM,186,3,3,1,ROSHN Saudi League,77,https://ratings-images-prod.pulse.ea.com/FC25/full/player-portraits/p222028.png?padding=0.7,https://ratings-images-prod.pulse.ea.com/FC25/full/player-shields/en/222028.png?width=265,14,Center Midfielder,CM,5,Center Back,CB,,,,trait1_512,Pinged Pass,Faster ground passes without affecting receiver's trapping,https://drop-assets.ea.com/images/1mXBWIBgJSpYoIa1C4r5FX/7220e78a4049530f4e9fa642b1656fa4/Pinged_Pass.png,playStyle,Play Style,trait1_1024,Long Ball Pass,"Accurate, faster Lob and Lofted Through Passes",https://drop-assets.ea.com/images/7jwRDD4zkOsqRpc821t73d/16d46d57a5dfc7dd5dd5f8de0fd26a99/Long_Ball_Pass.png,playStyle,Play Style,trait1_2048,Tiki Taka,Accurate first-time Ground Passes,https://drop-assets.ea.com/images/2tvHC5JQ2sXrN8wUTJWLEA/94b0f6a78d1a9e1348a33c9772f23afd/Tiki_Taka.png,playStyle,Play Style,trait1_65536,Intercept,Increased reach and possession retention in interceptions,https://drop-assets.ea.com/images/5ysv7Iw8jDHl7sp1JXqIa7/d34004fed8c95bde083dcf8257391a70/Intercept.png,playStyle,Play Style,trait1_524288,Aerial Fortress,Performs higher jumps and has physical defensive presence before and during aerial duels,https://drop-assets.ea.com/images/3rsDbUXd3MZX39YTsk6lKe/404db89f2237eeb7466668a730c52a4b/Aerial_Fortress.png,playStyle,Play Style,trait1_16777216,Press Proven,"Close control at jog speed, shields ball more effectively",https://drop-assets.ea.com/images/5rUHwyLJRnvGV53Ba4Pj6M/9a3238695ae8103667ba02af391ac209/Press_Proven.png,playStyle,Play Style,0,Men's Football,21,Germany,https://drop-assets.ea.com/images/6IIMMGk0Uj1rcZ6DSHTpLL/93f95b602dc62594104f418c8f80ebb3/f_21.png,112391,Al Qadsiah,https://drop-assets.ea.com/images/OQhve5ubflu5c5OXWRlUV/4874b82f2bab16f04e6702812ac521a6/l112391.png,false,10,CDM,Center Defensive Midfielder,midfielder,Midfielder,65,0,74,0,75,0,83,0,68,0,72,0,64,0,77,0,78,0,59,0,73,0,75,0,74,0,73,0,71,0,65,0,46,0,6,0,14,0,16,0,11,0,7,0,74,0,76,0,84,0,61,0,57,0,75,0,57,0,73,0,67,0,78,0,64,0,84,0,68,0,64,0,50,0,78,0,74,0,57,0,,,,,,,,
227055,1152,78,Gelson Dany,Batalha Martins,Gelson Martins,5/11/1995 12:00:00 AM,170,4,2,1,Hellas Liga,74,https://ratings-images-prod.pulse.ea.com/FC25/full/player-portraits/p227055.png?padding=0.7,https://ratings-images-prod.pulse.ea.com/FC25/full/player-shields/en/227055.png?width=265,16,Left Midfielder,LM,23,Right Wing,RW,,,,trait1_2097152,Rapid,"Higher sprint speed while dribbling, reduced error on knock-ons",https://drop-assets.ea.com/images/1aGsvwKyIFlRG1eoJSS0Ot/a4d3d661ff962795a632fe86439d2146/Rapid.png,playStyle,Play Style,,,,,,,,,,,,,,,,,,,,,,,,,,,,,,,0,Men's Football,38,Portugal,https://drop-assets.ea.com/images/3CxRD7XqY2NSlZ3628fY4S/abf38470644ee334e6a425b9272f7767/f_38.png,280,Olympiacos FC,https://drop-assets.ea.com/images/2hyiQlv23Ipa7IOEtN7qAv/39a4514bd5a02d0d6db09d8eb2564c8f/l280.png,false,12,RM,Right Midfielder,midfielder,Midfielder,90,0,90,0,62,0,74,0,42,0,64,0,85,0,82,0,74,0,72,0,81,0,51,0,54,0,83,0,83,0,68,0,60,0,12,0,9,0,7,0,6,0,9,0,51,0,50,0,65,0,66,0,87,0,71,0,66,0,55,0,78,0,75,0,70,0,75,0,74,0,48,0,84,0,51,0,70,0,74,0,,,,,,,,
236792,1154,78,Tomáš,Souček,,2/27/1995 12:00:00 AM,192,3,3,1,Premier League,86,https://ratings-images-prod.pulse.ea.com/FC25/full/player-portraits/p236792.png?padding=0.7,https://ratings-images-prod.pulse.ea.com/FC25/full/player-shields/en/236792.png?width=265,14,Center Midfielder,CM,,,,,,,trait1_16,Precision Header,Performs headers with increased accuracy and power.,https://drop-assets.ea.com/images/3ync8fbblS4zLzF3p1VXmT/7752a5103c2ebd8be5cf1819379c66f4/Precision_Header.png,playStyle,Play Style,trait1_524288,Aerial Fortress,Performs higher jumps and has physical defensive presence before and during aerial duels,https://drop-assets.ea.com/images/3rsDbUXd3MZX39YTsk6lKe/404db89f2237eeb7466668a730c52a4b/Aerial_Fortress.png,playStyle,Play Style,,,,,,,,,,,,,,,,,,,,,,,,,0,Men's Football,12,Czech Republic,https://drop-assets.ea.com/images/3yIKmUj5BRZgJtSLR6do7t/484fa785d4f5c3f900ba80eddf3a70dc/f_12.png,19,West Ham,https://drop-assets.ea.com/images/60X4vXPDgGISHaqyOdUGkg/c7def9840658d49d646e4895e9e04e94/l19.png,false,10,CDM,Center Defensive Midfielder,midfielder,Midfielder,42,0,34,0,79,0,87,0,80,0,79,0,48,0,75,0,73,0,68,0,63,0,78,0,75,0,68,0,71,0,72,0,53,0,11,0,13,0,5,0,6,0,8,0,84,0,77,0,75,0,70,0,45,0,71,0,70,0,82,0,76,0,78,0,72,0,75,0,73,0,79,0,47,0,79,0,71,0,79,0,,,,,,,,
208919,1157,78,Ryan,Gauld,,12/16/1995 12:00:00 AM,169,4,3,2,MLS,62,https://ratings-images-prod.pulse.ea.com/FC25/full/player-portraits/p208919.png?padding=0.7,https://ratings-images-prod.pulse.ea.com/FC25/full/player-shields/en/208919.png?width=265,25,Striker,ST,23,Right Wing,RW,16,Left Midfielder,LM,trait1_1,Finesse Shot,Faster finesse shots with more curve and accuracy,https://drop-assets.ea.com/images/468u1R1p2k1fA6WBHi0OEn/fb9d49ed2a8fb500cd5a184937b96b34/Finesse_Shot.png,playStyle,Play Style,trait1_256,Incisive Pass,"Accurate through passes, curvier swerve passes, faster precision passes",https://drop-assets.ea.com/images/2K5BYfVYRnrdjt8F3hwI04/62f147b6a436c107bfa3d042c1d5728d/Incisive_Pass.png,playStyle,Play Style,trait1_8192,Inventive,Fancy and Trivela passes are performed with improved accuracy.,https://drop-assets.ea.com/images/4fpo31RdL5T0vrzNqcSc4x/f82209bfd51270dcc447d4313b3e61f1/Inventive.png,playStyle,Play Style,trait1_1048576,Technical,"Faster Controlled Sprint, precise wide turns while dribbling",https://drop-assets.ea.com/images/5Esx7NK4YBU44O4bo07rvb/69ca9417da7fd07905f6c6956ad93f6d/Technical.png,playStyle,Play Style,,,,,,,,,,,,,0,Men's Football,42,Scotland,https://drop-assets.ea.com/images/3LfmKqyBykOGZyfdSpENTr/ec3733dfa9526c8f6da96bf0f8c7448e/f_42.png,101112,Whitecaps FC,https://drop-assets.ea.com/images/4B78Zk7BiGtY0lEDTDanGT/ba8604b69a6cab6fd0c668aefebc800c/l101112.png,false,27,LW,Left Wing,attack,Attack,82,0,89,0,63,0,89,0,37,0,51,0,91,0,79,0,78,0,78,0,79,0,51,0,45,0,82,0,82,0,70,0,73,0,6,0,14,0,13,0,13,0,15,0,62,0,49,0,71,0,56,0,83,0,77,0,75,0,54,0,77,0,77,0,68,0,77,0,69,0,40,0,83,0,59,0,81,0,68,0,,,,,,,,
224415,1158,78,Luis,Rioja González,Luis Rioja,10/16/1993 12:00:00 AM,176,3,4,2,LALIGA EA SPORTS,70,https://ratings-images-prod.pulse.ea.com/FC25/full/player-portraits/p224415.png?padding=0.7,https://ratings-images-prod.pulse.ea.com/FC25/full/player-shields/en/224415.png?width=265,16,Left Midfielder,LM,23,Right Wing,RW,,,,trait1_4096,Whipped Pass,"Accurate, faster crosses with more curve",https://drop-assets.ea.com/images/FfTP29PWrRWZjEaiCCVoa/a1b345e4ae7023ed78b1efd68d28f392/Whipped_Pass.png,playStyle,Play Style,,,,,,,,,,,,,,,,,,,,,,,,,,,,,,,0,Men's Football,45,Spain,https://drop-assets.ea.com/images/Kv8okAYMsDbB3ZKbxrAXw/9d30c88d16a4c85002f35c6af412c6f7/f_45.png,461,Valencia CF,https://drop-assets.ea.com/images/3rBiULK7uv6Uim0qpaPGXG/123be59c7edf775fa3df08effc267f43/l461.png,false,12,RM,Right Midfielder,midfielder,Midfielder,79,0,79,0,56,0,77,0,50,0,46,0,80,0,79,0,72,0,77,0,77,0,53,0,62,0,79,0,80,0,76,0,68,0,6,0,9,0,10,0,12,0,14,0,36,0,58,0,72,0,77,0,77,0,74,0,74,0,56,0,79,0,75,0,76,0,76,0,78,0,49,0,75,0,49,0,70,0,63,0,,,,,,,,
237328,1159,78,Nathan,Tella,,7/5/1999 12:00:00 AM,173,3,3,1,Bundesliga,68,https://ratings-images-prod.pulse.ea.com/FC25/full/player-portraits/p237328.png?padding=0.7,https://ratings-images-prod.pulse.ea.com/FC25/full/player-shields/en/237328.png?width=265,25,Striker,ST,18,Center Attacking Midfielder,CAM,23,Right Wing,RW,trait1_2097152,Rapid,"Higher sprint speed while dribbling, reduced error on knock-ons",https://drop-assets.ea.com/images/1aGsvwKyIFlRG1eoJSS0Ot/a4d3d661ff962795a632fe86439d2146/Rapid.png,playStyle,Play Style,trait1_33554432,Quick Step,Faster acceleration during Explosive Sprint,https://drop-assets.ea.com/images/1xG25Zp3wvkLA5YewKiZah/f27f5fabd1e899fc0bbb817d2db233b1/Quick_Step.png,playStyle,Play Style,,,,,,,,,,,,,,,,,,,,,,,,,0,Men's Football,133,Nigeria,https://drop-assets.ea.com/images/7pdYOUzcOpsSLsQJqx6jq9/ab9bec93f27d4c42a76f2617073a6cce/f_133.png,32,Leverkusen,https://drop-assets.ea.com/images/mGqQw1um1ucUAshcK0Eop/9c7fe656f526c98b217ff2a052377b5c/l32.png,false,12,RM,Right Midfielder,midfielder,Midfielder,85,0,85,0,69,0,78,0,52,0,54,0,84,0,79,0,73,0,74,0,64,0,46,0,55,0,80,0,82,0,77,0,45,0,9,0,6,0,8,0,12,0,6,0,58,0,41,0,65,0,70,0,83,0,71,0,52,0,60,0,78,0,66,0,75,0,74,0,80,0,30,0,81,0,41,0,74,0,73,0,,,,,,,,
74866,1162,78,André,Trindade,André,7/16/2001 12:00:00 AM,177,2,3,1,Premier League,77,https://ratings-images-prod.pulse.ea.com/FC25/full/player-portraits/p74866.png?padding=0.7,https://ratings-images-prod.pulse.ea.com/FC25/full/player-shields/en/74866.png?width=265,14,Center Midfielder,CM,,,,,,,trait1_16777216,Press Proven,"Close control at jog speed, shields ball more effectively",https://drop-assets.ea.com/images/5rUHwyLJRnvGV53Ba4Pj6M/9a3238695ae8103667ba02af391ac209/Press_Proven.png,playStyle,Play Style,,,,,,,,,,,,,,,,,,,,,,,,,,,,,,,0,Men's Football,54,Brazil,https://drop-assets.ea.com/images/1zdNn1R9tRlfQ3lsbAOecD/a606f742789b6306363383a6e20dd003/f_54.png,110,Wolves,https://drop-assets.ea.com/images/3DIKyPF6XcAgIrI3Wv0UBo/4b26ac5525105f84de13860ebe177633/l110.png,false,10,CDM,Center Defensive Midfielder,midfielder,Midfielder,62,0,74,0,67,0,76,0,67,0,82,0,79,0,77,0,78,0,66,0,74,0,75,0,73,0,77,0,77,0,53,0,52,0,5,0,5,0,9,0,14,0,7,0,58,0,79,0,80,0,61,0,58,0,74,0,54,0,72,0,65,0,76,0,58,0,78,0,69,0,79,0,55,0,78,0,74,0,53,0,,,,,,,,
200260,1163,78,Steven,Berghuis,,12/19/1991 12:00:00 AM,182,3,2,2,Eredivisie,75,https://ratings-images-prod.pulse.ea.com/FC25/full/player-portraits/p200260.png?padding=0.7,https://ratings-images-prod.pulse.ea.com/FC25/full/player-shields/en/200260.png?width=265,18,Center Attacking Midfielder,CAM,12,Right Midfielder,RM,,,,trait1_1,Finesse Shot,Faster finesse shots with more curve and accuracy,https://drop-assets.ea.com/images/468u1R1p2k1fA6WBHi0OEn/fb9d49ed2a8fb500cd5a184937b96b34/Finesse_Shot.png,playStyle,Play Style,trait1_256,Incisive Pass,"Accurate through passes, curvier swerve passes, faster precision passes",https://drop-assets.ea.com/images/2K5BYfVYRnrdjt8F3hwI04/62f147b6a436c107bfa3d042c1d5728d/Incisive_Pass.png,playStyle,Play Style,trait1_512,Pinged Pass,Faster ground passes without affecting receiver's trapping,https://drop-assets.ea.com/images/1mXBWIBgJSpYoIa1C4r5FX/7220e78a4049530f4e9fa642b1656fa4/Pinged_Pass.png,playStyle,Play Style,trait1_4096,Whipped Pass,"Accurate, faster crosses with more curve",https://drop-assets.ea.com/images/FfTP29PWrRWZjEaiCCVoa/a1b345e4ae7023ed78b1efd68d28f392/Whipped_Pass.png,playStyle,Play Style,trait1_8192,Inventive,Fancy and Trivela passes are performed with improved accuracy.,https://drop-assets.ea.com/images/4fpo31RdL5T0vrzNqcSc4x/f82209bfd51270dcc447d4313b3e61f1/Inventive.png,playStyle,Play Style,trait1_4194304,First Touch,"Reduced trapping error, faster dribbling transition",https://drop-assets.ea.com/images/3f727XsoDVLbT49oMk0HBu/2787568be8ccb2d5daa2d18fabacad97/First_Touch.png,playStyle,Play Style,0,Men's Football,34,Holland,https://drop-assets.ea.com/images/7LmdSUm2Ge4fzqcz0NElvq/d272142c80713dcf0e5ec0a47232aeee/f_34.png,,,,,23,RW,Right Wing,attack,Attack,74,0,77,0,58,0,74,0,64,0,72,0,72,0,81,0,79,0,83,0,84,0,39,0,43,0,77,0,75,0,76,0,75,0,9,0,11,0,7,0,7,0,15,0,48,0,37,0,81,0,75,0,71,0,82,0,82,0,68,0,77,0,74,0,77,0,82,0,82,0,30,0,69,0,37,0,83,0,77,0,,,,,,,,
240690,1164,78,Nico,Gonzalez,,4/6/1998 12:00:00 AM,180,4,2,2,LALIGA EA SPORTS,72,https://ratings-images-prod.pulse.ea.com/FC25/full/player-portraits/p240690.png?padding=0.7,https://ratings-images-prod.pulse.ea.com/FC25/full/player-shields/en/240690.png?width=265,16,Left Midfielder,LM,27,Left Wing,LW,23,Right Wing,RW,trait1_1,Finesse Shot,Faster finesse shots with more curve and accuracy,https://drop-assets.ea.com/images/468u1R1p2k1fA6WBHi0OEn/fb9d49ed2a8fb500cd5a184937b96b34/Finesse_Shot.png,playStyle,Play Style,trait1_16,Precision Header,Performs headers with increased accuracy and power.,https://drop-assets.ea.com/images/3ync8fbblS4zLzF3p1VXmT/7752a5103c2ebd8be5cf1819379c66f4/Precision_Header.png,playStyle,Play Style,trait1_524288,Aerial Fortress,Performs higher jumps and has physical defensive presence before and during aerial duels,https://drop-assets.ea.com/images/3rsDbUXd3MZX39YTsk6lKe/404db89f2237eeb7466668a730c52a4b/Aerial_Fortress.png,playStyle,Play Style,trait1_1048576,Technical,"Faster Controlled Sprint, precise wide turns while dribbling",https://drop-assets.ea.com/images/5Esx7NK4YBU44O4bo07rvb/69ca9417da7fd07905f6c6956ad93f6d/Technical.png,playStyle,Play Style,trait1_4194304,First Touch,"Reduced trapping error, faster dribbling transition",https://drop-assets.ea.com/images/3f727XsoDVLbT49oMk0HBu/2787568be8ccb2d5daa2d18fabacad97/First_Touch.png,playStyle,Play Style,,,,,,,0,Men's Football,52,Argentina,https://drop-assets.ea.com/images/4xMXjEt7CFJ6JENYeG45Sk/836d733dc1642c5e4ab3338d91481436/f_52.png,240,Atlético de Madrid,https://drop-assets.ea.com/images/vYcueolPvaGx8blMqhPZ5/5dc3479fc8b85d475fd980c53fc2056f/l240.png,false,12,RM,Right Midfielder,midfielder,Midfielder,79,0,79,0,78,0,73,0,51,0,67,0,75,0,79,0,76,0,76,0,70,0,45,0,38,0,78,0,79,0,78,0,54,0,10,0,6,0,9,0,5,0,8,0,80,0,39,0,68,0,69,0,82,0,73,0,81,0,61,0,81,0,75,0,75,0,79,0,75,0,39,0,84,0,46,0,69,0,68,0,,,,,,,,
242238,1165,78,Oumar,Solet,,2/7/2000 12:00:00 AM,192,2,4,1,Serie A Enilive,88,https://ratings-images-prod.pulse.ea.com/FC25/full/player-portraits/p242238.png?padding=0.7,https://ratings-images-prod.pulse.ea.com/FC25/full/player-shields/en/242238.png?width=265,,,,,,,,,,trait1_1024,Long Ball Pass,"Accurate, faster Lob and Lofted Through Passes",https://drop-assets.ea.com/images/7jwRDD4zkOsqRpc821t73d/16d46d57a5dfc7dd5dd5f8de0fd26a99/Long_Ball_Pass.png,playStyle,Play Style,trait1_32768,Block,Increased reach and success in blocking,https://drop-assets.ea.com/images/2Rlftzr8lqUdI29suCQVWe/43c6c36e8bd5fa26b88478d4354611a2/Block.png,playStyle,Play Style,,,,,,,,,,,,,,,,,,,,,,,,,0,Men's Football,18,France,https://drop-assets.ea.com/images/3ECAQzhfgSLWRf9IIHB6G8/7e235a7b2f93c1f73db7f89dc03b3657/f_18.png,55,Udinese,https://drop-assets.ea.com/images/eksZxUrkppoFO3BHpIKxc/ce0190c8a5e09464b8019123eb42a39d/l55.png,false,5,CB,Center Back,defense,Defense,70,0,60,0,82,0,85,0,88,0,77,0,51,0,72,0,70,0,31,0,35,0,77,0,80,0,68,0,69,0,35,0,34,0,12,0,14,0,10,0,14,0,15,0,70,0,78,0,76,0,39,0,79,0,62,0,42,0,85,0,59,0,75,0,43,0,79,0,64,0,74,0,86,0,78,0,66,0,33,0,,,,,,,,
243032,1166,78,Hugo,Duro Perales,Hugo Duro,11/10/1999 12:00:00 AM,177,3,4,2,LALIGA EA SPORTS,70,https://ratings-images-prod.pulse.ea.com/FC25/full/player-portraits/p243032.png?padding=0.7,https://ratings-images-prod.pulse.ea.com/FC25/full/player-shields/en/243032.png?width=265,,,,,,,,,,trait1_16,Precision Header,Performs headers with increased accuracy and power.,https://drop-assets.ea.com/images/3ync8fbblS4zLzF3p1VXmT/7752a5103c2ebd8be5cf1819379c66f4/Precision_Header.png,playStyle,Play Style,,,,,,,,,,,,,,,,,,,,,,,,,,,,,,,0,Men's Football,45,Spain,https://drop-assets.ea.com/images/Kv8okAYMsDbB3ZKbxrAXw/9d30c88d16a4c85002f35c6af412c6f7/f_45.png,461,Valencia CF,https://drop-assets.ea.com/images/3rBiULK7uv6Uim0qpaPGXG/123be59c7edf775fa3df08effc267f43/l461.png,false,25,ST,Striker,attack,Attack,69,0,68,0,86,0,76,0,76,0,68,0,69,0,76,0,79,0,66,0,52,0,47,0,44,0,75,0,75,0,80,0,51,0,8,0,14,0,6,0,14,0,15,0,81,0,50,0,66,0,75,0,71,0,68,0,69,0,75,0,81,0,80,0,78,0,73,0,77,0,40,0,72,0,40,0,72,0,75,0,,,,,,,,
252308,1167,78,Ali,Al Musrati,,4/6/1996 12:00:00 AM,189,2,2,1,Serie A Enilive,83,https://ratings-images-prod.pulse.ea.com/FC25/full/player-portraits/p252308.png?padding=0.7,https://ratings-images-prod.pulse.ea.com/FC25/full/player-shields/en/252308.png?width=265,14,Center Midfielder,CM,,,,,,,trait1_512,Pinged Pass,Faster ground passes without affecting receiver's trapping,https://drop-assets.ea.com/images/1mXBWIBgJSpYoIa1C4r5FX/7220e78a4049530f4e9fa642b1656fa4/Pinged_Pass.png,playStyle,Play Style,trait1_1024,Long Ball Pass,"Accurate, faster Lob and Lofted Through Passes",https://drop-assets.ea.com/images/7jwRDD4zkOsqRpc821t73d/16d46d57a5dfc7dd5dd5f8de0fd26a99/Long_Ball_Pass.png,playStyle,Play Style,trait1_65536,Intercept,Increased reach and possession retention in interceptions,https://drop-assets.ea.com/images/5ysv7Iw8jDHl7sp1JXqIa7/d34004fed8c95bde083dcf8257391a70/Intercept.png,playStyle,Play Style,trait1_67108864,Relentless,"Increased half time fatigue recovery, longer teammate contain and press",https://drop-assets.ea.com/images/2vVuRxgvPNaAuFGqZZ9nDY/3e2505addd5a6b353becdeaf7173d187/Relentless.png,playStyle,Play Style,trait1_268435456,Bruiser,Stronger physical tackles,https://drop-assets.ea.com/images/7euMJ2jVypFrFPQesWuGGm/14019168b12faac1584a2920d5c2d5d9/Bruiser.png,playStyle,Play Style,,,,,,,0,Men's Football,123,Libya,https://drop-assets.ea.com/images/1rm1pjhJRo3tJz8IzIsASS/c9f7d8c700064035f542947f36525bc6/f_123.png,206,Hellas Verona,https://drop-assets.ea.com/images/5sDHfKyYzQUx61yjdwHNAs/f27b36d6fa211871a9936b452406ccc6/l206.png,false,10,CDM,Center Defensive Midfielder,midfielder,Midfielder,49,0,46,0,71,0,80,0,86,0,79,0,46,0,75,0,79,0,60,0,43,0,75,0,75,0,68,0,69,0,61,0,48,0,15,0,6,0,8,0,8,0,8,0,72,0,76,0,84,0,69,0,52,0,71,0,57,0,82,0,69,0,75,0,66,0,77,0,79,0,74,0,55,0,77,0,76,0,55,0,,,,,,,,
264348,1168,78,Soufiane,Rahimi,,6/2/1996 12:00:00 AM,181,4,4,1,United Emirates League,79,https://ratings-images-prod.pulse.ea.com/FC25/full/player-portraits/p264348.png?padding=0.7,https://ratings-images-prod.pulse.ea.com/FC25/full/player-shields/en/264348.png?width=265,27,Left Wing,LW,25,Striker,ST,,,,trait1_4,Power Shot,Faster power shots with increased speed,https://drop-assets.ea.com/images/3ohVoKWSsvT44qgjabWqfV/e536ef26ad854c3c4cbf63ed7954b9cd/Power_Shot.png,playStyle,Play Style,trait1_2097152,Rapid,"Higher sprint speed while dribbling, reduced error on knock-ons",https://drop-assets.ea.com/images/1aGsvwKyIFlRG1eoJSS0Ot/a4d3d661ff962795a632fe86439d2146/Rapid.png,playStyle,Play Style,trait1_33554432,Quick Step,Faster acceleration during Explosive Sprint,https://drop-assets.ea.com/images/1xG25Zp3wvkLA5YewKiZah/f27f5fabd1e899fc0bbb817d2db233b1/Quick_Step.png,playStyle,Play Style,,,,,,,,,,,,,,,,,,,0,Men's Football,129,Morocco,https://drop-assets.ea.com/images/47SGeQ7STCrJZQSKOVJaHA/1aa24a57a60f85051e34a5ad8205771d/f_129.png,111701,Al Ain FC,https://drop-assets.ea.com/images/7N0bj9ejtui6dQADUbJ4qT/60355b19aff7a02c72d8494e24de49f9/l111701.png,false,16,LM,Left Midfielder,midfielder,Midfielder,87,0,75,0,77,0,81,0,62,0,52,0,76,0,75,0,74,0,72,0,68,0,38,0,35,0,77,0,79,0,79,0,65,0,8,0,9,0,5,0,8,0,14,0,62,0,41,0,66,0,78,0,85,0,72,0,67,0,66,0,78,0,75,0,76,0,74,0,71,0,30,0,84,0,34,0,76,0,73,0,,,,,,,,
221992,1169,78,Hirving,Lozano,,7/30/1995 12:00:00 AM,176,3,3,1,MLS,70,https://ratings-images-prod.pulse.ea.com/FC25/full/player-portraits/p221992.png?padding=0.7,https://ratings-images-prod.pulse.ea.com/FC25/full/player-shields/en/221992.png?width=265,23,Right Wing,RW,16,Left Midfielder,LM,,,,trait1_4096,Whipped Pass,"Accurate, faster crosses with more curve",https://drop-assets.ea.com/images/FfTP29PWrRWZjEaiCCVoa/a1b345e4ae7023ed78b1efd68d28f392/Whipped_Pass.png,playStyle,Play Style,trait1_2097152,Rapid,"Higher sprint speed while dribbling, reduced error on knock-ons",https://drop-assets.ea.com/images/1aGsvwKyIFlRG1eoJSS0Ot/a4d3d661ff962795a632fe86439d2146/Rapid.png,playStyle,Play Style,trait1_33554432,Quick Step,Faster acceleration during Explosive Sprint,https://drop-assets.ea.com/images/1xG25Zp3wvkLA5YewKiZah/f27f5fabd1e899fc0bbb817d2db233b1/Quick_Step.png,playStyle,Play Style,,,,,,,,,,,,,,,,,,,0,Men's Football,83,Mexico,https://drop-assets.ea.com/images/3m4cwLXvHQdesnFwv0Glk6/4adea5e8e658a7ce798dd0ba1521cdda/f_83.png,131439,San Diego FC,https://drop-assets.ea.com/images/3VVZhRHVje6glEOzkZ19Q5/9eb88fb073b6778321bbced6e22b58d9/l131439.png,false,27,LW,Left Wing,attack,Attack,89,0,86,0,73,0,60,0,54,0,64,0,82,0,78,0,74,0,71,0,72,0,41,0,42,0,80,0,80,0,75,0,65,0,11,0,10,0,14,0,14,0,10,0,62,0,45,0,65,0,74,0,88,0,71,0,72,0,58,0,80,0,81,0,75,0,72,0,75,0,29,0,87,0,35,0,73,0,74,0,,,,,,,,
260926,1170,78,Kevin,Schade,,11/27/2001 12:00:00 AM,185,3,4,1,Premier League,74,https://ratings-images-prod.pulse.ea.com/FC25/full/player-portraits/p260926.png?padding=0.7,https://ratings-images-prod.pulse.ea.com/FC25/full/player-shields/en/260926.png?width=265,27,Left Wing,LW,,,,,,,trait1_2,Chip Shot,"Faster, more accurate chip shots",https://drop-assets.ea.com/images/6Gl08kt7odn1fJNX74CS2P/984feac3cd8d99902f5cb5131d5fd26a/Chip_Shot.png,playStyle,Play Style,trait1_16,Precision Header,Performs headers with increased accuracy and power.,https://drop-assets.ea.com/images/3ync8fbblS4zLzF3p1VXmT/7752a5103c2ebd8be5cf1819379c66f4/Precision_Header.png,playStyle,Play Style,trait1_524288,Aerial Fortress,Performs higher jumps and has physical defensive presence before and during aerial duels,https://drop-assets.ea.com/images/3rsDbUXd3MZX39YTsk6lKe/404db89f2237eeb7466668a730c52a4b/Aerial_Fortress.png,playStyle,Play Style,trait1_2097152,Rapid,"Higher sprint speed while dribbling, reduced error on knock-ons",https://drop-assets.ea.com/images/1aGsvwKyIFlRG1eoJSS0Ot/a4d3d661ff962795a632fe86439d2146/Rapid.png,playStyle,Play Style,trait1_33554432,Quick Step,Faster acceleration during Explosive Sprint,https://drop-assets.ea.com/images/1xG25Zp3wvkLA5YewKiZah/f27f5fabd1e899fc0bbb817d2db233b1/Quick_Step.png,playStyle,Play Style,trait1_134217728,Long Throw,Powerful throw-ins for greater distance,https://drop-assets.ea.com/images/51OlohNQvoEwW0aLhknAHh/58fa7d903d10f6d8cfa2622f62ba6b6f/Long_Throw.png,playStyle,Play Style,0,Men's Football,21,Germany,https://drop-assets.ea.com/images/6IIMMGk0Uj1rcZ6DSHTpLL/93f95b602dc62594104f418c8f80ebb3/f_21.png,1925,Brentford,https://drop-assets.ea.com/images/3UCvZhjBB0odWNL0OPusuK/1de0f5b97a2e137201670df2cf09e1a5/l1925.png,false,16,LM,Left Midfielder,midfielder,Midfielder,93,0,77,0,95,0,72,0,64,0,68,0,78,0,78,0,76,0,72,0,66,0,30,0,20,0,78,0,79,0,78,0,55,0,13,0,11,0,8,0,9,0,10,0,79,0,23,0,64,0,68,0,92,0,70,0,68,0,68,0,78,0,75,0,75,0,73,0,77,0,23,0,92,0,30,0,71,0,67,0,,,,,,,,
217998,1172,78,Cristian,Arango,,3/9/1995 12:00:00 AM,178,3,3,1,MLS,70,https://ratings-images-prod.pulse.ea.com/FC25/full/player-portraits/p217998.png?padding=0.7,https://ratings-images-prod.pulse.ea.com/FC25/full/player-shields/en/217998.png?width=265,18,Center Attacking Midfielder,CAM,27,Left Wing,LW,,,,trait1_2,Chip Shot,"Faster, more accurate chip shots",https://drop-assets.ea.com/images/6Gl08kt7odn1fJNX74CS2P/984feac3cd8d99902f5cb5131d5fd26a/Chip_Shot.png,playStyle,Play Style,trait1_1048576,Technical,"Faster Controlled Sprint, precise wide turns while dribbling",https://drop-assets.ea.com/images/5Esx7NK4YBU44O4bo07rvb/69ca9417da7fd07905f6c6956ad93f6d/Technical.png,playStyle,Play Style,,,,,,,,,,,,,,,,,,,,,,,,,0,Men's Football,56,Colombia,https://drop-assets.ea.com/images/JphMzcFrWU7Uo2jq6GSep/d909b5b6000d5bf7515600d2c6db6375/f_56.png,111928,SJ Earthquakes,https://drop-assets.ea.com/images/24K6PFhSK3sFDydoFSN794/48139889372bb3d6db2fd41a924c5431/l111928.png,false,25,ST,Striker,attack,Attack,77,0,75,0,88,0,74,0,76,0,64,0,68,0,79,0,80,0,50,0,73,0,36,0,44,0,77,0,77,0,82,0,69,0,6,0,14,0,9,0,6,0,13,0,77,0,23,0,70,0,76,0,75,0,71,0,70,0,74,0,80,0,78,0,79,0,78,0,78,0,16,0,74,0,28,0,78,0,68,0,,,,,,,,
238050,1173,78,Chidera,Ejuke,,1/2/1998 12:00:00 AM,176,5,2,1,LALIGA EA SPORTS,72,https://ratings-images-prod.pulse.ea.com/FC25/full/player-portraits/p238050.png?padding=0.7,https://ratings-images-prod.pulse.ea.com/FC25/full/player-shields/en/238050.png?width=265,12,Right Midfielder,RM,27,Left Wing,LW,,,,trait1_1,Finesse Shot,Faster finesse shots with more curve and accuracy,https://drop-assets.ea.com/images/468u1R1p2k1fA6WBHi0OEn/fb9d49ed2a8fb500cd5a184937b96b34/Finesse_Shot.png,playStyle,Play Style,trait1_8192,Inventive,Fancy and Trivela passes are performed with improved accuracy.,https://drop-assets.ea.com/images/4fpo31RdL5T0vrzNqcSc4x/f82209bfd51270dcc447d4313b3e61f1/Inventive.png,playStyle,Play Style,trait1_1048576,Technical,"Faster Controlled Sprint, precise wide turns while dribbling",https://drop-assets.ea.com/images/5Esx7NK4YBU44O4bo07rvb/69ca9417da7fd07905f6c6956ad93f6d/Technical.png,playStyle,Play Style,trait1_8388608,Trickster,Performs unique flick Skill Moves,https://drop-assets.ea.com/images/47Ygd5ri33RgjIYGiTAJpj/f0723e6f2f89a98fb6e8200c3659c6a9/Trickster.png,playStyle,Play Style,trait1_33554432,Quick Step,Faster acceleration during Explosive Sprint,https://drop-assets.ea.com/images/1xG25Zp3wvkLA5YewKiZah/f27f5fabd1e899fc0bbb817d2db233b1/Quick_Step.png,playStyle,Play Style,,,,,,,0,Men's Football,133,Nigeria,https://drop-assets.ea.com/images/7pdYOUzcOpsSLsQJqx6jq9/ab9bec93f27d4c42a76f2617073a6cce/f_133.png,481,Sevilla FC,https://drop-assets.ea.com/images/1xocxSBJ3RrgP3Jponcw9H/b5b340790217ad2685083e1765b24273/l481.png,false,16,LM,Left Midfielder,midfielder,Midfielder,91,0,92,0,66,0,74,0,61,0,54,0,93,0,80,0,70,0,72,0,74,0,37,0,30,0,82,0,82,0,67,0,64,0,14,0,7,0,6,0,7,0,11,0,37,0,33,0,66,0,70,0,90,0,71,0,62,0,63,0,70,0,74,0,69,0,74,0,77,0,38,0,89,0,46,0,71,0,59,0,,,,,,,,
240716,1174,78,Mathías,Olivera,,10/31/1997 12:00:00 AM,184,3,3,2,Serie A Enilive,78,https://ratings-images-prod.pulse.ea.com/FC25/full/player-portraits/p240716.png?padding=0.7,https://ratings-images-prod.pulse.ea.com/FC25/full/player-shields/en/240716.png?width=265,,,,,,,,,,trait1_32768,Block,Increased reach and success in blocking,https://drop-assets.ea.com/images/2Rlftzr8lqUdI29suCQVWe/43c6c36e8bd5fa26b88478d4354611a2/Block.png,playStyle,Play Style,trait1_268435456,Bruiser,Stronger physical tackles,https://drop-assets.ea.com/images/7euMJ2jVypFrFPQesWuGGm/14019168b12faac1584a2920d5c2d5d9/Bruiser.png,playStyle,Play Style,,,,,,,,,,,,,,,,,,,,,,,,,0,Men's Football,60,Uruguay,https://drop-assets.ea.com/images/GRwJwZ17RfDveZX4N4L78/25beda9babb2d93a8ff7bb5487eb263b/f_60.png,48,SSC Napoli,https://drop-assets.ea.com/images/2FIV26KpnSXl3Nv8Ar6jk3/d8461aa150da3d433fccc34bc80c978f/l48.png,false,7,LB,Left Back,defense,Defense,69,0,65,0,72,0,78,0,67,0,80,0,48,0,76,0,68,0,76,0,67,0,77,0,78,0,72,0,73,0,50,0,41,0,14,0,14,0,12,0,13,0,15,0,68,0,79,0,69,0,48,0,70,0,69,0,42,0,73,0,64,0,79,0,51,0,73,0,56,0,75,0,71,0,78,0,62,0,38,0,,,,,,,,
243057,1175,78,Neco,Williams,,4/13/2001 12:00:00 AM,183,2,3,1,Premier League,72,https://ratings-images-prod.pulse.ea.com/FC25/full/player-portraits/p243057.png?padding=0.7,https://ratings-images-prod.pulse.ea.com/FC25/full/player-shields/en/243057.png?width=250,3,Right Back,RB,16,Left Midfielder,LM,,,,,,,,,,,,,,,,,,,,,,,,,,,,,,,,,,,,,,,,0,Men's Football,50,Wales,https://drop-assets.ea.com/images/5LJDvJK0VmUTnM1w0LQTX5/44ffb962bf8c0f13b162675e5cd31f49/f_50.png,14,Nott'm Forest,https://drop-assets.ea.com/images/60CgBQCMt7Dtcjip9xUxg8/5fa49387c380bf4772138b215ef4fd85/l14.png,false,7,LB,Left Back,defense,Defense,70,0,73,0,78,0,74,0,64,0,75,0,73,0,74,0,73,0,77,0,67,0,77,0,77,0,74,0,74,0,45,0,55,0,10,0,11,0,7,0,14,0,15,0,66,0,76,0,69,0,47,0,72,0,71,0,45,0,69,0,66,0,77,0,49,0,74,0,60,0,82,0,73,0,78,0,68,0,36,0,,,,,,,,
186146,1176,78,Danny,Welbeck,,11/26/1990 12:00:00 AM,185,3,4,1,Premier League,73,https://ratings-images-prod.pulse.ea.com/FC25/full/player-portraits/p186146.png?padding=0.7,https://ratings-images-prod.pulse.ea.com/FC25/full/player-shields/en/186146.png?width=265,,,,,,,,,,trait1_536870912,Enforcer,Performs dribble Shoulder Challenges and Shielding with increased effectiveness.,https://drop-assets.ea.com/images/2sNQz8b9dgV0hW8vl7oOvV/d7a503dbd4c73b232055b3ca06aa88eb/Enforcer.png,playStyle,Play Style,,,,,,,,,,,,,,,,,,,,,,,,,,,,,,,0,Men's Football,14,England,https://drop-assets.ea.com/images/6ZM1OFXGUFeV0ZaYVKj2z/ae88ef17f8cb179fbc1c463f7e1e4bd8/f_14.png,1808,Brighton,https://drop-assets.ea.com/images/1mFLMjuFkxQjbRaTLKZ8Gm/277b9eb6d29d37064d1d82063b06f681/l1808.png,false,25,ST,Striker,attack,Attack,60,0,65,0,83,0,68,0,81,0,78,0,65,0,81,0,80,0,70,0,71,0,45,0,45,0,77,0,78,0,81,0,79,0,9,0,10,0,6,0,12,0,16,0,78,0,40,0,65,0,70,0,60,0,74,0,77,0,77,0,83,0,81,0,78,0,78,0,81,0,35,0,60,0,40,0,75,0,75,0,,,,,,,,
199833,1177,78,Lars,Unnerstall,,7/20/1990 12:00:00 AM,198,1,1,1,Eredivisie,103,https://ratings-images-prod.pulse.ea.com/FC25/full/player-portraits/p199833.png?padding=0.7,https://ratings-images-prod.pulse.ea.com/FC25/full/player-shields/en/199833.png?width=250,,,,,,,,,,trait2_2,Footwork,"Exclusive foot saves, better performance on low shots",https://drop-assets.ea.com/images/1s2muXoHUmP1T0vGYKXSl1/6d265b13804069371f16a58788703a33/Footwork.png,playStyle,Play Style,,,,,,,,,,,,,,,,,,,,,,,,,,,,,,,0,Men's Football,21,Germany,https://drop-assets.ea.com/images/6IIMMGk0Uj1rcZ6DSHTpLL/93f95b602dc62594104f418c8f80ebb3/f_21.png,,,,,0,GK,Goalkeeper,defense,Defense,30,0,20,0,60,0,35,0,82,0,36,0,20,0,19,0,58,0,10,0,13,0,32,0,11,0,81,0,16,0,13,0,11,0,78,0,77,0,65,0,78,0,81,0,10,0,21,0,29,0,12,0,78,0,65,0,16,0,78,0,13,0,74,0,77,0,26,0,49,0,15,0,34,0,17,0,41,0,15,0,,,,,,,,
221610,1178,78,Dénes,Dibusz,,11/16/1990 12:00:00 AM,188,1,3,1,Magyar Liga,81,https://ratings-images-prod.pulse.ea.com/FC25/full/player-portraits/p221610.png?padding=0.7,https://ratings-images-prod.pulse.ea.com/FC25/full/player-shields/en/221610.png?width=250,,,,,,,,,,trait2_4,Cross Claimer,"Unique punching animations, powerful punches, faster crosses coverage",https://drop-assets.ea.com/images/4Uvgm6UNiSz3say1zZqKDC/51837f53072d5e01063699f6d2b7401a/Cross_Claimer.png,playStyle,Play Style,,,,,,,,,,,,,,,,,,,,,,,,,,,,,,,0,Men's Football,23,Hungary,https://drop-assets.ea.com/images/7i3nOfE2sGJ9iku6pc1FjZ/eeaef3caa45bcbd92bfdd62705d3fa6f/f_23.png,1874,Ferencvárosi TC,https://drop-assets.ea.com/images/7iVvbVFFpSoNI3csHutnMv/2d26c636be8aaaffe2a945ab1f2bfb3c/l1874.png,false,0,GK,Goalkeeper,defense,Defense,29,0,21,0,48,0,19,0,36,0,20,0,21,0,20,0,65,0,14,0,14,0,27,0,12,0,81,0,16,0,15,0,19,0,78,0,73,0,75,0,77,0,81,0,18,0,19,0,30,0,17,0,78,0,75,0,23,0,77,0,13,0,74,0,73,0,23,0,56,0,18,0,24,0,15,0,49,0,16,0,,,,,,,,
226627,1179,78,Takumi,Minamino,,1/16/1995 12:00:00 AM,172,3,4,1,Ligue 1 McDonald's,67,https://ratings-images-prod.pulse.ea.com/FC25/full/player-portraits/p226627.png?padding=0.7,https://ratings-images-prod.pulse.ea.com/FC25/full/player-shields/en/226627.png?width=265,18,Center Attacking Midfielder,CAM,27,Left Wing,LW,,,,trait1_256,Incisive Pass,"Accurate through passes, curvier swerve passes, faster precision passes",https://drop-assets.ea.com/images/2K5BYfVYRnrdjt8F3hwI04/62f147b6a436c107bfa3d042c1d5728d/Incisive_Pass.png,playStyle,Play Style,,,,,,,,,,,,,,,,,,,,,,,,,,,,,,,0,Men's Football,163,Japan,https://drop-assets.ea.com/images/1aoxCwnRS4A6LGlyhrUllt/b5b0cd61a299b9996821c16cc324cc3b/f_163.png,69,AS Monaco,https://drop-assets.ea.com/images/6XicH1VsjyR3WbTdpk99p3/8b11b6c53072e6c9c042eb77f3c6a8f4/l69.png,false,16,LM,Left Midfielder,midfielder,Midfielder,84,0,89,0,69,0,74,0,58,0,64,0,87,0,80,0,78,0,73,0,76,0,40,0,34,0,81,0,81,0,76,0,69,0,9,0,12,0,8,0,15,0,14,0,53,0,49,0,67,0,73,0,77,0,75,0,72,0,64,0,77,0,77,0,74,0,79,0,71,0,33,0,71,0,39,0,79,0,72,0,,,,,,,,
243559,1180,78,Jorge,de Frutos Sebastián,De Frutos,2/20/1997 12:00:00 AM,173,4,4,1,LALIGA EA SPORTS,72,https://ratings-images-prod.pulse.ea.com/FC25/full/player-portraits/p243559.png?padding=0.7,https://ratings-images-prod.pulse.ea.com/FC25/full/player-shields/en/243559.png?width=265,16,Left Midfielder,LM,23,Right Wing,RW,,,,trait1_4194304,First Touch,"Reduced trapping error, faster dribbling transition",https://drop-assets.ea.com/images/3f727XsoDVLbT49oMk0HBu/2787568be8ccb2d5daa2d18fabacad97/First_Touch.png,playStyle,Play Style,trait1_33554432,Quick Step,Faster acceleration during Explosive Sprint,https://drop-assets.ea.com/images/1xG25Zp3wvkLA5YewKiZah/f27f5fabd1e899fc0bbb817d2db233b1/Quick_Step.png,playStyle,Play Style,,,,,,,,,,,,,,,,,,,,,,,,,0,Men's Football,45,Spain,https://drop-assets.ea.com/images/Kv8okAYMsDbB3ZKbxrAXw/9d30c88d16a4c85002f35c6af412c6f7/f_45.png,480,Rayo Vallecano,https://drop-assets.ea.com/images/3SSzCmmavBBvrdJVySdnrm/f51360f07320e2dba9520037d3789543/l480.png,false,12,RM,Right Midfielder,midfielder,Midfielder,80,0,79,0,69,0,79,0,57,0,58,0,81,0,77,0,76,0,77,0,77,0,41,0,44,0,78,0,79,0,76,0,56,0,13,0,8,0,12,0,14,0,14,0,55,0,41,0,70,0,69,0,81,0,74,0,58,0,63,0,76,0,75,0,74,0,75,0,80,0,29,0,82,0,38,0,76,0,66,0,,,,,,,,
