id,rank,overallRating,firstName,lastName,commonName,birthdate,height,skillMoves,weakFootAbility,preferredFoot,leagueName,weight,avatarUrl,shieldUrl,alternatePositions/0/id,alternatePositions/0/label,alternatePositions/0/shortLabel,playerAbilities/0/id,playerAbilities/0/label,playerAbilities/0/description,playerAbilities/0/imageUrl,playerAbilities/0/type/id,playerAbilities/0/type/label,playerAbilities/1/id,playerAbilities/1/label,playerAbilities/1/description,playerAbilities/1/imageUrl,playerAbilities/1/type/id,playerAbilities/1/type/label,gender/id,gender/label,nationality/id,nationality/label,nationality/imageUrl,team/id,team/label,team/imageUrl,team/isPopular,position/id,position/shortLabel,position/label,position/positionType/id,position/positionType/name,stats/acceleration/value,stats/acceleration/diff,stats/agility/value,stats/agility/diff,stats/jumping/value,stats/jumping/diff,stats/stamina/value,stats/stamina/diff,stats/strength/value,stats/strength/diff,stats/aggression/value,stats/aggression/diff,stats/balance/value,stats/balance/diff,stats/ballControl/value,stats/ballControl/diff,stats/composure/value,stats/composure/diff,stats/crossing/value,stats/crossing/diff,stats/curve/value,stats/curve/diff,stats/def/value,stats/def/diff,stats/defensiveAwareness/value,stats/defensiveAwareness/diff,stats/dri/value,stats/dri/diff,stats/dribbling/value,stats/dribbling/diff,stats/finishing/value,stats/finishing/diff,stats/freeKickAccuracy/value,stats/freeKickAccuracy/diff,stats/gkDiving/value,stats/gkDiving/diff,stats/gkHandling/value,stats/gkHandling/diff,stats/gkKicking/value,stats/gkKicking/diff,stats/gkPositioning/value,stats/gkPositioning/diff,stats/gkReflexes/value,stats/gkReflexes/diff,stats/headingAccuracy/value,stats/headingAccuracy/diff,stats/interceptions/value,stats/interceptions/diff,stats/longPassing/value,stats/longPassing/diff,stats/longShots/value,stats/longShots/diff,stats/pac/value,stats/pac/diff,stats/pas/value,stats/pas/diff,stats/penalties/value,stats/penalties/diff,stats/phy/value,stats/phy/diff,stats/positioning/value,stats/positioning/diff,stats/reactions/value,stats/reactions/diff,stats/sho/value,stats/sho/diff,stats/shortPassing/value,stats/shortPassing/diff,stats/shotPower/value,stats/shotPower/diff,stats/slidingTackle/value,stats/slidingTackle/diff,stats/sprintSpeed/value,stats/sprintSpeed/diff,stats/standingTackle/value,stats/standingTackle/diff,stats/vision/value,stats/vision/diff,stats/volleys/value,stats/volleys/diff,playerAbilities/2/id,playerAbilities/2/label,playerAbilities/2/description,playerAbilities/2/imageUrl,playerAbilities/2/type/id,playerAbilities/2/type/label,playerAbilities/3/id,playerAbilities/3/label,playerAbilities/3/description,playerAbilities/3/imageUrl,playerAbilities/3/type/id,playerAbilities/3/type/label,alternatePositions/1/id,alternatePositions/1/label,alternatePositions/1/shortLabel,team,playerAbilities/4/id,playerAbilities/4/label,playerAbilities/4/description,playerAbilities/4/imageUrl,playerAbilities/4/type/id,playerAbilities/4/type/label,playerAbilities/5/id,playerAbilities/5/label,playerAbilities/5/description,playerAbilities/5/imageUrl,playerAbilities/5/type/id,playerAbilities/5/type/label,alternatePositions/0,alternatePositions/2/id,alternatePositions/2/label,alternatePositions/2/shortLabel,playerAbilities/6/id,playerAbilities/6/label,playerAbilities/6/description,playerAbilities/6/imageUrl,playerAbilities/6/type/id,playerAbilities/6/type/label
212091,763,79,Rodinei Marcelo,de Almeida,Rodinei,1/29/1992 12:00:00 AM,177,3,3,1,Hellas Liga,70,https://ratings-images-prod.pulse.ea.com/FC25/full/player-portraits/p212091.png?padding=0.7,https://ratings-images-prod.pulse.ea.com/FC25/full/player-shields/en/212091.png?width=265,12,Right Midfielder,RM,trait1_2097152,Rapid,"Higher sprint speed while dribbling, reduced error on knock-ons",https://drop-assets.ea.com/images/1aGsvwKyIFlRG1eoJSS0Ot/a4d3d661ff962795a632fe86439d2146/Rapid.png,playStyle,Play Style,trait1_134217728,Long Throw,Powerful throw-ins for greater distance,https://drop-assets.ea.com/images/51OlohNQvoEwW0aLhknAHh/58fa7d903d10f6d8cfa2622f62ba6b6f/Long_Throw.png,playStyle,Play Style,0,Men's Football,54,Brazil,https://drop-assets.ea.com/images/1zdNn1R9tRlfQ3lsbAOecD/a606f742789b6306363383a6e20dd003/f_54.png,280,Olympiacos FC,https://drop-assets.ea.com/images/2hyiQlv23Ipa7IOEtN7qAv/39a4514bd5a02d0d6db09d8eb2564c8f/l280.png,false,3,RB,Right Back,defense,Defense,80,0,76,0,81,0,84,0,74,0,76,0,77,0,81,0,65,0,81,0,80,0,74,0,75,0,79,0,80,0,67,0,48,0,11,0,7,0,10,0,13,0,11,0,68,0,72,0,69,0,58,0,81,0,73,0,75,0,77,0,75,0,77,0,66,0,77,0,67,0,73,0,82,0,75,0,65,0,61,0,,,,,,,,,,,,,,,,,,,,,,,,,,,,,,,,,,,,,,
248165,764,79,Andrei,Rațiu,,6/20/1998 12:00:00 AM,183,3,3,1,LALIGA EA SPORTS,79,https://ratings-images-prod.pulse.ea.com/FC25/full/player-portraits/p248165.png?padding=0.7,https://ratings-images-prod.pulse.ea.com/FC25/full/player-shields/en/248165.png?width=265,12,Right Midfielder,RM,trait1_32768,Block,Increased reach and success in blocking,https://drop-assets.ea.com/images/2Rlftzr8lqUdI29suCQVWe/43c6c36e8bd5fa26b88478d4354611a2/Block.png,playStyle,Play Style,trait1_2097152,Rapid,"Higher sprint speed while dribbling, reduced error on knock-ons",https://drop-assets.ea.com/images/1aGsvwKyIFlRG1eoJSS0Ot/a4d3d661ff962795a632fe86439d2146/Rapid.png,playStyle,Play Style,0,Men's Football,39,Romania,https://drop-assets.ea.com/images/yJG6VRw2DHBpS1YBUe6XM/8251edf43104234bc25ece0a960006de/f_39.png,480,Rayo Vallecano,https://drop-assets.ea.com/images/3SSzCmmavBBvrdJVySdnrm/f51360f07320e2dba9520037d3789543/l480.png,false,3,RB,Right Back,defense,Defense,93,0,81,0,85,0,80,0,65,0,69,0,64,0,79,0,69,0,79,0,75,0,74,0,75,0,79,0,82,0,56,0,45,0,9,0,11,0,12,0,11,0,12,0,75,0,72,0,66,0,63,0,92,0,74,0,36,0,71,0,75,0,72,0,60,0,77,0,66,0,70,0,92,0,74,0,75,0,59,0,trait1_33554432,Quick Step,Faster acceleration during Explosive Sprint,https://drop-assets.ea.com/images/1xG25Zp3wvkLA5YewKiZah/f27f5fabd1e899fc0bbb817d2db233b1/Quick_Step.png,playStyle,Play Style,trait1_134217728,Long Throw,Powerful throw-ins for greater distance,https://drop-assets.ea.com/images/51OlohNQvoEwW0aLhknAHh/58fa7d903d10f6d8cfa2622f62ba6b6f/Long_Throw.png,playStyle,Play Style,,,,,,,,,,,,,,,,,,,,,,,,,,
206511,766,79,Maximilian,Arnold,,5/27/1994 12:00:00 AM,184,3,2,2,Bundesliga,74,https://ratings-images-prod.pulse.ea.com/FC25/full/player-portraits/p206511.png?padding=0.7,https://ratings-images-prod.pulse.ea.com/FC25/full/player-shields/en/206511.png?width=265,14,Center Midfielder,CM,trait1_8,Dead Ball,"Faster, accurate set pieces with longer trajectory preview",https://drop-assets.ea.com/images/1razu2wcM3XA82VvB7NyUm/eec6b07080e49d6bf2d7a7951a22375f/Dead_Ball.png,playStyle,Play Style,trait1_128,Gamechanger,Fancy and Trivela shots are performed with improved accuracy.,https://drop-assets.ea.com/images/2v8I0GQrtREaEJzJcyStKe/e46d719e4e5ed88ac5a1f671c7448f4a/Gamechanger.png,playStyle,Play Style,0,Men's Football,21,Germany,https://drop-assets.ea.com/images/6IIMMGk0Uj1rcZ6DSHTpLL/93f95b602dc62594104f418c8f80ebb3/f_21.png,175,VfL Wolfsburg,https://drop-assets.ea.com/images/4mw5u30yjPmzh9OVqKB0YV/ad59c24a84c9afb0a877046fadeb9c9e/l175.png,false,10,CDM,Center Defensive Midfielder,midfielder,Midfielder,63,0,69,0,70,0,78,0,74,0,77,0,64,0,79,0,79,0,69,0,84,0,75,0,78,0,76,0,76,0,74,0,84,0,11,0,9,0,11,0,10,0,10,0,58,0,77,0,83,0,87,0,64,0,79,0,54,0,75,0,75,0,81,0,80,0,82,0,91,0,72,0,64,0,76,0,78,0,84,0,trait1_1024,Long Ball Pass,"Accurate, faster Lob and Lofted Through Passes",https://drop-assets.ea.com/images/7jwRDD4zkOsqRpc821t73d/16d46d57a5dfc7dd5dd5f8de0fd26a99/Long_Ball_Pass.png,playStyle,Play Style,icontrait1_4,Power Shot+,Much faster power shots with significant speed increase,https://drop-assets.ea.com/images/3SLCWnaVMQFNLdRmNpUyyP/545111e2c601b507f79588f950b2848f/Power_Shot_.png,playStylePlus,Play Style Plus,,,,,,,,,,,,,,,,,,,,,,,,,,
251804,767,79,Sergiño,Dest,,11/3/2000 12:00:00 AM,173,4,4,1,Eredivisie,68,https://ratings-images-prod.pulse.ea.com/FC25/full/player-portraits/p251804.png?padding=0.7,https://ratings-images-prod.pulse.ea.com/FC25/full/player-shields/en/251804.png?width=265,7,Left Back,LB,trait1_8192,Inventive,Fancy and Trivela passes are performed with improved accuracy.,https://drop-assets.ea.com/images/4fpo31RdL5T0vrzNqcSc4x/f82209bfd51270dcc447d4313b3e61f1/Inventive.png,playStyle,Play Style,trait1_1048576,Technical,"Faster Controlled Sprint, precise wide turns while dribbling",https://drop-assets.ea.com/images/5Esx7NK4YBU44O4bo07rvb/69ca9417da7fd07905f6c6956ad93f6d/Technical.png,playStyle,Play Style,0,Men's Football,95,United States,https://drop-assets.ea.com/images/7ZVadlJQIutRH5P85wr76/c2456a2d76146d19f98c2c3071136dcf/f_95.png,,,,,3,RB,Right Back,defense,Defense,89,0,89,0,78,0,76,0,68,0,73,0,88,0,82,0,75,0,76,0,74,0,72,0,72,0,83,0,84,0,60,0,43,0,11,0,10,0,10,0,15,0,15,0,59,0,73,0,71,0,62,0,87,0,75,0,39,0,72,0,73,0,77,0,60,0,80,0,65,0,75,0,86,0,76,0,76,0,46,0,trait1_33554432,Quick Step,Faster acceleration during Explosive Sprint,https://drop-assets.ea.com/images/1xG25Zp3wvkLA5YewKiZah/f27f5fabd1e899fc0bbb817d2db233b1/Quick_Step.png,playStyle,Play Style,trait1_67108864,Relentless,"Increased half time fatigue recovery, longer teammate contain and press",https://drop-assets.ea.com/images/2vVuRxgvPNaAuFGqZZ9nDY/3e2505addd5a6b353becdeaf7173d187/Relentless.png,playStyle,Play Style,12,Right Midfielder,RM,,,,,,,,,,,,,,,,,,,,,,,
258966,768,79,Andrea,Cambiaso,,2/20/2000 12:00:00 AM,182,3,5,2,Serie A Enilive,77,https://ratings-images-prod.pulse.ea.com/FC25/full/player-portraits/p258966.png?padding=0.7,https://ratings-images-prod.pulse.ea.com/FC25/full/player-shields/en/258966.png?width=265,3,Right Back,RB,trait1_16384,Jockey,"Faster Sprint Jockey, better transition speed",https://drop-assets.ea.com/images/7lHjpOBSghE6Ywt1jgVv1C/21f9914d00f073d79d4b46cac71b9087/Jockey.png,playStyle,Play Style,trait1_131072,Anticipate,"Improved standing tackle success, possibility of stopping ball at feet",https://drop-assets.ea.com/images/4xPnUcL7thizFB7qmhlwUR/1ade7a0f77d5e875c2db869964540a35/Anticipate.png,playStyle,Play Style,0,Men's Football,27,Italy,https://drop-assets.ea.com/images/2WtjWPqYzT7xcMCbvajGZH/d06e9ec4734a0d43d88f65386cc3a484/f_27.png,45,Juventus,https://drop-assets.ea.com/images/6zWQmPATtK8lpsiXbKb3mY/6b2d1dab08ef14f63271a5cd70a0db0d/l45.png,true,7,LB,Left Back,defense,Defense,79,0,78,0,75,0,76,0,66,0,71,0,71,0,80,0,78,0,79,0,76,0,75,0,76,0,79,0,80,0,68,0,60,0,13,0,7,0,7,0,13,0,13,0,62,0,74,0,75,0,75,0,78,0,77,0,46,0,70,0,78,0,78,0,70,0,79,0,75,0,76,0,78,0,79,0,79,0,72,0,trait1_67108864,Relentless,"Increased half time fatigue recovery, longer teammate contain and press",https://drop-assets.ea.com/images/2vVuRxgvPNaAuFGqZZ9nDY/3e2505addd5a6b353becdeaf7173d187/Relentless.png,playStyle,Play Style,,,,,,,16,Left Midfielder,LM,,,,,,,,,,,,,,,,,,,,,,,
216150,770,79,Davide,Zappacosta,,6/11/1992 12:00:00 AM,182,3,3,1,Serie A Enilive,75,https://ratings-images-prod.pulse.ea.com/FC25/full/player-portraits/p216150.png?padding=0.7,https://ratings-images-prod.pulse.ea.com/FC25/full/player-shields/en/216150.png?width=265,12,Right Midfielder,RM,trait1_4096,Whipped Pass,"Accurate, faster crosses with more curve",https://drop-assets.ea.com/images/FfTP29PWrRWZjEaiCCVoa/a1b345e4ae7023ed78b1efd68d28f392/Whipped_Pass.png,playStyle,Play Style,,,,,,,0,Men's Football,27,Italy,https://drop-assets.ea.com/images/2WtjWPqYzT7xcMCbvajGZH/d06e9ec4734a0d43d88f65386cc3a484/f_27.png,115845,Bergamo Calcio,https://drop-assets.ea.com/images/19gWEcyonp2fvk02MNHZOA/83b82283fc62f7010b529a53a0724eee/l115845.png,false,16,LM,Left Midfielder,midfielder,Midfielder,78,0,71,0,75,0,80,0,61,0,75,0,69,0,78,0,74,0,84,0,78,0,76,0,75,0,77,0,79,0,71,0,59,0,11,0,9,0,8,0,6,0,11,0,69,0,77,0,75,0,75,0,76,0,77,0,59,0,69,0,79,0,76,0,73,0,79,0,79,0,78,0,74,0,78,0,70,0,69,0,,,,,,,,,,,,,27,Left Wing,LW,,,,,,,,,,,,,,,,,,,,,,,
224196,772,79,Ramy,Bensebaini,,4/16/1995 12:00:00 AM,187,3,4,2,Bundesliga,82,https://ratings-images-prod.pulse.ea.com/FC25/full/player-portraits/p224196.png?padding=0.7,https://ratings-images-prod.pulse.ea.com/FC25/full/player-shields/en/224196.png?width=265,5,Center Back,CB,trait1_2,Chip Shot,"Faster, more accurate chip shots",https://drop-assets.ea.com/images/6Gl08kt7odn1fJNX74CS2P/984feac3cd8d99902f5cb5131d5fd26a/Chip_Shot.png,playStyle,Play Style,trait1_268435456,Bruiser,Stronger physical tackles,https://drop-assets.ea.com/images/7euMJ2jVypFrFPQesWuGGm/14019168b12faac1584a2920d5c2d5d9/Bruiser.png,playStyle,Play Style,0,Men's Football,97,Algeria,https://drop-assets.ea.com/images/7DBnvM9EEo73oK7xEvbWvJ/47a0a190f5a0092fef1bc40e7e74b8f9/f_97.png,22,Borussia Dortmund,https://drop-assets.ea.com/images/TmqxUZk2FrbFXOK1kdE89/3dce225926ac7cfd9f283ecd731fa710/l22.png,false,7,LB,Left Back,defense,Defense,72,0,67,0,88,0,77,0,78,0,82,0,67,0,82,0,74,0,73,0,67,0,78,0,73,0,77,0,78,0,72,0,62,0,6,0,13,0,14,0,7,0,14,0,82,0,74,0,68,0,65,0,73,0,70,0,85,0,79,0,66,0,75,0,70,0,76,0,70,0,87,0,73,0,80,0,63,0,57,0,icontrait1_262144,Slide Tackle+,"Greatly improved slide tackle coverage, stops ball at feet",https://drop-assets.ea.com/images/oMoLHfawtU6s08cupTpup/4c19ef50d267273c4495deb32a06c9eb/Slide_Tackle_.png,playStylePlus,Play Style Plus,,,,,,,16,Left Midfielder,LM,,,,,,,,,,,,,,,,,,,,,,,
235152,773,79,Ferdi,Kadıoğlu,,10/7/1999 12:00:00 AM,174,3,4,1,Premier League,68,https://ratings-images-prod.pulse.ea.com/FC25/full/player-portraits/p235152.png?padding=0.7,https://ratings-images-prod.pulse.ea.com/FC25/full/player-shields/en/235152.png?width=265,7,Left Back,LB,trait1_4096,Whipped Pass,"Accurate, faster crosses with more curve",https://drop-assets.ea.com/images/FfTP29PWrRWZjEaiCCVoa/a1b345e4ae7023ed78b1efd68d28f392/Whipped_Pass.png,playStyle,Play Style,trait1_16384,Jockey,"Faster Sprint Jockey, better transition speed",https://drop-assets.ea.com/images/7lHjpOBSghE6Ywt1jgVv1C/21f9914d00f073d79d4b46cac71b9087/Jockey.png,playStyle,Play Style,0,Men's Football,48,Turkey,https://drop-assets.ea.com/images/501PnaP87pzjR8dKEQ20OT/7f0fd5c896b732a094222cbf0560b4c2/f_48.png,1808,Brighton,https://drop-assets.ea.com/images/1mFLMjuFkxQjbRaTLKZ8Gm/277b9eb6d29d37064d1d82063b06f681/l1808.png,false,3,RB,Right Back,defense,Defense,88,0,89,0,71,0,79,0,62,0,62,0,86,0,78,0,73,0,75,0,73,0,76,0,77,0,80,0,79,0,65,0,63,0,10,0,13,0,11,0,11,0,5,0,66,0,75,0,70,0,72,0,82,0,74,0,52,0,67,0,73,0,75,0,68,0,78,0,73,0,77,0,77,0,77,0,73,0,63,0,trait1_2097152,Rapid,"Higher sprint speed while dribbling, reduced error on knock-ons",https://drop-assets.ea.com/images/1aGsvwKyIFlRG1eoJSS0Ot/a4d3d661ff962795a632fe86439d2146/Rapid.png,playStyle,Play Style,trait1_4194304,First Touch,"Reduced trapping error, faster dribbling transition",https://drop-assets.ea.com/images/3f727XsoDVLbT49oMk0HBu/2787568be8ccb2d5daa2d18fabacad97/First_Touch.png,playStyle,Play Style,12,Right Midfielder,RM,,trait1_33554432,Quick Step,Faster acceleration during Explosive Sprint,https://drop-assets.ea.com/images/1xG25Zp3wvkLA5YewKiZah/f27f5fabd1e899fc0bbb817d2db233b1/Quick_Step.png,playStyle,Play Style,trait1_67108864,Relentless,"Increased half time fatigue recovery, longer teammate contain and press",https://drop-assets.ea.com/images/2vVuRxgvPNaAuFGqZZ9nDY/3e2505addd5a6b353becdeaf7173d187/Relentless.png,playStyle,Play Style,,,,,,,,,,
242087,774,79,Hidemasa,Morita,,5/10/1995 12:00:00 AM,177,3,5,1,Liga Portugal,76,https://ratings-images-prod.pulse.ea.com/FC25/full/player-portraits/p242087.png?padding=0.7,https://ratings-images-prod.pulse.ea.com/FC25/full/player-shields/en/242087.png?width=265,10,Center Defensive Midfielder,CDM,trait1_256,Incisive Pass,"Accurate through passes, curvier swerve passes, faster precision passes",https://drop-assets.ea.com/images/2K5BYfVYRnrdjt8F3hwI04/62f147b6a436c107bfa3d042c1d5728d/Incisive_Pass.png,playStyle,Play Style,trait1_131072,Anticipate,"Improved standing tackle success, possibility of stopping ball at feet",https://drop-assets.ea.com/images/4xPnUcL7thizFB7qmhlwUR/1ade7a0f77d5e875c2db869964540a35/Anticipate.png,playStyle,Play Style,0,Men's Football,163,Japan,https://drop-assets.ea.com/images/1aoxCwnRS4A6LGlyhrUllt/b5b0cd61a299b9996821c16cc324cc3b/f_163.png,237,Sporting CP,https://drop-assets.ea.com/images/2bL9oGApMvbYE1o0Byl8KB/c914cde8141f11124f026cb198a0eb00/l237.png,false,14,CM,Center Midfielder,midfielder,Midfielder,67,0,75,0,68,0,83,0,77,0,76,0,73,0,81,0,79,0,70,0,72,0,73,0,75,0,79,0,80,0,75,0,57,0,6,0,10,0,13,0,7,0,8,0,47,0,78,0,80,0,74,0,68,0,76,0,52,0,78,0,78,0,79,0,72,0,80,0,72,0,74,0,68,0,76,0,79,0,54,0,trait1_524288,Aerial Fortress,Performs higher jumps and has physical defensive presence before and during aerial duels,https://drop-assets.ea.com/images/3rsDbUXd3MZX39YTsk6lKe/404db89f2237eeb7466668a730c52a4b/Aerial_Fortress.png,playStyle,Play Style,trait1_16777216,Press Proven,"Close control at jog speed, shields ball more effectively",https://drop-assets.ea.com/images/5rUHwyLJRnvGV53Ba4Pj6M/9a3238695ae8103667ba02af391ac209/Press_Proven.png,playStyle,Play Style,,,,,trait1_67108864,Relentless,"Increased half time fatigue recovery, longer teammate contain and press",https://drop-assets.ea.com/images/2vVuRxgvPNaAuFGqZZ9nDY/3e2505addd5a6b353becdeaf7173d187/Relentless.png,playStyle,Play Style,trait1_268435456,Bruiser,Stronger physical tackles,https://drop-assets.ea.com/images/7euMJ2jVypFrFPQesWuGGm/14019168b12faac1584a2920d5c2d5d9/Bruiser.png,playStyle,Play Style,,,,,,,,,,
253072,775,79,Darwin,Núñez,,6/24/1999 12:00:00 AM,187,3,3,1,ROSHN Saudi League,81,https://ratings-images-prod.pulse.ea.com/FC25/full/player-portraits/p253072.png?padding=0.7,https://ratings-images-prod.pulse.ea.com/FC25/full/player-shields/en/253072.png?width=265,,,,trait1_2097152,Rapid,"Higher sprint speed while dribbling, reduced error on knock-ons",https://drop-assets.ea.com/images/1aGsvwKyIFlRG1eoJSS0Ot/a4d3d661ff962795a632fe86439d2146/Rapid.png,playStyle,Play Style,trait1_33554432,Quick Step,Faster acceleration during Explosive Sprint,https://drop-assets.ea.com/images/1xG25Zp3wvkLA5YewKiZah/f27f5fabd1e899fc0bbb817d2db233b1/Quick_Step.png,playStyle,Play Style,0,Men's Football,60,Uruguay,https://drop-assets.ea.com/images/GRwJwZ17RfDveZX4N4L78/25beda9babb2d93a8ff7bb5487eb263b/f_60.png,605,Al Hilal,https://drop-assets.ea.com/images/S6sbDN9mfGaVn2VJDekYR/c6f580c98a0d614b0b308a89a241c6ab/l605.png,false,25,ST,Striker,attack,Attack,86,0,68,0,93,0,79,0,81,0,84,0,66,0,77,0,76,0,69,0,75,0,49,0,42,0,76,0,78,0,77,0,61,0,14,0,10,0,12,0,10,0,13,0,77,0,45,0,68,0,75,0,88,0,72,0,78,0,82,0,81,0,74,0,79,0,74,0,87,0,39,0,89,0,52,0,78,0,74,0,trait1_67108864,Relentless,"Increased half time fatigue recovery, longer teammate contain and press",https://drop-assets.ea.com/images/2vVuRxgvPNaAuFGqZZ9nDY/3e2505addd5a6b353becdeaf7173d187/Relentless.png,playStyle,Play Style,,,,,,,,,,,,,,,,,,,,,,,,,,,,,,,,
242201,777,79,Luis,Milla Manzanares,Luis Milla,10/7/1994 12:00:00 AM,175,3,3,1,LALIGA EA SPORTS,67,https://ratings-images-prod.pulse.ea.com/FC25/full/player-portraits/p242201.png?padding=0.7,https://ratings-images-prod.pulse.ea.com/FC25/full/player-shields/en/242201.png?width=265,10,Center Defensive Midfielder,CDM,trait1_1024,Long Ball Pass,"Accurate, faster Lob and Lofted Through Passes",https://drop-assets.ea.com/images/7jwRDD4zkOsqRpc821t73d/16d46d57a5dfc7dd5dd5f8de0fd26a99/Long_Ball_Pass.png,playStyle,Play Style,trait1_524288,Aerial Fortress,Performs higher jumps and has physical defensive presence before and during aerial duels,https://drop-assets.ea.com/images/3rsDbUXd3MZX39YTsk6lKe/404db89f2237eeb7466668a730c52a4b/Aerial_Fortress.png,playStyle,Play Style,0,Men's Football,45,Spain,https://drop-assets.ea.com/images/Kv8okAYMsDbB3ZKbxrAXw/9d30c88d16a4c85002f35c6af412c6f7/f_45.png,1860,Getafe CF,https://drop-assets.ea.com/images/44YMNWepTyO6Bq40e9JFvy/a282461a849f13c104c8163cd2253e2a/l1860.png,false,14,CM,Center Midfielder,midfielder,Midfielder,72,0,68,0,66,0,82,0,68,0,75,0,77,0,78,0,81,0,76,0,76,0,75,0,78,0,76,0,75,0,70,0,78,0,12,0,13,0,8,0,10,0,10,0,49,0,81,0,81,0,75,0,69,0,80,0,75,0,73,0,77,0,79,0,72,0,82,0,76,0,72,0,67,0,79,0,79,0,56,0,trait1_16777216,Press Proven,"Close control at jog speed, shields ball more effectively",https://drop-assets.ea.com/images/5rUHwyLJRnvGV53Ba4Pj6M/9a3238695ae8103667ba02af391ac209/Press_Proven.png,playStyle,Play Style,trait1_67108864,Relentless,"Increased half time fatigue recovery, longer teammate contain and press",https://drop-assets.ea.com/images/2vVuRxgvPNaAuFGqZZ9nDY/3e2505addd5a6b353becdeaf7173d187/Relentless.png,playStyle,Play Style,,,,,,,,,,,,,,,,,,,,,,,,,,
255069,778,79,Nicolás,González Iglesias,Nico González,1/3/2002 12:00:00 AM,188,3,3,1,Premier League,88,https://ratings-images-prod.pulse.ea.com/FC25/full/player-portraits/p255069.png?padding=0.7,https://ratings-images-prod.pulse.ea.com/FC25/full/player-shields/en/255069.png?width=265,14,Center Midfielder,CM,trait1_16777216,Press Proven,"Close control at jog speed, shields ball more effectively",https://drop-assets.ea.com/images/5rUHwyLJRnvGV53Ba4Pj6M/9a3238695ae8103667ba02af391ac209/Press_Proven.png,playStyle,Play Style,,,,,,,0,Men's Football,45,Spain,https://drop-assets.ea.com/images/Kv8okAYMsDbB3ZKbxrAXw/9d30c88d16a4c85002f35c6af412c6f7/f_45.png,10,Manchester City,https://drop-assets.ea.com/images/4asmNLic4aQn6cjlEg1t5u/88bea3ddd6c1f620bbf813041f248685/l10.png,false,10,CDM,Center Defensive Midfielder,midfielder,Midfielder,66,0,67,0,77,0,80,0,79,0,85,0,57,0,81,0,75,0,70,0,62,0,74,0,74,0,77,0,78,0,70,0,59,0,14,0,14,0,10,0,12,0,7,0,69,0,73,0,79,0,68,0,67,0,77,0,60,0,80,0,72,0,76,0,70,0,83,0,76,0,70,0,67,0,79,0,79,0,58,0,,,,,,,,,,,,,,,,,,,,,,,,,,,,,,,,,,,,,,
213884,781,79,Ryan,Christie,,2/12/1995 12:00:00 AM,178,3,4,2,Premier League,70,https://ratings-images-prod.pulse.ea.com/FC25/full/player-portraits/p213884.png?padding=0.7,https://ratings-images-prod.pulse.ea.com/FC25/full/player-shields/en/213884.png?width=265,14,Center Midfielder,CM,trait1_65536,Intercept,Increased reach and possession retention in interceptions,https://drop-assets.ea.com/images/5ysv7Iw8jDHl7sp1JXqIa7/d34004fed8c95bde083dcf8257391a70/Intercept.png,playStyle,Play Style,trait1_67108864,Relentless,"Increased half time fatigue recovery, longer teammate contain and press",https://drop-assets.ea.com/images/2vVuRxgvPNaAuFGqZZ9nDY/3e2505addd5a6b353becdeaf7173d187/Relentless.png,playStyle,Play Style,0,Men's Football,42,Scotland,https://drop-assets.ea.com/images/3LfmKqyBykOGZyfdSpENTr/ec3733dfa9526c8f6da96bf0f8c7448e/f_42.png,1943,AFC Bournemouth,https://drop-assets.ea.com/images/5Z6J6MhqjuJVwE7SVnfr5E/6075ff3239d67bdf8258a067ed93ccdb/l1943.png,false,10,CDM,Center Defensive Midfielder,midfielder,Midfielder,73,0,78,0,69,0,85,0,69,0,82,0,80,0,77,0,79,0,72,0,75,0,74,0,74,0,78,0,77,0,68,0,70,0,13,0,9,0,12,0,7,0,8,0,53,0,81,0,79,0,70,0,69,0,77,0,73,0,76,0,74,0,80,0,70,0,80,0,77,0,74,0,66,0,76,0,77,0,50,0,,,,,,,,,,,,,,,,,,,,,,,,,,,,,,,,,,,,,,
226456,782,79,Pablo,Fornals Malla,Pablo Fornals,2/22/1996 12:00:00 AM,178,4,3,1,LALIGA EA SPORTS,67,https://ratings-images-prod.pulse.ea.com/FC25/full/player-portraits/p226456.png?padding=0.7,https://ratings-images-prod.pulse.ea.com/FC25/full/player-shields/en/226456.png?width=265,14,Center Midfielder,CM,trait1_1048576,Technical,"Faster Controlled Sprint, precise wide turns while dribbling",https://drop-assets.ea.com/images/5Esx7NK4YBU44O4bo07rvb/69ca9417da7fd07905f6c6956ad93f6d/Technical.png,playStyle,Play Style,,,,,,,0,Men's Football,45,Spain,https://drop-assets.ea.com/images/Kv8okAYMsDbB3ZKbxrAXw/9d30c88d16a4c85002f35c6af412c6f7/f_45.png,449,Real Betis,https://drop-assets.ea.com/images/4rODtg2WvYGHhUGfPXxilW/e047163865b561a0ced87f9f593498c1/l449.png,false,10,CDM,Center Defensive Midfielder,midfielder,Midfielder,66,0,75,0,64,0,81,0,66,0,74,0,73,0,83,0,82,0,80,0,74,0,73,0,75,0,80,0,79,0,76,0,70,0,9,0,11,0,12,0,7,0,15,0,50,0,75,0,80,0,75,0,65,0,80,0,55,0,71,0,78,0,78,0,75,0,80,0,76,0,75,0,65,0,77,0,84,0,70,0,,,,,,,,,,,,,12,Right Midfielder,RM,,,,,,,,,,,,,,,,,,,,,,,
233084,783,79,Nahuel,Molina,,4/6/1998 12:00:00 AM,175,3,3,1,LALIGA EA SPORTS,70,https://ratings-images-prod.pulse.ea.com/FC25/full/player-portraits/p233084.png?padding=0.7,https://ratings-images-prod.pulse.ea.com/FC25/full/player-shields/en/233084.png?width=265,12,Right Midfielder,RM,trait1_4096,Whipped Pass,"Accurate, faster crosses with more curve",https://drop-assets.ea.com/images/FfTP29PWrRWZjEaiCCVoa/a1b345e4ae7023ed78b1efd68d28f392/Whipped_Pass.png,playStyle,Play Style,trait1_32768,Block,Increased reach and success in blocking,https://drop-assets.ea.com/images/2Rlftzr8lqUdI29suCQVWe/43c6c36e8bd5fa26b88478d4354611a2/Block.png,playStyle,Play Style,0,Men's Football,52,Argentina,https://drop-assets.ea.com/images/4xMXjEt7CFJ6JENYeG45Sk/836d733dc1642c5e4ab3338d91481436/f_52.png,240,Atlético de Madrid,https://drop-assets.ea.com/images/vYcueolPvaGx8blMqhPZ5/5dc3479fc8b85d475fd980c53fc2056f/l240.png,false,3,RB,Right Back,defense,Defense,79,0,81,0,74,0,85,0,63,0,74,0,76,0,76,0,74,0,78,0,68,0,75,0,75,0,76,0,75,0,67,0,44,0,12,0,13,0,8,0,5,0,10,0,63,0,77,0,69,0,67,0,82,0,73,0,45,0,71,0,77,0,76,0,67,0,76,0,70,0,76,0,84,0,77,0,76,0,62,0,,,,,,,,,,,,,,,,,,,,,,,,,,,,,,,,,,,,,,
248465,784,79,Ian,Maatsen,,3/10/2002 12:00:00 AM,178,3,2,2,Premier League,68,https://ratings-images-prod.pulse.ea.com/FC25/full/player-portraits/p248465.png?padding=0.7,https://ratings-images-prod.pulse.ea.com/FC25/full/player-shields/en/248465.png?width=265,16,Left Midfielder,LM,trait1_262144,Slide Tackle,Stops ball at feet during slide tackles,https://drop-assets.ea.com/images/7mI1lrxE0pv9iJfQFki9OA/8c1ecac325f923e049be72231c8c968a/Slide_Tackle.png,playStyle,Play Style,trait1_2097152,Rapid,"Higher sprint speed while dribbling, reduced error on knock-ons",https://drop-assets.ea.com/images/1aGsvwKyIFlRG1eoJSS0Ot/a4d3d661ff962795a632fe86439d2146/Rapid.png,playStyle,Play Style,0,Men's Football,34,Holland,https://drop-assets.ea.com/images/7LmdSUm2Ge4fzqcz0NElvq/d272142c80713dcf0e5ec0a47232aeee/f_34.png,2,Aston Villa,https://drop-assets.ea.com/images/57c0ppYsEA88xL0gxqce8K/99605df97c6a96ea3b6e8a424c217af0/l2.png,false,7,LB,Left Back,defense,Defense,88,0,86,0,70,0,74,0,52,0,73,0,86,0,80,0,76,0,77,0,71,0,73,0,74,0,81,0,81,0,64,0,62,0,9,0,10,0,12,0,15,0,9,0,58,0,76,0,70,0,68,0,87,0,75,0,45,0,63,0,68,0,78,0,65,0,79,0,72,0,78,0,87,0,72,0,72,0,57,0,,,,,,,,,,,,,,,,,,,,,,,,,,,,,,,,,,,,,,
252552,785,79,Konstantinos,Tzolakis,,11/8/2002 12:00:00 AM,193,1,3,1,Hellas Liga,80,https://ratings-images-prod.pulse.ea.com/FC25/full/player-portraits/p252552.png?padding=0.7,https://ratings-images-prod.pulse.ea.com/FC25/full/player-shields/en/252552.png?width=250,,,,trait2_4,Cross Claimer,"Unique punching animations, powerful punches, faster crosses coverage",https://drop-assets.ea.com/images/4Uvgm6UNiSz3say1zZqKDC/51837f53072d5e01063699f6d2b7401a/Cross_Claimer.png,playStyle,Play Style,,,,,,,0,Men's Football,22,Greece,https://drop-assets.ea.com/images/6zI3f01SVKRJFIel1ad4BC/f85935df3b415f4a3f7320e8f78e398f/f_22.png,280,Olympiacos FC,https://drop-assets.ea.com/images/2hyiQlv23Ipa7IOEtN7qAv/39a4514bd5a02d0d6db09d8eb2564c8f/l280.png,false,0,GK,Goalkeeper,defense,Defense,53,0,63,0,68,0,43,0,68,0,38,0,57,0,41,0,61,0,12,0,31,0,54,0,8,0,81,0,26,0,10,0,11,0,79,0,77,0,74,0,79,0,81,0,11,0,9,0,56,0,11,0,79,0,74,0,16,0,79,0,9,0,73,0,77,0,47,0,56,0,14,0,56,0,14,0,61,0,11,0,,,,,,,,,,,,,,,,,,,,,,,,,,,,,,,,,,,,,,
220651,786,79,José Ángel,Esmoris Tasende,Angeliño,1/4/1997 12:00:00 AM,171,4,3,2,Serie A Enilive,69,https://ratings-images-prod.pulse.ea.com/FC25/full/player-portraits/p220651.png?padding=0.7,https://ratings-images-prod.pulse.ea.com/FC25/full/player-shields/en/220651.png?width=265,16,Left Midfielder,LM,trait1_4096,Whipped Pass,"Accurate, faster crosses with more curve",https://drop-assets.ea.com/images/FfTP29PWrRWZjEaiCCVoa/a1b345e4ae7023ed78b1efd68d28f392/Whipped_Pass.png,playStyle,Play Style,trait1_131072,Anticipate,"Improved standing tackle success, possibility of stopping ball at feet",https://drop-assets.ea.com/images/4xPnUcL7thizFB7qmhlwUR/1ade7a0f77d5e875c2db869964540a35/Anticipate.png,playStyle,Play Style,0,Men's Football,45,Spain,https://drop-assets.ea.com/images/Kv8okAYMsDbB3ZKbxrAXw/9d30c88d16a4c85002f35c6af412c6f7/f_45.png,52,AS Roma,https://drop-assets.ea.com/images/2ruQP0TDYcCmtVFKr9qMBI/5f53795056598b1faac31300900b8671/l52.png,false,7,LB,Left Back,defense,Defense,77,0,84,0,71,0,87,0,56,0,76,0,83,0,83,0,80,0,86,0,83,0,74,0,76,0,80,0,78,0,68,0,76,0,13,0,6,0,13,0,13,0,13,0,63,0,75,0,80,0,67,0,69,0,81,0,55,0,69,0,78,0,77,0,70,0,82,0,82,0,74,0,62,0,75,0,78,0,63,0,trait1_67108864,Relentless,"Increased half time fatigue recovery, longer teammate contain and press",https://drop-assets.ea.com/images/2vVuRxgvPNaAuFGqZZ9nDY/3e2505addd5a6b353becdeaf7173d187/Relentless.png,playStyle,Play Style,trait1_134217728,Long Throw,Powerful throw-ins for greater distance,https://drop-assets.ea.com/images/51OlohNQvoEwW0aLhknAHh/58fa7d903d10f6d8cfa2622f62ba6b6f/Long_Throw.png,playStyle,Play Style,,,,,,,,,,,,,,,,,,,,,,,,,,
224836,787,79,Vanja,Milinković-Savić,,2/20/1997 12:00:00 AM,202,1,3,1,Serie A Enilive,99,https://ratings-images-prod.pulse.ea.com/FC25/full/player-portraits/p224836.png?padding=0.7,https://ratings-images-prod.pulse.ea.com/FC25/full/player-shields/en/224836.png?width=265,,,,trait1_1024,Long Ball Pass,"Accurate, faster Lob and Lofted Through Passes",https://drop-assets.ea.com/images/7jwRDD4zkOsqRpc821t73d/16d46d57a5dfc7dd5dd5f8de0fd26a99/Long_Ball_Pass.png,playStyle,Play Style,trait2_1,Far Throw,Unique goalkeeper throw animations with longer throw distance,https://drop-assets.ea.com/images/3CjCz29sjIt1xMZTRDi4vQ/8ecb201b0ae7d6d536d03c847a768ffa/Far_Throw.png,playStyle,Play Style,0,Men's Football,51,Serbia,https://drop-assets.ea.com/images/2GKu0zRZkrHdnQe5yZ5cSP/3ef9ea7c2fdd64aba769e1308bf133f0/f_51.png,48,SSC Napoli,https://drop-assets.ea.com/images/2FIV26KpnSXl3Nv8Ar6jk3/d8461aa150da3d433fccc34bc80c978f/l48.png,false,0,GK,Goalkeeper,defense,Defense,41,0,38,0,67,0,33,0,73,0,34,0,38,0,18,0,65,0,18,0,40,0,43,0,11,0,79,0,15,0,20,0,40,0,79,0,77,0,84,0,81,0,79,0,12,0,21,0,30,0,20,0,79,0,84,0,24,0,81,0,12,0,72,0,77,0,31,0,63,0,19,0,45,0,15,0,58,0,16,0,trait2_2,Footwork,"Exclusive foot saves, better performance on low shots",https://drop-assets.ea.com/images/1s2muXoHUmP1T0vGYKXSl1/6d265b13804069371f16a58788703a33/Footwork.png,playStyle,Play Style,,,,,,,,,,,,,,,,,,,,,,,,,,,,,,,,
229891,788,79,Julian,Ryerson,,11/17/1997 12:00:00 AM,183,2,3,1,Bundesliga,82,https://ratings-images-prod.pulse.ea.com/FC25/full/player-portraits/p229891.png?padding=0.7,https://ratings-images-prod.pulse.ea.com/FC25/full/player-shields/en/229891.png?width=265,7,Left Back,LB,trait1_16384,Jockey,"Faster Sprint Jockey, better transition speed",https://drop-assets.ea.com/images/7lHjpOBSghE6Ywt1jgVv1C/21f9914d00f073d79d4b46cac71b9087/Jockey.png,playStyle,Play Style,trait1_67108864,Relentless,"Increased half time fatigue recovery, longer teammate contain and press",https://drop-assets.ea.com/images/2vVuRxgvPNaAuFGqZZ9nDY/3e2505addd5a6b353becdeaf7173d187/Relentless.png,playStyle,Play Style,0,Men's Football,36,Norway,https://drop-assets.ea.com/images/kyD8KeqfkpF4AODggVj9z/999272a9ed21faa0d79c9ed626b89ec2/f_36.png,22,Borussia Dortmund,https://drop-assets.ea.com/images/TmqxUZk2FrbFXOK1kdE89/3dce225926ac7cfd9f283ecd731fa710/l22.png,false,3,RB,Right Back,defense,Defense,77,0,76,0,74,0,83,0,80,0,86,0,77,0,76,0,74,0,79,0,63,0,77,0,83,0,76,0,76,0,62,0,54,0,7,0,13,0,8,0,7,0,7,0,64,0,74,0,69,0,61,0,74,0,71,0,44,0,82,0,63,0,77,0,63,0,76,0,73,0,80,0,72,0,75,0,63,0,55,0,trait1_268435456,Bruiser,Stronger physical tackles,https://drop-assets.ea.com/images/7euMJ2jVypFrFPQesWuGGm/14019168b12faac1584a2920d5c2d5d9/Bruiser.png,playStyle,Play Style,,,,,,,12,Right Midfielder,RM,,,,,,,,,,,,,,,,,,,,,,,
234505,789,79,Evander,da Silva Ferreira,Evander,6/9/1998 12:00:00 AM,178,4,4,1,MLS,73,https://ratings-images-prod.pulse.ea.com/FC25/full/player-portraits/p234505.png?padding=0.7,https://ratings-images-prod.pulse.ea.com/FC25/full/player-shields/en/234505.png?width=265,14,Center Midfielder,CM,trait1_128,Gamechanger,Fancy and Trivela shots are performed with improved accuracy.,https://drop-assets.ea.com/images/2v8I0GQrtREaEJzJcyStKe/e46d719e4e5ed88ac5a1f671c7448f4a/Gamechanger.png,playStyle,Play Style,trait1_256,Incisive Pass,"Accurate through passes, curvier swerve passes, faster precision passes",https://drop-assets.ea.com/images/2K5BYfVYRnrdjt8F3hwI04/62f147b6a436c107bfa3d042c1d5728d/Incisive_Pass.png,playStyle,Play Style,0,Men's Football,54,Brazil,https://drop-assets.ea.com/images/1zdNn1R9tRlfQ3lsbAOecD/a606f742789b6306363383a6e20dd003/f_54.png,113149,FC Cincinnati,https://drop-assets.ea.com/images/6LPKd3WwcBZ8LDcUuykbnj/ff5428082b780a98ebcb981a8891c58e/l113149.png,false,18,CAM,Center Attacking Midfielder,midfielder,Midfielder,74,0,81,0,66,0,83,0,62,0,71,0,83,0,79,0,77,0,73,0,78,0,66,0,71,0,81,0,83,0,79,0,79,0,11,0,8,0,12,0,11,0,6,0,51,0,68,0,77,0,79,0,72,0,78,0,74,0,69,0,76,0,74,0,77,0,80,0,77,0,56,0,71,0,68,0,80,0,55,0,trait1_1024,Long Ball Pass,"Accurate, faster Lob and Lofted Through Passes",https://drop-assets.ea.com/images/7jwRDD4zkOsqRpc821t73d/16d46d57a5dfc7dd5dd5f8de0fd26a99/Long_Ball_Pass.png,playStyle,Play Style,trait1_1048576,Technical,"Faster Controlled Sprint, precise wide turns while dribbling",https://drop-assets.ea.com/images/5Esx7NK4YBU44O4bo07rvb/69ca9417da7fd07905f6c6956ad93f6d/Technical.png,playStyle,Play Style,25,Striker,ST,,,,,,,,,,,,,,,,,,,,,,,
257191,790,79,Anton,Stach,,11/15/1998 12:00:00 AM,194,3,4,1,Premier League,88,https://ratings-images-prod.pulse.ea.com/FC25/full/player-portraits/p257191.png?padding=0.7,https://ratings-images-prod.pulse.ea.com/FC25/full/player-shields/en/257191.png?width=265,14,Center Midfielder,CM,trait1_4,Power Shot,Faster power shots with increased speed,https://drop-assets.ea.com/images/3ohVoKWSsvT44qgjabWqfV/e536ef26ad854c3c4cbf63ed7954b9cd/Power_Shot.png,playStyle,Play Style,trait1_65536,Intercept,Increased reach and possession retention in interceptions,https://drop-assets.ea.com/images/5ysv7Iw8jDHl7sp1JXqIa7/d34004fed8c95bde083dcf8257391a70/Intercept.png,playStyle,Play Style,0,Men's Football,21,Germany,https://drop-assets.ea.com/images/6IIMMGk0Uj1rcZ6DSHTpLL/93f95b602dc62594104f418c8f80ebb3/f_21.png,8,Leeds United,https://drop-assets.ea.com/images/4GwGagnihmCNc321tRi8qB/07ddd8a7768922d58f01c2b6f2964a18/l8.png,false,10,CDM,Center Defensive Midfielder,midfielder,Midfielder,68,0,62,0,85,0,82,0,81,0,74,0,48,0,77,0,68,0,75,0,71,0,78,0,70,0,72,0,74,0,59,0,64,0,7,0,14,0,8,0,7,0,11,0,76,0,88,0,75,0,78,0,70,0,75,0,51,0,80,0,74,0,79,0,68,0,76,0,85,0,78,0,71,0,79,0,76,0,54,0,trait1_262144,Slide Tackle,Stops ball at feet during slide tackles,https://drop-assets.ea.com/images/7mI1lrxE0pv9iJfQFki9OA/8c1ecac325f923e049be72231c8c968a/Slide_Tackle.png,playStyle,Play Style,trait1_524288,Aerial Fortress,Performs higher jumps and has physical defensive presence before and during aerial duels,https://drop-assets.ea.com/images/3rsDbUXd3MZX39YTsk6lKe/404db89f2237eeb7466668a730c52a4b/Aerial_Fortress.png,playStyle,Play Style,5,Center Back,CB,,trait1_67108864,Relentless,"Increased half time fatigue recovery, longer teammate contain and press",https://drop-assets.ea.com/images/2vVuRxgvPNaAuFGqZZ9nDY/3e2505addd5a6b353becdeaf7173d187/Relentless.png,playStyle,Play Style,trait1_268435456,Bruiser,Stronger physical tackles,https://drop-assets.ea.com/images/7euMJ2jVypFrFPQesWuGGm/14019168b12faac1584a2920d5c2d5d9/Bruiser.png,playStyle,Play Style,,,,,,,,,,
183711,791,79,Jordan,Henderson,,6/17/1990 12:00:00 AM,182,3,3,1,Premier League,80,https://ratings-images-prod.pulse.ea.com/FC25/full/player-portraits/p183711.png?padding=0.7,https://ratings-images-prod.pulse.ea.com/FC25/full/player-shields/en/183711.png?width=265,14,Center Midfielder,CM,trait1_256,Incisive Pass,"Accurate through passes, curvier swerve passes, faster precision passes",https://drop-assets.ea.com/images/2K5BYfVYRnrdjt8F3hwI04/62f147b6a436c107bfa3d042c1d5728d/Incisive_Pass.png,playStyle,Play Style,trait1_1024,Long Ball Pass,"Accurate, faster Lob and Lofted Through Passes",https://drop-assets.ea.com/images/7jwRDD4zkOsqRpc821t73d/16d46d57a5dfc7dd5dd5f8de0fd26a99/Long_Ball_Pass.png,playStyle,Play Style,0,Men's Football,14,England,https://drop-assets.ea.com/images/6ZM1OFXGUFeV0ZaYVKj2z/ae88ef17f8cb179fbc1c463f7e1e4bd8/f_14.png,1925,Brentford,https://drop-assets.ea.com/images/3UCvZhjBB0odWNL0OPusuK/1de0f5b97a2e137201670df2cf09e1a5/l1925.png,false,10,CDM,Center Defensive Midfielder,midfielder,Midfielder,62,0,62,0,74,0,77,0,77,0,80,0,65,0,78,0,78,0,81,0,80,0,75,0,77,0,74,0,74,0,69,0,70,0,7,0,13,0,7,0,9,0,13,0,63,0,78,0,83,0,72,0,65,0,80,0,67,0,77,0,75,0,79,0,71,0,81,0,77,0,74,0,67,0,76,0,78,0,70,0,trait1_131072,Anticipate,"Improved standing tackle success, possibility of stopping ball at feet",https://drop-assets.ea.com/images/4xPnUcL7thizFB7qmhlwUR/1ade7a0f77d5e875c2db869964540a35/Anticipate.png,playStyle,Play Style,,,,,,,,,,,,,,,,,,,,,,,,,,,,,,,,
192638,792,79,Marcos,Alonso Mendoza,Marcos Alonso,12/28/1990 12:00:00 AM,188,3,3,2,LALIGA EA SPORTS,81,https://ratings-images-prod.pulse.ea.com/FC25/full/player-portraits/p192638.png?padding=0.7,https://ratings-images-prod.pulse.ea.com/FC25/full/player-shields/en/192638.png?width=250,7,Left Back,LB,,,,,,,,,,,,,0,Men's Football,45,Spain,https://drop-assets.ea.com/images/Kv8okAYMsDbB3ZKbxrAXw/9d30c88d16a4c85002f35c6af412c6f7/f_45.png,450,Celta,https://drop-assets.ea.com/images/3t0uDwxQg2iWoXop58je1a/d5c49ec269ace3a1ad2ded5fb2e8a9ec/l450.png,false,5,CB,Center Back,defense,Defense,58,0,63,0,80,0,74,0,76,0,80,0,56,0,77,0,79,0,83,0,84,0,80,0,80,0,74,0,76,0,70,0,83,0,9,0,7,0,13,0,9,0,12,0,79,0,81,0,76,0,75,0,57,0,80,0,75,0,77,0,77,0,79,0,74,0,82,0,82,0,79,0,56,0,80,0,76,0,76,0,,,,,,,,,,,,,,,,,,,,,,,,,,,,,,,,,,,,,,
195864,793,79,Paul,Pogba,,3/15/1993 12:00:00 AM,191,5,4,1,Ligue 1 McDonald's,84,https://ratings-images-prod.pulse.ea.com/FC25/full/player-portraits/p195864.png?padding=0.7,https://ratings-images-prod.pulse.ea.com/FC25/full/player-shields/en/195864.png?width=265,10,Center Defensive Midfielder,CDM,trait1_8,Dead Ball,"Faster, accurate set pieces with longer trajectory preview",https://drop-assets.ea.com/images/1razu2wcM3XA82VvB7NyUm/eec6b07080e49d6bf2d7a7951a22375f/Dead_Ball.png,playStyle,Play Style,trait1_1024,Long Ball Pass,"Accurate, faster Lob and Lofted Through Passes",https://drop-assets.ea.com/images/7jwRDD4zkOsqRpc821t73d/16d46d57a5dfc7dd5dd5f8de0fd26a99/Long_Ball_Pass.png,playStyle,Play Style,0,Men's Football,18,France,https://drop-assets.ea.com/images/3ECAQzhfgSLWRf9IIHB6G8/7e235a7b2f93c1f73db7f89dc03b3657/f_18.png,69,AS Monaco,https://drop-assets.ea.com/images/6XicH1VsjyR3WbTdpk99p3/8b11b6c53072e6c9c042eb77f3c6a8f4/l69.png,false,14,CM,Center Midfielder,midfielder,Midfielder,60,0,68,0,82,0,56,0,88,0,77,0,65,0,86,0,82,0,72,0,84,0,60,0,52,0,83,0,87,0,68,0,79,0,5,0,6,0,2,0,4,0,3,0,73,0,60,0,86,0,81,0,64,0,81,0,77,0,78,0,73,0,71,0,76,0,84,0,88,0,61,0,68,0,63,0,83,0,81,0,trait1_8192,Inventive,Fancy and Trivela passes are performed with improved accuracy.,https://drop-assets.ea.com/images/4fpo31RdL5T0vrzNqcSc4x/f82209bfd51270dcc447d4313b3e61f1/Inventive.png,playStyle,Play Style,trait1_1048576,Technical,"Faster Controlled Sprint, precise wide turns while dribbling",https://drop-assets.ea.com/images/5Esx7NK4YBU44O4bo07rvb/69ca9417da7fd07905f6c6956ad93f6d/Technical.png,playStyle,Play Style,18,Center Attacking Midfielder,CAM,,,,,,,,,,,,,,,,,,,,,,,
241811,795,79,Sergio,Gómez Martín,Sergio Gómez,9/4/2000 12:00:00 AM,173,4,3,2,LALIGA EA SPORTS,71,https://ratings-images-prod.pulse.ea.com/FC25/full/player-portraits/p241811.png?padding=0.7,https://ratings-images-prod.pulse.ea.com/FC25/full/player-shields/en/241811.png?width=265,14,Center Midfielder,CM,trait1_8,Dead Ball,"Faster, accurate set pieces with longer trajectory preview",https://drop-assets.ea.com/images/1razu2wcM3XA82VvB7NyUm/eec6b07080e49d6bf2d7a7951a22375f/Dead_Ball.png,playStyle,Play Style,trait1_8192,Inventive,Fancy and Trivela passes are performed with improved accuracy.,https://drop-assets.ea.com/images/4fpo31RdL5T0vrzNqcSc4x/f82209bfd51270dcc447d4313b3e61f1/Inventive.png,playStyle,Play Style,0,Men's Football,45,Spain,https://drop-assets.ea.com/images/Kv8okAYMsDbB3ZKbxrAXw/9d30c88d16a4c85002f35c6af412c6f7/f_45.png,457,Real Sociedad,https://drop-assets.ea.com/images/2ohvULVVtNoXptjhNS2dLq/08d0f2d7ecfd9e0f43ce837a4e73d139/l457.png,false,16,LM,Left Midfielder,midfielder,Midfielder,76,0,82,0,64,0,78,0,58,0,68,0,83,0,79,0,76,0,81,0,78,0,71,0,72,0,79,0,79,0,73,0,76,0,11,0,7,0,9,0,11,0,10,0,47,0,75,0,76,0,75,0,73,0,80,0,78,0,65,0,75,0,75,0,74,0,81,0,77,0,72,0,70,0,74,0,80,0,69,0,,,,,,,,,,,,,7,Left Back,LB,,,,,,,,,,,,,,,,,,,,,,,
257980,796,79,Dan,Ndoye,,10/25/2000 12:00:00 AM,184,3,3,1,Premier League,79,https://ratings-images-prod.pulse.ea.com/FC25/full/player-portraits/p257980.png?padding=0.7,https://ratings-images-prod.pulse.ea.com/FC25/full/player-shields/en/257980.png?width=265,12,Right Midfielder,RM,trait1_128,Gamechanger,Fancy and Trivela shots are performed with improved accuracy.,https://drop-assets.ea.com/images/2v8I0GQrtREaEJzJcyStKe/e46d719e4e5ed88ac5a1f671c7448f4a/Gamechanger.png,playStyle,Play Style,trait1_256,Incisive Pass,"Accurate through passes, curvier swerve passes, faster precision passes",https://drop-assets.ea.com/images/2K5BYfVYRnrdjt8F3hwI04/62f147b6a436c107bfa3d042c1d5728d/Incisive_Pass.png,playStyle,Play Style,0,Men's Football,47,Switzerland,https://drop-assets.ea.com/images/4CseD8PxDZqObA1huFIws0/f30914625e329de69ffdd60f3c334a88/f_47.png,14,Nott'm Forest,https://drop-assets.ea.com/images/60CgBQCMt7Dtcjip9xUxg8/5fa49387c380bf4772138b215ef4fd85/l14.png,false,16,LM,Left Midfielder,midfielder,Midfielder,86,0,84,0,73,0,81,0,65,0,59,0,74,0,81,0,74,0,76,0,74,0,62,0,59,0,81,0,83,0,74,0,57,0,10,0,14,0,10,0,15,0,12,0,53,0,62,0,63,0,68,0,89,0,70,0,60,0,68,0,76,0,75,0,72,0,71,0,75,0,65,0,92,0,67,0,70,0,67,0,trait1_2097152,Rapid,"Higher sprint speed while dribbling, reduced error on knock-ons",https://drop-assets.ea.com/images/1aGsvwKyIFlRG1eoJSS0Ot/a4d3d661ff962795a632fe86439d2146/Rapid.png,playStyle,Play Style,trait1_33554432,Quick Step,Faster acceleration during Explosive Sprint,https://drop-assets.ea.com/images/1xG25Zp3wvkLA5YewKiZah/f27f5fabd1e899fc0bbb817d2db233b1/Quick_Step.png,playStyle,Play Style,27,Left Wing,LW,,,,,,,,,,,,,,,,,,,,,,,
259868,798,79,Pape Matar,Sarr,,9/14/2002 12:00:00 AM,184,2,3,1,Premier League,70,https://ratings-images-prod.pulse.ea.com/FC25/full/player-portraits/p259868.png?padding=0.7,https://ratings-images-prod.pulse.ea.com/FC25/full/player-shields/en/259868.png?width=250,10,Center Defensive Midfielder,CDM,,,,,,,,,,,,,0,Men's Football,136,Senegal,https://drop-assets.ea.com/images/5YFW1KnsSwDBZwtoXH9mTj/690bf685246b53efaf24d6f2de696eb3/f_136.png,18,Spurs,https://drop-assets.ea.com/images/7kUcyCh5xGrzQlcjP2Q9NH/11aba507486f44765ee5938b1b5b097e/l18.png,false,14,CM,Center Midfielder,midfielder,Midfielder,71,0,75,0,76,0,85,0,71,0,76,0,72,0,79,0,79,0,72,0,67,0,77,0,77,0,78,0,79,0,65,0,60,0,14,0,8,0,14,0,8,0,8,0,66,0,80,0,79,0,67,0,68,0,76,0,54,0,76,0,73,0,82,0,66,0,81,0,69,0,74,0,66,0,79,0,77,0,54,0,,,,,,,,,,,,,,,,,,,,,,,,,,,,,,,,,,,,,,
255001,800,79,Nicolò,Rovella,,12/4/2001 12:00:00 AM,179,3,4,1,Serie A Enilive,70,https://ratings-images-prod.pulse.ea.com/FC25/full/player-portraits/p255001.png?padding=0.7,https://ratings-images-prod.pulse.ea.com/FC25/full/player-shields/en/255001.png?width=265,14,Center Midfielder,CM,trait1_256,Incisive Pass,"Accurate through passes, curvier swerve passes, faster precision passes",https://drop-assets.ea.com/images/2K5BYfVYRnrdjt8F3hwI04/62f147b6a436c107bfa3d042c1d5728d/Incisive_Pass.png,playStyle,Play Style,trait1_8192,Inventive,Fancy and Trivela passes are performed with improved accuracy.,https://drop-assets.ea.com/images/4fpo31RdL5T0vrzNqcSc4x/f82209bfd51270dcc447d4313b3e61f1/Inventive.png,playStyle,Play Style,0,Men's Football,27,Italy,https://drop-assets.ea.com/images/2WtjWPqYzT7xcMCbvajGZH/d06e9ec4734a0d43d88f65386cc3a484/f_27.png,115841,Latium,https://drop-assets.ea.com/images/APtVhL3q3cFDG9pkum0Q4/cbfe542e327cc69c0890b8b5a189fad7/l115841.png,false,10,CDM,Center Defensive Midfielder,midfielder,Midfielder,75,0,79,0,72,0,85,0,62,0,78,0,77,0,80,0,74,0,67,0,74,0,75,0,76,0,78,0,78,0,52,0,71,0,9,0,12,0,11,0,9,0,10,0,62,0,78,0,80,0,76,0,76,0,77,0,60,0,71,0,68,0,77,0,63,0,82,0,72,0,76,0,77,0,77,0,79,0,68,0,trait1_65536,Intercept,Increased reach and possession retention in interceptions,https://drop-assets.ea.com/images/5ysv7Iw8jDHl7sp1JXqIa7/d34004fed8c95bde083dcf8257391a70/Intercept.png,playStyle,Play Style,trait1_131072,Anticipate,"Improved standing tackle success, possibility of stopping ball at feet",https://drop-assets.ea.com/images/4xPnUcL7thizFB7qmhlwUR/1ade7a0f77d5e875c2db869964540a35/Anticipate.png,playStyle,Play Style,,,,,trait1_67108864,Relentless,"Increased half time fatigue recovery, longer teammate contain and press",https://drop-assets.ea.com/images/2vVuRxgvPNaAuFGqZZ9nDY/3e2505addd5a6b353becdeaf7173d187/Relentless.png,playStyle,Play Style,,,,,,,,,,,,,,,,
257057,801,79,Amadou,Onana,,8/16/2001 12:00:00 AM,192,3,4,1,Premier League,76,https://ratings-images-prod.pulse.ea.com/FC25/full/player-portraits/p257057.png?padding=0.7,https://ratings-images-prod.pulse.ea.com/FC25/full/player-shields/en/257057.png?width=265,14,Center Midfielder,CM,trait1_16,Precision Header,Performs headers with increased accuracy and power.,https://drop-assets.ea.com/images/3ync8fbblS4zLzF3p1VXmT/7752a5103c2ebd8be5cf1819379c66f4/Precision_Header.png,playStyle,Play Style,trait1_262144,Slide Tackle,Stops ball at feet during slide tackles,https://drop-assets.ea.com/images/7mI1lrxE0pv9iJfQFki9OA/8c1ecac325f923e049be72231c8c968a/Slide_Tackle.png,playStyle,Play Style,0,Men's Football,7,Belgium,https://drop-assets.ea.com/images/7eZLPoDDyxSlQoqcS4NVA2/6fc085dc7e85ccd7519be7ff2df875ee/f_7.png,2,Aston Villa,https://drop-assets.ea.com/images/57c0ppYsEA88xL0gxqce8K/99605df97c6a96ea3b6e8a424c217af0/l2.png,false,10,CDM,Center Defensive Midfielder,midfielder,Midfielder,64,0,49,0,85,0,76,0,83,0,83,0,52,0,78,0,74,0,58,0,72,0,78,0,78,0,73,0,76,0,57,0,42,0,7,0,12,0,12,0,9,0,10,0,78,0,76,0,77,0,67,0,74,0,72,0,39,0,81,0,67,0,75,0,62,0,80,0,75,0,79,0,82,0,80,0,76,0,51,0,trait1_524288,Aerial Fortress,Performs higher jumps and has physical defensive presence before and during aerial duels,https://drop-assets.ea.com/images/3rsDbUXd3MZX39YTsk6lKe/404db89f2237eeb7466668a730c52a4b/Aerial_Fortress.png,playStyle,Play Style,trait1_16777216,Press Proven,"Close control at jog speed, shields ball more effectively",https://drop-assets.ea.com/images/5rUHwyLJRnvGV53Ba4Pj6M/9a3238695ae8103667ba02af391ac209/Press_Proven.png,playStyle,Play Style,,,,,trait1_536870912,Enforcer,Performs dribble Shoulder Challenges and Shielding with increased effectiveness.,https://drop-assets.ea.com/images/2sNQz8b9dgV0hW8vl7oOvV/d7a503dbd4c73b232055b3ca06aa88eb/Enforcer.png,playStyle,Play Style,,,,,,,,,,,,,,,,
199987,802,79,Jasper,Cillessen,,4/22/1989 12:00:00 AM,186,1,3,1,Eredivisie,85,https://ratings-images-prod.pulse.ea.com/FC25/full/player-portraits/p199987.png?padding=0.7,https://ratings-images-prod.pulse.ea.com/FC25/full/player-shields/en/199987.png?width=250,,,,trait2_32,Deflector,"Unique deflection animations, powerful parries to safer areas",https://drop-assets.ea.com/images/6nb9RYWNVuvUaLZDskFao7/0ad930b0874e7c9454b31de942c0d3f1/Deflector.png,playStyle,Play Style,,,,,,,0,Men's Football,34,Holland,https://drop-assets.ea.com/images/7LmdSUm2Ge4fzqcz0NElvq/d272142c80713dcf0e5ec0a47232aeee/f_34.png,,,,,0,GK,Goalkeeper,defense,Defense,56,0,48,0,69,0,40,0,67,0,25,0,50,0,32,0,61,0,17,0,10,0,54,0,18,0,80,0,12,0,10,0,10,0,78,0,78,0,71,0,78,0,80,0,12,0,25,0,33,0,15,0,78,0,71,0,21,0,78,0,11,0,79,0,78,0,50,0,53,0,11,0,50,0,12,0,55,0,19,0,,,,,,,,,,,,,,,,,,,,,,,,,,,,,,,,,,,,,,
219789,806,79,Hamari,Traoré,,1/27/1992 12:00:00 AM,175,3,3,1,Ligue 1 McDonald's,64,https://ratings-images-prod.pulse.ea.com/FC25/full/player-portraits/p219789.png?padding=0.7,https://ratings-images-prod.pulse.ea.com/FC25/full/player-shields/en/219789.png?width=265,12,Right Midfielder,RM,trait1_2097152,Rapid,"Higher sprint speed while dribbling, reduced error on knock-ons",https://drop-assets.ea.com/images/1aGsvwKyIFlRG1eoJSS0Ot/a4d3d661ff962795a632fe86439d2146/Rapid.png,playStyle,Play Style,trait1_134217728,Long Throw,Powerful throw-ins for greater distance,https://drop-assets.ea.com/images/51OlohNQvoEwW0aLhknAHh/58fa7d903d10f6d8cfa2622f62ba6b6f/Long_Throw.png,playStyle,Play Style,0,Men's Football,126,Mali,https://drop-assets.ea.com/images/1S7vQpbRdNq76uQwGw08kj/10e04512a2ef37fa33678ee1bee5ad23/f_126.png,111817,Paris FC,https://drop-assets.ea.com/images/3q4gMefpvBrGdVOPMxk1dD/d310abcaf71d2a45ee4362b169469a93/l111817.png,false,3,RB,Right Back,defense,Defense,80,0,74,0,83,0,90,0,73,0,75,0,80,0,75,0,72,0,80,0,74,0,74,0,72,0,75,0,75,0,52,0,42,0,10,0,14,0,9,0,7,0,16,0,71,0,72,0,73,0,58,0,82,0,72,0,47,0,78,0,72,0,74,0,57,0,75,0,72,0,76,0,83,0,77,0,66,0,32,0,,,,,,,,,,,,,,,,,,,,,,,,,,,,,,,,,,,,,,
221087,807,79,Pau,López Sabata,Pau López,12/13/1994 12:00:00 AM,189,1,3,2,LALIGA EA SPORTS,77,https://ratings-images-prod.pulse.ea.com/FC25/full/player-portraits/p221087.png?padding=0.7,https://ratings-images-prod.pulse.ea.com/FC25/full/player-shields/en/221087.png?width=250,,,,trait2_1,Far Throw,Unique goalkeeper throw animations with longer throw distance,https://drop-assets.ea.com/images/3CjCz29sjIt1xMZTRDi4vQ/8ecb201b0ae7d6d536d03c847a768ffa/Far_Throw.png,playStyle,Play Style,trait2_32,Deflector,"Unique deflection animations, powerful parries to safer areas",https://drop-assets.ea.com/images/6nb9RYWNVuvUaLZDskFao7/0ad930b0874e7c9454b31de942c0d3f1/Deflector.png,playStyle,Play Style,0,Men's Football,45,Spain,https://drop-assets.ea.com/images/Kv8okAYMsDbB3ZKbxrAXw/9d30c88d16a4c85002f35c6af412c6f7/f_45.png,449,Real Betis,https://drop-assets.ea.com/images/4rODtg2WvYGHhUGfPXxilW/e047163865b561a0ced87f9f593498c1/l449.png,false,0,GK,Goalkeeper,defense,Defense,45,0,40,0,60,0,42,0,52,0,39,0,57,0,43,0,62,0,24,0,23,0,48,0,19,0,79,0,18,0,19,0,21,0,77,0,77,0,78,0,79,0,79,0,15,0,16,0,55,0,18,0,77,0,78,0,25,0,79,0,20,0,76,0,77,0,63,0,59,0,11,0,52,0,20,0,69,0,17,0,,,,,,,,,,,,,,,,,,,,,,,,,,,,,,,,,,,,,,
227174,808,79,Matty,Cash,,8/7/1997 12:00:00 AM,185,3,3,1,Premier League,74,https://ratings-images-prod.pulse.ea.com/FC25/full/player-portraits/p227174.png?padding=0.7,https://ratings-images-prod.pulse.ea.com/FC25/full/player-shields/en/227174.png?width=265,12,Right Midfielder,RM,trait1_134217728,Long Throw,Powerful throw-ins for greater distance,https://drop-assets.ea.com/images/51OlohNQvoEwW0aLhknAHh/58fa7d903d10f6d8cfa2622f62ba6b6f/Long_Throw.png,playStyle,Play Style,,,,,,,0,Men's Football,37,Poland,https://drop-assets.ea.com/images/2ldG0tWskgN4waD1fBmnk1/24cbe80f6af25d3ab745fd339b024988/f_37.png,2,Aston Villa,https://drop-assets.ea.com/images/57c0ppYsEA88xL0gxqce8K/99605df97c6a96ea3b6e8a424c217af0/l2.png,false,3,RB,Right Back,defense,Defense,74,0,73,0,67,0,86,0,68,0,84,0,67,0,76,0,72,0,77,0,70,0,75,0,77,0,75,0,75,0,66,0,48,0,15,0,16,0,13,0,13,0,8,0,49,0,76,0,71,0,64,0,75,0,71,0,44,0,76,0,71,0,79,0,66,0,74,0,77,0,80,0,75,0,80,0,66,0,55,0,,,,,,,,,,,,,,,,,,,,,,,,,,,,,,,,,,,,,,
241509,810,79,Mauro Jaqueson,J. Ferreira Santos,Mauro Júnior,5/6/1999 12:00:00 AM,171,4,3,2,Eredivisie,62,https://ratings-images-prod.pulse.ea.com/FC25/full/player-portraits/p241509.png?padding=0.7,https://ratings-images-prod.pulse.ea.com/FC25/full/player-shields/en/241509.png?width=265,14,Center Midfielder,CM,trait1_8192,Inventive,Fancy and Trivela passes are performed with improved accuracy.,https://drop-assets.ea.com/images/4fpo31RdL5T0vrzNqcSc4x/f82209bfd51270dcc447d4313b3e61f1/Inventive.png,playStyle,Play Style,,,,,,,0,Men's Football,54,Brazil,https://drop-assets.ea.com/images/1zdNn1R9tRlfQ3lsbAOecD/a606f742789b6306363383a6e20dd003/f_54.png,,,,,7,LB,Left Back,defense,Defense,82,0,90,0,54,0,85,0,38,0,81,0,83,0,81,0,78,0,76,0,76,0,73,0,75,0,81,0,79,0,63,0,73,0,7,0,14,0,6,0,13,0,8,0,58,0,77,0,74,0,69,0,83,0,76,0,68,0,59,0,73,0,79,0,66,0,77,0,68,0,73,0,83,0,74,0,76,0,65,0,,,,,,,,,,,,,3,Right Back,RB,,,,,,,,,,,,,,,16,Left Midfielder,LM,,,,,,
259480,811,79,Ismael,Saibari,,7/18/2001 12:00:00 AM,185,4,4,1,Eredivisie,81,https://ratings-images-prod.pulse.ea.com/FC25/full/player-portraits/p259480.png?padding=0.7,https://ratings-images-prod.pulse.ea.com/FC25/full/player-shields/en/259480.png?width=265,14,Center Midfielder,CM,trait1_128,Gamechanger,Fancy and Trivela shots are performed with improved accuracy.,https://drop-assets.ea.com/images/2v8I0GQrtREaEJzJcyStKe/e46d719e4e5ed88ac5a1f671c7448f4a/Gamechanger.png,playStyle,Play Style,trait1_16777216,Press Proven,"Close control at jog speed, shields ball more effectively",https://drop-assets.ea.com/images/5rUHwyLJRnvGV53Ba4Pj6M/9a3238695ae8103667ba02af391ac209/Press_Proven.png,playStyle,Play Style,0,Men's Football,129,Morocco,https://drop-assets.ea.com/images/47SGeQ7STCrJZQSKOVJaHA/1aa24a57a60f85051e34a5ad8205771d/f_129.png,,,,,18,CAM,Center Attacking Midfielder,midfielder,Midfielder,81,0,77,0,81,0,79,0,83,0,65,0,80,0,84,0,74,0,71,0,75,0,51,0,50,0,82,0,83,0,75,0,59,0,8,0,12,0,11,0,10,0,15,0,57,0,51,0,71,0,74,0,78,0,74,0,57,0,78,0,78,0,80,0,75,0,78,0,79,0,44,0,76,0,53,0,78,0,68,0,,,,,,,,,,,,,,,,,,,,,,,,,,,,,,,,,,,,,,
225663,813,79,Alexandr,Golovin,,5/30/1996 12:00:00 AM,178,4,4,1,Ligue 1 McDonald's,69,https://ratings-images-prod.pulse.ea.com/FC25/full/player-portraits/p225663.png?padding=0.7,https://ratings-images-prod.pulse.ea.com/FC25/full/player-shields/en/225663.png?width=265,18,Center Attacking Midfielder,CAM,trait1_1,Finesse Shot,Faster finesse shots with more curve and accuracy,https://drop-assets.ea.com/images/468u1R1p2k1fA6WBHi0OEn/fb9d49ed2a8fb500cd5a184937b96b34/Finesse_Shot.png,playStyle,Play Style,trait1_256,Incisive Pass,"Accurate through passes, curvier swerve passes, faster precision passes",https://drop-assets.ea.com/images/2K5BYfVYRnrdjt8F3hwI04/62f147b6a436c107bfa3d042c1d5728d/Incisive_Pass.png,playStyle,Play Style,0,Men's Football,40,Russia,https://drop-assets.ea.com/images/1iYEXly8k4I5lLGTeWXwqw/911c8ed4956cb7df9b8f05b166ec51b1/f_40.png,69,AS Monaco,https://drop-assets.ea.com/images/6XicH1VsjyR3WbTdpk99p3/8b11b6c53072e6c9c042eb77f3c6a8f4/l69.png,false,16,LM,Left Midfielder,midfielder,Midfielder,73,0,85,0,61,0,79,0,56,0,76,0,77,0,83,0,80,0,76,0,82,0,61,0,45,0,82,0,82,0,74,0,81,0,12,0,14,0,14,0,10,0,16,0,46,0,71,0,75,0,84,0,73,0,79,0,60,0,66,0,77,0,77,0,76,0,80,0,78,0,66,0,73,0,72,0,80,0,72,0,trait1_1048576,Technical,"Faster Controlled Sprint, precise wide turns while dribbling",https://drop-assets.ea.com/images/5Esx7NK4YBU44O4bo07rvb/69ca9417da7fd07905f6c6956ad93f6d/Technical.png,playStyle,Play Style,trait1_4194304,First Touch,"Reduced trapping error, faster dribbling transition",https://drop-assets.ea.com/images/3f727XsoDVLbT49oMk0HBu/2787568be8ccb2d5daa2d18fabacad97/First_Touch.png,playStyle,Play Style,27,Left Wing,LW,,,,,,,,,,,,,,,,,,,,,,,
163587,816,79,Kasper,Schmeichel,,11/5/1986 12:00:00 AM,189,1,3,1,Scottish Prem,90,https://ratings-images-prod.pulse.ea.com/FC25/full/player-portraits/p163587.png?padding=0.7,https://ratings-images-prod.pulse.ea.com/FC25/full/player-shields/en/163587.png?width=265,,,,trait1_1024,Long Ball Pass,"Accurate, faster Lob and Lofted Through Passes",https://drop-assets.ea.com/images/7jwRDD4zkOsqRpc821t73d/16d46d57a5dfc7dd5dd5f8de0fd26a99/Long_Ball_Pass.png,playStyle,Play Style,trait2_2,Footwork,"Exclusive foot saves, better performance on low shots",https://drop-assets.ea.com/images/1s2muXoHUmP1T0vGYKXSl1/6d265b13804069371f16a58788703a33/Footwork.png,playStyle,Play Style,0,Men's Football,13,Denmark,https://drop-assets.ea.com/images/6ueYG8kGNCY97fHWQ6LIZ7/9ad4b50beeb1d0d2a5d2bb5a8891336f/f_13.png,78,Celtic,https://drop-assets.ea.com/images/16GwjVn0vBxAdBx5F4uW0q/6a96b7c86f98010e0b9cd943dc48d4ca/l78.png,false,0,GK,Goalkeeper,defense,Defense,38,0,57,0,67,0,31,0,72,0,45,0,47,0,40,0,65,0,18,0,13,0,42,0,14,0,79,0,12,0,12,0,15,0,78,0,77,0,81,0,79,0,79,0,16,0,20,0,66,0,14,0,78,0,81,0,26,0,79,0,13,0,79,0,77,0,59,0,61,0,13,0,47,0,14,0,61,0,15,0,trait2_32,Deflector,"Unique deflection animations, powerful parries to safer areas",https://drop-assets.ea.com/images/6nb9RYWNVuvUaLZDskFao7/0ad930b0874e7c9454b31de942c0d3f1/Deflector.png,playStyle,Play Style,,,,,,,,,,,,,,,,,,,,,,,,,,,,,,,,
214979,817,79,Juan,Musso,,5/6/1994 12:00:00 AM,191,1,3,1,LALIGA EA SPORTS,93,https://ratings-images-prod.pulse.ea.com/FC25/full/player-portraits/p214979.png?padding=0.7,https://ratings-images-prod.pulse.ea.com/FC25/full/player-shields/en/214979.png?width=250,,,,,,,,,,,,,,,,0,Men's Football,52,Argentina,https://drop-assets.ea.com/images/4xMXjEt7CFJ6JENYeG45Sk/836d733dc1642c5e4ab3338d91481436/f_52.png,240,Atlético de Madrid,https://drop-assets.ea.com/images/vYcueolPvaGx8blMqhPZ5/5dc3479fc8b85d475fd980c53fc2056f/l240.png,false,0,GK,Goalkeeper,defense,Defense,46,0,32,0,68,0,35,0,70,0,27,0,39,0,20,0,67,0,20,0,16,0,44,0,12,0,82,0,16,0,18,0,12,0,79,0,77,0,73,0,81,0,82,0,15,0,18,0,24,0,14,0,79,0,73,0,25,0,81,0,19,0,70,0,77,0,31,0,55,0,16,0,42,0,14,0,48,0,15,0,,,,,,,,,,,,,,,,,,,,,,,,,,,,,,,,,,,,,,
224003,818,79,Sergio,Herrera Pirón,Sergio Herrera,6/6/1993 12:00:00 AM,192,1,3,1,LALIGA EA SPORTS,82,https://ratings-images-prod.pulse.ea.com/FC25/full/player-portraits/p224003.png?padding=0.7,https://ratings-images-prod.pulse.ea.com/FC25/full/player-shields/en/224003.png?width=265,,,,trait1_1024,Long Ball Pass,"Accurate, faster Lob and Lofted Through Passes",https://drop-assets.ea.com/images/7jwRDD4zkOsqRpc821t73d/16d46d57a5dfc7dd5dd5f8de0fd26a99/Long_Ball_Pass.png,playStyle,Play Style,trait2_1,Far Throw,Unique goalkeeper throw animations with longer throw distance,https://drop-assets.ea.com/images/3CjCz29sjIt1xMZTRDi4vQ/8ecb201b0ae7d6d536d03c847a768ffa/Far_Throw.png,playStyle,Play Style,0,Men's Football,45,Spain,https://drop-assets.ea.com/images/Kv8okAYMsDbB3ZKbxrAXw/9d30c88d16a4c85002f35c6af412c6f7/f_45.png,479,CA Osasuna,https://drop-assets.ea.com/images/5T0gPuxPGVG3BLEP9wYxLx/8be8ef52e215bc47956d1084f702409d/l479.png,false,0,GK,Goalkeeper,defense,Defense,45,0,45,0,66,0,42,0,67,0,25,0,45,0,27,0,53,0,20,0,21,0,47,0,15,0,80,0,15,0,16,0,21,0,79,0,78,0,75,0,77,0,80,0,14,0,12,0,21,0,14,0,79,0,75,0,32,0,77,0,13,0,77,0,78,0,24,0,56,0,18,0,50,0,17,0,37,0,16,0,trait2_2,Footwork,"Exclusive foot saves, better performance on low shots",https://drop-assets.ea.com/images/1s2muXoHUmP1T0vGYKXSl1/6d265b13804069371f16a58788703a33/Footwork.png,playStyle,Play Style,trait2_4,Cross Claimer,"Unique punching animations, powerful punches, faster crosses coverage",https://drop-assets.ea.com/images/4Uvgm6UNiSz3say1zZqKDC/51837f53072d5e01063699f6d2b7401a/Cross_Claimer.png,playStyle,Play Style,,,,,,,,,,,,,,,,,,,,,,,,,,
233301,819,79,Rasmus,Kristensen,,7/11/1997 12:00:00 AM,187,3,4,1,Bundesliga,75,https://ratings-images-prod.pulse.ea.com/FC25/full/player-portraits/p233301.png?padding=0.7,https://ratings-images-prod.pulse.ea.com/FC25/full/player-shields/en/233301.png?width=265,12,Right Midfielder,RM,trait1_67108864,Relentless,"Increased half time fatigue recovery, longer teammate contain and press",https://drop-assets.ea.com/images/2vVuRxgvPNaAuFGqZZ9nDY/3e2505addd5a6b353becdeaf7173d187/Relentless.png,playStyle,Play Style,trait1_268435456,Bruiser,Stronger physical tackles,https://drop-assets.ea.com/images/7euMJ2jVypFrFPQesWuGGm/14019168b12faac1584a2920d5c2d5d9/Bruiser.png,playStyle,Play Style,0,Men's Football,13,Denmark,https://drop-assets.ea.com/images/6ueYG8kGNCY97fHWQ6LIZ7/9ad4b50beeb1d0d2a5d2bb5a8891336f/f_13.png,1824,Frankfurt,https://drop-assets.ea.com/images/3KK76lJIZtlRnPaAgbD85V/5614e02825eb0ed03b69a9d078e40db9/l1824.png,false,3,RB,Right Back,defense,Defense,66,0,61,0,83,0,84,0,78,0,85,0,64,0,75,0,74,0,77,0,66,0,79,0,80,0,72,0,72,0,60,0,56,0,10,0,9,0,9,0,6,0,10,0,78,0,78,0,67,0,67,0,69,0,70,0,58,0,81,0,74,0,81,0,65,0,72,0,75,0,74,0,72,0,79,0,66,0,59,0,,,,,,,,,,,,,5,Center Back,CB,,,,,,,,,,,,,,,,,,,,,,,
268804,821,79,Mario,Gila Fuentes,Mario Gila,8/29/2000 12:00:00 AM,185,2,4,1,Serie A Enilive,80,https://ratings-images-prod.pulse.ea.com/FC25/full/player-portraits/p268804.png?padding=0.7,https://ratings-images-prod.pulse.ea.com/FC25/full/player-shields/en/268804.png?width=265,,,,trait1_1024,Long Ball Pass,"Accurate, faster Lob and Lofted Through Passes",https://drop-assets.ea.com/images/7jwRDD4zkOsqRpc821t73d/16d46d57a5dfc7dd5dd5f8de0fd26a99/Long_Ball_Pass.png,playStyle,Play Style,trait1_16384,Jockey,"Faster Sprint Jockey, better transition speed",https://drop-assets.ea.com/images/7lHjpOBSghE6Ywt1jgVv1C/21f9914d00f073d79d4b46cac71b9087/Jockey.png,playStyle,Play Style,0,Men's Football,45,Spain,https://drop-assets.ea.com/images/Kv8okAYMsDbB3ZKbxrAXw/9d30c88d16a4c85002f35c6af412c6f7/f_45.png,115841,Latium,https://drop-assets.ea.com/images/APtVhL3q3cFDG9pkum0Q4/cbfe542e327cc69c0890b8b5a189fad7/l115841.png,false,5,CB,Center Back,defense,Defense,83,0,74,0,88,0,82,0,71,0,76,0,72,0,78,0,76,0,64,0,64,0,80,0,81,0,75,0,72,0,48,0,48,0,14,0,10,0,10,0,6,0,14,0,79,0,81,0,66,0,56,0,85,0,67,0,38,0,76,0,42,0,79,0,53,0,74,0,68,0,80,0,87,0,78,0,62,0,51,0,,,,,,,,,,,,,,,,,,,,,,,,,,,,,,,,,,,,,,
189908,822,79,Łukasz,Skorupski,,5/5/1991 12:00:00 AM,188,1,3,1,Serie A Enilive,90,https://ratings-images-prod.pulse.ea.com/FC25/full/player-portraits/p189908.png?padding=0.7,https://ratings-images-prod.pulse.ea.com/FC25/full/player-shields/en/189908.png?width=250,,,,trait2_1,Far Throw,Unique goalkeeper throw animations with longer throw distance,https://drop-assets.ea.com/images/3CjCz29sjIt1xMZTRDi4vQ/8ecb201b0ae7d6d536d03c847a768ffa/Far_Throw.png,playStyle,Play Style,,,,,,,0,Men's Football,37,Poland,https://drop-assets.ea.com/images/2ldG0tWskgN4waD1fBmnk1/24cbe80f6af25d3ab745fd339b024988/f_37.png,189,Bologna,https://drop-assets.ea.com/images/46WRpnCKdCAJlQHuRwlxXF/a7ac6606d8a808d382d4dd5c484eb60e/l189.png,false,0,GK,Goalkeeper,defense,Defense,51,0,48,0,63,0,31,0,58,0,33,0,38,0,23,0,58,0,19,0,12,0,51,0,18,0,83,0,18,0,11,0,19,0,79,0,76,0,68,0,78,0,83,0,10,0,17,0,26,0,15,0,79,0,68,0,22,0,78,0,13,0,76,0,76,0,35,0,51,0,14,0,51,0,15,0,40,0,17,0,,,,,,,,,,,,,,,,,,,,,,,,,,,,,,,,,,,,,,
206585,823,79,Kepa,Arrizabalaga,Kepa,10/3/1994 12:00:00 AM,189,1,4,1,Premier League,89,https://ratings-images-prod.pulse.ea.com/FC25/full/player-portraits/p206585.png?padding=0.7,https://ratings-images-prod.pulse.ea.com/FC25/full/player-shields/en/206585.png?width=250,,,,trait2_2,Footwork,"Exclusive foot saves, better performance on low shots",https://drop-assets.ea.com/images/1s2muXoHUmP1T0vGYKXSl1/6d265b13804069371f16a58788703a33/Footwork.png,playStyle,Play Style,,,,,,,0,Men's Football,45,Spain,https://drop-assets.ea.com/images/Kv8okAYMsDbB3ZKbxrAXw/9d30c88d16a4c85002f35c6af412c6f7/f_45.png,1,Arsenal,https://drop-assets.ea.com/images/2ng99bvkwKaA228PJje39i/09d2df89a78377d3f8d3f78469cbadc9/l1.png,false,0,GK,Goalkeeper,defense,Defense,38,0,45,0,60,0,35,0,55,0,20,0,38,0,33,0,62,0,13,0,20,0,40,0,20,0,81,0,20,0,11,0,15,0,77,0,78,0,82,0,77,0,81,0,15,0,20,0,60,0,10,0,77,0,82,0,23,0,77,0,10,0,77,0,78,0,60,0,62,0,18,0,42,0,17,0,60,0,10,0,,,,,,,,,,,,,,,,,,,,,,,,,,,,,,,,,,,,,,
232999,824,79,Tyler,Adams,,2/14/1999 12:00:00 AM,175,3,3,1,Premier League,72,https://ratings-images-prod.pulse.ea.com/FC25/full/player-portraits/p232999.png?padding=0.7,https://ratings-images-prod.pulse.ea.com/FC25/full/player-shields/en/232999.png?width=250,14,Center Midfielder,CM,,,,,,,,,,,,,0,Men's Football,95,United States,https://drop-assets.ea.com/images/7ZVadlJQIutRH5P85wr76/c2456a2d76146d19f98c2c3071136dcf/f_95.png,1943,AFC Bournemouth,https://drop-assets.ea.com/images/5Z6J6MhqjuJVwE7SVnfr5E/6075ff3239d67bdf8258a067ed93ccdb/l1943.png,false,10,CDM,Center Defensive Midfielder,midfielder,Midfielder,85,0,77,0,79,0,79,0,68,0,85,0,85,0,76,0,77,0,63,0,68,0,79,0,77,0,75,0,73,0,52,0,42,0,6,0,13,0,12,0,8,0,7,0,65,0,83,0,74,0,58,0,79,0,71,0,52,0,75,0,65,0,77,0,56,0,78,0,68,0,79,0,74,0,82,0,72,0,40,0,,,,,,,,,,,,,,,,,,,,,,,,,,,,,,,,,,,,,,
237819,825,79,Nicolás,Domínguez,,6/28/1998 12:00:00 AM,179,3,4,1,Premier League,73,https://ratings-images-prod.pulse.ea.com/FC25/full/player-portraits/p237819.png?padding=0.7,https://ratings-images-prod.pulse.ea.com/FC25/full/player-shields/en/237819.png?width=265,14,Center Midfielder,CM,trait1_262144,Slide Tackle,Stops ball at feet during slide tackles,https://drop-assets.ea.com/images/7mI1lrxE0pv9iJfQFki9OA/8c1ecac325f923e049be72231c8c968a/Slide_Tackle.png,playStyle,Play Style,trait1_67108864,Relentless,"Increased half time fatigue recovery, longer teammate contain and press",https://drop-assets.ea.com/images/2vVuRxgvPNaAuFGqZZ9nDY/3e2505addd5a6b353becdeaf7173d187/Relentless.png,playStyle,Play Style,0,Men's Football,52,Argentina,https://drop-assets.ea.com/images/4xMXjEt7CFJ6JENYeG45Sk/836d733dc1642c5e4ab3338d91481436/f_52.png,14,Nott'm Forest,https://drop-assets.ea.com/images/60CgBQCMt7Dtcjip9xUxg8/5fa49387c380bf4772138b215ef4fd85/l14.png,false,10,CDM,Center Defensive Midfielder,midfielder,Midfielder,72,0,82,0,74,0,89,0,67,0,88,0,80,0,77,0,70,0,60,0,69,0,76,0,72,0,76,0,74,0,63,0,52,0,6,0,11,0,9,0,10,0,5,0,68,0,78,0,77,0,67,0,69,0,72,0,51,0,77,0,66,0,75,0,65,0,80,0,72,0,77,0,67,0,80,0,73,0,52,0,,,,,,,,,,,,,,,,,,,,,,,,,,,,,,,,,,,,,,
237942,826,79,Pervis,Estupiñán,,1/21/1998 12:00:00 AM,175,3,3,2,Serie A Enilive,79,https://ratings-images-prod.pulse.ea.com/FC25/full/player-portraits/p237942.png?padding=0.7,https://ratings-images-prod.pulse.ea.com/FC25/full/player-shields/en/237942.png?width=250,16,Left Midfielder,LM,,,,,,,,,,,,,0,Men's Football,57,Ecuador,https://drop-assets.ea.com/images/66PiFUp2Q6vRExGveELXgV/e8199bd0e00c5c544ac498d6424aafa0/f_57.png,131681,Milano FC,https://drop-assets.ea.com/images/6D3s1RlLRER3UOunC4Lofv/ec87a4178160a87521b0b7c688e7638e/l131681.png,false,7,LB,Left Back,defense,Defense,77,0,74,0,77,0,81,0,68,0,70,0,73,0,79,0,72,0,79,0,78,0,75,0,72,0,78,0,80,0,48,0,79,0,14,0,7,0,14,0,7,0,7,0,70,0,77,0,72,0,65,0,76,0,77,0,65,0,72,0,70,0,77,0,57,0,79,0,67,0,76,0,76,0,78,0,72,0,38,0,,,,,,,,,,,,,,,,,,,,,,,,,,,,,,,,,,,,,,
246657,827,79,Álvaro,Valles Rosa,Álvaro Valles,7/25/1997 12:00:00 AM,191,1,4,1,LALIGA EA SPORTS,82,https://ratings-images-prod.pulse.ea.com/FC25/full/player-portraits/p246657.png?padding=0.7,https://ratings-images-prod.pulse.ea.com/FC25/full/player-shields/en/246657.png?width=250,,,,trait2_4,Cross Claimer,"Unique punching animations, powerful punches, faster crosses coverage",https://drop-assets.ea.com/images/4Uvgm6UNiSz3say1zZqKDC/51837f53072d5e01063699f6d2b7401a/Cross_Claimer.png,playStyle,Play Style,trait2_32,Deflector,"Unique deflection animations, powerful parries to safer areas",https://drop-assets.ea.com/images/6nb9RYWNVuvUaLZDskFao7/0ad930b0874e7c9454b31de942c0d3f1/Deflector.png,playStyle,Play Style,0,Men's Football,45,Spain,https://drop-assets.ea.com/images/Kv8okAYMsDbB3ZKbxrAXw/9d30c88d16a4c85002f35c6af412c6f7/f_45.png,449,Real Betis,https://drop-assets.ea.com/images/4rODtg2WvYGHhUGfPXxilW/e047163865b561a0ced87f9f593498c1/l449.png,false,0,GK,Goalkeeper,defense,Defense,40,0,38,0,63,0,40,0,65,0,22,0,35,0,14,0,45,0,16,0,15,0,41,0,9,0,80,0,12,0,6,0,8,0,78,0,78,0,78,0,80,0,80,0,10,0,15,0,56,0,8,0,78,0,78,0,14,0,80,0,9,0,70,0,78,0,58,0,59,0,9,0,42,0,10,0,67,0,8,0,,,,,,,,,,,,,,,,,,,,,,,,,,,,,,,,,,,,,,
260599,828,79,Alan,Varela,,7/4/2001 12:00:00 AM,177,3,3,1,Liga Portugal,73,https://ratings-images-prod.pulse.ea.com/FC25/full/player-portraits/p260599.png?padding=0.7,https://ratings-images-prod.pulse.ea.com/FC25/full/player-shields/en/260599.png?width=265,14,Center Midfielder,CM,trait1_8,Dead Ball,"Faster, accurate set pieces with longer trajectory preview",https://drop-assets.ea.com/images/1razu2wcM3XA82VvB7NyUm/eec6b07080e49d6bf2d7a7951a22375f/Dead_Ball.png,playStyle,Play Style,trait1_256,Incisive Pass,"Accurate through passes, curvier swerve passes, faster precision passes",https://drop-assets.ea.com/images/2K5BYfVYRnrdjt8F3hwI04/62f147b6a436c107bfa3d042c1d5728d/Incisive_Pass.png,playStyle,Play Style,0,Men's Football,52,Argentina,https://drop-assets.ea.com/images/4xMXjEt7CFJ6JENYeG45Sk/836d733dc1642c5e4ab3338d91481436/f_52.png,236,FC Porto,https://drop-assets.ea.com/images/3rIoG9U8fPPfaXZiGOGtvw/37c0c0ceefe454e9c299d4cc1852671f/l236.png,false,10,CDM,Center Defensive Midfielder,midfielder,Midfielder,71,0,71,0,73,0,84,0,74,0,84,0,75,0,76,0,80,0,66,0,78,0,75,0,78,0,73,0,71,0,60,0,53,0,8,0,11,0,14,0,5,0,13,0,57,0,78,0,74,0,65,0,70,0,74,0,62,0,78,0,70,0,77,0,65,0,81,0,78,0,75,0,69,0,75,0,75,0,63,0,trait1_32768,Block,Increased reach and success in blocking,https://drop-assets.ea.com/images/2Rlftzr8lqUdI29suCQVWe/43c6c36e8bd5fa26b88478d4354611a2/Block.png,playStyle,Play Style,trait1_262144,Slide Tackle,Stops ball at feet during slide tackles,https://drop-assets.ea.com/images/7mI1lrxE0pv9iJfQFki9OA/8c1ecac325f923e049be72231c8c968a/Slide_Tackle.png,playStyle,Play Style,,,,,trait1_524288,Aerial Fortress,Performs higher jumps and has physical defensive presence before and during aerial duels,https://drop-assets.ea.com/images/3rsDbUXd3MZX39YTsk6lKe/404db89f2237eeb7466668a730c52a4b/Aerial_Fortress.png,playStyle,Play Style,trait1_16777216,Press Proven,"Close control at jog speed, shields ball more effectively",https://drop-assets.ea.com/images/5rUHwyLJRnvGV53Ba4Pj6M/9a3238695ae8103667ba02af391ac209/Press_Proven.png,playStyle,Play Style,,,,,,,,,,
224294,830,79,Lewis,Cook,,2/3/1997 12:00:00 AM,175,3,4,1,Premier League,71,https://ratings-images-prod.pulse.ea.com/FC25/full/player-portraits/p224294.png?padding=0.7,https://ratings-images-prod.pulse.ea.com/FC25/full/player-shields/en/224294.png?width=265,3,Right Back,RB,trait1_65536,Intercept,Increased reach and possession retention in interceptions,https://drop-assets.ea.com/images/5ysv7Iw8jDHl7sp1JXqIa7/d34004fed8c95bde083dcf8257391a70/Intercept.png,playStyle,Play Style,trait1_524288,Aerial Fortress,Performs higher jumps and has physical defensive presence before and during aerial duels,https://drop-assets.ea.com/images/3rsDbUXd3MZX39YTsk6lKe/404db89f2237eeb7466668a730c52a4b/Aerial_Fortress.png,playStyle,Play Style,0,Men's Football,14,England,https://drop-assets.ea.com/images/6ZM1OFXGUFeV0ZaYVKj2z/ae88ef17f8cb179fbc1c463f7e1e4bd8/f_14.png,1943,AFC Bournemouth,https://drop-assets.ea.com/images/5Z6J6MhqjuJVwE7SVnfr5E/6075ff3239d67bdf8258a067ed93ccdb/l1943.png,false,10,CDM,Center Defensive Midfielder,midfielder,Midfielder,68,0,76,0,64,0,85,0,65,0,80,0,82,0,78,0,75,0,76,0,78,0,75,0,75,0,77,0,77,0,60,0,65,0,6,0,15,0,12,0,15,0,13,0,50,0,82,0,77,0,65,0,69,0,77,0,60,0,73,0,65,0,79,0,63,0,79,0,67,0,80,0,69,0,78,0,77,0,57,0,trait1_16777216,Press Proven,"Close control at jog speed, shields ball more effectively",https://drop-assets.ea.com/images/5rUHwyLJRnvGV53Ba4Pj6M/9a3238695ae8103667ba02af391ac209/Press_Proven.png,playStyle,Play Style,,,,,,,12,Right Midfielder,RM,,,,,,,,,,,,,,,,,,,,,,,
241095,832,79,Nikola,Vlašić,,10/4/1997 12:00:00 AM,179,3,4,1,Serie A Enilive,79,https://ratings-images-prod.pulse.ea.com/FC25/full/player-portraits/p241095.png?padding=0.7,https://ratings-images-prod.pulse.ea.com/FC25/full/player-shields/en/241095.png?width=265,14,Center Midfielder,CM,trait1_65536,Intercept,Increased reach and possession retention in interceptions,https://drop-assets.ea.com/images/5ysv7Iw8jDHl7sp1JXqIa7/d34004fed8c95bde083dcf8257391a70/Intercept.png,playStyle,Play Style,trait1_1048576,Technical,"Faster Controlled Sprint, precise wide turns while dribbling",https://drop-assets.ea.com/images/5Esx7NK4YBU44O4bo07rvb/69ca9417da7fd07905f6c6956ad93f6d/Technical.png,playStyle,Play Style,0,Men's Football,10,Croatia,https://drop-assets.ea.com/images/4ZYNK06L8ZkJTrdtSby4NW/eb42cc852fc74ea3d3f5b8904fb5194f/f_10.png,54,Torino,https://drop-assets.ea.com/images/hSLWPIkJFJBzTMyk85qej/40d38d4675390d6677c4f17dddae5627/l54.png,false,18,CAM,Center Attacking Midfielder,midfielder,Midfielder,77,0,77,0,75,0,76,0,65,0,75,0,81,0,83,0,77,0,71,0,70,0,57,0,54,0,81,0,82,0,74,0,72,0,6,0,14,0,15,0,9,0,14,0,65,0,62,0,74,0,80,0,74,0,76,0,66,0,70,0,76,0,75,0,76,0,80,0,80,0,37,0,72,0,62,0,78,0,68,0,,,,,,,,,,,,,,,,,,,,,,,,,,,,,,,,,,,,,,
262402,834,79,Sergi,Cardona Bermúdez,Sergi Cardona,7/8/1999 12:00:00 AM,185,3,3,2,LALIGA EA SPORTS,77,https://ratings-images-prod.pulse.ea.com/FC25/full/player-portraits/p262402.png?padding=0.7,https://ratings-images-prod.pulse.ea.com/FC25/full/player-shields/en/262402.png?width=265,16,Left Midfielder,LM,trait1_65536,Intercept,Increased reach and possession retention in interceptions,https://drop-assets.ea.com/images/5ysv7Iw8jDHl7sp1JXqIa7/d34004fed8c95bde083dcf8257391a70/Intercept.png,playStyle,Play Style,trait1_131072,Anticipate,"Improved standing tackle success, possibility of stopping ball at feet",https://drop-assets.ea.com/images/4xPnUcL7thizFB7qmhlwUR/1ade7a0f77d5e875c2db869964540a35/Anticipate.png,playStyle,Play Style,0,Men's Football,45,Spain,https://drop-assets.ea.com/images/Kv8okAYMsDbB3ZKbxrAXw/9d30c88d16a4c85002f35c6af412c6f7/f_45.png,483,Villarreal CF,https://drop-assets.ea.com/images/xvk9pCQTX74mWG8EjcgYU/f631ffd2c7ac06bd43f2547fc44463c4/l483.png,false,7,LB,Left Back,defense,Defense,84,0,70,0,80,0,85,0,71,0,73,0,74,0,77,0,73,0,74,0,66,0,75,0,74,0,75,0,75,0,50,0,34,0,6,0,11,0,11,0,15,0,7,0,65,0,76,0,67,0,54,0,82,0,71,0,44,0,75,0,68,0,74,0,56,0,76,0,75,0,73,0,80,0,80,0,73,0,45,0,,,,,,,,,,,,,,,,,,,,,,,,,,,,,,,,,,,,,,
223874,835,79,Valentin,Rongier,,12/7/1994 12:00:00 AM,174,3,4,1,Ligue 1 McDonald's,67,https://ratings-images-prod.pulse.ea.com/FC25/full/player-portraits/p223874.png?padding=0.7,https://ratings-images-prod.pulse.ea.com/FC25/full/player-shields/en/223874.png?width=265,14,Center Midfielder,CM,trait1_256,Incisive Pass,"Accurate through passes, curvier swerve passes, faster precision passes",https://drop-assets.ea.com/images/2K5BYfVYRnrdjt8F3hwI04/62f147b6a436c107bfa3d042c1d5728d/Incisive_Pass.png,playStyle,Play Style,trait1_16777216,Press Proven,"Close control at jog speed, shields ball more effectively",https://drop-assets.ea.com/images/5rUHwyLJRnvGV53Ba4Pj6M/9a3238695ae8103667ba02af391ac209/Press_Proven.png,playStyle,Play Style,0,Men's Football,18,France,https://drop-assets.ea.com/images/3ECAQzhfgSLWRf9IIHB6G8/7e235a7b2f93c1f73db7f89dc03b3657/f_18.png,74,Stade Rennais FC,https://drop-assets.ea.com/images/7CHlTnryGZyOatI2WOFXiP/def56f5b08c456e671d09d3a47cc327b/l74.png,false,10,CDM,Center Defensive Midfielder,midfielder,Midfielder,67,0,78,0,71,0,81,0,78,0,76,0,85,0,76,0,77,0,68,0,62,0,74,0,73,0,78,0,78,0,62,0,55,0,11,0,8,0,12,0,7,0,11,0,53,0,78,0,77,0,68,0,62,0,75,0,65,0,78,0,68,0,77,0,66,0,81,0,72,0,73,0,58,0,80,0,78,0,66,0,trait1_67108864,Relentless,"Increased half time fatigue recovery, longer teammate contain and press",https://drop-assets.ea.com/images/2vVuRxgvPNaAuFGqZZ9nDY/3e2505addd5a6b353becdeaf7173d187/Relentless.png,playStyle,Play Style,,,,,,,,,,,,,,,,,,,,,,,,,,,,,,,,
225951,836,79,Denis,Bouanga,,11/11/1994 12:00:00 AM,180,4,4,1,MLS,71,https://ratings-images-prod.pulse.ea.com/FC25/full/player-portraits/p225951.png?padding=0.7,https://ratings-images-prod.pulse.ea.com/FC25/full/player-shields/en/225951.png?width=265,25,Striker,ST,trait1_1,Finesse Shot,Faster finesse shots with more curve and accuracy,https://drop-assets.ea.com/images/468u1R1p2k1fA6WBHi0OEn/fb9d49ed2a8fb500cd5a184937b96b34/Finesse_Shot.png,playStyle,Play Style,trait1_4,Power Shot,Faster power shots with increased speed,https://drop-assets.ea.com/images/3ohVoKWSsvT44qgjabWqfV/e536ef26ad854c3c4cbf63ed7954b9cd/Power_Shot.png,playStyle,Play Style,0,Men's Football,115,Gabon,https://drop-assets.ea.com/images/55GT4qTlxAxrNcuMpjjWV5/a4515bb031e39a8429c665b0d321810f/f_115.png,112996,LAFC,https://drop-assets.ea.com/images/7HVxXj38u4xwAYPYjnYeBm/dd7c8333fd89f025a52fa53a96406475/l112996.png,false,27,LW,Left Wing,attack,Attack,83,0,85,0,88,0,83,0,81,0,67,0,71,0,78,0,72,0,72,0,76,0,38,0,46,0,79,0,80,0,83,0,69,0,8,0,9,0,14,0,8,0,16,0,71,0,38,0,68,0,74,0,85,0,71,0,74,0,79,0,81,0,82,0,81,0,70,0,85,0,23,0,86,0,25,0,73,0,74,0,trait1_128,Gamechanger,Fancy and Trivela shots are performed with improved accuracy.,https://drop-assets.ea.com/images/2v8I0GQrtREaEJzJcyStKe/e46d719e4e5ed88ac5a1f671c7448f4a/Gamechanger.png,playStyle,Play Style,trait1_1048576,Technical,"Faster Controlled Sprint, precise wide turns while dribbling",https://drop-assets.ea.com/images/5Esx7NK4YBU44O4bo07rvb/69ca9417da7fd07905f6c6956ad93f6d/Technical.png,playStyle,Play Style,16,Left Midfielder,LM,,trait1_33554432,Quick Step,Faster acceleration during Explosive Sprint,https://drop-assets.ea.com/images/1xG25Zp3wvkLA5YewKiZah/f27f5fabd1e899fc0bbb817d2db233b1/Quick_Step.png,playStyle,Play Style,,,,,,,,,,,,,,,,
228383,837,79,Kamil,Grabara,,1/8/1999 12:00:00 AM,195,1,3,1,Bundesliga,85,https://ratings-images-prod.pulse.ea.com/FC25/full/player-portraits/p228383.png?padding=0.7,https://ratings-images-prod.pulse.ea.com/FC25/full/player-shields/en/228383.png?width=250,,,,trait2_1,Far Throw,Unique goalkeeper throw animations with longer throw distance,https://drop-assets.ea.com/images/3CjCz29sjIt1xMZTRDi4vQ/8ecb201b0ae7d6d536d03c847a768ffa/Far_Throw.png,playStyle,Play Style,trait2_2,Footwork,"Exclusive foot saves, better performance on low shots",https://drop-assets.ea.com/images/1s2muXoHUmP1T0vGYKXSl1/6d265b13804069371f16a58788703a33/Footwork.png,playStyle,Play Style,0,Men's Football,37,Poland,https://drop-assets.ea.com/images/2ldG0tWskgN4waD1fBmnk1/24cbe80f6af25d3ab745fd339b024988/f_37.png,175,VfL Wolfsburg,https://drop-assets.ea.com/images/4mw5u30yjPmzh9OVqKB0YV/ad59c24a84c9afb0a877046fadeb9c9e/l175.png,false,0,GK,Goalkeeper,defense,Defense,42,0,45,0,70,0,38,0,71,0,36,0,48,0,35,0,56,0,18,0,20,0,42,0,25,0,84,0,20,0,15,0,24,0,80,0,76,0,73,0,78,0,84,0,24,0,23,0,49,0,16,0,80,0,73,0,24,0,78,0,16,0,66,0,76,0,48,0,55,0,18,0,42,0,19,0,57,0,15,0,trait2_4,Cross Claimer,"Unique punching animations, powerful punches, faster crosses coverage",https://drop-assets.ea.com/images/4Uvgm6UNiSz3say1zZqKDC/51837f53072d5e01063699f6d2b7401a/Cross_Claimer.png,playStyle,Play Style,,,,,,,,,,,,,,,,,,,,,,,,,,,,,,,,
236045,838,79,Reinildo Isnard,Mandava,Reinildo,1/21/1994 12:00:00 AM,180,3,3,2,Premier League,73,https://ratings-images-prod.pulse.ea.com/FC25/full/player-portraits/p236045.png?padding=0.7,https://ratings-images-prod.pulse.ea.com/FC25/full/player-shields/en/236045.png?width=265,5,Center Back,CB,trait1_32768,Block,Increased reach and success in blocking,https://drop-assets.ea.com/images/2Rlftzr8lqUdI29suCQVWe/43c6c36e8bd5fa26b88478d4354611a2/Block.png,playStyle,Play Style,trait1_268435456,Bruiser,Stronger physical tackles,https://drop-assets.ea.com/images/7euMJ2jVypFrFPQesWuGGm/14019168b12faac1584a2920d5c2d5d9/Bruiser.png,playStyle,Play Style,0,Men's Football,130,Mozambique,https://drop-assets.ea.com/images/3y41EltePbbjGv1rzrXRjR/75c22ceb210700b327e15e4136cd199f/f_130.png,106,Sunderland,https://drop-assets.ea.com/images/6ja62Iw2LyY8cVrud4aSHi/aa6c15e4a2ceed66f92099108bea9dfa/l106.png,false,7,LB,Left Back,defense,Defense,81,0,76,0,88,0,81,0,75,0,80,0,71,0,75,0,73,0,74,0,68,0,77,0,77,0,74,0,74,0,57,0,36,0,6,0,8,0,13,0,15,0,7,0,76,0,76,0,60,0,47,0,81,0,68,0,44,0,78,0,69,0,76,0,55,0,75,0,60,0,78,0,81,0,78,0,64,0,53,0,,,,,,,,,,,,,16,Left Midfielder,LM,,,,,,,,,,,,,,,,,,,,,,,
240913,839,79,Caoimhin,Kelleher,,11/23/1998 12:00:00 AM,188,1,4,1,Premier League,81,https://ratings-images-prod.pulse.ea.com/FC25/full/player-portraits/p240913.png?padding=0.7,https://ratings-images-prod.pulse.ea.com/FC25/full/player-shields/en/240913.png?width=250,,,,,,,,,,,,,,,,0,Men's Football,25,Republic of Ireland,https://drop-assets.ea.com/images/3kYEdtacSx6YJO1G3LJIGw/72d622eb085aecaa6ecfa86c30bc3015/f_25.png,1925,Brentford,https://drop-assets.ea.com/images/3UCvZhjBB0odWNL0OPusuK/1de0f5b97a2e137201670df2cf09e1a5/l1925.png,false,0,GK,Goalkeeper,defense,Defense,45,0,44,0,68,0,19,0,71,0,21,0,48,0,37,0,66,0,13,0,12,0,43,0,18,0,80,0,25,0,6,0,11,0,77,0,76,0,79,0,78,0,80,0,13,0,12,0,50,0,8,0,77,0,79,0,30,0,78,0,4,0,77,0,76,0,48,0,59,0,14,0,39,0,10,0,56,0,9,0,,,,,,,,,,,,,,,,,,,,,,,,,,,,,,,,,,,,,,
242664,840,79,Alexis,Saelemaekers,,6/27/1999 12:00:00 AM,180,4,4,1,Serie A Enilive,72,https://ratings-images-prod.pulse.ea.com/FC25/full/player-portraits/p242664.png?padding=0.7,https://ratings-images-prod.pulse.ea.com/FC25/full/player-shields/en/242664.png?width=265,16,Left Midfielder,LM,trait1_67108864,Relentless,"Increased half time fatigue recovery, longer teammate contain and press",https://drop-assets.ea.com/images/2vVuRxgvPNaAuFGqZZ9nDY/3e2505addd5a6b353becdeaf7173d187/Relentless.png,playStyle,Play Style,,,,,,,0,Men's Football,7,Belgium,https://drop-assets.ea.com/images/7eZLPoDDyxSlQoqcS4NVA2/6fc085dc7e85ccd7519be7ff2df875ee/f_7.png,131681,Milano FC,https://drop-assets.ea.com/images/6D3s1RlLRER3UOunC4Lofv/ec87a4178160a87521b0b7c688e7638e/l131681.png,false,12,RM,Right Midfielder,midfielder,Midfielder,83,0,86,0,63,0,77,0,54,0,69,0,78,0,81,0,74,0,80,0,76,0,66,0,69,0,81,0,81,0,68,0,67,0,9,0,6,0,9,0,12,0,12,0,45,0,67,0,70,0,74,0,80,0,75,0,44,0,63,0,75,0,79,0,67,0,77,0,64,0,66,0,77,0,69,0,71,0,65,0,,,,,,,,,,,,,23,Right Wing,RW,,,,,,,,,,,,,,,,,,,,,,,
226376,841,79,Alejandro,Romero Gamarra,Kaku,1/11/1995 12:00:00 AM,171,4,2,2,United Emirates League,67,https://ratings-images-prod.pulse.ea.com/FC25/full/player-portraits/p226376.png?padding=0.7,https://ratings-images-prod.pulse.ea.com/FC25/full/player-shields/en/226376.png?width=265,12,Right Midfielder,RM,trait1_1,Finesse Shot,Faster finesse shots with more curve and accuracy,https://drop-assets.ea.com/images/468u1R1p2k1fA6WBHi0OEn/fb9d49ed2a8fb500cd5a184937b96b34/Finesse_Shot.png,playStyle,Play Style,trait1_8,Dead Ball,"Faster, accurate set pieces with longer trajectory preview",https://drop-assets.ea.com/images/1razu2wcM3XA82VvB7NyUm/eec6b07080e49d6bf2d7a7951a22375f/Dead_Ball.png,playStyle,Play Style,0,Men's Football,58,Paraguay,https://drop-assets.ea.com/images/7GnvdwxPnTAwltd8pd67fA/a7696e8a25b652f669ef48e55b92b1f5/f_58.png,111701,Al Ain FC,https://drop-assets.ea.com/images/7N0bj9ejtui6dQADUbJ4qT/60355b19aff7a02c72d8494e24de49f9/l111701.png,false,18,CAM,Center Attacking Midfielder,midfielder,Midfielder,82,0,86,0,60,0,70,0,59,0,72,0,83,0,81,0,73,0,79,0,80,0,52,0,65,0,80,0,79,0,75,0,74,0,12,0,14,0,7,0,7,0,11,0,30,0,42,0,79,0,75,0,81,0,81,0,74,0,64,0,73,0,74,0,73,0,81,0,70,0,55,0,80,0,53,0,84,0,64,0,trait1_256,Incisive Pass,"Accurate through passes, curvier swerve passes, faster precision passes",https://drop-assets.ea.com/images/2K5BYfVYRnrdjt8F3hwI04/62f147b6a436c107bfa3d042c1d5728d/Incisive_Pass.png,playStyle,Play Style,,,,,,,14,Center Midfielder,CM,,,,,,,,,,,,,,,,,,,,,,,
240753,842,79,Amine,Gouiri,,2/16/2000 12:00:00 AM,181,4,3,1,Ligue 1 McDonald's,80,https://ratings-images-prod.pulse.ea.com/FC25/full/player-portraits/p240753.png?padding=0.7,https://ratings-images-prod.pulse.ea.com/FC25/full/player-shields/en/240753.png?width=265,18,Center Attacking Midfielder,CAM,trait1_1,Finesse Shot,Faster finesse shots with more curve and accuracy,https://drop-assets.ea.com/images/468u1R1p2k1fA6WBHi0OEn/fb9d49ed2a8fb500cd5a184937b96b34/Finesse_Shot.png,playStyle,Play Style,trait1_128,Gamechanger,Fancy and Trivela shots are performed with improved accuracy.,https://drop-assets.ea.com/images/2v8I0GQrtREaEJzJcyStKe/e46d719e4e5ed88ac5a1f671c7448f4a/Gamechanger.png,playStyle,Play Style,0,Men's Football,97,Algeria,https://drop-assets.ea.com/images/7DBnvM9EEo73oK7xEvbWvJ/47a0a190f5a0092fef1bc40e7e74b8f9/f_97.png,219,OM,https://drop-assets.ea.com/images/3t06Qm41tT2gB8NqJYXdue/928373951a71a9a8565497e6481925d1/l219.png,false,25,ST,Striker,attack,Attack,79,0,79,0,79,0,76,0,71,0,61,0,74,0,80,0,79,0,77,0,78,0,45,0,45,0,80,0,81,0,85,0,76,0,6,0,12,0,8,0,9,0,7,0,68,0,44,0,69,0,80,0,77,0,76,0,78,0,71,0,83,0,76,0,82,0,78,0,80,0,32,0,75,0,41,0,76,0,73,0,trait1_1048576,Technical,"Faster Controlled Sprint, precise wide turns while dribbling",https://drop-assets.ea.com/images/5Esx7NK4YBU44O4bo07rvb/69ca9417da7fd07905f6c6956ad93f6d/Technical.png,playStyle,Play Style,,,,,,,,,,,,,,,,,,,,,,,,,,,,,,,,
205988,844,79,Luke,Shaw,,7/12/1995 12:00:00 AM,181,3,2,2,Premier League,75,https://ratings-images-prod.pulse.ea.com/FC25/full/player-portraits/p205988.png?padding=0.7,https://ratings-images-prod.pulse.ea.com/FC25/full/player-shields/en/205988.png?width=265,7,Left Back,LB,trait1_16384,Jockey,"Faster Sprint Jockey, better transition speed",https://drop-assets.ea.com/images/7lHjpOBSghE6Ywt1jgVv1C/21f9914d00f073d79d4b46cac71b9087/Jockey.png,playStyle,Play Style,,,,,,,0,Men's Football,14,England,https://drop-assets.ea.com/images/6ZM1OFXGUFeV0ZaYVKj2z/ae88ef17f8cb179fbc1c463f7e1e4bd8/f_14.png,11,Man Utd,https://drop-assets.ea.com/images/5xxJeUfFY6FEQZEJyJK35/990979becf88b88ecb6461dc441c2ebf/l11.png,false,5,CB,Center Back,defense,Defense,69,0,60,0,83,0,51,0,77,0,85,0,73,0,78,0,76,0,82,0,81,0,79,0,79,0,75,0,75,0,46,0,67,0,10,0,12,0,13,0,7,0,7,0,76,0,79,0,77,0,56,0,69,0,78,0,38,0,72,0,71,0,78,0,57,0,79,0,80,0,78,0,69,0,79,0,77,0,65,0,,,,,,,,,,,,,16,Left Midfielder,LM,,,,,,,,,,,,,,,,,,,,,,,
227186,845,79,Augusto,Batalla,,4/30/1996 12:00:00 AM,186,1,3,1,LALIGA EA SPORTS,77,https://ratings-images-prod.pulse.ea.com/FC25/full/player-portraits/p227186.png?padding=0.7,https://ratings-images-prod.pulse.ea.com/FC25/full/player-shields/en/227186.png?width=250,,,,trait2_1,Far Throw,Unique goalkeeper throw animations with longer throw distance,https://drop-assets.ea.com/images/3CjCz29sjIt1xMZTRDi4vQ/8ecb201b0ae7d6d536d03c847a768ffa/Far_Throw.png,playStyle,Play Style,trait2_2,Footwork,"Exclusive foot saves, better performance on low shots",https://drop-assets.ea.com/images/1s2muXoHUmP1T0vGYKXSl1/6d265b13804069371f16a58788703a33/Footwork.png,playStyle,Play Style,0,Men's Football,52,Argentina,https://drop-assets.ea.com/images/4xMXjEt7CFJ6JENYeG45Sk/836d733dc1642c5e4ab3338d91481436/f_52.png,480,Rayo Vallecano,https://drop-assets.ea.com/images/3SSzCmmavBBvrdJVySdnrm/f51360f07320e2dba9520037d3789543/l480.png,false,0,GK,Goalkeeper,defense,Defense,43,0,37,0,69,0,31,0,72,0,26,0,43,0,27,0,34,0,17,0,13,0,43,0,18,0,80,0,17,0,14,0,17,0,78,0,78,0,74,0,77,0,80,0,16,0,23,0,36,0,15,0,78,0,74,0,23,0,77,0,17,0,77,0,78,0,40,0,56,0,17,0,42,0,18,0,51,0,13,0,trait2_4,Cross Claimer,"Unique punching animations, powerful punches, faster crosses coverage",https://drop-assets.ea.com/images/4Uvgm6UNiSz3say1zZqKDC/51837f53072d5e01063699f6d2b7401a/Cross_Claimer.png,playStyle,Play Style,,,,,,,,,,,,,,,,,,,,,,,,,,,,,,,,
227290,846,79,Marko,Dmitrović,,1/24/1992 12:00:00 AM,194,1,2,2,LALIGA EA SPORTS,91,https://ratings-images-prod.pulse.ea.com/FC25/full/player-portraits/p227290.png?padding=0.7,https://ratings-images-prod.pulse.ea.com/FC25/full/player-shields/en/227290.png?width=250,,,,trait2_1,Far Throw,Unique goalkeeper throw animations with longer throw distance,https://drop-assets.ea.com/images/3CjCz29sjIt1xMZTRDi4vQ/8ecb201b0ae7d6d536d03c847a768ffa/Far_Throw.png,playStyle,Play Style,trait2_2,Footwork,"Exclusive foot saves, better performance on low shots",https://drop-assets.ea.com/images/1s2muXoHUmP1T0vGYKXSl1/6d265b13804069371f16a58788703a33/Footwork.png,playStyle,Play Style,0,Men's Football,51,Serbia,https://drop-assets.ea.com/images/2GKu0zRZkrHdnQe5yZ5cSP/3ef9ea7c2fdd64aba769e1308bf133f0/f_51.png,452,RCD Espanyol,https://drop-assets.ea.com/images/5NYvCpO1y0HynMKlJEcgRy/87d88f05181ecc55ecb3c86a6ce505d0/l452.png,false,0,GK,Goalkeeper,defense,Defense,39,0,32,0,71,0,45,0,79,0,20,0,37,0,10,0,59,0,30,0,20,0,37,0,19,0,80,0,8,0,20,0,18,0,76,0,79,0,78,0,80,0,80,0,20,0,17,0,40,0,17,0,76,0,78,0,58,0,80,0,9,0,70,0,79,0,40,0,59,0,20,0,35,0,22,0,45,0,20,0,,,,,,,,,,,,,,,,,,,,,,,,,,,,,,,,,,,,,,
231184,847,79,Gorka,Guruzeta Rodríguez,Guruzeta,9/12/1996 12:00:00 AM,188,3,4,1,LALIGA EA SPORTS,80,https://ratings-images-prod.pulse.ea.com/FC25/full/player-portraits/p231184.png?padding=0.7,https://ratings-images-prod.pulse.ea.com/FC25/full/player-shields/en/231184.png?width=265,,,,trait1_16,Precision Header,Performs headers with increased accuracy and power.,https://drop-assets.ea.com/images/3ync8fbblS4zLzF3p1VXmT/7752a5103c2ebd8be5cf1819379c66f4/Precision_Header.png,playStyle,Play Style,trait1_32,Acrobatic,"Perform volleys with increased accuracy, acrobatic volley animations",https://drop-assets.ea.com/images/2sRRBHcIe0zrDwYaRI2xG3/d02b8c8855de853470897009e030eb5d/Acrobatic.png,playStyle,Play Style,0,Men's Football,45,Spain,https://drop-assets.ea.com/images/Kv8okAYMsDbB3ZKbxrAXw/9d30c88d16a4c85002f35c6af412c6f7/f_45.png,448,Athletic Club,https://drop-assets.ea.com/images/5lGGXYvaOCdAYlo8xWPzQb/7092243785809519c68b482ad21b2c41/l448.png,false,25,ST,Striker,attack,Attack,75,0,76,0,87,0,78,0,79,0,72,0,73,0,81,0,75,0,69,0,72,0,51,0,45,0,78,0,78,0,79,0,52,0,12,0,14,0,11,0,10,0,5,0,79,0,49,0,62,0,74,0,73,0,72,0,71,0,78,0,78,0,79,0,78,0,79,0,82,0,50,0,71,0,48,0,74,0,80,0,trait1_4194304,First Touch,"Reduced trapping error, faster dribbling transition",https://drop-assets.ea.com/images/3f727XsoDVLbT49oMk0HBu/2787568be8ccb2d5daa2d18fabacad97/First_Touch.png,playStyle,Play Style,,,,,,,,,,,,,,,,,,,,,,,,,,,,,,,,
246606,848,79,Francisco José,García Torres,Fran García,8/14/1999 12:00:00 AM,169,3,3,2,LALIGA EA SPORTS,62,https://ratings-images-prod.pulse.ea.com/FC25/full/player-portraits/p246606.png?padding=0.7,https://ratings-images-prod.pulse.ea.com/FC25/full/player-shields/en/246606.png?width=265,16,Left Midfielder,LM,trait1_4096,Whipped Pass,"Accurate, faster crosses with more curve",https://drop-assets.ea.com/images/FfTP29PWrRWZjEaiCCVoa/a1b345e4ae7023ed78b1efd68d28f392/Whipped_Pass.png,playStyle,Play Style,trait1_2097152,Rapid,"Higher sprint speed while dribbling, reduced error on knock-ons",https://drop-assets.ea.com/images/1aGsvwKyIFlRG1eoJSS0Ot/a4d3d661ff962795a632fe86439d2146/Rapid.png,playStyle,Play Style,0,Men's Football,45,Spain,https://drop-assets.ea.com/images/Kv8okAYMsDbB3ZKbxrAXw/9d30c88d16a4c85002f35c6af412c6f7/f_45.png,243,Real Madrid,https://drop-assets.ea.com/images/Pk8nYrWuRt895RlhJx8jI/445d98b711f413a3a1e70c41b19b0f95/l243.png,true,7,LB,Left Back,defense,Defense,90,0,80,0,75,0,83,0,66,0,66,0,91,0,79,0,69,0,75,0,69,0,72,0,67,0,78,0,76,0,42,0,36,0,9,0,6,0,12,0,9,0,11,0,54,0,74,0,62,0,53,0,89,0,70,0,39,0,71,0,70,0,72,0,50,0,78,0,63,0,76,0,89,0,79,0,67,0,39,0,trait1_33554432,Quick Step,Faster acceleration during Explosive Sprint,https://drop-assets.ea.com/images/1xG25Zp3wvkLA5YewKiZah/f27f5fabd1e899fc0bbb817d2db233b1/Quick_Step.png,playStyle,Play Style,,,,,,,,,,,,,,,,,,,,,,,,,,,,,,,,
275298,849,79,Aleksandar,Pavlović,,5/3/2004 12:00:00 AM,188,3,4,1,Bundesliga,75,https://ratings-images-prod.pulse.ea.com/FC25/full/player-portraits/p275298.png?padding=0.7,https://ratings-images-prod.pulse.ea.com/FC25/full/player-shields/en/275298.png?width=265,14,Center Midfielder,CM,trait1_2048,Tiki Taka,Accurate first-time Ground Passes,https://drop-assets.ea.com/images/2tvHC5JQ2sXrN8wUTJWLEA/94b0f6a78d1a9e1348a33c9772f23afd/Tiki_Taka.png,playStyle,Play Style,,,,,,,0,Men's Football,21,Germany,https://drop-assets.ea.com/images/6IIMMGk0Uj1rcZ6DSHTpLL/93f95b602dc62594104f418c8f80ebb3/f_21.png,21,FC Bayern München,https://drop-assets.ea.com/images/3p0dv1pGWIH6lGAKZssZKH/4f70d2c5a3c147f3e006c863e85e4993/l21.png,false,10,CDM,Center Defensive Midfielder,midfielder,Midfielder,69,0,72,0,78,0,77,0,72,0,57,0,70,0,83,0,79,0,73,0,73,0,76,0,79,0,78,0,77,0,66,0,66,0,6,0,9,0,15,0,9,0,7,0,71,0,74,0,85,0,65,0,62,0,79,0,50,0,71,0,62,0,80,0,64,0,85,0,64,0,77,0,56,0,74,0,77,0,66,0,,,,,,,,,,,,,,,,,,,,,,,,,,,,,,,,,,,,,,
259307,850,79,Malo,Gusto,,5/19/2003 12:00:00 AM,178,3,3,1,Premier League,74,https://ratings-images-prod.pulse.ea.com/FC25/full/player-portraits/p259307.png?padding=0.7,https://ratings-images-prod.pulse.ea.com/FC25/full/player-shields/en/259307.png?width=265,12,Right Midfielder,RM,trait1_16384,Jockey,"Faster Sprint Jockey, better transition speed",https://drop-assets.ea.com/images/7lHjpOBSghE6Ywt1jgVv1C/21f9914d00f073d79d4b46cac71b9087/Jockey.png,playStyle,Play Style,trait1_32768,Block,Increased reach and success in blocking,https://drop-assets.ea.com/images/2Rlftzr8lqUdI29suCQVWe/43c6c36e8bd5fa26b88478d4354611a2/Block.png,playStyle,Play Style,0,Men's Football,18,France,https://drop-assets.ea.com/images/3ECAQzhfgSLWRf9IIHB6G8/7e235a7b2f93c1f73db7f89dc03b3657/f_18.png,5,Chelsea,https://drop-assets.ea.com/images/6T0vfhzb3y9R6YVtmVwYcD/b99723a87536e30979c7cbdb8bba9310/l5.png,false,3,RB,Right Back,defense,Defense,87,0,84,0,74,0,85,0,68,0,76,0,77,0,77,0,76,0,79,0,76,0,73,0,75,0,78,0,77,0,30,0,50,0,10,0,6,0,14,0,8,0,11,0,53,0,76,0,74,0,50,0,84,0,75,0,45,0,74,0,75,0,76,0,45,0,76,0,65,0,75,0,81,0,76,0,74,0,45,0,trait1_262144,Slide Tackle,Stops ball at feet during slide tackles,https://drop-assets.ea.com/images/7mI1lrxE0pv9iJfQFki9OA/8c1ecac325f923e049be72231c8c968a/Slide_Tackle.png,playStyle,Play Style,trait1_2097152,Rapid,"Higher sprint speed while dribbling, reduced error on knock-ons",https://drop-assets.ea.com/images/1aGsvwKyIFlRG1eoJSS0Ot/a4d3d661ff962795a632fe86439d2146/Rapid.png,playStyle,Play Style,,,,,,,,,,,,,,,,,,,,,,,,,,
253306,856,79,Manuel,Ugarte,,4/11/2001 12:00:00 AM,182,3,3,1,Premier League,77,https://ratings-images-prod.pulse.ea.com/FC25/full/player-portraits/p253306.png?padding=0.7,https://ratings-images-prod.pulse.ea.com/FC25/full/player-shields/en/253306.png?width=265,14,Center Midfielder,CM,trait1_65536,Intercept,Increased reach and possession retention in interceptions,https://drop-assets.ea.com/images/5ysv7Iw8jDHl7sp1JXqIa7/d34004fed8c95bde083dcf8257391a70/Intercept.png,playStyle,Play Style,trait1_262144,Slide Tackle,Stops ball at feet during slide tackles,https://drop-assets.ea.com/images/7mI1lrxE0pv9iJfQFki9OA/8c1ecac325f923e049be72231c8c968a/Slide_Tackle.png,playStyle,Play Style,0,Men's Football,60,Uruguay,https://drop-assets.ea.com/images/GRwJwZ17RfDveZX4N4L78/25beda9babb2d93a8ff7bb5487eb263b/f_60.png,11,Man Utd,https://drop-assets.ea.com/images/5xxJeUfFY6FEQZEJyJK35/990979becf88b88ecb6461dc441c2ebf/l11.png,false,10,CDM,Center Defensive Midfielder,midfielder,Midfielder,62,0,68,0,69,0,70,0,74,0,87,0,72,0,76,0,79,0,62,0,70,0,77,0,77,0,76,0,77,0,65,0,58,0,6,0,10,0,16,0,8,0,13,0,55,0,83,0,79,0,65,0,62,0,72,0,62,0,75,0,70,0,78,0,65,0,77,0,67,0,78,0,62,0,81,0,73,0,45,0,trait1_268435456,Bruiser,Stronger physical tackles,https://drop-assets.ea.com/images/7euMJ2jVypFrFPQesWuGGm/14019168b12faac1584a2920d5c2d5d9/Bruiser.png,playStyle,Play Style,,,,,,,,,,,,,,,,,,,,,,,,,,,,,,,,
260815,857,79,Arnau,Martínez López,Arnau Martínez,4/25/2003 12:00:00 AM,182,2,3,1,LALIGA EA SPORTS,72,https://ratings-images-prod.pulse.ea.com/FC25/full/player-portraits/p260815.png?padding=0.7,https://ratings-images-prod.pulse.ea.com/FC25/full/player-shields/en/260815.png?width=265,12,Right Midfielder,RM,trait1_4096,Whipped Pass,"Accurate, faster crosses with more curve",https://drop-assets.ea.com/images/FfTP29PWrRWZjEaiCCVoa/a1b345e4ae7023ed78b1efd68d28f392/Whipped_Pass.png,playStyle,Play Style,trait1_16384,Jockey,"Faster Sprint Jockey, better transition speed",https://drop-assets.ea.com/images/7lHjpOBSghE6Ywt1jgVv1C/21f9914d00f073d79d4b46cac71b9087/Jockey.png,playStyle,Play Style,0,Men's Football,45,Spain,https://drop-assets.ea.com/images/Kv8okAYMsDbB3ZKbxrAXw/9d30c88d16a4c85002f35c6af412c6f7/f_45.png,110062,Girona FC,https://drop-assets.ea.com/images/40lM20ITshJSKsZtWMGQ8m/3f11cea65b14635cc29654b6ba13c0b6/l110062.png,false,3,RB,Right Back,defense,Defense,83,0,74,0,83,0,80,0,66,0,67,0,66,0,77,0,68,0,80,0,72,0,74,0,73,0,74,0,74,0,55,0,40,0,10,0,7,0,7,0,10,0,9,0,75,0,74,0,70,0,50,0,79,0,75,0,50,0,71,0,62,0,79,0,54,0,80,0,59,0,74,0,75,0,76,0,74,0,40,0,,,,,,,,,,,,,5,Center Back,CB,,,,,,,,,,,,,,,23,Right Wing,RW,,,,,,
73078,858,79,Kaishū,Sano,,12/30/2000 12:00:00 AM,176,2,3,1,Bundesliga,67,https://ratings-images-prod.pulse.ea.com/FC25/full/player-portraits/p73078.png?padding=0.7,https://ratings-images-prod.pulse.ea.com/FC25/full/player-shields/en/73078.png?width=265,14,Center Midfielder,CM,trait1_524288,Aerial Fortress,Performs higher jumps and has physical defensive presence before and during aerial duels,https://drop-assets.ea.com/images/3rsDbUXd3MZX39YTsk6lKe/404db89f2237eeb7466668a730c52a4b/Aerial_Fortress.png,playStyle,Play Style,,,,,,,0,Men's Football,163,Japan,https://drop-assets.ea.com/images/1aoxCwnRS4A6LGlyhrUllt/b5b0cd61a299b9996821c16cc324cc3b/f_163.png,169,1. FSV Mainz 05,https://drop-assets.ea.com/images/4QO9B5tBI7mcWhzDDO3b6N/f70a1fd45fb4a6dd80ceea61a3e91c4d/l169.png,false,10,CDM,Center Defensive Midfielder,midfielder,Midfielder,76,0,78,0,79,0,92,0,65,0,77,0,78,0,75,0,76,0,53,0,45,0,78,0,79,0,76,0,76,0,43,0,45,0,7,0,11,0,7,0,8,0,8,0,74,0,86,0,74,0,51,0,79,0,67,0,49,0,75,0,64,0,78,0,51,0,77,0,65,0,67,0,81,0,77,0,67,0,46,0,,,,,,,,,,,,,,,,,,,,,,,,,,,,,,,,,,,,,,
205855,859,79,Marko,Livaja,,8/26/1993 12:00:00 AM,182,4,4,1,Liga Hrvatska,80,https://ratings-images-prod.pulse.ea.com/FC25/full/player-portraits/p205855.png?padding=0.7,https://ratings-images-prod.pulse.ea.com/FC25/full/player-shields/en/205855.png?width=265,18,Center Attacking Midfielder,CAM,trait1_4194304,First Touch,"Reduced trapping error, faster dribbling transition",https://drop-assets.ea.com/images/3f727XsoDVLbT49oMk0HBu/2787568be8ccb2d5daa2d18fabacad97/First_Touch.png,playStyle,Play Style,,,,,,,0,Men's Football,10,Croatia,https://drop-assets.ea.com/images/4ZYNK06L8ZkJTrdtSby4NW/eb42cc852fc74ea3d3f5b8904fb5194f/f_10.png,263,Hajduk Split,https://drop-assets.ea.com/images/1bDWS6ltUYonMzwG7kzCXP/d426bbccb973c5e62dcd62397cd4211e/l263.png,false,25,ST,Striker,attack,Attack,60,0,64,0,82,0,73,0,86,0,81,0,87,0,85,0,85,0,69,0,70,0,43,0,42,0,79,0,76,0,84,0,73,0,15,0,9,0,12,0,15,0,12,0,75,0,34,0,73,0,72,0,63,0,77,0,84,0,82,0,77,0,80,0,82,0,83,0,88,0,21,0,65,0,46,0,80,0,75,0,,,,,,,,,,,,,,,,,,,,,,,,,,,,,,,,,,,,,,
232487,860,79,Wataru,Endo,,2/9/1993 12:00:00 AM,178,3,4,1,Premier League,77,https://ratings-images-prod.pulse.ea.com/FC25/full/player-portraits/p232487.png?padding=0.7,https://ratings-images-prod.pulse.ea.com/FC25/full/player-shields/en/232487.png?width=265,14,Center Midfielder,CM,trait1_16777216,Press Proven,"Close control at jog speed, shields ball more effectively",https://drop-assets.ea.com/images/5rUHwyLJRnvGV53Ba4Pj6M/9a3238695ae8103667ba02af391ac209/Press_Proven.png,playStyle,Play Style,trait1_67108864,Relentless,"Increased half time fatigue recovery, longer teammate contain and press",https://drop-assets.ea.com/images/2vVuRxgvPNaAuFGqZZ9nDY/3e2505addd5a6b353becdeaf7173d187/Relentless.png,playStyle,Play Style,0,Men's Football,163,Japan,https://drop-assets.ea.com/images/1aoxCwnRS4A6LGlyhrUllt/b5b0cd61a299b9996821c16cc324cc3b/f_163.png,9,Liverpool,https://drop-assets.ea.com/images/3mmzooNXBDCKuCy6kWcGQo/2e332a30fe2a7225a88fcb1898f48bbf/l9.png,false,10,CDM,Center Defensive Midfielder,midfielder,Midfielder,66,0,72,0,85,0,77,0,67,0,82,0,81,0,78,0,79,0,58,0,45,0,79,0,80,0,77,0,76,0,67,0,49,0,9,0,13,0,7,0,11,0,5,0,79,0,78,0,78,0,73,0,58,0,71,0,62,0,73,0,68,0,77,0,68,0,79,0,76,0,73,0,52,0,79,0,75,0,36,0,,,,,,,,,,,,,,,,,,,,,,,,,,,,,,,,,,,,,,
259240,861,79,Adam,Wharton,,2/6/2004 12:00:00 AM,182,3,4,2,Premier League,70,https://ratings-images-prod.pulse.ea.com/FC25/full/player-portraits/p259240.png?padding=0.7,https://ratings-images-prod.pulse.ea.com/FC25/full/player-shields/en/259240.png?width=265,14,Center Midfielder,CM,trait1_262144,Slide Tackle,Stops ball at feet during slide tackles,https://drop-assets.ea.com/images/7mI1lrxE0pv9iJfQFki9OA/8c1ecac325f923e049be72231c8c968a/Slide_Tackle.png,playStyle,Play Style,trait1_4194304,First Touch,"Reduced trapping error, faster dribbling transition",https://drop-assets.ea.com/images/3f727XsoDVLbT49oMk0HBu/2787568be8ccb2d5daa2d18fabacad97/First_Touch.png,playStyle,Play Style,0,Men's Football,14,England,https://drop-assets.ea.com/images/6ZM1OFXGUFeV0ZaYVKj2z/ae88ef17f8cb179fbc1c463f7e1e4bd8/f_14.png,1799,Crystal Palace,https://drop-assets.ea.com/images/6j7pLWl2t3yl13bu6Y9s5K/91a346d14011a610d95ec956816b6a38/l1799.png,false,10,CDM,Center Defensive Midfielder,midfielder,Midfielder,60,0,69,0,68,0,69,0,66,0,76,0,71,0,80,0,82,0,77,0,77,0,75,0,74,0,77,0,76,0,60,0,71,0,5,0,11,0,13,0,6,0,12,0,62,0,77,0,84,0,63,0,62,0,81,0,53,0,69,0,66,0,78,0,62,0,83,0,67,0,76,0,63,0,78,0,83,0,51,0,trait1_16777216,Press Proven,"Close control at jog speed, shields ball more effectively",https://drop-assets.ea.com/images/5rUHwyLJRnvGV53Ba4Pj6M/9a3238695ae8103667ba02af391ac209/Press_Proven.png,playStyle,Play Style,,,,,,,,,,,,,,,,,,,,,,,,,,,,,,,,
182494,863,79,Fernando,Muslera,,6/16/1986 12:00:00 AM,190,1,2,1,LPF,74,https://ratings-images-prod.pulse.ea.com/FC25/full/player-portraits/p182494.png?padding=0.7,https://ratings-images-prod.pulse.ea.com/FC25/full/player-shields/en/182494.png?width=265,,,,trait1_1024,Long Ball Pass,"Accurate, faster Lob and Lofted Through Passes",https://drop-assets.ea.com/images/7jwRDD4zkOsqRpc821t73d/16d46d57a5dfc7dd5dd5f8de0fd26a99/Long_Ball_Pass.png,playStyle,Play Style,trait2_1,Far Throw,Unique goalkeeper throw animations with longer throw distance,https://drop-assets.ea.com/images/3CjCz29sjIt1xMZTRDi4vQ/8ecb201b0ae7d6d536d03c847a768ffa/Far_Throw.png,playStyle,Play Style,0,Men's Football,60,Uruguay,https://drop-assets.ea.com/images/GRwJwZ17RfDveZX4N4L78/25beda9babb2d93a8ff7bb5487eb263b/f_60.png,101083,Estudiantes,https://drop-assets.ea.com/images/4YAQMFITOGB7FMvl3pAP52/0b2344540d9573f06dea8d5ed3af4bff/l101083.png,false,0,GK,Goalkeeper,defense,Defense,40,0,45,0,64,0,40,0,68,0,32,0,60,0,27,0,55,0,15,0,14,0,43,0,12,0,77,0,25,0,10,0,10,0,81,0,80,0,66,0,78,0,77,0,12,0,23,0,40,0,10,0,81,0,66,0,67,0,78,0,13,0,77,0,80,0,42,0,50,0,21,0,47,0,18,0,50,0,10,0,trait2_4,Cross Claimer,"Unique punching animations, powerful punches, faster crosses coverage",https://drop-assets.ea.com/images/4Uvgm6UNiSz3say1zZqKDC/51837f53072d5e01063699f6d2b7401a/Cross_Claimer.png,playStyle,Play Style,trait2_8,Rush Out,"Unique reflex saves, better close shot reads, faster rush",https://drop-assets.ea.com/images/4wwnzFkg1zLTAc4QSsXiWO/5fa897cf739a93bddf3556e2323f9b8b/1v1_Close_Down.png,playStyle,Play Style,,,,,,,,,,,,,,,,,,,,,,,,,,
238004,864,79,Albert,Guðmundsson,,6/15/1997 12:00:00 AM,178,3,4,1,Serie A Enilive,78,https://ratings-images-prod.pulse.ea.com/FC25/full/player-portraits/p238004.png?padding=0.7,https://ratings-images-prod.pulse.ea.com/FC25/full/player-shields/en/238004.png?width=250,18,Center Attacking Midfielder,CAM,,,,,,,,,,,,,0,Men's Football,24,Iceland,https://drop-assets.ea.com/images/eLvZ0QKgMJ2sjvVZgZTQF/8cf2255e4575e7139e001d7f9ef55dec/f_24.png,110374,Fiorentina,https://drop-assets.ea.com/images/j2Zuc19dll43zq88V7CgZ/d2e748909a451985aed5a26b122a4d8f/l110374.png,false,25,ST,Striker,attack,Attack,86,0,83,0,85,0,71,0,71,0,55,0,74,0,83,0,80,0,63,0,74,0,37,0,25,0,83,0,84,0,81,0,63,0,5,0,10,0,7,0,6,0,6,0,72,0,29,0,64,0,75,0,87,0,70,0,80,0,69,0,75,0,79,0,79,0,75,0,79,0,43,0,87,0,39,0,73,0,70,0,,,,,,,,,,,,,,,,,,,,,,,,,,,,,,,,,,,,,,
242444,865,79,João,Félix Sequeira,João Félix,11/10/1999 12:00:00 AM,181,5,4,1,ROSHN Saudi League,70,https://ratings-images-prod.pulse.ea.com/FC25/full/player-portraits/p242444.png?padding=0.7,https://ratings-images-prod.pulse.ea.com/FC25/full/player-shields/en/242444.png?width=265,27,Left Wing,LW,trait1_1,Finesse Shot,Faster finesse shots with more curve and accuracy,https://drop-assets.ea.com/images/468u1R1p2k1fA6WBHi0OEn/fb9d49ed2a8fb500cd5a184937b96b34/Finesse_Shot.png,playStyle,Play Style,trait1_1048576,Technical,"Faster Controlled Sprint, precise wide turns while dribbling",https://drop-assets.ea.com/images/5Esx7NK4YBU44O4bo07rvb/69ca9417da7fd07905f6c6956ad93f6d/Technical.png,playStyle,Play Style,0,Men's Football,38,Portugal,https://drop-assets.ea.com/images/3CxRD7XqY2NSlZ3628fY4S/abf38470644ee334e6a425b9272f7767/f_38.png,112139,Al Nassr,https://drop-assets.ea.com/images/6oPkjdKPFc4aHfFp7UGXB7/262e529bd81a51c0b5f317e61b3f5985/l112139.png,false,18,CAM,Center Attacking Midfielder,midfielder,Midfielder,79,0,85,0,75,0,70,0,60,0,72,0,81,0,81,0,84,0,76,0,83,0,45,0,35,0,82,0,82,0,76,0,67,0,13,0,12,0,14,0,13,0,14,0,68,0,45,0,72,0,78,0,77,0,77,0,70,0,66,0,80,0,79,0,78,0,79,0,81,0,47,0,75,0,47,0,79,0,80,0,trait1_4194304,First Touch,"Reduced trapping error, faster dribbling transition",https://drop-assets.ea.com/images/3f727XsoDVLbT49oMk0HBu/2787568be8ccb2d5daa2d18fabacad97/First_Touch.png,playStyle,Play Style,,,,,,,16,Left Midfielder,LM,,,,,,,,,,,,,,,25,Striker,ST,,,,,,
264388,866,79,Alberto,Moleiro González,Moleiro,9/30/2003 12:00:00 AM,171,4,4,1,LALIGA EA SPORTS,68,https://ratings-images-prod.pulse.ea.com/FC25/full/player-portraits/p264388.png?padding=0.7,https://ratings-images-prod.pulse.ea.com/FC25/full/player-shields/en/264388.png?width=265,18,Center Attacking Midfielder,CAM,trait1_256,Incisive Pass,"Accurate through passes, curvier swerve passes, faster precision passes",https://drop-assets.ea.com/images/2K5BYfVYRnrdjt8F3hwI04/62f147b6a436c107bfa3d042c1d5728d/Incisive_Pass.png,playStyle,Play Style,trait1_1048576,Technical,"Faster Controlled Sprint, precise wide turns while dribbling",https://drop-assets.ea.com/images/5Esx7NK4YBU44O4bo07rvb/69ca9417da7fd07905f6c6956ad93f6d/Technical.png,playStyle,Play Style,0,Men's Football,45,Spain,https://drop-assets.ea.com/images/Kv8okAYMsDbB3ZKbxrAXw/9d30c88d16a4c85002f35c6af412c6f7/f_45.png,483,Villarreal CF,https://drop-assets.ea.com/images/xvk9pCQTX74mWG8EjcgYU/f631ffd2c7ac06bd43f2547fc44463c4/l483.png,false,16,LM,Left Midfielder,midfielder,Midfielder,84,0,85,0,73,0,76,0,60,0,60,0,83,0,81,0,71,0,68,0,75,0,51,0,47,0,81,0,83,0,70,0,52,0,6,0,9,0,11,0,8,0,11,0,57,0,48,0,74,0,71,0,83,0,75,0,59,0,65,0,74,0,72,0,70,0,78,0,74,0,53,0,83,0,55,0,81,0,53,0,trait1_4194304,First Touch,"Reduced trapping error, faster dribbling transition",https://drop-assets.ea.com/images/3f727XsoDVLbT49oMk0HBu/2787568be8ccb2d5daa2d18fabacad97/First_Touch.png,playStyle,Play Style,,,,,,,27,Left Wing,LW,,,,,,,,,,,,,,,,,,,,,,,
215223,868,79,Walter,Benítez,,1/19/1993 12:00:00 AM,191,1,2,1,Premier League,93,https://ratings-images-prod.pulse.ea.com/FC25/full/player-portraits/p215223.png?padding=0.7,https://ratings-images-prod.pulse.ea.com/FC25/full/player-shields/en/215223.png?width=250,,,,trait2_8,Rush Out,"Unique reflex saves, better close shot reads, faster rush",https://drop-assets.ea.com/images/4wwnzFkg1zLTAc4QSsXiWO/5fa897cf739a93bddf3556e2323f9b8b/1v1_Close_Down.png,playStyle,Play Style,,,,,,,0,Men's Football,52,Argentina,https://drop-assets.ea.com/images/4xMXjEt7CFJ6JENYeG45Sk/836d733dc1642c5e4ab3338d91481436/f_52.png,1799,Crystal Palace,https://drop-assets.ea.com/images/6j7pLWl2t3yl13bu6Y9s5K/91a346d14011a610d95ec956816b6a38/l1799.png,false,0,GK,Goalkeeper,defense,Defense,38,0,45,0,69,0,40,0,80,0,28,0,45,0,20,0,62,0,12,0,20,0,37,0,17,0,80,0,19,0,14,0,17,0,79,0,78,0,72,0,78,0,80,0,13,0,21,0,27,0,14,0,79,0,72,0,25,0,78,0,17,0,76,0,78,0,28,0,54,0,17,0,35,0,20,0,46,0,13,0,,,,,,,,,,,,,,,,,,,,,,,,,,,,,,,,,,,,,,
225863,869,79,Olivier,Boscagli,,11/18/1997 12:00:00 AM,181,3,3,2,Premier League,68,https://ratings-images-prod.pulse.ea.com/FC25/full/player-portraits/p225863.png?padding=0.7,https://ratings-images-prod.pulse.ea.com/FC25/full/player-shields/en/225863.png?width=265,,,,trait1_1024,Long Ball Pass,"Accurate, faster Lob and Lofted Through Passes",https://drop-assets.ea.com/images/7jwRDD4zkOsqRpc821t73d/16d46d57a5dfc7dd5dd5f8de0fd26a99/Long_Ball_Pass.png,playStyle,Play Style,trait1_65536,Intercept,Increased reach and possession retention in interceptions,https://drop-assets.ea.com/images/5ysv7Iw8jDHl7sp1JXqIa7/d34004fed8c95bde083dcf8257391a70/Intercept.png,playStyle,Play Style,0,Men's Football,18,France,https://drop-assets.ea.com/images/3ECAQzhfgSLWRf9IIHB6G8/7e235a7b2f93c1f73db7f89dc03b3657/f_18.png,1808,Brighton,https://drop-assets.ea.com/images/1mFLMjuFkxQjbRaTLKZ8Gm/277b9eb6d29d37064d1d82063b06f681/l1808.png,false,5,CB,Center Back,defense,Defense,68,0,73,0,84,0,68,0,80,0,73,0,71,0,82,0,79,0,72,0,52,0,79,0,77,0,77,0,74,0,33,0,56,0,8,0,7,0,14,0,8,0,12,0,76,0,82,0,84,0,69,0,65,0,77,0,41,0,76,0,62,0,81,0,50,0,82,0,72,0,78,0,62,0,79,0,77,0,29,0,,,,,,,,,,,,,,,,,,,,,,,,,,,,,,,,,,,,,,
228092,870,79,Sander,Berge,,2/18/1998 12:00:00 AM,195,2,3,1,Premier League,96,https://ratings-images-prod.pulse.ea.com/FC25/full/player-portraits/p228092.png?padding=0.7,https://ratings-images-prod.pulse.ea.com/FC25/full/player-shields/en/228092.png?width=265,14,Center Midfielder,CM,trait1_512,Pinged Pass,Faster ground passes without affecting receiver's trapping,https://drop-assets.ea.com/images/1mXBWIBgJSpYoIa1C4r5FX/7220e78a4049530f4e9fa642b1656fa4/Pinged_Pass.png,playStyle,Play Style,trait1_524288,Aerial Fortress,Performs higher jumps and has physical defensive presence before and during aerial duels,https://drop-assets.ea.com/images/3rsDbUXd3MZX39YTsk6lKe/404db89f2237eeb7466668a730c52a4b/Aerial_Fortress.png,playStyle,Play Style,0,Men's Football,36,Norway,https://drop-assets.ea.com/images/kyD8KeqfkpF4AODggVj9z/999272a9ed21faa0d79c9ed626b89ec2/f_36.png,144,Fulham,https://drop-assets.ea.com/images/1YL8ULAZyOPtffpFGZcGe8/84ec5701079276f33aa349d253fa0321/l144.png,false,10,CDM,Center Defensive Midfielder,midfielder,Midfielder,54,0,47,0,81,0,81,0,89,0,76,0,33,0,78,0,78,0,66,0,72,0,75,0,76,0,71,0,75,0,63,0,51,0,14,0,9,0,10,0,8,0,10,0,74,0,76,0,78,0,62,0,55,0,74,0,54,0,84,0,70,0,77,0,65,0,80,0,78,0,72,0,55,0,76,0,75,0,51,0,,,,,,,,,,,,,5,Center Back,CB,,,,,,,,,,,,,,,,,,,,,,,
245371,871,79,Thiago,Almada,,4/26/2001 12:00:00 AM,171,4,4,1,LALIGA EA SPORTS,62,https://ratings-images-prod.pulse.ea.com/FC25/full/player-portraits/p245371.png?padding=0.7,https://ratings-images-prod.pulse.ea.com/FC25/full/player-shields/en/245371.png?width=265,14,Center Midfielder,CM,trait1_1,Finesse Shot,Faster finesse shots with more curve and accuracy,https://drop-assets.ea.com/images/468u1R1p2k1fA6WBHi0OEn/fb9d49ed2a8fb500cd5a184937b96b34/Finesse_Shot.png,playStyle,Play Style,trait1_256,Incisive Pass,"Accurate through passes, curvier swerve passes, faster precision passes",https://drop-assets.ea.com/images/2K5BYfVYRnrdjt8F3hwI04/62f147b6a436c107bfa3d042c1d5728d/Incisive_Pass.png,playStyle,Play Style,0,Men's Football,52,Argentina,https://drop-assets.ea.com/images/4xMXjEt7CFJ6JENYeG45Sk/836d733dc1642c5e4ab3338d91481436/f_52.png,240,Atlético de Madrid,https://drop-assets.ea.com/images/vYcueolPvaGx8blMqhPZ5/5dc3479fc8b85d475fd980c53fc2056f/l240.png,false,18,CAM,Center Attacking Midfielder,midfielder,Midfielder,86,0,92,0,53,0,69,0,50,0,64,0,93,0,83,0,80,0,74,0,85,0,51,0,44,0,83,0,82,0,70,0,83,0,12,0,8,0,9,0,8,0,10,0,39,0,58,0,74,0,76,0,79,0,79,0,75,0,58,0,76,0,74,0,74,0,80,0,78,0,51,0,74,0,57,0,81,0,73,0,trait1_4194304,First Touch,"Reduced trapping error, faster dribbling transition",https://drop-assets.ea.com/images/3f727XsoDVLbT49oMk0HBu/2787568be8ccb2d5daa2d18fabacad97/First_Touch.png,playStyle,Play Style,trait1_33554432,Quick Step,Faster acceleration during Explosive Sprint,https://drop-assets.ea.com/images/1xG25Zp3wvkLA5YewKiZah/f27f5fabd1e899fc0bbb817d2db233b1/Quick_Step.png,playStyle,Play Style,,,,,,,,,,,,,,,,,,,,,,,,,,
258444,872,79,Evann,Guessand,,7/1/2001 12:00:00 AM,188,3,3,1,Premier League,79,https://ratings-images-prod.pulse.ea.com/FC25/full/player-portraits/p258444.png?padding=0.7,https://ratings-images-prod.pulse.ea.com/FC25/full/player-shields/en/258444.png?width=265,25,Striker,ST,trait1_16,Precision Header,Performs headers with increased accuracy and power.,https://drop-assets.ea.com/images/3ync8fbblS4zLzF3p1VXmT/7752a5103c2ebd8be5cf1819379c66f4/Precision_Header.png,playStyle,Play Style,trait1_64,Low Driven Shot,"Enhances a player's ability to execute low driven shots with increased accuracy, faster ball travel, and quicker shot execution.",https://drop-assets.ea.com/images/1NfyWsEpQ7s9bhWWt92lbn/5b5dbeb0e55c2e9241cdc26c70ee2d2c/Low_Driven_Shot.png,playStyle,Play Style,0,Men's Football,108,Côte d'Ivoire,https://drop-assets.ea.com/images/6WOgIUFG0fMJWcKjih5i3K/8d09758d91059b879a2e5521f8d7e616/f_108.png,2,Aston Villa,https://drop-assets.ea.com/images/57c0ppYsEA88xL0gxqce8K/99605df97c6a96ea3b6e8a424c217af0/l2.png,false,23,RW,Right Wing,attack,Attack,79,0,75,0,91,0,76,0,84,0,58,0,59,0,80,0,80,0,77,0,68,0,36,0,32,0,79,0,81,0,79,0,52,0,7,0,10,0,7,0,6,0,5,0,76,0,25,0,69,0,72,0,83,0,73,0,61,0,77,0,81,0,76,0,76,0,78,0,78,0,18,0,86,0,39,0,69,0,71,0,trait1_2097152,Rapid,"Higher sprint speed while dribbling, reduced error on knock-ons",https://drop-assets.ea.com/images/1aGsvwKyIFlRG1eoJSS0Ot/a4d3d661ff962795a632fe86439d2146/Rapid.png,playStyle,Play Style,,,,,,,12,Right Midfielder,RM,,,,,,,,,,,,,,,,,,,,,,,
243780,873,79,Kang In,Lee,Lee Kang In,2/19/2001 12:00:00 AM,173,4,3,2,Ligue 1 McDonald's,66,https://ratings-images-prod.pulse.ea.com/FC25/full/player-portraits/p243780.png?padding=0.7,https://ratings-images-prod.pulse.ea.com/FC25/full/player-shields/en/243780.png?width=265,14,Center Midfielder,CM,trait1_8,Dead Ball,"Faster, accurate set pieces with longer trajectory preview",https://drop-assets.ea.com/images/1razu2wcM3XA82VvB7NyUm/eec6b07080e49d6bf2d7a7951a22375f/Dead_Ball.png,playStyle,Play Style,trait1_4096,Whipped Pass,"Accurate, faster crosses with more curve",https://drop-assets.ea.com/images/FfTP29PWrRWZjEaiCCVoa/a1b345e4ae7023ed78b1efd68d28f392/Whipped_Pass.png,playStyle,Play Style,0,Men's Football,167,Korea Republic,https://drop-assets.ea.com/images/1dVkB8X9Wb0vnMLflqc8EP/c44c481c48f80fa33f1056628596b957/f_167.png,73,Paris SG,https://drop-assets.ea.com/images/2QwnhmHh5K7bjkfZAF7ZCi/7c53874542fb5c606ff810a4b1f6b88b/l73.png,true,23,RW,Right Wing,attack,Attack,75,0,86,0,70,0,73,0,56,0,72,0,87,0,82,0,81,0,81,0,82,0,50,0,45,0,82,0,82,0,75,0,77,0,11,0,12,0,12,0,8,0,14,0,65,0,53,0,79,0,73,0,72,0,80,0,70,0,64,0,78,0,76,0,75,0,80,0,79,0,42,0,69,0,51,0,80,0,75,0,trait1_8192,Inventive,Fancy and Trivela passes are performed with improved accuracy.,https://drop-assets.ea.com/images/4fpo31RdL5T0vrzNqcSc4x/f82209bfd51270dcc447d4313b3e61f1/Inventive.png,playStyle,Play Style,trait1_1048576,Technical,"Faster Controlled Sprint, precise wide turns while dribbling",https://drop-assets.ea.com/images/5Esx7NK4YBU44O4bo07rvb/69ca9417da7fd07905f6c6956ad93f6d/Technical.png,playStyle,Play Style,12,Right Midfielder,RM,,,,,,,,,,,,,,,,,,,,,,,
254088,874,79,Amad,Diallo,Amad,7/11/2002 12:00:00 AM,173,4,4,2,Premier League,67,https://ratings-images-prod.pulse.ea.com/FC25/full/player-portraits/p254088.png?padding=0.7,https://ratings-images-prod.pulse.ea.com/FC25/full/player-shields/en/254088.png?width=265,23,Right Wing,RW,trait1_1048576,Technical,"Faster Controlled Sprint, precise wide turns while dribbling",https://drop-assets.ea.com/images/5Esx7NK4YBU44O4bo07rvb/69ca9417da7fd07905f6c6956ad93f6d/Technical.png,playStyle,Play Style,,,,,,,0,Men's Football,108,Côte d'Ivoire,https://drop-assets.ea.com/images/6WOgIUFG0fMJWcKjih5i3K/8d09758d91059b879a2e5521f8d7e616/f_108.png,11,Man Utd,https://drop-assets.ea.com/images/5xxJeUfFY6FEQZEJyJK35/990979becf88b88ecb6461dc441c2ebf/l11.png,false,18,CAM,Center Attacking Midfielder,midfielder,Midfielder,88,0,92,0,65,0,70,0,45,0,42,0,89,0,80,0,78,0,75,0,77,0,54,0,51,0,83,0,83,0,77,0,60,0,13,0,15,0,8,0,11,0,6,0,53,0,59,0,71,0,69,0,85,0,75,0,63,0,52,0,78,0,77,0,74,0,76,0,78,0,49,0,82,0,57,0,77,0,54,0,,,,,,,,,,,,,12,Right Midfielder,RM,,,,,,,,,,,,,,,14,Center Midfielder,CM,,,,,,
277846,876,79,Nicolás,Paz Martínez,Nico Paz,9/8/2004 12:00:00 AM,186,4,3,2,Serie A Enilive,81,https://ratings-images-prod.pulse.ea.com/FC25/full/player-portraits/p277846.png?padding=0.7,https://ratings-images-prod.pulse.ea.com/FC25/full/player-shields/en/277846.png?width=265,14,Center Midfielder,CM,trait1_1,Finesse Shot,Faster finesse shots with more curve and accuracy,https://drop-assets.ea.com/images/468u1R1p2k1fA6WBHi0OEn/fb9d49ed2a8fb500cd5a184937b96b34/Finesse_Shot.png,playStyle,Play Style,trait1_256,Incisive Pass,"Accurate through passes, curvier swerve passes, faster precision passes",https://drop-assets.ea.com/images/2K5BYfVYRnrdjt8F3hwI04/62f147b6a436c107bfa3d042c1d5728d/Incisive_Pass.png,playStyle,Play Style,0,Men's Football,52,Argentina,https://drop-assets.ea.com/images/4xMXjEt7CFJ6JENYeG45Sk/836d733dc1642c5e4ab3338d91481436/f_52.png,1745,Como,https://drop-assets.ea.com/images/3y8mulzaICjwfi7inFVld2/ec9c71566982f8df59f26e81745143ec/l1745.png,false,18,CAM,Center Attacking Midfielder,midfielder,Midfielder,76,0,78,0,67,0,75,0,66,0,42,0,61,0,85,0,73,0,67,0,64,0,51,0,35,0,82,0,85,0,76,0,67,0,14,0,10,0,15,0,12,0,8,0,48,0,58,0,79,0,78,0,78,0,77,0,53,0,64,0,71,0,68,0,71,0,84,0,64,0,44,0,79,0,65,0,78,0,51,0,trait1_8192,Inventive,Fancy and Trivela passes are performed with improved accuracy.,https://drop-assets.ea.com/images/4fpo31RdL5T0vrzNqcSc4x/f82209bfd51270dcc447d4313b3e61f1/Inventive.png,playStyle,Play Style,trait1_1048576,Technical,"Faster Controlled Sprint, precise wide turns while dribbling",https://drop-assets.ea.com/images/5Esx7NK4YBU44O4bo07rvb/69ca9417da7fd07905f6c6956ad93f6d/Technical.png,playStyle,Play Style,,,,,,,,,,,,,,,,,,,,,,,,,,
207993,877,79,Sead,Kolašinac,,6/20/1993 12:00:00 AM,183,2,2,2,Serie A Enilive,85,https://ratings-images-prod.pulse.ea.com/FC25/full/player-portraits/p207993.png?padding=0.7,https://ratings-images-prod.pulse.ea.com/FC25/full/player-shields/en/207993.png?width=265,,,,trait1_16384,Jockey,"Faster Sprint Jockey, better transition speed",https://drop-assets.ea.com/images/7lHjpOBSghE6Ywt1jgVv1C/21f9914d00f073d79d4b46cac71b9087/Jockey.png,playStyle,Play Style,trait1_131072,Anticipate,"Improved standing tackle success, possibility of stopping ball at feet",https://drop-assets.ea.com/images/4xPnUcL7thizFB7qmhlwUR/1ade7a0f77d5e875c2db869964540a35/Anticipate.png,playStyle,Play Style,0,Men's Football,8,Bosnia and Herzegovina,https://drop-assets.ea.com/images/6bC2UfQHtDke2yP2reXu2h/80f6d623b8d0eb5519db30ae10f1c071/f_8.png,115845,Bergamo Calcio,https://drop-assets.ea.com/images/19gWEcyonp2fvk02MNHZOA/83b82283fc62f7010b529a53a0724eee/l115845.png,false,5,CB,Center Back,defense,Defense,54,0,57,0,81,0,78,0,83,0,84,0,58,0,74,0,72,0,73,0,61,0,79,0,80,0,69,0,67,0,60,0,42,0,15,0,9,0,16,0,7,0,9,0,76,0,78,0,63,0,58,0,61,0,68,0,54,0,82,0,69,0,79,0,63,0,74,0,75,0,78,0,67,0,81,0,65,0,55,0,,,,,,,,,,,,,,,,,,,,,,,,,,,,,,,,,,,,,,
211348,878,79,Stole,Dimitrievski,,12/25/1993 12:00:00 AM,188,1,2,1,LALIGA EA SPORTS,84,https://ratings-images-prod.pulse.ea.com/FC25/full/player-portraits/p211348.png?padding=0.7,https://ratings-images-prod.pulse.ea.com/FC25/full/player-shields/en/211348.png?width=250,,,,trait2_1,Far Throw,Unique goalkeeper throw animations with longer throw distance,https://drop-assets.ea.com/images/3CjCz29sjIt1xMZTRDi4vQ/8ecb201b0ae7d6d536d03c847a768ffa/Far_Throw.png,playStyle,Play Style,trait2_2,Footwork,"Exclusive foot saves, better performance on low shots",https://drop-assets.ea.com/images/1s2muXoHUmP1T0vGYKXSl1/6d265b13804069371f16a58788703a33/Footwork.png,playStyle,Play Style,0,Men's Football,19,North Macedonia,https://drop-assets.ea.com/images/2Ac7BzDaU9DZAWZahld4GJ/3d5af30f500b494ac26ce8fdfa6c1a31/f_19.png,461,Valencia CF,https://drop-assets.ea.com/images/3rBiULK7uv6Uim0qpaPGXG/123be59c7edf775fa3df08effc267f43/l461.png,false,0,GK,Goalkeeper,defense,Defense,35,0,44,0,66,0,40,0,72,0,17,0,43,0,19,0,53,0,11,0,17,0,36,0,19,0,78,0,18,0,20,0,17,0,79,0,78,0,74,0,77,0,78,0,14,0,21,0,27,0,17,0,79,0,74,0,21,0,77,0,15,0,77,0,78,0,23,0,56,0,17,0,38,0,19,0,51,0,15,0,,,,,,,,,,,,,,,,,,,,,,,,,,,,,,,,,,,,,,
236920,879,79,Justin,Kluivert,,5/5/1999 12:00:00 AM,172,4,4,1,Premier League,67,https://ratings-images-prod.pulse.ea.com/FC25/full/player-portraits/p236920.png?padding=0.7,https://ratings-images-prod.pulse.ea.com/FC25/full/player-shields/en/236920.png?width=265,16,Left Midfielder,LM,trait1_2097152,Rapid,"Higher sprint speed while dribbling, reduced error on knock-ons",https://drop-assets.ea.com/images/1aGsvwKyIFlRG1eoJSS0Ot/a4d3d661ff962795a632fe86439d2146/Rapid.png,playStyle,Play Style,,,,,,,0,Men's Football,34,Holland,https://drop-assets.ea.com/images/7LmdSUm2Ge4fzqcz0NElvq/d272142c80713dcf0e5ec0a47232aeee/f_34.png,1943,AFC Bournemouth,https://drop-assets.ea.com/images/5Z6J6MhqjuJVwE7SVnfr5E/6075ff3239d67bdf8258a067ed93ccdb/l1943.png,false,18,CAM,Center Attacking Midfielder,midfielder,Midfielder,89,0,87,0,71,0,76,0,53,0,65,0,83,0,80,0,72,0,77,0,72,0,38,0,43,0,81,0,82,0,75,0,63,0,5,0,6,0,14,0,7,0,12,0,57,0,30,0,75,0,81,0,87,0,76,0,84,0,62,0,78,0,78,0,78,0,77,0,84,0,30,0,86,0,35,0,78,0,67,0,,,,,,,,,,,,,14,Center Midfielder,CM,,,,,,,,,,,,,,,,,,,,,,,
215270,880,79,Lucas,Zelarayán,,6/20/1992 12:00:00 AM,172,4,3,1,LPF,70,https://ratings-images-prod.pulse.ea.com/FC25/full/player-portraits/p215270.png?padding=0.7,https://ratings-images-prod.pulse.ea.com/FC25/full/player-shields/en/215270.png?width=265,25,Striker,ST,trait1_8,Dead Ball,"Faster, accurate set pieces with longer trajectory preview",https://drop-assets.ea.com/images/1razu2wcM3XA82VvB7NyUm/eec6b07080e49d6bf2d7a7951a22375f/Dead_Ball.png,playStyle,Play Style,trait1_128,Gamechanger,Fancy and Trivela shots are performed with improved accuracy.,https://drop-assets.ea.com/images/2v8I0GQrtREaEJzJcyStKe/e46d719e4e5ed88ac5a1f671c7448f4a/Gamechanger.png,playStyle,Play Style,0,Men's Football,3,Armenia,https://drop-assets.ea.com/images/pxyOiqaP2Fsumzt805sHu/83ec69a7089f69d99619897c9c9ab677/f_3.png,111022,Belgrano,https://drop-assets.ea.com/images/6DO3TSy0AxrUyUGCPtjhbh/2365c6c79492f4d14c64c8470a2f6314/l111022.png,false,18,CAM,Center Attacking Midfielder,midfielder,Midfielder,75,0,88,0,68,0,82,0,64,0,56,0,84,0,82,0,70,0,76,0,82,0,46,0,50,0,81,0,81,0,74,0,78,0,8,0,9,0,11,0,6,0,10,0,54,0,44,0,73,0,82,0,74,0,77,0,67,0,67,0,76,0,78,0,76,0,78,0,79,0,35,0,73,0,43,0,80,0,74,0,trait1_256,Incisive Pass,"Accurate through passes, curvier swerve passes, faster precision passes",https://drop-assets.ea.com/images/2K5BYfVYRnrdjt8F3hwI04/62f147b6a436c107bfa3d042c1d5728d/Incisive_Pass.png,playStyle,Play Style,trait1_4096,Whipped Pass,"Accurate, faster crosses with more curve",https://drop-assets.ea.com/images/FfTP29PWrRWZjEaiCCVoa/a1b345e4ae7023ed78b1efd68d28f392/Whipped_Pass.png,playStyle,Play Style,16,Left Midfielder,LM,,trait1_8192,Inventive,Fancy and Trivela passes are performed with improved accuracy.,https://drop-assets.ea.com/images/4fpo31RdL5T0vrzNqcSc4x/f82209bfd51270dcc447d4313b3e61f1/Inventive.png,playStyle,Play Style,trait1_1048576,Technical,"Faster Controlled Sprint, precise wide turns while dribbling",https://drop-assets.ea.com/images/5Esx7NK4YBU44O4bo07rvb/69ca9417da7fd07905f6c6956ad93f6d/Technical.png,playStyle,Play Style,,,,,,,,,,
190813,881,79,Stephan,El Shaarawy,,10/27/1992 12:00:00 AM,178,4,3,1,Serie A Enilive,73,https://ratings-images-prod.pulse.ea.com/FC25/full/player-portraits/p190813.png?padding=0.7,https://ratings-images-prod.pulse.ea.com/FC25/full/player-shields/en/190813.png?width=250,27,Left Wing,LW,,,,,,,,,,,,,0,Men's Football,27,Italy,https://drop-assets.ea.com/images/2WtjWPqYzT7xcMCbvajGZH/d06e9ec4734a0d43d88f65386cc3a484/f_27.png,52,AS Roma,https://drop-assets.ea.com/images/2ruQP0TDYcCmtVFKr9qMBI/5f53795056598b1faac31300900b8671/l52.png,false,16,LM,Left Midfielder,midfielder,Midfielder,81,0,89,0,75,0,61,0,60,0,51,0,76,0,83,0,77,0,76,0,85,0,49,0,65,0,83,0,83,0,72,0,72,0,5,0,3,0,5,0,5,0,3,0,65,0,36,0,70,0,78,0,78,0,76,0,72,0,59,0,76,0,80,0,75,0,77,0,75,0,35,0,76,0,42,0,78,0,85,0,,,,,,,,,,,,,,,,,,,,,,,,,,,,,,,,,,,,,,
231447,883,79,Donyell,Malen,,1/19/1999 12:00:00 AM,176,4,4,1,Premier League,68,https://ratings-images-prod.pulse.ea.com/FC25/full/player-portraits/p231447.png?padding=0.7,https://ratings-images-prod.pulse.ea.com/FC25/full/player-shields/en/231447.png?width=265,23,Right Wing,RW,trait1_1048576,Technical,"Faster Controlled Sprint, precise wide turns while dribbling",https://drop-assets.ea.com/images/5Esx7NK4YBU44O4bo07rvb/69ca9417da7fd07905f6c6956ad93f6d/Technical.png,playStyle,Play Style,trait1_4194304,First Touch,"Reduced trapping error, faster dribbling transition",https://drop-assets.ea.com/images/3f727XsoDVLbT49oMk0HBu/2787568be8ccb2d5daa2d18fabacad97/First_Touch.png,playStyle,Play Style,0,Men's Football,34,Holland,https://drop-assets.ea.com/images/7LmdSUm2Ge4fzqcz0NElvq/d272142c80713dcf0e5ec0a47232aeee/f_34.png,2,Aston Villa,https://drop-assets.ea.com/images/57c0ppYsEA88xL0gxqce8K/99605df97c6a96ea3b6e8a424c217af0/l2.png,false,12,RM,Right Midfielder,midfielder,Midfielder,89,0,86,0,73,0,69,0,66,0,65,0,86,0,81,0,79,0,72,0,76,0,35,0,29,0,82,0,83,0,79,0,61,0,7,0,9,0,9,0,10,0,14,0,67,0,31,0,61,0,71,0,86,0,72,0,74,0,67,0,80,0,78,0,78,0,77,0,84,0,35,0,84,0,33,0,71,0,81,0,trait1_33554432,Quick Step,Faster acceleration during Explosive Sprint,https://drop-assets.ea.com/images/1xG25Zp3wvkLA5YewKiZah/f27f5fabd1e899fc0bbb817d2db233b1/Quick_Step.png,playStyle,Play Style,,,,,,,16,Left Midfielder,LM,,,,,,,,,,,,,,,,,,,,,,,
235353,884,79,Ismaïla,Sarr,,2/25/1998 12:00:00 AM,185,3,2,1,Premier League,70,https://ratings-images-prod.pulse.ea.com/FC25/full/player-portraits/p235353.png?padding=0.7,https://ratings-images-prod.pulse.ea.com/FC25/full/player-shields/en/235353.png?width=265,23,Right Wing,RW,trait1_2097152,Rapid,"Higher sprint speed while dribbling, reduced error on knock-ons",https://drop-assets.ea.com/images/1aGsvwKyIFlRG1eoJSS0Ot/a4d3d661ff962795a632fe86439d2146/Rapid.png,playStyle,Play Style,trait1_33554432,Quick Step,Faster acceleration during Explosive Sprint,https://drop-assets.ea.com/images/1xG25Zp3wvkLA5YewKiZah/f27f5fabd1e899fc0bbb817d2db233b1/Quick_Step.png,playStyle,Play Style,0,Men's Football,136,Senegal,https://drop-assets.ea.com/images/5YFW1KnsSwDBZwtoXH9mTj/690bf685246b53efaf24d6f2de696eb3/f_136.png,1799,Crystal Palace,https://drop-assets.ea.com/images/6j7pLWl2t3yl13bu6Y9s5K/91a346d14011a610d95ec956816b6a38/l1799.png,false,18,CAM,Center Attacking Midfielder,midfielder,Midfielder,89,0,77,0,72,0,72,0,72,0,57,0,74,0,79,0,82,0,75,0,78,0,28,0,25,0,78,0,77,0,79,0,60,0,14,0,13,0,7,0,6,0,9,0,44,0,24,0,71,0,75,0,91,0,76,0,68,0,69,0,80,0,78,0,78,0,78,0,83,0,21,0,93,0,29,0,80,0,74,0,,,,,,,,,,,,,14,Center Midfielder,CM,,,,,,,,,,,,,,,,,,,,,,,
236804,885,79,Facundo,Medina,,5/28/1999 12:00:00 AM,184,3,2,2,Ligue 1 McDonald's,77,https://ratings-images-prod.pulse.ea.com/FC25/full/player-portraits/p236804.png?padding=0.7,https://ratings-images-prod.pulse.ea.com/FC25/full/player-shields/en/236804.png?width=265,7,Left Back,LB,trait1_16384,Jockey,"Faster Sprint Jockey, better transition speed",https://drop-assets.ea.com/images/7lHjpOBSghE6Ywt1jgVv1C/21f9914d00f073d79d4b46cac71b9087/Jockey.png,playStyle,Play Style,trait1_262144,Slide Tackle,Stops ball at feet during slide tackles,https://drop-assets.ea.com/images/7mI1lrxE0pv9iJfQFki9OA/8c1ecac325f923e049be72231c8c968a/Slide_Tackle.png,playStyle,Play Style,0,Men's Football,52,Argentina,https://drop-assets.ea.com/images/4xMXjEt7CFJ6JENYeG45Sk/836d733dc1642c5e4ab3338d91481436/f_52.png,219,OM,https://drop-assets.ea.com/images/3t06Qm41tT2gB8NqJYXdue/928373951a71a9a8565497e6481925d1/l219.png,false,5,CB,Center Back,defense,Defense,67,0,62,0,82,0,78,0,81,0,84,0,67,0,76,0,79,0,64,0,52,0,79,0,78,0,72,0,71,0,44,0,32,0,13,0,5,0,12,0,13,0,13,0,74,0,79,0,76,0,41,0,74,0,70,0,44,0,81,0,63,0,80,0,44,0,79,0,45,0,80,0,79,0,81,0,70,0,29,0,trait1_268435456,Bruiser,Stronger physical tackles,https://drop-assets.ea.com/images/7euMJ2jVypFrFPQesWuGGm/14019168b12faac1584a2920d5c2d5d9/Bruiser.png,playStyle,Play Style,,,,,,,16,Left Midfielder,LM,,,,,,,,,,,,,,,,,,,,,,,
245152,886,79,Santiago,Giménez,,4/18/2001 12:00:00 AM,183,3,4,2,Serie A Enilive,68,https://ratings-images-prod.pulse.ea.com/FC25/full/player-portraits/p245152.png?padding=0.7,https://ratings-images-prod.pulse.ea.com/FC25/full/player-shields/en/245152.png?width=265,,,,trait1_16,Precision Header,Performs headers with increased accuracy and power.,https://drop-assets.ea.com/images/3ync8fbblS4zLzF3p1VXmT/7752a5103c2ebd8be5cf1819379c66f4/Precision_Header.png,playStyle,Play Style,,,,,,,0,Men's Football,83,Mexico,https://drop-assets.ea.com/images/3m4cwLXvHQdesnFwv0Glk6/4adea5e8e658a7ce798dd0ba1521cdda/f_83.png,131681,Milano FC,https://drop-assets.ea.com/images/6D3s1RlLRER3UOunC4Lofv/ec87a4178160a87521b0b7c688e7638e/l131681.png,false,25,ST,Striker,attack,Attack,77,0,75,0,77,0,64,0,68,0,78,0,71,0,78,0,78,0,64,0,72,0,46,0,45,0,77,0,77,0,82,0,52,0,6,0,14,0,12,0,6,0,10,0,80,0,51,0,69,0,76,0,78,0,70,0,81,0,69,0,84,0,75,0,80,0,74,0,83,0,22,0,79,0,39,0,75,0,70,0,,,,,,,,,,,,,,,,,,,,,,,,,,,,,,,,,,,,,,
253109,888,79,Joey,Veerman,,11/19/1998 12:00:00 AM,185,3,2,1,Eredivisie,75,https://ratings-images-prod.pulse.ea.com/FC25/full/player-portraits/p253109.png?padding=0.7,https://ratings-images-prod.pulse.ea.com/FC25/full/player-shields/en/253109.png?width=265,10,Center Defensive Midfielder,CDM,trait1_1,Finesse Shot,Faster finesse shots with more curve and accuracy,https://drop-assets.ea.com/images/468u1R1p2k1fA6WBHi0OEn/fb9d49ed2a8fb500cd5a184937b96b34/Finesse_Shot.png,playStyle,Play Style,trait1_8,Dead Ball,"Faster, accurate set pieces with longer trajectory preview",https://drop-assets.ea.com/images/1razu2wcM3XA82VvB7NyUm/eec6b07080e49d6bf2d7a7951a22375f/Dead_Ball.png,playStyle,Play Style,0,Men's Football,34,Holland,https://drop-assets.ea.com/images/7LmdSUm2Ge4fzqcz0NElvq/d272142c80713dcf0e5ec0a47232aeee/f_34.png,,,,,14,CM,Center Midfielder,midfielder,Midfielder,67,0,72,0,62,0,75,0,71,0,68,0,71,0,78,0,75,0,80,0,76,0,65,0,69,0,75,0,75,0,70,0,76,0,12,0,11,0,10,0,5,0,9,0,55,0,67,0,88,0,77,0,53,0,84,0,67,0,71,0,73,0,74,0,72,0,86,0,75,0,60,0,41,0,65,0,87,0,59,0,trait1_256,Incisive Pass,"Accurate through passes, curvier swerve passes, faster precision passes",https://drop-assets.ea.com/images/2K5BYfVYRnrdjt8F3hwI04/62f147b6a436c107bfa3d042c1d5728d/Incisive_Pass.png,playStyle,Play Style,trait1_1024,Long Ball Pass,"Accurate, faster Lob and Lofted Through Passes",https://drop-assets.ea.com/images/7jwRDD4zkOsqRpc821t73d/16d46d57a5dfc7dd5dd5f8de0fd26a99/Long_Ball_Pass.png,playStyle,Play Style,18,Center Attacking Midfielder,CAM,,trait1_8192,Inventive,Fancy and Trivela passes are performed with improved accuracy.,https://drop-assets.ea.com/images/4fpo31RdL5T0vrzNqcSc4x/f82209bfd51270dcc447d4313b3e61f1/Inventive.png,playStyle,Play Style,trait1_1048576,Technical,"Faster Controlled Sprint, precise wide turns while dribbling",https://drop-assets.ea.com/images/5Esx7NK4YBU44O4bo07rvb/69ca9417da7fd07905f6c6956ad93f6d/Technical.png,playStyle,Play Style,,,,,trait1_4194304,First Touch,"Reduced trapping error, faster dribbling transition",https://drop-assets.ea.com/images/3f727XsoDVLbT49oMk0HBu/2787568be8ccb2d5daa2d18fabacad97/First_Touch.png,playStyle,Play Style
277954,889,79,Kenan,Yıldız,,5/4/2005 12:00:00 AM,185,4,5,1,Serie A Enilive,75,https://ratings-images-prod.pulse.ea.com/FC25/full/player-portraits/p277954.png?padding=0.7,https://ratings-images-prod.pulse.ea.com/FC25/full/player-shields/en/277954.png?width=265,16,Left Midfielder,LM,trait1_128,Gamechanger,Fancy and Trivela shots are performed with improved accuracy.,https://drop-assets.ea.com/images/2v8I0GQrtREaEJzJcyStKe/e46d719e4e5ed88ac5a1f671c7448f4a/Gamechanger.png,playStyle,Play Style,trait1_256,Incisive Pass,"Accurate through passes, curvier swerve passes, faster precision passes",https://drop-assets.ea.com/images/2K5BYfVYRnrdjt8F3hwI04/62f147b6a436c107bfa3d042c1d5728d/Incisive_Pass.png,playStyle,Play Style,0,Men's Football,48,Turkey,https://drop-assets.ea.com/images/501PnaP87pzjR8dKEQ20OT/7f0fd5c896b732a094222cbf0560b4c2/f_48.png,45,Juventus,https://drop-assets.ea.com/images/6zWQmPATtK8lpsiXbKb3mY/6b2d1dab08ef14f63271a5cd70a0db0d/l45.png,true,18,CAM,Center Attacking Midfielder,midfielder,Midfielder,85,0,83,0,80,0,72,0,67,0,50,0,74,0,85,0,75,0,74,0,80,0,35,0,32,0,83,0,85,0,78,0,67,0,14,0,14,0,6,0,8,0,14,0,69,0,35,0,70,0,79,0,84,0,74,0,70,0,66,0,78,0,72,0,78,0,75,0,79,0,26,0,84,0,30,0,77,0,78,0,trait1_4096,Whipped Pass,"Accurate, faster crosses with more curve",https://drop-assets.ea.com/images/FfTP29PWrRWZjEaiCCVoa/a1b345e4ae7023ed78b1efd68d28f392/Whipped_Pass.png,playStyle,Play Style,trait1_1048576,Technical,"Faster Controlled Sprint, precise wide turns while dribbling",https://drop-assets.ea.com/images/5Esx7NK4YBU44O4bo07rvb/69ca9417da7fd07905f6c6956ad93f6d/Technical.png,playStyle,Play Style,27,Left Wing,LW,,,,,,,,,,,,,,,14,Center Midfielder,CM,,,,,,
198141,890,79,Marc,Bartra Aregall,Marc Bartra,1/15/1991 12:00:00 AM,184,3,3,1,LALIGA EA SPORTS,73,https://ratings-images-prod.pulse.ea.com/FC25/full/player-portraits/p198141.png?padding=0.7,https://ratings-images-prod.pulse.ea.com/FC25/full/player-shields/en/198141.png?width=265,,,,trait1_262144,Slide Tackle,Stops ball at feet during slide tackles,https://drop-assets.ea.com/images/7mI1lrxE0pv9iJfQFki9OA/8c1ecac325f923e049be72231c8c968a/Slide_Tackle.png,playStyle,Play Style,,,,,,,0,Men's Football,45,Spain,https://drop-assets.ea.com/images/Kv8okAYMsDbB3ZKbxrAXw/9d30c88d16a4c85002f35c6af412c6f7/f_45.png,449,Real Betis,https://drop-assets.ea.com/images/4rODtg2WvYGHhUGfPXxilW/e047163865b561a0ced87f9f593498c1/l449.png,false,5,CB,Center Back,defense,Defense,62,0,67,0,82,0,67,0,77,0,76,0,70,0,75,0,75,0,57,0,66,0,80,0,81,0,71,0,68,0,55,0,51,0,10,0,15,0,13,0,12,0,8,0,78,0,81,0,77,0,63,0,64,0,70,0,52,0,75,0,50,0,80,0,59,0,78,0,73,0,79,0,65,0,79,0,70,0,43,0,,,,,,,,,,,,,,,,,,,,,,,,,,,,,,,,,,,,,,
236786,891,79,Martin,Terrier,,3/4/1997 12:00:00 AM,184,3,3,1,Bundesliga,71,https://ratings-images-prod.pulse.ea.com/FC25/full/player-portraits/p236786.png?padding=0.7,https://ratings-images-prod.pulse.ea.com/FC25/full/player-shields/en/236786.png?width=265,16,Left Midfielder,LM,trait1_1,Finesse Shot,Faster finesse shots with more curve and accuracy,https://drop-assets.ea.com/images/468u1R1p2k1fA6WBHi0OEn/fb9d49ed2a8fb500cd5a184937b96b34/Finesse_Shot.png,playStyle,Play Style,trait1_128,Gamechanger,Fancy and Trivela shots are performed with improved accuracy.,https://drop-assets.ea.com/images/2v8I0GQrtREaEJzJcyStKe/e46d719e4e5ed88ac5a1f671c7448f4a/Gamechanger.png,playStyle,Play Style,0,Men's Football,18,France,https://drop-assets.ea.com/images/3ECAQzhfgSLWRf9IIHB6G8/7e235a7b2f93c1f73db7f89dc03b3657/f_18.png,32,Leverkusen,https://drop-assets.ea.com/images/mGqQw1um1ucUAshcK0Eop/9c7fe656f526c98b217ff2a052377b5c/l32.png,false,25,ST,Striker,attack,Attack,81,0,72,0,85,0,73,0,74,0,57,0,73,0,82,0,79,0,73,0,77,0,36,0,34,0,80,0,81,0,80,0,58,0,12,0,5,0,13,0,5,0,8,0,75,0,27,0,72,0,79,0,78,0,75,0,73,0,71,0,78,0,77,0,79,0,78,0,79,0,34,0,75,0,31,0,77,0,79,0,trait1_524288,Aerial Fortress,Performs higher jumps and has physical defensive presence before and during aerial duels,https://drop-assets.ea.com/images/3rsDbUXd3MZX39YTsk6lKe/404db89f2237eeb7466668a730c52a4b/Aerial_Fortress.png,playStyle,Play Style,trait1_2097152,Rapid,"Higher sprint speed while dribbling, reduced error on knock-ons",https://drop-assets.ea.com/images/1aGsvwKyIFlRG1eoJSS0Ot/a4d3d661ff962795a632fe86439d2146/Rapid.png,playStyle,Play Style,27,Left Wing,LW,,,,,,,,,,,,,,,18,Center Attacking Midfielder,CAM,,,,,,
193301,894,79,Alexandre,Lacazette,,5/28/1991 12:00:00 AM,175,4,4,1,ROSHN Saudi League,73,https://ratings-images-prod.pulse.ea.com/FC25/full/player-portraits/p193301.png?padding=0.7,https://ratings-images-prod.pulse.ea.com/FC25/full/player-shields/en/193301.png?width=265,,,,trait1_1,Finesse Shot,Faster finesse shots with more curve and accuracy,https://drop-assets.ea.com/images/468u1R1p2k1fA6WBHi0OEn/fb9d49ed2a8fb500cd5a184937b96b34/Finesse_Shot.png,playStyle,Play Style,trait1_128,Gamechanger,Fancy and Trivela shots are performed with improved accuracy.,https://drop-assets.ea.com/images/2v8I0GQrtREaEJzJcyStKe/e46d719e4e5ed88ac5a1f671c7448f4a/Gamechanger.png,playStyle,Play Style,0,Men's Football,18,France,https://drop-assets.ea.com/images/3ECAQzhfgSLWRf9IIHB6G8/7e235a7b2f93c1f73db7f89dc03b3657/f_18.png,131798,Neom,https://drop-assets.ea.com/images/19YBZNEm7MFPHXWpagPovP/4b539edbae2665b79907325436f2515d/l131798.png,false,25,ST,Striker,attack,Attack,62,0,77,0,81,0,59,0,77,0,74,0,84,0,81,0,81,0,70,0,74,0,44,0,39,0,80,0,79,0,82,0,74,0,11,0,6,0,9,0,5,0,6,0,76,0,42,0,72,0,78,0,65,0,75,0,83,0,72,0,82,0,79,0,82,0,77,0,85,0,32,0,67,0,45,0,78,0,79,0,trait1_1048576,Technical,"Faster Controlled Sprint, precise wide turns while dribbling",https://drop-assets.ea.com/images/5Esx7NK4YBU44O4bo07rvb/69ca9417da7fd07905f6c6956ad93f6d/Technical.png,playStyle,Play Style,,,,,,,,,,,,,,,,,,,,,,,,,,,,,,,,
210021,895,79,Hany,Mukhtar,,3/21/1995 12:00:00 AM,173,3,5,1,MLS,71,https://ratings-images-prod.pulse.ea.com/FC25/full/player-portraits/p210021.png?padding=0.7,https://ratings-images-prod.pulse.ea.com/FC25/full/player-shields/en/210021.png?width=265,25,Striker,ST,trait1_8192,Inventive,Fancy and Trivela passes are performed with improved accuracy.,https://drop-assets.ea.com/images/4fpo31RdL5T0vrzNqcSc4x/f82209bfd51270dcc447d4313b3e61f1/Inventive.png,playStyle,Play Style,trait1_1048576,Technical,"Faster Controlled Sprint, precise wide turns while dribbling",https://drop-assets.ea.com/images/5Esx7NK4YBU44O4bo07rvb/69ca9417da7fd07905f6c6956ad93f6d/Technical.png,playStyle,Play Style,0,Men's Football,21,Germany,https://drop-assets.ea.com/images/6IIMMGk0Uj1rcZ6DSHTpLL/93f95b602dc62594104f418c8f80ebb3/f_21.png,114162,Nashville SC,https://drop-assets.ea.com/images/4FvmPxTXK6or9m3GMc0HxL/1e3e8d34f2cc18c60f7564781ff93279/l114162.png,false,18,CAM,Center Attacking Midfielder,midfielder,Midfielder,82,0,87,0,66,0,85,0,58,0,42,0,85,0,80,0,78,0,73,0,75,0,44,0,43,0,80,0,78,0,74,0,77,0,15,0,10,0,9,0,9,0,12,0,47,0,43,0,75,0,74,0,82,0,77,0,73,0,62,0,78,0,78,0,73,0,79,0,75,0,44,0,82,0,44,0,79,0,55,0,trait1_4194304,First Touch,"Reduced trapping error, faster dribbling transition",https://drop-assets.ea.com/images/3f727XsoDVLbT49oMk0HBu/2787568be8ccb2d5daa2d18fabacad97/First_Touch.png,playStyle,Play Style,trait1_33554432,Quick Step,Faster acceleration during Explosive Sprint,https://drop-assets.ea.com/images/1xG25Zp3wvkLA5YewKiZah/f27f5fabd1e899fc0bbb817d2db233b1/Quick_Step.png,playStyle,Play Style,,,,,,,,,,,,,,,,,,,,,,,,,,
