id,rank,overallRating,firstName,lastName,commonName,birthdate,height,skillMoves,weakFootAbility,preferredFoot,leagueName,weight,avatarUrl,shieldUrl,alternatePositions/0/id,alternatePositions/0/label,alternatePositions/0/shortLabel,playerAbilities/0/id,playerAbilities/0/label,playerAbilities/0/description,playerAbilities/0/imageUrl,playerAbilities/0/type/id,playerAbilities/0/type/label,playerAbilities/1/id,playerAbilities/1/label,playerAbilities/1/description,playerAbilities/1/imageUrl,playerAbilities/1/type/id,playerAbilities/1/type/label,gender/id,gender/label,nationality/id,nationality/label,nationality/imageUrl,team/id,team/label,team/imageUrl,team/isPopular,position/id,position/shortLabel,position/label,position/positionType/id,position/positionType/name,stats/acceleration/value,stats/acceleration/diff,stats/agility/value,stats/agility/diff,stats/jumping/value,stats/jumping/diff,stats/stamina/value,stats/stamina/diff,stats/strength/value,stats/strength/diff,stats/aggression/value,stats/aggression/diff,stats/balance/value,stats/balance/diff,stats/ballControl/value,stats/ballControl/diff,stats/composure/value,stats/composure/diff,stats/crossing/value,stats/crossing/diff,stats/curve/value,stats/curve/diff,stats/def/value,stats/def/diff,stats/defensiveAwareness/value,stats/defensiveAwareness/diff,stats/dri/value,stats/dri/diff,stats/dribbling/value,stats/dribbling/diff,stats/finishing/value,stats/finishing/diff,stats/freeKickAccuracy/value,stats/freeKickAccuracy/diff,stats/gkDiving/value,stats/gkDiving/diff,stats/gkHandling/value,stats/gkHandling/diff,stats/gkKicking/value,stats/gkKicking/diff,stats/gkPositioning/value,stats/gkPositioning/diff,stats/gkReflexes/value,stats/gkReflexes/diff,stats/headingAccuracy/value,stats/headingAccuracy/diff,stats/interceptions/value,stats/interceptions/diff,stats/longPassing/value,stats/longPassing/diff,stats/longShots/value,stats/longShots/diff,stats/pac/value,stats/pac/diff,stats/pas/value,stats/pas/diff,stats/penalties/value,stats/penalties/diff,stats/phy/value,stats/phy/diff,stats/positioning/value,stats/positioning/diff,stats/reactions/value,stats/reactions/diff,stats/sho/value,stats/sho/diff,stats/shortPassing/value,stats/shortPassing/diff,stats/shotPower/value,stats/shotPower/diff,stats/slidingTackle/value,stats/slidingTackle/diff,stats/sprintSpeed/value,stats/sprintSpeed/diff,stats/standingTackle/value,stats/standingTackle/diff,stats/vision/value,stats/vision/diff,stats/volleys/value,stats/volleys/diff,alternatePositions/0,playerAbilities/2/id,playerAbilities/2/label,playerAbilities/2/description,playerAbilities/2/imageUrl,playerAbilities/2/type/id,playerAbilities/2/type/label,playerAbilities/3/id,playerAbilities/3/label,playerAbilities/3/description,playerAbilities/3/imageUrl,playerAbilities/3/type/id,playerAbilities/3/type/label,alternatePositions/1/id,alternatePositions/1/label,alternatePositions/1/shortLabel,playerAbilities/4/id,playerAbilities/4/label,playerAbilities/4/description,playerAbilities/4/imageUrl,playerAbilities/4/type/id,playerAbilities/4/type/label,playerAbilities/5/id,playerAbilities/5/label,playerAbilities/5/description,playerAbilities/5/imageUrl,playerAbilities/5/type/id,playerAbilities/5/type/label,playerAbilities/6/id,playerAbilities/6/label,playerAbilities/6/description,playerAbilities/6/imageUrl,playerAbilities/6/type/id,playerAbilities/6/type/label,alternatePositions/2/id,alternatePositions/2/label,alternatePositions/2/shortLabel
234396,170,84,Alphonso,Davies,,11/2/2000 0:00,185,4,3,2,Bundesliga,77,https://ratings-images-prod.pulse.ea.com/FC25/full/player-portraits/p234396.png?padding=0.7,https://ratings-images-prod.pulse.ea.com/FC25/full/player-shields/en/234396.png?width=265,16,Left Midfielder,LM,trait1_2097152,Rapid,"Higher sprint speed while dribbling, reduced error on knock-ons",https://drop-assets.ea.com/images/1aGsvwKyIFlRG1eoJSS0Ot/a4d3d661ff962795a632fe86439d2146/Rapid.png,playStyle,Play Style,trait1_33554432,Quick Step,Faster acceleration during Explosive Sprint,https://drop-assets.ea.com/images/1xG25Zp3wvkLA5YewKiZah/f27f5fabd1e899fc0bbb817d2db233b1/Quick_Step.png,playStyle,Play Style,0,Men's Football,70,Canada,https://drop-assets.ea.com/images/6NVjftdldQXhdzrkDQccXB/0bbb62e54641cc2fc4c5e9f347319859/f_70.png,21,FC Bayern München,https://drop-assets.ea.com/images/3p0dv1pGWIH6lGAKZssZKH/4f70d2c5a3c147f3e006c863e85e4993/l21.png,FALSE,7,LB,Left Back,defense,Defense,95,0,84,0,95,0,79,0,75,0,72,0,83,0,85,0,78,0,85,0,72,0,74,0,72,0,85,0,85,0,64,0,44,0,11,0,11,0,6,0,5,0,14,0,74,0,79,0,71,0,63,0,94,0,78,0,54,0,76,0,77,0,86,0,66,0,84,0,74,0,73,0,93,0,74,0,77,0,59,0,,,,,,,,,,,,,,,,,,,,,,,,,,,,,,,,,,,,,
204935,173,84,Jordan,Pickford,,3/7/1994 0:00,185,1,4,2,Premier League,77,https://ratings-images-prod.pulse.ea.com/FC25/full/player-portraits/p204935.png?padding=0.7,https://ratings-images-prod.pulse.ea.com/FC25/full/player-shields/en/204935.png?width=265,,,,trait1_1024,Long Ball Pass,"Accurate, faster Lob and Lofted Through Passes",https://drop-assets.ea.com/images/7jwRDD4zkOsqRpc821t73d/16d46d57a5dfc7dd5dd5f8de0fd26a99/Long_Ball_Pass.png,playStyle,Play Style,trait2_1,Far Throw,Unique goalkeeper throw animations with longer throw distance,https://drop-assets.ea.com/images/3CjCz29sjIt1xMZTRDi4vQ/8ecb201b0ae7d6d536d03c847a768ffa/Far_Throw.png,playStyle,Play Style,0,Men's Football,14,England,https://drop-assets.ea.com/images/6ZM1OFXGUFeV0ZaYVKj2z/ae88ef17f8cb179fbc1c463f7e1e4bd8/f_14.png,7,Everton,https://drop-assets.ea.com/images/6Cth6wtCt1i37ZjPMZKIm3/4c68def58bf71a34afa1870cad4d5cfe/l7.png,FALSE,0,GK,Goalkeeper,defense,Defense,57,0,59,0,75,0,40,0,72,0,45,0,55,0,42,0,65,0,17,0,18,0,53,0,21,0,87,0,20,0,19,0,16,0,84,0,78,0,88,0,81,0,87,0,18,0,26,0,61,0,13,0,84,0,88,0,48,0,81,0,18,0,82,0,78,0,59,0,66,0,12,0,47,0,20,0,69,0,20,0,,trait2_2,Footwork,"Exclusive foot saves, better performance on low shots",https://drop-assets.ea.com/images/1s2muXoHUmP1T0vGYKXSl1/6d265b13804069371f16a58788703a33/Footwork.png,playStyle,Play Style,,,,,,,,,,,,,,,,,,,,,,,,,,,,,,
233096,174,84,Denzel,Dumfries,,4/18/1996 0:00,188,2,3,1,Serie A Enilive,80,https://ratings-images-prod.pulse.ea.com/FC25/full/player-portraits/p233096.png?padding=0.7,https://ratings-images-prod.pulse.ea.com/FC25/full/player-shields/en/233096.png?width=265,12,Right Midfielder,RM,trait1_16,Precision Header,Performs headers with increased accuracy and power.,https://drop-assets.ea.com/images/3ync8fbblS4zLzF3p1VXmT/7752a5103c2ebd8be5cf1819379c66f4/Precision_Header.png,playStyle,Play Style,trait1_2097152,Rapid,"Higher sprint speed while dribbling, reduced error on knock-ons",https://drop-assets.ea.com/images/1aGsvwKyIFlRG1eoJSS0Ot/a4d3d661ff962795a632fe86439d2146/Rapid.png,playStyle,Play Style,0,Men's Football,34,Holland,https://drop-assets.ea.com/images/7LmdSUm2Ge4fzqcz0NElvq/d272142c80713dcf0e5ec0a47232aeee/f_34.png,131682,Lombardia FC,https://drop-assets.ea.com/images/1thPMvXN97JgFvt6ASWr4c/d2ca0a691a98c344305bc0975ab70314/l131682.png,FALSE,3,RB,Right Back,defense,Defense,78,0,69,0,91,0,88,0,81,0,84,0,60,0,82,0,78,0,82,0,72,0,79,0,79,0,79,0,80,0,75,0,45,0,10,0,10,0,7,0,13,0,14,0,85,0,78,0,74,0,61,0,84,0,75,0,51,0,84,0,82,0,83,0,70,0,80,0,74,0,77,0,88,0,79,0,67,0,51,0,,trait1_33554432,Quick Step,Faster acceleration during Explosive Sprint,https://drop-assets.ea.com/images/1xG25Zp3wvkLA5YewKiZah/f27f5fabd1e899fc0bbb817d2db233b1/Quick_Step.png,playStyle,Play Style,trait1_134217728,Long Throw,Powerful throw-ins for greater distance,https://drop-assets.ea.com/images/51OlohNQvoEwW0aLhknAHh/58fa7d903d10f6d8cfa2622f62ba6b6f/Long_Throw.png,playStyle,Play Style,,,,,,,,,,,,,,,,,,,,,,,,
223848,175,84,Sergej,Milinković-Savić,,2/27/1995 0:00,192,4,5,1,ROSHN Saudi League,95,https://ratings-images-prod.pulse.ea.com/FC25/full/player-portraits/p223848.png?padding=0.7,https://ratings-images-prod.pulse.ea.com/FC25/full/player-shields/en/223848.png?width=265,10,Center Defensive Midfielder,CDM,trait1_8,Dead Ball,"Faster, accurate set pieces with longer trajectory preview",https://drop-assets.ea.com/images/1razu2wcM3XA82VvB7NyUm/eec6b07080e49d6bf2d7a7951a22375f/Dead_Ball.png,playStyle,Play Style,trait1_16,Precision Header,Performs headers with increased accuracy and power.,https://drop-assets.ea.com/images/3ync8fbblS4zLzF3p1VXmT/7752a5103c2ebd8be5cf1819379c66f4/Precision_Header.png,playStyle,Play Style,0,Men's Football,51,Serbia,https://drop-assets.ea.com/images/2GKu0zRZkrHdnQe5yZ5cSP/3ef9ea7c2fdd64aba769e1308bf133f0/f_51.png,605,Al Hilal,https://drop-assets.ea.com/images/S6sbDN9mfGaVn2VJDekYR/c6f580c98a0d614b0b308a89a241c6ab/l605.png,FALSE,14,CM,Center Midfielder,midfielder,Midfielder,60,0,58,0,88,0,92,0,90,0,79,0,62,0,87,0,84,0,71,0,81,0,78,0,77,0,81,0,84,0,81,0,83,0,7,0,10,0,7,0,16,0,7,0,86,0,76,0,86,0,80,0,62,0,81,0,64,0,88,0,83,0,80,0,80,0,82,0,82,0,80,0,64,0,76,0,84,0,74,0,,trait1_256,Incisive Pass,"Accurate through passes, curvier swerve passes, faster precision passes",https://drop-assets.ea.com/images/2K5BYfVYRnrdjt8F3hwI04/62f147b6a436c107bfa3d042c1d5728d/Incisive_Pass.png,playStyle,Play Style,trait1_512,Pinged Pass,Faster ground passes without affecting receiver's trapping,https://drop-assets.ea.com/images/1mXBWIBgJSpYoIa1C4r5FX/7220e78a4049530f4e9fa642b1656fa4/Pinged_Pass.png,playStyle,Play Style,18,Center Attacking Midfielder,CAM,trait1_8192,Inventive,Fancy and Trivela passes are performed with improved accuracy.,https://drop-assets.ea.com/images/4fpo31RdL5T0vrzNqcSc4x/f82209bfd51270dcc447d4313b3e61f1/Inventive.png,playStyle,Play Style,trait1_524288,Aerial Fortress,Performs higher jumps and has physical defensive presence before and during aerial duels,https://drop-assets.ea.com/images/3rsDbUXd3MZX39YTsk6lKe/404db89f2237eeb7466668a730c52a4b/Aerial_Fortress.png,playStyle,Play Style,trait1_4194304,First Touch,"Reduced trapping error, faster dribbling transition",https://drop-assets.ea.com/images/3f727XsoDVLbT49oMk0HBu/2787568be8ccb2d5daa2d18fabacad97/First_Touch.png,playStyle,Play Style,,,
251517,177,84,Joško,Gvardiol,,1/23/2002 0:00,185,3,5,2,Premier League,80,https://ratings-images-prod.pulse.ea.com/FC25/full/player-portraits/p251517.png?padding=0.7,https://ratings-images-prod.pulse.ea.com/FC25/full/player-shields/en/251517.png?width=265,5,Center Back,CB,trait1_64,Low Driven Shot,"Enhances a player's ability to execute low driven shots with increased accuracy, faster ball travel, and quicker shot execution.",https://drop-assets.ea.com/images/1NfyWsEpQ7s9bhWWt92lbn/5b5dbeb0e55c2e9241cdc26c70ee2d2c/Low_Driven_Shot.png,playStyle,Play Style,trait1_512,Pinged Pass,Faster ground passes without affecting receiver's trapping,https://drop-assets.ea.com/images/1mXBWIBgJSpYoIa1C4r5FX/7220e78a4049530f4e9fa642b1656fa4/Pinged_Pass.png,playStyle,Play Style,0,Men's Football,10,Croatia,https://drop-assets.ea.com/images/4ZYNK06L8ZkJTrdtSby4NW/eb42cc852fc74ea3d3f5b8904fb5194f/f_10.png,10,Manchester City,https://drop-assets.ea.com/images/4asmNLic4aQn6cjlEg1t5u/88bea3ddd6c1f620bbf813041f248685/l10.png,FALSE,7,LB,Left Back,defense,Defense,77,0,68,0,88,0,81,0,80,0,86,0,67,0,80,0,81,0,73,0,74,0,84,0,84,0,78,0,78,0,68,0,59,0,5,0,8,0,6,0,9,0,11,0,80,0,84,0,76,0,74,0,78,0,75,0,61,0,82,0,69,0,85,0,71,0,81,0,81,0,84,0,79,0,85,0,70,0,60,0,,trait1_16384,Jockey,"Faster Sprint Jockey, better transition speed",https://drop-assets.ea.com/images/7lHjpOBSghE6Ywt1jgVv1C/21f9914d00f073d79d4b46cac71b9087/Jockey.png,playStyle,Play Style,icontrait1_32768,Block+,Greater reach and success in blocking,https://drop-assets.ea.com/images/55a6j8nZt1EKQeN9kaqiEs/a2d73085eee67e822161e082e82a8ee3/Block_.png,playStylePlus,Play Style Plus,16,Left Midfielder,LM,,,,,,,,,,,,,,,,,,,,,
241637,182,84,Aurélien,Tchouaméni,,1/27/2000 0:00,187,3,3,1,LALIGA EA SPORTS,81,https://ratings-images-prod.pulse.ea.com/FC25/full/player-portraits/p241637.png?padding=0.7,https://ratings-images-prod.pulse.ea.com/FC25/full/player-shields/en/241637.png?width=265,14,Center Midfielder,CM,trait1_16,Precision Header,Performs headers with increased accuracy and power.,https://drop-assets.ea.com/images/3ync8fbblS4zLzF3p1VXmT/7752a5103c2ebd8be5cf1819379c66f4/Precision_Header.png,playStyle,Play Style,trait1_16384,Jockey,"Faster Sprint Jockey, better transition speed",https://drop-assets.ea.com/images/7lHjpOBSghE6Ywt1jgVv1C/21f9914d00f073d79d4b46cac71b9087/Jockey.png,playStyle,Play Style,0,Men's Football,18,France,https://drop-assets.ea.com/images/3ECAQzhfgSLWRf9IIHB6G8/7e235a7b2f93c1f73db7f89dc03b3657/f_18.png,243,Real Madrid,https://drop-assets.ea.com/images/Pk8nYrWuRt895RlhJx8jI/445d98b711f413a3a1e70c41b19b0f95/l243.png,TRUE,10,CDM,Center Defensive Midfielder,midfielder,Midfielder,73,0,72,0,84,0,83,0,82,0,80,0,70,0,81,0,82,0,68,0,76,0,81,0,81,0,78,0,78,0,65,0,53,0,9,0,8,0,12,0,12,0,7,0,75,0,83,0,84,0,75,0,71,0,79,0,55,0,82,0,74,0,82,0,69,0,85,0,78,0,80,0,70,0,83,0,81,0,50,0,,trait1_65536,Intercept,Increased reach and possession retention in interceptions,https://drop-assets.ea.com/images/5ysv7Iw8jDHl7sp1JXqIa7/d34004fed8c95bde083dcf8257391a70/Intercept.png,playStyle,Play Style,trait1_131072,Anticipate,"Improved standing tackle success, possibility of stopping ball at feet",https://drop-assets.ea.com/images/4xPnUcL7thizFB7qmhlwUR/1ade7a0f77d5e875c2db869964540a35/Anticipate.png,playStyle,Play Style,5,Center Back,CB,trait1_524288,Aerial Fortress,Performs higher jumps and has physical defensive presence before and during aerial duels,https://drop-assets.ea.com/images/3rsDbUXd3MZX39YTsk6lKe/404db89f2237eeb7466668a730c52a4b/Aerial_Fortress.png,playStyle,Play Style,trait1_67108864,Relentless,"Increased half time fatigue recovery, longer teammate contain and press",https://drop-assets.ea.com/images/2vVuRxgvPNaAuFGqZZ9nDY/3e2505addd5a6b353becdeaf7173d187/Relentless.png,playStyle,Play Style,trait1_268435456,Bruiser,Stronger physical tackles,https://drop-assets.ea.com/images/7euMJ2jVypFrFPQesWuGGm/14019168b12faac1584a2920d5c2d5d9/Bruiser.png,playStyle,Play Style,,,
239231,185,84,Marc,Cucurella Saseta,Marc Cucurella,7/22/1998 0:00,174,3,3,2,Premier League,66,https://ratings-images-prod.pulse.ea.com/FC25/full/player-portraits/p239231.png?padding=0.7,https://ratings-images-prod.pulse.ea.com/FC25/full/player-shields/en/239231.png?width=265,,,,trait1_16384,Jockey,"Faster Sprint Jockey, better transition speed",https://drop-assets.ea.com/images/7lHjpOBSghE6Ywt1jgVv1C/21f9914d00f073d79d4b46cac71b9087/Jockey.png,playStyle,Play Style,trait1_32768,Block,Increased reach and success in blocking,https://drop-assets.ea.com/images/2Rlftzr8lqUdI29suCQVWe/43c6c36e8bd5fa26b88478d4354611a2/Block.png,playStyle,Play Style,0,Men's Football,45,Spain,https://drop-assets.ea.com/images/Kv8okAYMsDbB3ZKbxrAXw/9d30c88d16a4c85002f35c6af412c6f7/f_45.png,5,Chelsea,https://drop-assets.ea.com/images/6T0vfhzb3y9R6YVtmVwYcD/b99723a87536e30979c7cbdb8bba9310/l5.png,FALSE,7,LB,Left Back,defense,Defense,77,0,82,0,86,0,89,0,70,0,85,0,83,0,80,0,79,0,81,0,79,0,82,0,83,0,80,0,78,0,61,0,63,0,13,0,7,0,9,0,10,0,11,0,72,0,82,0,79,0,63,0,75,0,79,0,57,0,79,0,76,0,84,0,64,0,82,0,73,0,82,0,74,0,84,0,77,0,55,0,,trait1_16777216,Press Proven,"Close control at jog speed, shields ball more effectively",https://drop-assets.ea.com/images/5rUHwyLJRnvGV53Ba4Pj6M/9a3238695ae8103667ba02af391ac209/Press_Proven.png,playStyle,Play Style,trait1_67108864,Relentless,"Increased half time fatigue recovery, longer teammate contain and press",https://drop-assets.ea.com/images/2vVuRxgvPNaAuFGqZZ9nDY/3e2505addd5a6b353becdeaf7173d187/Relentless.png,playStyle,Play Style,,,,,,,,,,,,,,,,,,,,,,,,
210035,190,84,Alejandro,Grimaldo García,Grimaldo,9/20/1995 0:00,171,4,2,2,Bundesliga,68,https://ratings-images-prod.pulse.ea.com/FC25/full/player-portraits/p210035.png?padding=0.7,https://ratings-images-prod.pulse.ea.com/FC25/full/player-shields/en/210035.png?width=265,7,Left Back,LB,trait1_1,Finesse Shot,Faster finesse shots with more curve and accuracy,https://drop-assets.ea.com/images/468u1R1p2k1fA6WBHi0OEn/fb9d49ed2a8fb500cd5a184937b96b34/Finesse_Shot.png,playStyle,Play Style,trait1_8,Dead Ball,"Faster, accurate set pieces with longer trajectory preview",https://drop-assets.ea.com/images/1razu2wcM3XA82VvB7NyUm/eec6b07080e49d6bf2d7a7951a22375f/Dead_Ball.png,playStyle,Play Style,0,Men's Football,45,Spain,https://drop-assets.ea.com/images/Kv8okAYMsDbB3ZKbxrAXw/9d30c88d16a4c85002f35c6af412c6f7/f_45.png,32,Leverkusen,https://drop-assets.ea.com/images/mGqQw1um1ucUAshcK0Eop/9c7fe656f526c98b217ff2a052377b5c/l32.png,FALSE,16,LM,Left Midfielder,midfielder,Midfielder,76,0,84,0,68,0,91,0,54,0,69,0,86,0,86,0,83,0,91,0,89,0,74,0,76,0,85,0,84,0,67,0,89,0,7,0,13,0,10,0,7,0,13,0,62,0,79,0,86,0,83,0,72,0,87,0,54,0,67,0,78,0,85,0,73,0,86,0,84,0,69,0,68,0,75,0,85,0,63,0,,trait1_8192,Inventive,Fancy and Trivela passes are performed with improved accuracy.,https://drop-assets.ea.com/images/4fpo31RdL5T0vrzNqcSc4x/f82209bfd51270dcc447d4313b3e61f1/Inventive.png,playStyle,Play Style,trait1_4194304,First Touch,"Reduced trapping error, faster dribbling transition",https://drop-assets.ea.com/images/3f727XsoDVLbT49oMk0HBu/2787568be8ccb2d5daa2d18fabacad97/First_Touch.png,playStyle,Play Style,27,Left Wing,LW,icontrait1_4096,Whipped Pass+,"Highly accurate, faster crosses with more curve and powerful driven crosses",https://drop-assets.ea.com/images/5m8PmfQfBiA1HRsIPRGgJ4/fd22942ce1c5fa608227ea0573a9e339/Whipped_Pass_.png,playStylePlus,Play Style Plus,,,,,,,,,,,,,,,
226851,191,84,Benjamin,Pavard,,3/28/1996 0:00,186,3,3,1,Ligue 1 McDonald's,81,https://ratings-images-prod.pulse.ea.com/FC25/full/player-portraits/p226851.png?padding=0.7,https://ratings-images-prod.pulse.ea.com/FC25/full/player-shields/en/226851.png?width=250,,,,icontrait1_16384,Jockey+,"Increased max Sprint Jockey speed, improved transition",https://drop-assets.ea.com/images/6v06K0kg314Jd2SeVlVWFI/c0ac7c9179e3e7ebf9b26fb9d25897fb/Jockey_.png,playStylePlus,Play Style Plus,,,,,,,0,Men's Football,18,France,https://drop-assets.ea.com/images/3ECAQzhfgSLWRf9IIHB6G8/7e235a7b2f93c1f73db7f89dc03b3657/f_18.png,219,OM,https://drop-assets.ea.com/images/3t06Qm41tT2gB8NqJYXdue/928373951a71a9a8565497e6481925d1/l219.png,FALSE,5,CB,Center Back,defense,Defense,74,0,71,0,87,0,80,0,76,0,81,0,66,0,79,0,83,0,76,0,67,0,86,0,85,0,75,0,71,0,60,0,51,0,9,0,7,0,15,0,7,0,15,0,84,0,86,0,81,0,70,0,75,0,76,0,51,0,79,0,68,0,86,0,67,0,83,0,80,0,84,0,76,0,89,0,69,0,81,0,,,,,,,,,,,,,,,,,,,,,,,,,,,,,,,,,,,,,
247090,193,84,Enzo,Fernández,,1/17/2001 0:00,178,3,4,1,Premier League,76,https://ratings-images-prod.pulse.ea.com/FC25/full/player-portraits/p247090.png?padding=0.7,https://ratings-images-prod.pulse.ea.com/FC25/full/player-shields/en/247090.png?width=265,10,Center Defensive Midfielder,CDM,trait1_4194304,First Touch,"Reduced trapping error, faster dribbling transition",https://drop-assets.ea.com/images/3f727XsoDVLbT49oMk0HBu/2787568be8ccb2d5daa2d18fabacad97/First_Touch.png,playStyle,Play Style,trait1_16777216,Press Proven,"Close control at jog speed, shields ball more effectively",https://drop-assets.ea.com/images/5rUHwyLJRnvGV53Ba4Pj6M/9a3238695ae8103667ba02af391ac209/Press_Proven.png,playStyle,Play Style,0,Men's Football,52,Argentina,https://drop-assets.ea.com/images/4xMXjEt7CFJ6JENYeG45Sk/836d733dc1642c5e4ab3338d91481436/f_52.png,5,Chelsea,https://drop-assets.ea.com/images/6T0vfhzb3y9R6YVtmVwYcD/b99723a87536e30979c7cbdb8bba9310/l5.png,FALSE,14,CM,Center Midfielder,midfielder,Midfielder,68,0,75,0,74,0,85,0,67,0,83,0,78,0,85,0,82,0,79,0,84,0,73,0,72,0,81,0,80,0,72,0,76,0,8,0,6,0,7,0,8,0,10,0,71,0,74,0,89,0,76,0,68,0,85,0,73,0,75,0,78,0,86,0,75,0,88,0,82,0,72,0,68,0,75,0,86,0,77,0,,trait1_67108864,Relentless,"Increased half time fatigue recovery, longer teammate contain and press",https://drop-assets.ea.com/images/2vVuRxgvPNaAuFGqZZ9nDY/3e2505addd5a6b353becdeaf7173d187/Relentless.png,playStyle,Play Style,icontrait1_1024,Long Ball Pass+,"Even more accurate, faster Lob and Lofted Through Passes",https://drop-assets.ea.com/images/59ogaJFyi7JRTBfMF1MBHf/e7fe84a1da6b070a6a41460257b9ec59/Long_Ball_Pass_.png,playStylePlus,Play Style Plus,18,Center Attacking Midfielder,CAM,,,,,,,,,,,,,,,,,,,,,
186153,194,84,Wojciech,Szczęsny,,4/18/1990 0:00,196,1,3,1,LALIGA EA SPORTS,90,https://ratings-images-prod.pulse.ea.com/FC25/full/player-portraits/p186153.png?padding=0.7,https://ratings-images-prod.pulse.ea.com/FC25/full/player-shields/en/186153.png?width=250,,,,trait2_1,Far Throw,Unique goalkeeper throw animations with longer throw distance,https://drop-assets.ea.com/images/3CjCz29sjIt1xMZTRDi4vQ/8ecb201b0ae7d6d536d03c847a768ffa/Far_Throw.png,playStyle,Play Style,,,,,,,0,Men's Football,37,Poland,https://drop-assets.ea.com/images/2ldG0tWskgN4waD1fBmnk1/24cbe80f6af25d3ab745fd339b024988/f_37.png,241,FC Barcelona,https://drop-assets.ea.com/images/5VXhqALaBzgvb2YG8iJxlq/990024f3e3ecc9e6c37eae41ebef86bd/l241.png,TRUE,0,GK,Goalkeeper,defense,Defense,49,0,55,0,69,0,45,0,65,0,40,0,51,0,22,0,65,0,12,0,16,0,48,0,20,0,84,0,11,0,12,0,14,0,82,0,83,0,75,0,84,0,84,0,16,0,15,0,66,0,14,0,82,0,75,0,18,0,84,0,14,0,80,0,83,0,51,0,56,0,12,0,46,0,13,0,48,0,14,0,,,,,,,,,,,,,,,,,,,,,,,,,,,,,,,,,,,,,
257279,196,84,Alejandro,Baena Rodríguez,Álex Baena,7/20/2001 0:00,175,3,4,1,LALIGA EA SPORTS,70,https://ratings-images-prod.pulse.ea.com/FC25/full/player-portraits/p257279.png?padding=0.7,https://ratings-images-prod.pulse.ea.com/FC25/full/player-shields/en/257279.png?width=265,25,Striker,ST,trait1_8,Dead Ball,"Faster, accurate set pieces with longer trajectory preview",https://drop-assets.ea.com/images/1razu2wcM3XA82VvB7NyUm/eec6b07080e49d6bf2d7a7951a22375f/Dead_Ball.png,playStyle,Play Style,trait1_256,Incisive Pass,"Accurate through passes, curvier swerve passes, faster precision passes",https://drop-assets.ea.com/images/2K5BYfVYRnrdjt8F3hwI04/62f147b6a436c107bfa3d042c1d5728d/Incisive_Pass.png,playStyle,Play Style,0,Men's Football,45,Spain,https://drop-assets.ea.com/images/Kv8okAYMsDbB3ZKbxrAXw/9d30c88d16a4c85002f35c6af412c6f7/f_45.png,240,Atlético de Madrid,https://drop-assets.ea.com/images/vYcueolPvaGx8blMqhPZ5/5dc3479fc8b85d475fd980c53fc2056f/l240.png,FALSE,16,LM,Left Midfielder,midfielder,Midfielder,79,0,80,0,71,0,78,0,60,0,76,0,76,0,84,0,74,0,85,0,78,0,65,0,67,0,82,0,83,0,77,0,80,0,6,0,11,0,8,0,12,0,11,0,58,0,66,0,82,0,76,0,79,0,84,0,68,0,68,0,82,0,82,0,76,0,87,0,77,0,64,0,79,0,66,0,84,0,69,0,,trait1_1024,Long Ball Pass,"Accurate, faster Lob and Lofted Through Passes",https://drop-assets.ea.com/images/7jwRDD4zkOsqRpc821t73d/16d46d57a5dfc7dd5dd5f8de0fd26a99/Long_Ball_Pass.png,playStyle,Play Style,trait1_2048,Tiki Taka,Accurate first-time Ground Passes,https://drop-assets.ea.com/images/2tvHC5JQ2sXrN8wUTJWLEA/94b0f6a78d1a9e1348a33c9772f23afd/Tiki_Taka.png,playStyle,Play Style,27,Left Wing,LW,trait1_8192,Inventive,Fancy and Trivela passes are performed with improved accuracy.,https://drop-assets.ea.com/images/4fpo31RdL5T0vrzNqcSc4x/f82209bfd51270dcc447d4313b3e61f1/Inventive.png,playStyle,Play Style,trait1_1048576,Technical,"Faster Controlled Sprint, precise wide turns while dribbling",https://drop-assets.ea.com/images/5Esx7NK4YBU44O4bo07rvb/69ca9417da7fd07905f6c6956ad93f6d/Technical.png,playStyle,Play Style,trait1_4194304,First Touch,"Reduced trapping error, faster dribbling transition",https://drop-assets.ea.com/images/3f727XsoDVLbT49oMk0HBu/2787568be8ccb2d5daa2d18fabacad97/First_Touch.png,playStyle,Play Style,,,
220502,197,84,Mattia,Zaccagni,,6/16/1995 0:00,177,4,4,1,Serie A Enilive,63,https://ratings-images-prod.pulse.ea.com/FC25/full/player-portraits/p220502.png?padding=0.7,https://ratings-images-prod.pulse.ea.com/FC25/full/player-shields/en/220502.png?width=265,27,Left Wing,LW,trait1_1,Finesse Shot,Faster finesse shots with more curve and accuracy,https://drop-assets.ea.com/images/468u1R1p2k1fA6WBHi0OEn/fb9d49ed2a8fb500cd5a184937b96b34/Finesse_Shot.png,playStyle,Play Style,trait1_8,Dead Ball,"Faster, accurate set pieces with longer trajectory preview",https://drop-assets.ea.com/images/1razu2wcM3XA82VvB7NyUm/eec6b07080e49d6bf2d7a7951a22375f/Dead_Ball.png,playStyle,Play Style,0,Men's Football,27,Italy,https://drop-assets.ea.com/images/2WtjWPqYzT7xcMCbvajGZH/d06e9ec4734a0d43d88f65386cc3a484/f_27.png,115841,Latium,https://drop-assets.ea.com/images/APtVhL3q3cFDG9pkum0Q4/cbfe542e327cc69c0890b8b5a189fad7/l115841.png,FALSE,16,LM,Left Midfielder,midfielder,Midfielder,90,0,92,0,77,0,81,0,59,0,61,0,83,0,87,0,83,0,75,0,70,0,57,0,55,0,87,0,88,0,79,0,71,0,13,0,16,0,14,0,8,0,7,0,66,0,58,0,77,0,76,0,88,0,77,0,72,0,66,0,80,0,83,0,78,0,80,0,78,0,52,0,87,0,58,0,79,0,74,0,,trait1_128,Gamechanger,Fancy and Trivela shots are performed with improved accuracy.,https://drop-assets.ea.com/images/2v8I0GQrtREaEJzJcyStKe/e46d719e4e5ed88ac5a1f671c7448f4a/Gamechanger.png,playStyle,Play Style,trait1_256,Incisive Pass,"Accurate through passes, curvier swerve passes, faster precision passes",https://drop-assets.ea.com/images/2K5BYfVYRnrdjt8F3hwI04/62f147b6a436c107bfa3d042c1d5728d/Incisive_Pass.png,playStyle,Play Style,,,,trait1_8192,Inventive,Fancy and Trivela passes are performed with improved accuracy.,https://drop-assets.ea.com/images/4fpo31RdL5T0vrzNqcSc4x/f82209bfd51270dcc447d4313b3e61f1/Inventive.png,playStyle,Play Style,trait1_65536,Intercept,Increased reach and possession retention in interceptions,https://drop-assets.ea.com/images/5ysv7Iw8jDHl7sp1JXqIa7/d34004fed8c95bde083dcf8257391a70/Intercept.png,playStyle,Play Style,trait1_1048576,Technical,"Faster Controlled Sprint, precise wide turns while dribbling",https://drop-assets.ea.com/images/5Esx7NK4YBU44O4bo07rvb/69ca9417da7fd07905f6c6956ad93f6d/Technical.png,playStyle,Play Style,,,
262621,198,84,Giorgi,Mamardashvili,,9/29/2000 0:00,199,1,3,2,Premier League,88,https://ratings-images-prod.pulse.ea.com/FC25/full/player-portraits/p262621.png?padding=0.7,https://ratings-images-prod.pulse.ea.com/FC25/full/player-shields/en/262621.png?width=250,,,,trait2_1,Far Throw,Unique goalkeeper throw animations with longer throw distance,https://drop-assets.ea.com/images/3CjCz29sjIt1xMZTRDi4vQ/8ecb201b0ae7d6d536d03c847a768ffa/Far_Throw.png,playStyle,Play Style,trait2_2,Footwork,"Exclusive foot saves, better performance on low shots",https://drop-assets.ea.com/images/1s2muXoHUmP1T0vGYKXSl1/6d265b13804069371f16a58788703a33/Footwork.png,playStyle,Play Style,0,Men's Football,20,Georgia,https://drop-assets.ea.com/images/3eic7SGyTgHir61pXVpugW/887da1b350fe627155eac0676d851ec3/f_20.png,9,Liverpool,https://drop-assets.ea.com/images/3mmzooNXBDCKuCy6kWcGQo/2e332a30fe2a7225a88fcb1898f48bbf/l9.png,FALSE,0,GK,Goalkeeper,defense,Defense,48,0,40,0,71,0,45,0,74,0,25,0,26,0,22,0,26,0,13,0,11,0,48,0,5,0,84,0,11,0,9,0,10,0,84,0,81,0,72,0,84,0,84,0,14,0,8,0,20,0,7,0,84,0,72,0,11,0,84,0,8,0,74,0,81,0,20,0,54,0,10,0,48,0,12,0,34,0,7,0,,trait2_4,Cross Claimer,"Unique punching animations, powerful punches, faster crosses coverage",https://drop-assets.ea.com/images/4Uvgm6UNiSz3say1zZqKDC/51837f53072d5e01063699f6d2b7401a/Cross_Claimer.png,playStyle,Play Style,,,,,,,,,,,,,,,,,,,,,,,,,,,,,,
231521,199,84,Exequiel,Palacios,,10/5/1998 0:00,178,3,4,1,Bundesliga,69,https://ratings-images-prod.pulse.ea.com/FC25/full/player-portraits/p231521.png?padding=0.7,https://ratings-images-prod.pulse.ea.com/FC25/full/player-shields/en/231521.png?width=265,10,Center Defensive Midfielder,CDM,trait1_131072,Anticipate,"Improved standing tackle success, possibility of stopping ball at feet",https://drop-assets.ea.com/images/4xPnUcL7thizFB7qmhlwUR/1ade7a0f77d5e875c2db869964540a35/Anticipate.png,playStyle,Play Style,,,,,,,0,Men's Football,52,Argentina,https://drop-assets.ea.com/images/4xMXjEt7CFJ6JENYeG45Sk/836d733dc1642c5e4ab3338d91481436/f_52.png,32,Leverkusen,https://drop-assets.ea.com/images/mGqQw1um1ucUAshcK0Eop/9c7fe656f526c98b217ff2a052377b5c/l32.png,FALSE,14,CM,Center Midfielder,midfielder,Midfielder,72,0,78,0,74,0,68,0,67,0,84,0,79,0,84,0,83,0,70,0,73,0,81,0,80,0,82,0,82,0,74,0,54,0,10,0,5,0,8,0,9,0,6,0,67,0,86,0,84,0,79,0,62,0,80,0,72,0,71,0,79,0,85,0,76,0,86,0,81,0,80,0,53,0,84,0,83,0,63,0,,,,,,,,,,,,,,,,,,,,,,,,,,,,,,,,,,,,,
245367,201,84,Xavi,Simons,,4/21/2003 0:00,179,4,3,1,Premier League,58,https://ratings-images-prod.pulse.ea.com/FC25/full/player-portraits/p245367.png?padding=0.7,https://ratings-images-prod.pulse.ea.com/FC25/full/player-shields/en/245367.png?width=265,16,Left Midfielder,LM,trait1_1,Finesse Shot,Faster finesse shots with more curve and accuracy,https://drop-assets.ea.com/images/468u1R1p2k1fA6WBHi0OEn/fb9d49ed2a8fb500cd5a184937b96b34/Finesse_Shot.png,playStyle,Play Style,trait1_256,Incisive Pass,"Accurate through passes, curvier swerve passes, faster precision passes",https://drop-assets.ea.com/images/2K5BYfVYRnrdjt8F3hwI04/62f147b6a436c107bfa3d042c1d5728d/Incisive_Pass.png,playStyle,Play Style,0,Men's Football,34,Holland,https://drop-assets.ea.com/images/7LmdSUm2Ge4fzqcz0NElvq/d272142c80713dcf0e5ec0a47232aeee/f_34.png,18,Spurs,https://drop-assets.ea.com/images/7kUcyCh5xGrzQlcjP2Q9NH/11aba507486f44765ee5938b1b5b097e/l18.png,FALSE,18,CAM,Center Attacking Midfielder,midfielder,Midfielder,83,0,90,0,68,0,82,0,62,0,76,0,87,0,86,0,81,0,74,0,82,0,61,0,60,0,87,0,87,0,79,0,65,0,9,0,11,0,5,0,8,0,10,0,60,0,65,0,79,0,81,0,77,0,80,0,61,0,70,0,79,0,85,0,77,0,84,0,78,0,56,0,72,0,62,0,85,0,62,0,,trait1_2048,Tiki Taka,Accurate first-time Ground Passes,https://drop-assets.ea.com/images/2tvHC5JQ2sXrN8wUTJWLEA/94b0f6a78d1a9e1348a33c9772f23afd/Tiki_Taka.png,playStyle,Play Style,trait1_8192,Inventive,Fancy and Trivela passes are performed with improved accuracy.,https://drop-assets.ea.com/images/4fpo31RdL5T0vrzNqcSc4x/f82209bfd51270dcc447d4313b3e61f1/Inventive.png,playStyle,Play Style,25,Striker,ST,trait1_1048576,Technical,"Faster Controlled Sprint, precise wide turns while dribbling",https://drop-assets.ea.com/images/5Esx7NK4YBU44O4bo07rvb/69ca9417da7fd07905f6c6956ad93f6d/Technical.png,playStyle,Play Style,trait1_4194304,First Touch,"Reduced trapping error, faster dribbling transition",https://drop-assets.ea.com/images/3f727XsoDVLbT49oMk0HBu/2787568be8ccb2d5daa2d18fabacad97/First_Touch.png,playStyle,Play Style,,,,,,,,,
167495,203,84,Manuel,Neuer,,3/27/1986 0:00,193,1,4,1,Bundesliga,93,https://ratings-images-prod.pulse.ea.com/FC25/full/player-portraits/p167495.png?padding=0.7,https://ratings-images-prod.pulse.ea.com/FC25/full/player-shields/en/167495.png?width=265,,,,trait1_1024,Long Ball Pass,"Accurate, faster Lob and Lofted Through Passes",https://drop-assets.ea.com/images/7jwRDD4zkOsqRpc821t73d/16d46d57a5dfc7dd5dd5f8de0fd26a99/Long_Ball_Pass.png,playStyle,Play Style,trait2_1,Far Throw,Unique goalkeeper throw animations with longer throw distance,https://drop-assets.ea.com/images/3CjCz29sjIt1xMZTRDi4vQ/8ecb201b0ae7d6d536d03c847a768ffa/Far_Throw.png,playStyle,Play Style,0,Men's Football,21,Germany,https://drop-assets.ea.com/images/6IIMMGk0Uj1rcZ6DSHTpLL/93f95b602dc62594104f418c8f80ebb3/f_21.png,21,FC Bayern München,https://drop-assets.ea.com/images/3p0dv1pGWIH6lGAKZssZKH/4f70d2c5a3c147f3e006c863e85e4993/l21.png,FALSE,0,GK,Goalkeeper,defense,Defense,29,0,51,0,71,0,43,0,80,0,29,0,35,0,44,0,67,0,15,0,14,0,31,0,17,0,81,0,30,0,13,0,11,0,81,0,81,0,90,0,86,0,81,0,25,0,30,0,67,0,16,0,81,0,90,0,49,0,86,0,12,0,83,0,81,0,60,0,68,0,11,0,35,0,10,0,68,0,11,0,,icontrait1_512,Pinged Pass+,Max speed ground passes without affecting receiver's trapping,https://drop-assets.ea.com/images/oo97JUOYDmoWUVpz38rYE/405e5f5068bbb56c43fcf3e0f79e3f02/Pinged_Pass_.png,playStylePlus,Play Style Plus,,,,,,,,,,,,,,,,,,,,,,,,,,,,,,
224293,206,84,Rúben Diogo,da Silva Neves,Rúben Neves,3/13/1997 0:00,180,3,4,1,ROSHN Saudi League,83,https://ratings-images-prod.pulse.ea.com/FC25/full/player-portraits/p224293.png?padding=0.7,https://ratings-images-prod.pulse.ea.com/FC25/full/player-shields/en/224293.png?width=265,14,Center Midfielder,CM,trait1_8,Dead Ball,"Faster, accurate set pieces with longer trajectory preview",https://drop-assets.ea.com/images/1razu2wcM3XA82VvB7NyUm/eec6b07080e49d6bf2d7a7951a22375f/Dead_Ball.png,playStyle,Play Style,trait1_1024,Long Ball Pass,"Accurate, faster Lob and Lofted Through Passes",https://drop-assets.ea.com/images/7jwRDD4zkOsqRpc821t73d/16d46d57a5dfc7dd5dd5f8de0fd26a99/Long_Ball_Pass.png,playStyle,Play Style,0,Men's Football,38,Portugal,https://drop-assets.ea.com/images/3CxRD7XqY2NSlZ3628fY4S/abf38470644ee334e6a425b9272f7767/f_38.png,605,Al Hilal,https://drop-assets.ea.com/images/S6sbDN9mfGaVn2VJDekYR/c6f580c98a0d614b0b308a89a241c6ab/l605.png,FALSE,10,CDM,Center Defensive Midfielder,midfielder,Midfielder,58,0,64,0,68,0,80,0,74,0,76,0,73,0,84,0,88,0,85,0,84,0,77,0,81,0,77,0,74,0,66,0,81,0,16,0,12,0,10,0,8,0,10,0,57,0,79,0,88,0,83,0,57,0,87,0,84,0,76,0,62,0,85,0,75,0,88,0,86,0,79,0,57,0,79,0,87,0,82,0,,trait1_4096,Whipped Pass,"Accurate, faster crosses with more curve",https://drop-assets.ea.com/images/FfTP29PWrRWZjEaiCCVoa/a1b345e4ae7023ed78b1efd68d28f392/Whipped_Pass.png,playStyle,Play Style,trait1_8192,Inventive,Fancy and Trivela passes are performed with improved accuracy.,https://drop-assets.ea.com/images/4fpo31RdL5T0vrzNqcSc4x/f82209bfd51270dcc447d4313b3e61f1/Inventive.png,playStyle,Play Style,,,,trait1_65536,Intercept,Increased reach and possession retention in interceptions,https://drop-assets.ea.com/images/5ysv7Iw8jDHl7sp1JXqIa7/d34004fed8c95bde083dcf8257391a70/Intercept.png,playStyle,Play Style,trait1_524288,Aerial Fortress,Performs higher jumps and has physical defensive presence before and during aerial duels,https://drop-assets.ea.com/images/3rsDbUXd3MZX39YTsk6lKe/404db89f2237eeb7466668a730c52a4b/Aerial_Fortress.png,playStyle,Play Style,,,,,,,,,
242516,207,84,Cody,Gakpo,,5/7/1999 0:00,189,4,4,1,Premier League,76,https://ratings-images-prod.pulse.ea.com/FC25/full/player-portraits/p242516.png?padding=0.7,https://ratings-images-prod.pulse.ea.com/FC25/full/player-shields/en/242516.png?width=265,27,Left Wing,LW,trait1_1,Finesse Shot,Faster finesse shots with more curve and accuracy,https://drop-assets.ea.com/images/468u1R1p2k1fA6WBHi0OEn/fb9d49ed2a8fb500cd5a184937b96b34/Finesse_Shot.png,playStyle,Play Style,trait1_16,Precision Header,Performs headers with increased accuracy and power.,https://drop-assets.ea.com/images/3ync8fbblS4zLzF3p1VXmT/7752a5103c2ebd8be5cf1819379c66f4/Precision_Header.png,playStyle,Play Style,0,Men's Football,34,Holland,https://drop-assets.ea.com/images/7LmdSUm2Ge4fzqcz0NElvq/d272142c80713dcf0e5ec0a47232aeee/f_34.png,9,Liverpool,https://drop-assets.ea.com/images/3mmzooNXBDCKuCy6kWcGQo/2e332a30fe2a7225a88fcb1898f48bbf/l9.png,FALSE,16,LM,Left Midfielder,midfielder,Midfielder,85,0,75,0,89,0,76,0,75,0,63,0,67,0,85,0,83,0,83,0,82,0,47,0,42,0,83,0,86,0,81,0,76,0,15,0,11,0,7,0,9,0,5,0,81,0,45,0,75,0,83,0,83,0,80,0,68,0,74,0,83,0,83,0,82,0,81,0,88,0,31,0,82,0,48,0,81,0,78,0,,trait1_4096,Whipped Pass,"Accurate, faster crosses with more curve",https://drop-assets.ea.com/images/FfTP29PWrRWZjEaiCCVoa/a1b345e4ae7023ed78b1efd68d28f392/Whipped_Pass.png,playStyle,Play Style,trait1_4194304,First Touch,"Reduced trapping error, faster dribbling transition",https://drop-assets.ea.com/images/3f727XsoDVLbT49oMk0HBu/2787568be8ccb2d5daa2d18fabacad97/First_Touch.png,playStyle,Play Style,,,,trait1_16777216,Press Proven,"Close control at jog speed, shields ball more effectively",https://drop-assets.ea.com/images/5rUHwyLJRnvGV53Ba4Pj6M/9a3238695ae8103667ba02af391ac209/Press_Proven.png,playStyle,Play Style,,,,,,,,,,,,,,,
218667,208,84,Bernardo Mota,Carvalho e Silva,Bernardo Silva,8/10/1994 0:00,173,4,3,2,Premier League,65,https://ratings-images-prod.pulse.ea.com/FC25/full/player-portraits/p218667.png?padding=0.7,https://ratings-images-prod.pulse.ea.com/FC25/full/player-shields/en/218667.png?width=265,12,Right Midfielder,RM,trait1_64,Low Driven Shot,"Enhances a player's ability to execute low driven shots with increased accuracy, faster ball travel, and quicker shot execution.",https://drop-assets.ea.com/images/1NfyWsEpQ7s9bhWWt92lbn/5b5dbeb0e55c2e9241cdc26c70ee2d2c/Low_Driven_Shot.png,playStyle,Play Style,trait1_128,Gamechanger,Fancy and Trivela shots are performed with improved accuracy.,https://drop-assets.ea.com/images/2v8I0GQrtREaEJzJcyStKe/e46d719e4e5ed88ac5a1f671c7448f4a/Gamechanger.png,playStyle,Play Style,0,Men's Football,38,Portugal,https://drop-assets.ea.com/images/3CxRD7XqY2NSlZ3628fY4S/abf38470644ee334e6a425b9272f7767/f_38.png,10,Manchester City,https://drop-assets.ea.com/images/4asmNLic4aQn6cjlEg1t5u/88bea3ddd6c1f620bbf813041f248685/l10.png,FALSE,14,CM,Center Midfielder,midfielder,Midfielder,68,0,93,0,58,0,90,0,47,0,78,0,92,0,88,0,86,0,82,0,84,0,71,0,70,0,89,0,88,0,78,0,67,0,9,0,10,0,14,0,12,0,9,0,54,0,73,0,82,0,79,0,61,0,83,0,64,0,65,0,80,0,87,0,78,0,86,0,79,0,68,0,55,0,76,0,85,0,78,0,,trait1_4096,Whipped Pass,"Accurate, faster crosses with more curve",https://drop-assets.ea.com/images/FfTP29PWrRWZjEaiCCVoa/a1b345e4ae7023ed78b1efd68d28f392/Whipped_Pass.png,playStyle,Play Style,trait1_1048576,Technical,"Faster Controlled Sprint, precise wide turns while dribbling",https://drop-assets.ea.com/images/5Esx7NK4YBU44O4bo07rvb/69ca9417da7fd07905f6c6956ad93f6d/Technical.png,playStyle,Play Style,10,Center Defensive Midfielder,CDM,trait1_67108864,Relentless,"Increased half time fatigue recovery, longer teammate contain and press",https://drop-assets.ea.com/images/2vVuRxgvPNaAuFGqZZ9nDY/3e2505addd5a6b353becdeaf7173d187/Relentless.png,playStyle,Play Style,icontrait1_2048,Tiki Taka+,Even greater accuracy in first-time Ground Passes,https://drop-assets.ea.com/images/41inaqjOz5PemcT2DAIIbO/ea5bce0dbf959316d4f7fea60824ef9b/Tiki_Taka_.png,playStylePlus,Play Style Plus,,,,,,,18,Center Attacking Midfielder,CAM
222077,209,84,Manuel,Locatelli,,1/8/1998 0:00,185,3,4,1,Serie A Enilive,75,https://ratings-images-prod.pulse.ea.com/FC25/full/player-portraits/p222077.png?padding=0.7,https://ratings-images-prod.pulse.ea.com/FC25/full/player-shields/en/222077.png?width=265,14,Center Midfielder,CM,trait1_1024,Long Ball Pass,"Accurate, faster Lob and Lofted Through Passes",https://drop-assets.ea.com/images/7jwRDD4zkOsqRpc821t73d/16d46d57a5dfc7dd5dd5f8de0fd26a99/Long_Ball_Pass.png,playStyle,Play Style,trait1_8192,Inventive,Fancy and Trivela passes are performed with improved accuracy.,https://drop-assets.ea.com/images/4fpo31RdL5T0vrzNqcSc4x/f82209bfd51270dcc447d4313b3e61f1/Inventive.png,playStyle,Play Style,0,Men's Football,27,Italy,https://drop-assets.ea.com/images/2WtjWPqYzT7xcMCbvajGZH/d06e9ec4734a0d43d88f65386cc3a484/f_27.png,45,Juventus,https://drop-assets.ea.com/images/6zWQmPATtK8lpsiXbKb3mY/6b2d1dab08ef14f63271a5cd70a0db0d/l45.png,TRUE,10,CDM,Center Defensive Midfielder,midfielder,Midfielder,61,0,65,0,72,0,89,0,71,0,81,0,61,0,81,0,82,0,73,0,73,0,81,0,82,0,76,0,76,0,58,0,64,0,11,0,12,0,11,0,10,0,15,0,68,0,81,0,84,0,80,0,63,0,80,0,75,0,78,0,68,0,82,0,69,0,85,0,79,0,80,0,65,0,85,0,82,0,70,0,,trait1_16384,Jockey,"Faster Sprint Jockey, better transition speed",https://drop-assets.ea.com/images/7lHjpOBSghE6Ywt1jgVv1C/21f9914d00f073d79d4b46cac71b9087/Jockey.png,playStyle,Play Style,trait1_32768,Block,Increased reach and success in blocking,https://drop-assets.ea.com/images/2Rlftzr8lqUdI29suCQVWe/43c6c36e8bd5fa26b88478d4354611a2/Block.png,playStyle,Play Style,,,,trait1_131072,Anticipate,"Improved standing tackle success, possibility of stopping ball at feet",https://drop-assets.ea.com/images/4xPnUcL7thizFB7qmhlwUR/1ade7a0f77d5e875c2db869964540a35/Anticipate.png,playStyle,Play Style,trait1_524288,Aerial Fortress,Performs higher jumps and has physical defensive presence before and during aerial duels,https://drop-assets.ea.com/images/3rsDbUXd3MZX39YTsk6lKe/404db89f2237eeb7466668a730c52a4b/Aerial_Fortress.png,playStyle,Play Style,trait1_67108864,Relentless,"Increased half time fatigue recovery, longer teammate contain and press",https://drop-assets.ea.com/images/2vVuRxgvPNaAuFGqZZ9nDY/3e2505addd5a6b353becdeaf7173d187/Relentless.png,playStyle,Play Style,,,
227796,210,84,Christian,Pulisic,,9/18/1998 0:00,178,4,5,1,Serie A Enilive,73,https://ratings-images-prod.pulse.ea.com/FC25/full/player-portraits/p227796.png?padding=0.7,https://ratings-images-prod.pulse.ea.com/FC25/full/player-shields/en/227796.png?width=265,12,Right Midfielder,RM,trait1_8,Dead Ball,"Faster, accurate set pieces with longer trajectory preview",https://drop-assets.ea.com/images/1razu2wcM3XA82VvB7NyUm/eec6b07080e49d6bf2d7a7951a22375f/Dead_Ball.png,playStyle,Play Style,trait1_64,Low Driven Shot,"Enhances a player's ability to execute low driven shots with increased accuracy, faster ball travel, and quicker shot execution.",https://drop-assets.ea.com/images/1NfyWsEpQ7s9bhWWt92lbn/5b5dbeb0e55c2e9241cdc26c70ee2d2c/Low_Driven_Shot.png,playStyle,Play Style,0,Men's Football,95,United States,https://drop-assets.ea.com/images/7ZVadlJQIutRH5P85wr76/c2456a2d76146d19f98c2c3071136dcf/f_95.png,131681,Milano FC,https://drop-assets.ea.com/images/6D3s1RlLRER3UOunC4Lofv/ec87a4178160a87521b0b7c688e7638e/l131681.png,FALSE,23,RW,Right Wing,attack,Attack,90,0,88,0,70,0,76,0,57,0,70,0,81,0,86,0,83,0,80,0,84,0,46,0,50,0,86,0,86,0,85,0,75,0,8,0,12,0,13,0,16,0,14,0,50,0,40,0,75,0,80,0,88,0,80,0,80,0,65,0,84,0,85,0,82,0,81,0,81,0,50,0,86,0,42,0,80,0,76,0,,trait1_256,Incisive Pass,"Accurate through passes, curvier swerve passes, faster precision passes",https://drop-assets.ea.com/images/2K5BYfVYRnrdjt8F3hwI04/62f147b6a436c107bfa3d042c1d5728d/Incisive_Pass.png,playStyle,Play Style,trait1_33554432,Quick Step,Faster acceleration during Explosive Sprint,https://drop-assets.ea.com/images/1xG25Zp3wvkLA5YewKiZah/f27f5fabd1e899fc0bbb817d2db233b1/Quick_Step.png,playStyle,Play Style,18,Center Attacking Midfielder,CAM,,,,,,,,,,,,,,,,,,,,,
234577,211,84,Diogo,Meireles Costa,Diogo Costa,9/19/1999 0:00,187,1,2,1,Liga Portugal,84,https://ratings-images-prod.pulse.ea.com/FC25/full/player-portraits/p234577.png?padding=0.7,https://ratings-images-prod.pulse.ea.com/FC25/full/player-shields/en/234577.png?width=265,,,,trait1_1024,Long Ball Pass,"Accurate, faster Lob and Lofted Through Passes",https://drop-assets.ea.com/images/7jwRDD4zkOsqRpc821t73d/16d46d57a5dfc7dd5dd5f8de0fd26a99/Long_Ball_Pass.png,playStyle,Play Style,trait2_1,Far Throw,Unique goalkeeper throw animations with longer throw distance,https://drop-assets.ea.com/images/3CjCz29sjIt1xMZTRDi4vQ/8ecb201b0ae7d6d536d03c847a768ffa/Far_Throw.png,playStyle,Play Style,0,Men's Football,38,Portugal,https://drop-assets.ea.com/images/3CxRD7XqY2NSlZ3628fY4S/abf38470644ee334e6a425b9272f7767/f_38.png,236,FC Porto,https://drop-assets.ea.com/images/3rIoG9U8fPPfaXZiGOGtvw/37c0c0ceefe454e9c299d4cc1852671f/l236.png,FALSE,0,GK,Goalkeeper,defense,Defense,33,0,42,0,61,0,28,0,63,0,23,0,35,0,30,0,44,0,13,0,10,0,35,0,19,0,86,0,18,0,6,0,10,0,83,0,78,0,82,0,83,0,86,0,11,0,18,0,55,0,9,0,83,0,82,0,14,0,83,0,18,0,83,0,78,0,50,0,62,0,11,0,39,0,13,0,67,0,8,0,,trait2_8,Rush Out,"Unique reflex saves, better close shot reads, faster rush",https://drop-assets.ea.com/images/4wwnzFkg1zLTAc4QSsXiWO/5fa897cf739a93bddf3556e2323f9b8b/1v1_Close_Down.png,playStyle,Play Style,,,,,,,,,,,,,,,,,,,,,,,,,,,,,,
221697,213,84,Ollie,Watkins,,12/30/1995 0:00,180,3,4,1,Premier League,70,https://ratings-images-prod.pulse.ea.com/FC25/full/player-portraits/p221697.png?padding=0.7,https://ratings-images-prod.pulse.ea.com/FC25/full/player-shields/en/221697.png?width=265,,,,trait1_2,Chip Shot,"Faster, more accurate chip shots",https://drop-assets.ea.com/images/6Gl08kt7odn1fJNX74CS2P/984feac3cd8d99902f5cb5131d5fd26a/Chip_Shot.png,playStyle,Play Style,trait1_16,Precision Header,Performs headers with increased accuracy and power.,https://drop-assets.ea.com/images/3ync8fbblS4zLzF3p1VXmT/7752a5103c2ebd8be5cf1819379c66f4/Precision_Header.png,playStyle,Play Style,0,Men's Football,14,England,https://drop-assets.ea.com/images/6ZM1OFXGUFeV0ZaYVKj2z/ae88ef17f8cb179fbc1c463f7e1e4bd8/f_14.png,2,Aston Villa,https://drop-assets.ea.com/images/57c0ppYsEA88xL0gxqce8K/99605df97c6a96ea3b6e8a424c217af0/l2.png,FALSE,25,ST,Striker,attack,Attack,77,0,78,0,89,0,88,0,76,0,76,0,70,0,79,0,77,0,67,0,74,0,50,0,45,0,80,0,81,0,85,0,63,0,14,0,14,0,14,0,6,0,10,0,85,0,55,0,64,0,76,0,77,0,73,0,74,0,80,0,87,0,85,0,83,0,79,0,84,0,36,0,77,0,46,0,77,0,84,0,,trait1_64,Low Driven Shot,"Enhances a player's ability to execute low driven shots with increased accuracy, faster ball travel, and quicker shot execution.",https://drop-assets.ea.com/images/1NfyWsEpQ7s9bhWWt92lbn/5b5dbeb0e55c2e9241cdc26c70ee2d2c/Low_Driven_Shot.png,playStyle,Play Style,trait1_67108864,Relentless,"Increased half time fatigue recovery, longer teammate contain and press",https://drop-assets.ea.com/images/2vVuRxgvPNaAuFGqZZ9nDY/3e2505addd5a6b353becdeaf7173d187/Relentless.png,playStyle,Play Style,,,,,,,,,,,,,,,,,,,,,,,,
220697,214,84,James,Maddison,,11/23/1996 0:00,175,4,4,1,Premier League,73,https://ratings-images-prod.pulse.ea.com/FC25/full/player-portraits/p220697.png?padding=0.7,https://ratings-images-prod.pulse.ea.com/FC25/full/player-shields/en/220697.png?width=265,18,Center Attacking Midfielder,CAM,trait1_1,Finesse Shot,Faster finesse shots with more curve and accuracy,https://drop-assets.ea.com/images/468u1R1p2k1fA6WBHi0OEn/fb9d49ed2a8fb500cd5a184937b96b34/Finesse_Shot.png,playStyle,Play Style,trait1_8,Dead Ball,"Faster, accurate set pieces with longer trajectory preview",https://drop-assets.ea.com/images/1razu2wcM3XA82VvB7NyUm/eec6b07080e49d6bf2d7a7951a22375f/Dead_Ball.png,playStyle,Play Style,0,Men's Football,14,England,https://drop-assets.ea.com/images/6ZM1OFXGUFeV0ZaYVKj2z/ae88ef17f8cb179fbc1c463f7e1e4bd8/f_14.png,18,Spurs,https://drop-assets.ea.com/images/7kUcyCh5xGrzQlcjP2Q9NH/11aba507486f44765ee5938b1b5b097e/l18.png,FALSE,14,CM,Center Midfielder,midfielder,Midfielder,70,0,82,0,56,0,78,0,56,0,70,0,82,0,87,0,87,0,84,0,86,0,58,0,61,0,85,0,86,0,80,0,87,0,11,0,14,0,14,0,12,0,14,0,35,0,58,0,86,0,82,0,67,0,86,0,77,0,64,0,83,0,80,0,81,0,86,0,83,0,45,0,65,0,68,0,87,0,77,0,,trait1_128,Gamechanger,Fancy and Trivela shots are performed with improved accuracy.,https://drop-assets.ea.com/images/2v8I0GQrtREaEJzJcyStKe/e46d719e4e5ed88ac5a1f671c7448f4a/Gamechanger.png,playStyle,Play Style,trait1_256,Incisive Pass,"Accurate through passes, curvier swerve passes, faster precision passes",https://drop-assets.ea.com/images/2K5BYfVYRnrdjt8F3hwI04/62f147b6a436c107bfa3d042c1d5728d/Incisive_Pass.png,playStyle,Play Style,10,Center Defensive Midfielder,CDM,trait1_4096,Whipped Pass,"Accurate, faster crosses with more curve",https://drop-assets.ea.com/images/FfTP29PWrRWZjEaiCCVoa/a1b345e4ae7023ed78b1efd68d28f392/Whipped_Pass.png,playStyle,Play Style,trait1_8192,Inventive,Fancy and Trivela passes are performed with improved accuracy.,https://drop-assets.ea.com/images/4fpo31RdL5T0vrzNqcSc4x/f82209bfd51270dcc447d4313b3e61f1/Inventive.png,playStyle,Play Style,,,,,,,,,
252154,215,84,Marco,Carnesecchi,,7/1/2000 0:00,191,1,3,1,Serie A Enilive,83,https://ratings-images-prod.pulse.ea.com/FC25/full/player-portraits/p252154.png?padding=0.7,https://ratings-images-prod.pulse.ea.com/FC25/full/player-shields/en/252154.png?width=250,,,,trait2_8,Rush Out,"Unique reflex saves, better close shot reads, faster rush",https://drop-assets.ea.com/images/4wwnzFkg1zLTAc4QSsXiWO/5fa897cf739a93bddf3556e2323f9b8b/1v1_Close_Down.png,playStyle,Play Style,,,,,,,0,Men's Football,27,Italy,https://drop-assets.ea.com/images/2WtjWPqYzT7xcMCbvajGZH/d06e9ec4734a0d43d88f65386cc3a484/f_27.png,115845,Bergamo Calcio,https://drop-assets.ea.com/images/19gWEcyonp2fvk02MNHZOA/83b82283fc62f7010b529a53a0724eee/l115845.png,FALSE,0,GK,Goalkeeper,defense,Defense,24,0,40,0,58,0,28,0,55,0,27,0,25,0,21,0,40,0,11,0,18,0,30,0,16,0,86,0,14,0,8,0,12,0,86,0,83,0,71,0,85,0,86,0,20,0,13,0,31,0,10,0,86,0,71,0,17,0,85,0,9,0,71,0,83,0,36,0,53,0,14,0,39,0,17,0,54,0,7,0,,,,,,,,,,,,,,,,,,,,,,,,,,,,,,,,,,,,,
256675,216,84,Omar,Marmoush,,2/7/1999 0:00,183,4,3,1,Premier League,81,https://ratings-images-prod.pulse.ea.com/FC25/full/player-portraits/p256675.png?padding=0.7,https://ratings-images-prod.pulse.ea.com/FC25/full/player-shields/en/256675.png?width=265,18,Center Attacking Midfielder,CAM,trait1_1,Finesse Shot,Faster finesse shots with more curve and accuracy,https://drop-assets.ea.com/images/468u1R1p2k1fA6WBHi0OEn/fb9d49ed2a8fb500cd5a184937b96b34/Finesse_Shot.png,playStyle,Play Style,trait1_8,Dead Ball,"Faster, accurate set pieces with longer trajectory preview",https://drop-assets.ea.com/images/1razu2wcM3XA82VvB7NyUm/eec6b07080e49d6bf2d7a7951a22375f/Dead_Ball.png,playStyle,Play Style,0,Men's Football,111,Egypt,https://drop-assets.ea.com/images/3oaPJgnayo3Vq637niTdZs/2f31f32693e575ac1ae46a0651b1a8f7/f_111.png,10,Manchester City,https://drop-assets.ea.com/images/4asmNLic4aQn6cjlEg1t5u/88bea3ddd6c1f620bbf813041f248685/l10.png,FALSE,25,ST,Striker,attack,Attack,87,0,89,0,80,0,76,0,67,0,72,0,78,0,86,0,84,0,64,0,77,0,34,0,31,0,86,0,87,0,87,0,84,0,11,0,13,0,15,0,8,0,11,0,69,0,34,0,63,0,84,0,89,0,76,0,79,0,71,0,87,0,85,0,85,0,85,0,85,0,21,0,90,0,30,0,79,0,82,0,,trait1_1048576,Technical,"Faster Controlled Sprint, precise wide turns while dribbling",https://drop-assets.ea.com/images/5Esx7NK4YBU44O4bo07rvb/69ca9417da7fd07905f6c6956ad93f6d/Technical.png,playStyle,Play Style,,,,,,,27,Left Wing,LW,,,,,,,,,,,,,,,,,,,,,
241721,217,84,Rafael,da Conceição Leão,Rafael Leão,6/10/1999 0:00,188,5,4,1,Serie A Enilive,81,https://ratings-images-prod.pulse.ea.com/FC25/full/player-portraits/p241721.png?padding=0.7,https://ratings-images-prod.pulse.ea.com/FC25/full/player-shields/en/241721.png?width=265,16,Left Midfielder,LM,trait1_128,Gamechanger,Fancy and Trivela shots are performed with improved accuracy.,https://drop-assets.ea.com/images/2v8I0GQrtREaEJzJcyStKe/e46d719e4e5ed88ac5a1f671c7448f4a/Gamechanger.png,playStyle,Play Style,trait1_256,Incisive Pass,"Accurate through passes, curvier swerve passes, faster precision passes",https://drop-assets.ea.com/images/2K5BYfVYRnrdjt8F3hwI04/62f147b6a436c107bfa3d042c1d5728d/Incisive_Pass.png,playStyle,Play Style,0,Men's Football,38,Portugal,https://drop-assets.ea.com/images/3CxRD7XqY2NSlZ3628fY4S/abf38470644ee334e6a425b9272f7767/f_38.png,131681,Milano FC,https://drop-assets.ea.com/images/6D3s1RlLRER3UOunC4Lofv/ec87a4178160a87521b0b7c688e7638e/l131681.png,FALSE,27,LW,Left Wing,attack,Attack,93,0,84,0,89,0,75,0,79,0,60,0,79,0,86,0,83,0,84,0,79,0,28,0,22,0,86,0,87,0,82,0,60,0,10,0,12,0,15,0,11,0,9,0,72,0,24,0,70,0,74,0,93,0,80,0,63,0,75,0,76,0,83,0,78,0,83,0,80,0,21,0,93,0,24,0,81,0,74,0,,trait1_2097152,Rapid,"Higher sprint speed while dribbling, reduced error on knock-ons",https://drop-assets.ea.com/images/1aGsvwKyIFlRG1eoJSS0Ot/a4d3d661ff962795a632fe86439d2146/Rapid.png,playStyle,Play Style,trait1_8388608,Trickster,Performs unique flick Skill Moves,https://drop-assets.ea.com/images/47Ygd5ri33RgjIYGiTAJpj/f0723e6f2f89a98fb6e8200c3659c6a9/Trickster.png,playStyle,Play Style,,,,trait1_33554432,Quick Step,Faster acceleration during Explosive Sprint,https://drop-assets.ea.com/images/1xG25Zp3wvkLA5YewKiZah/f27f5fabd1e899fc0bbb817d2db233b1/Quick_Step.png,playStyle,Play Style,,,,,,,,,,,,,,,
240130,218,84,Éder,Gabriel Militão,Éder Militão,1/18/1998 0:00,186,2,3,1,LALIGA EA SPORTS,79,https://ratings-images-prod.pulse.ea.com/FC25/full/player-portraits/p240130.png?padding=0.7,https://ratings-images-prod.pulse.ea.com/FC25/full/player-shields/en/240130.png?width=265,,,,trait1_16,Precision Header,Performs headers with increased accuracy and power.,https://drop-assets.ea.com/images/3ync8fbblS4zLzF3p1VXmT/7752a5103c2ebd8be5cf1819379c66f4/Precision_Header.png,playStyle,Play Style,trait1_32768,Block,Increased reach and success in blocking,https://drop-assets.ea.com/images/2Rlftzr8lqUdI29suCQVWe/43c6c36e8bd5fa26b88478d4354611a2/Block.png,playStyle,Play Style,0,Men's Football,54,Brazil,https://drop-assets.ea.com/images/1zdNn1R9tRlfQ3lsbAOecD/a606f742789b6306363383a6e20dd003/f_54.png,243,Real Madrid,https://drop-assets.ea.com/images/Pk8nYrWuRt895RlhJx8jI/445d98b711f413a3a1e70c41b19b0f95/l243.png,TRUE,5,CB,Center Back,defense,Defense,80,0,66,0,91,0,85,0,79,0,83,0,62,0,72,0,76,0,69,0,60,0,85,0,84,0,71,0,70,0,48,0,40,0,11,0,8,0,15,0,12,0,15,0,86,0,84,0,76,0,42,0,82,0,69,0,60,0,82,0,64,0,83,0,50,0,78,0,62,0,84,0,83,0,85,0,59,0,34,0,,trait1_65536,Intercept,Increased reach and possession retention in interceptions,https://drop-assets.ea.com/images/5ysv7Iw8jDHl7sp1JXqIa7/d34004fed8c95bde083dcf8257391a70/Intercept.png,playStyle,Play Style,trait1_524288,Aerial Fortress,Performs higher jumps and has physical defensive presence before and during aerial duels,https://drop-assets.ea.com/images/3rsDbUXd3MZX39YTsk6lKe/404db89f2237eeb7466668a730c52a4b/Aerial_Fortress.png,playStyle,Play Style,,,,,,,,,,,,,,,,,,,,,,,,
192505,219,84,Romelu,Lukaku,,5/13/1993 0:00,191,3,4,2,Serie A Enilive,94,https://ratings-images-prod.pulse.ea.com/FC25/full/player-portraits/p192505.png?padding=0.7,https://ratings-images-prod.pulse.ea.com/FC25/full/player-shields/en/192505.png?width=265,,,,trait1_4,Power Shot,Faster power shots with increased speed,https://drop-assets.ea.com/images/3ohVoKWSsvT44qgjabWqfV/e536ef26ad854c3c4cbf63ed7954b9cd/Power_Shot.png,playStyle,Play Style,trait1_64,Low Driven Shot,"Enhances a player's ability to execute low driven shots with increased accuracy, faster ball travel, and quicker shot execution.",https://drop-assets.ea.com/images/1NfyWsEpQ7s9bhWWt92lbn/5b5dbeb0e55c2e9241cdc26c70ee2d2c/Low_Driven_Shot.png,playStyle,Play Style,0,Men's Football,7,Belgium,https://drop-assets.ea.com/images/7eZLPoDDyxSlQoqcS4NVA2/6fc085dc7e85ccd7519be7ff2df875ee/f_7.png,48,SSC Napoli,https://drop-assets.ea.com/images/2FIV26KpnSXl3Nv8Ar6jk3/d8461aa150da3d433fccc34bc80c978f/l48.png,FALSE,25,ST,Striker,attack,Attack,71,0,55,0,92,0,74,0,94,0,68,0,54,0,80,0,82,0,68,0,74,0,41,0,35,0,75,0,76,0,84,0,60,0,8,0,15,0,14,0,7,0,10,0,83,0,36,0,70,0,73,0,79,0,75,0,88,0,84,0,88,0,84,0,82,0,80,0,86,0,30,0,86,0,40,0,82,0,70,0,,trait1_256,Incisive Pass,"Accurate through passes, curvier swerve passes, faster precision passes",https://drop-assets.ea.com/images/2K5BYfVYRnrdjt8F3hwI04/62f147b6a436c107bfa3d042c1d5728d/Incisive_Pass.png,playStyle,Play Style,trait1_16777216,Press Proven,"Close control at jog speed, shields ball more effectively",https://drop-assets.ea.com/images/5rUHwyLJRnvGV53Ba4Pj6M/9a3238695ae8103667ba02af391ac209/Press_Proven.png,playStyle,Play Style,,,,trait1_536870912,Enforcer,Performs dribble Shoulder Challenges and Shielding with increased effectiveness.,https://drop-assets.ea.com/images/2sNQz8b9dgV0hW8vl7oOvV/d7a503dbd4c73b232055b3ca06aa88eb/Enforcer.png,playStyle,Play Style,,,,,,,,,,,,,,,
197781,220,84,Francisco Román,Alarcón Suárez,Isco,4/21/1992 0:00,176,4,4,1,LALIGA EA SPORTS,79,https://ratings-images-prod.pulse.ea.com/FC25/full/player-portraits/p197781.png?padding=0.7,https://ratings-images-prod.pulse.ea.com/FC25/full/player-shields/en/197781.png?width=265,16,Left Midfielder,LM,trait1_1,Finesse Shot,Faster finesse shots with more curve and accuracy,https://drop-assets.ea.com/images/468u1R1p2k1fA6WBHi0OEn/fb9d49ed2a8fb500cd5a184937b96b34/Finesse_Shot.png,playStyle,Play Style,trait1_8,Dead Ball,"Faster, accurate set pieces with longer trajectory preview",https://drop-assets.ea.com/images/1razu2wcM3XA82VvB7NyUm/eec6b07080e49d6bf2d7a7951a22375f/Dead_Ball.png,playStyle,Play Style,0,Men's Football,45,Spain,https://drop-assets.ea.com/images/Kv8okAYMsDbB3ZKbxrAXw/9d30c88d16a4c85002f35c6af412c6f7/f_45.png,449,Real Betis,https://drop-assets.ea.com/images/4rODtg2WvYGHhUGfPXxilW/e047163865b561a0ced87f9f593498c1/l449.png,FALSE,18,CAM,Center Attacking Midfielder,midfielder,Midfielder,67,0,84,0,63,0,67,0,55,0,63,0,84,0,86,0,87,0,84,0,85,0,59,0,58,0,85,0,86,0,80,0,76,0,10,0,8,0,12,0,15,0,6,0,55,0,61,0,83,0,79,0,66,0,85,0,78,0,60,0,85,0,80,0,79,0,86,0,78,0,51,0,65,0,62,0,88,0,71,0,,trait1_128,Gamechanger,Fancy and Trivela shots are performed with improved accuracy.,https://drop-assets.ea.com/images/2v8I0GQrtREaEJzJcyStKe/e46d719e4e5ed88ac5a1f671c7448f4a/Gamechanger.png,playStyle,Play Style,trait1_256,Incisive Pass,"Accurate through passes, curvier swerve passes, faster precision passes",https://drop-assets.ea.com/images/2K5BYfVYRnrdjt8F3hwI04/62f147b6a436c107bfa3d042c1d5728d/Incisive_Pass.png,playStyle,Play Style,14,Center Midfielder,CM,trait1_8192,Inventive,Fancy and Trivela passes are performed with improved accuracy.,https://drop-assets.ea.com/images/4fpo31RdL5T0vrzNqcSc4x/f82209bfd51270dcc447d4313b3e61f1/Inventive.png,playStyle,Play Style,trait1_1048576,Technical,"Faster Controlled Sprint, precise wide turns while dribbling",https://drop-assets.ea.com/images/5Esx7NK4YBU44O4bo07rvb/69ca9417da7fd07905f6c6956ad93f6d/Technical.png,playStyle,Play Style,,,,,,,,,
264652,221,84,Bradley,Barcola,,9/2/2002 0:00,188,4,4,1,Ligue 1 McDonald's,70,https://ratings-images-prod.pulse.ea.com/FC25/full/player-portraits/p264652.png?padding=0.7,https://ratings-images-prod.pulse.ea.com/FC25/full/player-shields/en/264652.png?width=265,23,Right Wing,RW,trait1_1,Finesse Shot,Faster finesse shots with more curve and accuracy,https://drop-assets.ea.com/images/468u1R1p2k1fA6WBHi0OEn/fb9d49ed2a8fb500cd5a184937b96b34/Finesse_Shot.png,playStyle,Play Style,trait1_128,Gamechanger,Fancy and Trivela shots are performed with improved accuracy.,https://drop-assets.ea.com/images/2v8I0GQrtREaEJzJcyStKe/e46d719e4e5ed88ac5a1f671c7448f4a/Gamechanger.png,playStyle,Play Style,0,Men's Football,18,France,https://drop-assets.ea.com/images/3ECAQzhfgSLWRf9IIHB6G8/7e235a7b2f93c1f73db7f89dc03b3657/f_18.png,73,Paris SG,https://drop-assets.ea.com/images/2QwnhmHh5K7bjkfZAF7ZCi/7c53874542fb5c606ff810a4b1f6b88b/l73.png,TRUE,27,LW,Left Wing,attack,Attack,88,0,88,0,79,0,74,0,64,0,60,0,64,0,84,0,83,0,81,0,80,0,39,0,34,0,84,0,86,0,80,0,64,0,8,0,8,0,15,0,6,0,6,0,69,0,39,0,64,0,74,0,90,0,78,0,66,0,66,0,84,0,82,0,77,0,83,0,74,0,28,0,91,0,39,0,79,0,73,0,,trait1_2097152,Rapid,"Higher sprint speed while dribbling, reduced error on knock-ons",https://drop-assets.ea.com/images/1aGsvwKyIFlRG1eoJSS0Ot/a4d3d661ff962795a632fe86439d2146/Rapid.png,playStyle,Play Style,,,,,,,16,Left Midfielder,LM,,,,,,,,,,,,,,,,,,,,,
241852,222,84,Moussa,Diaby,,7/7/1999 0:00,170,4,3,2,ROSHN Saudi League,67,https://ratings-images-prod.pulse.ea.com/FC25/full/player-portraits/p241852.png?padding=0.7,https://ratings-images-prod.pulse.ea.com/FC25/full/player-shields/en/241852.png?width=265,23,Right Wing,RW,trait1_8192,Inventive,Fancy and Trivela passes are performed with improved accuracy.,https://drop-assets.ea.com/images/4fpo31RdL5T0vrzNqcSc4x/f82209bfd51270dcc447d4313b3e61f1/Inventive.png,playStyle,Play Style,trait1_2097152,Rapid,"Higher sprint speed while dribbling, reduced error on knock-ons",https://drop-assets.ea.com/images/1aGsvwKyIFlRG1eoJSS0Ot/a4d3d661ff962795a632fe86439d2146/Rapid.png,playStyle,Play Style,0,Men's Football,18,France,https://drop-assets.ea.com/images/3ECAQzhfgSLWRf9IIHB6G8/7e235a7b2f93c1f73db7f89dc03b3657/f_18.png,607,Al Ittihad,https://drop-assets.ea.com/images/21L35ZnVrrvEeFouMeqs8Q/b631b443b4d37e1712ed79f2487d850c/l607.png,FALSE,12,RM,Right Midfielder,midfielder,Midfielder,95,0,92,0,58,0,82,0,37,0,62,0,93,0,84,0,79,0,80,0,76,0,44,0,48,0,87,0,89,0,79,0,56,0,8,0,9,0,8,0,8,0,14,0,41,0,48,0,74,0,72,0,95,0,77,0,60,0,54,0,79,0,81,0,75,0,79,0,74,0,46,0,95,0,36,0,80,0,67,0,,trait1_4194304,First Touch,"Reduced trapping error, faster dribbling transition",https://drop-assets.ea.com/images/3f727XsoDVLbT49oMk0HBu/2787568be8ccb2d5daa2d18fabacad97/First_Touch.png,playStyle,Play Style,icontrait1_33554432,Quick Step+,Significantly faster acceleration during Explosive Sprint,https://drop-assets.ea.com/images/44zHnq7IqO4ItY3NPzXNEC/d7fc408baa76e8ba053cd69e0a1a51c4/Quick_Step_.png,playStylePlus,Play Style Plus,,,,,,,,,,,,,,,,,,,,,,,,
248550,223,84,Daniel,Vivian Moreno,Vivian,7/5/1999 0:00,183,2,2,1,LALIGA EA SPORTS,83,https://ratings-images-prod.pulse.ea.com/FC25/full/player-portraits/p248550.png?padding=0.7,https://ratings-images-prod.pulse.ea.com/FC25/full/player-shields/en/248550.png?width=265,,,,trait1_1024,Long Ball Pass,"Accurate, faster Lob and Lofted Through Passes",https://drop-assets.ea.com/images/7jwRDD4zkOsqRpc821t73d/16d46d57a5dfc7dd5dd5f8de0fd26a99/Long_Ball_Pass.png,playStyle,Play Style,trait1_65536,Intercept,Increased reach and possession retention in interceptions,https://drop-assets.ea.com/images/5ysv7Iw8jDHl7sp1JXqIa7/d34004fed8c95bde083dcf8257391a70/Intercept.png,playStyle,Play Style,0,Men's Football,45,Spain,https://drop-assets.ea.com/images/Kv8okAYMsDbB3ZKbxrAXw/9d30c88d16a4c85002f35c6af412c6f7/f_45.png,448,Athletic Club,https://drop-assets.ea.com/images/5lGGXYvaOCdAYlo8xWPzQb/7092243785809519c68b482ad21b2c41/l448.png,FALSE,5,CB,Center Back,defense,Defense,76,0,66,0,89,0,77,0,83,0,87,0,73,0,76,0,72,0,46,0,28,0,84,0,83,0,72,0,70,0,52,0,22,0,9,0,8,0,12,0,10,0,8,0,80,0,87,0,75,0,33,0,79,0,63,0,67,0,83,0,30,0,84,0,50,0,79,0,62,0,83,0,81,0,85,0,60,0,51,0,,,,,,,,,,,,,,,,,,,,,,,,,,,,,,,,,,,,,
230899,224,84,Ademola,Lookman,,10/20/1997 0:00,174,4,4,1,Serie A Enilive,71,https://ratings-images-prod.pulse.ea.com/FC25/full/player-portraits/p230899.png?padding=0.7,https://ratings-images-prod.pulse.ea.com/FC25/full/player-shields/en/230899.png?width=265,18,Center Attacking Midfielder,CAM,trait1_8,Dead Ball,"Faster, accurate set pieces with longer trajectory preview",https://drop-assets.ea.com/images/1razu2wcM3XA82VvB7NyUm/eec6b07080e49d6bf2d7a7951a22375f/Dead_Ball.png,playStyle,Play Style,trait1_64,Low Driven Shot,"Enhances a player's ability to execute low driven shots with increased accuracy, faster ball travel, and quicker shot execution.",https://drop-assets.ea.com/images/1NfyWsEpQ7s9bhWWt92lbn/5b5dbeb0e55c2e9241cdc26c70ee2d2c/Low_Driven_Shot.png,playStyle,Play Style,0,Men's Football,133,Nigeria,https://drop-assets.ea.com/images/7pdYOUzcOpsSLsQJqx6jq9/ab9bec93f27d4c42a76f2617073a6cce/f_133.png,115845,Bergamo Calcio,https://drop-assets.ea.com/images/19gWEcyonp2fvk02MNHZOA/83b82283fc62f7010b529a53a0724eee/l115845.png,FALSE,25,ST,Striker,attack,Attack,90,0,93,0,82,0,73,0,63,0,68,0,81,0,88,0,80,0,66,0,72,0,32,0,30,0,88,0,89,0,87,0,56,0,12,0,12,0,9,0,15,0,6,0,71,0,35,0,62,0,80,0,86,0,73,0,62,0,67,0,87,0,86,0,84,0,80,0,86,0,24,0,83,0,23,0,80,0,80,0,,trait1_128,Gamechanger,Fancy and Trivela shots are performed with improved accuracy.,https://drop-assets.ea.com/images/2v8I0GQrtREaEJzJcyStKe/e46d719e4e5ed88ac5a1f671c7448f4a/Gamechanger.png,playStyle,Play Style,trait1_4194304,First Touch,"Reduced trapping error, faster dribbling transition",https://drop-assets.ea.com/images/3f727XsoDVLbT49oMk0HBu/2787568be8ccb2d5daa2d18fabacad97/First_Touch.png,playStyle,Play Style,,,,trait1_33554432,Quick Step,Faster acceleration during Explosive Sprint,https://drop-assets.ea.com/images/1xG25Zp3wvkLA5YewKiZah/f27f5fabd1e899fc0bbb817d2db233b1/Quick_Step.png,playStyle,Play Style,,,,,,,,,,,,,,,
204485,225,84,Riyad,Mahrez,,2/21/1991 0:00,179,5,4,2,ROSHN Saudi League,67,https://ratings-images-prod.pulse.ea.com/FC25/full/player-portraits/p204485.png?padding=0.7,https://ratings-images-prod.pulse.ea.com/FC25/full/player-shields/en/204485.png?width=265,23,Right Wing,RW,trait1_1,Finesse Shot,Faster finesse shots with more curve and accuracy,https://drop-assets.ea.com/images/468u1R1p2k1fA6WBHi0OEn/fb9d49ed2a8fb500cd5a184937b96b34/Finesse_Shot.png,playStyle,Play Style,trait1_8,Dead Ball,"Faster, accurate set pieces with longer trajectory preview",https://drop-assets.ea.com/images/1razu2wcM3XA82VvB7NyUm/eec6b07080e49d6bf2d7a7951a22375f/Dead_Ball.png,playStyle,Play Style,0,Men's Football,97,Algeria,https://drop-assets.ea.com/images/7DBnvM9EEo73oK7xEvbWvJ/47a0a190f5a0092fef1bc40e7e74b8f9/f_97.png,112387,Al Ahli,https://drop-assets.ea.com/images/3lVk0osL7o6YMhHuK4YYD6/5e106847b59ce2a4f0bfb55988d812c3/l112387.png,FALSE,12,RM,Right Midfielder,midfielder,Midfielder,81,0,91,0,71,0,79,0,60,0,48,0,90,0,89,0,81,0,81,0,85,0,39,0,45,0,88,0,87,0,80,0,80,0,15,0,9,0,13,0,11,0,6,0,56,0,39,0,74,0,81,0,78,0,81,0,73,0,63,0,83,0,81,0,80,0,82,0,82,0,22,0,76,0,34,0,82,0,76,0,,trait1_64,Low Driven Shot,"Enhances a player's ability to execute low driven shots with increased accuracy, faster ball travel, and quicker shot execution.",https://drop-assets.ea.com/images/1NfyWsEpQ7s9bhWWt92lbn/5b5dbeb0e55c2e9241cdc26c70ee2d2c/Low_Driven_Shot.png,playStyle,Play Style,trait1_256,Incisive Pass,"Accurate through passes, curvier swerve passes, faster precision passes",https://drop-assets.ea.com/images/2K5BYfVYRnrdjt8F3hwI04/62f147b6a436c107bfa3d042c1d5728d/Incisive_Pass.png,playStyle,Play Style,,,,trait1_8192,Inventive,Fancy and Trivela passes are performed with improved accuracy.,https://drop-assets.ea.com/images/4fpo31RdL5T0vrzNqcSc4x/f82209bfd51270dcc447d4313b3e61f1/Inventive.png,playStyle,Play Style,trait1_1048576,Technical,"Faster Controlled Sprint, precise wide turns while dribbling",https://drop-assets.ea.com/images/5Esx7NK4YBU44O4bo07rvb/69ca9417da7fd07905f6c6956ad93f6d/Technical.png,playStyle,Play Style,trait1_4194304,First Touch,"Reduced trapping error, faster dribbling transition",https://drop-assets.ea.com/images/3f727XsoDVLbT49oMk0HBu/2787568be8ccb2d5daa2d18fabacad97/First_Touch.png,playStyle,Play Style,,,
216549,226,84,Alexander,Sørloth,,12/5/1995 0:00,195,3,4,2,LALIGA EA SPORTS,94,https://ratings-images-prod.pulse.ea.com/FC25/full/player-portraits/p216549.png?padding=0.7,https://ratings-images-prod.pulse.ea.com/FC25/full/player-shields/en/216549.png?width=265,23,Right Wing,RW,trait1_4,Power Shot,Faster power shots with increased speed,https://drop-assets.ea.com/images/3ohVoKWSsvT44qgjabWqfV/e536ef26ad854c3c4cbf63ed7954b9cd/Power_Shot.png,playStyle,Play Style,trait1_16,Precision Header,Performs headers with increased accuracy and power.,https://drop-assets.ea.com/images/3ync8fbblS4zLzF3p1VXmT/7752a5103c2ebd8be5cf1819379c66f4/Precision_Header.png,playStyle,Play Style,0,Men's Football,36,Norway,https://drop-assets.ea.com/images/kyD8KeqfkpF4AODggVj9z/999272a9ed21faa0d79c9ed626b89ec2/f_36.png,240,Atlético de Madrid,https://drop-assets.ea.com/images/vYcueolPvaGx8blMqhPZ5/5dc3479fc8b85d475fd980c53fc2056f/l240.png,FALSE,25,ST,Striker,attack,Attack,72,0,56,0,91,0,84,0,90,0,74,0,55,0,82,0,83,0,66,0,74,0,36,0,39,0,76,0,77,0,85,0,60,0,15,0,12,0,8,0,15,0,8,0,83,0,36,0,59,0,76,0,77,0,71,0,70,0,85,0,84,0,83,0,82,0,78,0,86,0,21,0,81,0,23,0,73,0,79,0,,trait1_64,Low Driven Shot,"Enhances a player's ability to execute low driven shots with increased accuracy, faster ball travel, and quicker shot execution.",https://drop-assets.ea.com/images/1NfyWsEpQ7s9bhWWt92lbn/5b5dbeb0e55c2e9241cdc26c70ee2d2c/Low_Driven_Shot.png,playStyle,Play Style,trait1_128,Gamechanger,Fancy and Trivela shots are performed with improved accuracy.,https://drop-assets.ea.com/images/2v8I0GQrtREaEJzJcyStKe/e46d719e4e5ed88ac5a1f671c7448f4a/Gamechanger.png,playStyle,Play Style,12,Right Midfielder,RM,trait1_536870912,Enforcer,Performs dribble Shoulder Challenges and Shielding with increased effectiveness.,https://drop-assets.ea.com/images/2sNQz8b9dgV0hW8vl7oOvV/d7a503dbd4c73b232055b3ca06aa88eb/Enforcer.png,playStyle,Play Style,,,,,,,,,,,,,,,
199845,231,84,Francesco,Acerbi,,2/10/1988 0:00,192,3,3,2,Serie A Enilive,88,https://ratings-images-prod.pulse.ea.com/FC25/full/player-portraits/p199845.png?padding=0.7,https://ratings-images-prod.pulse.ea.com/FC25/full/player-shields/en/199845.png?width=265,,,,trait1_16,Precision Header,Performs headers with increased accuracy and power.,https://drop-assets.ea.com/images/3ync8fbblS4zLzF3p1VXmT/7752a5103c2ebd8be5cf1819379c66f4/Precision_Header.png,playStyle,Play Style,trait1_1024,Long Ball Pass,"Accurate, faster Lob and Lofted Through Passes",https://drop-assets.ea.com/images/7jwRDD4zkOsqRpc821t73d/16d46d57a5dfc7dd5dd5f8de0fd26a99/Long_Ball_Pass.png,playStyle,Play Style,0,Men's Football,27,Italy,https://drop-assets.ea.com/images/2WtjWPqYzT7xcMCbvajGZH/d06e9ec4734a0d43d88f65386cc3a484/f_27.png,131682,Lombardia FC,https://drop-assets.ea.com/images/1thPMvXN97JgFvt6ASWr4c/d2ca0a691a98c344305bc0975ab70314/l131682.png,FALSE,5,CB,Center Back,defense,Defense,61,0,39,0,85,0,73,0,84,0,82,0,34,0,72,0,86,0,34,0,58,0,87,0,89,0,65,0,65,0,37,0,56,0,11,0,9,0,9,0,13,0,11,0,84,0,88,0,82,0,60,0,57,0,65,0,61,0,81,0,20,0,88,0,50,0,79,0,75,0,82,0,54,0,87,0,65,0,39,0,,trait1_262144,Slide Tackle,Stops ball at feet during slide tackles,https://drop-assets.ea.com/images/7mI1lrxE0pv9iJfQFki9OA/8c1ecac325f923e049be72231c8c968a/Slide_Tackle.png,playStyle,Play Style,trait1_524288,Aerial Fortress,Performs higher jumps and has physical defensive presence before and during aerial duels,https://drop-assets.ea.com/images/3rsDbUXd3MZX39YTsk6lKe/404db89f2237eeb7466668a730c52a4b/Aerial_Fortress.png,playStyle,Play Style,,,,trait1_268435456,Bruiser,Stronger physical tackles,https://drop-assets.ea.com/images/7euMJ2jVypFrFPQesWuGGm/14019168b12faac1584a2920d5c2d5d9/Bruiser.png,playStyle,Play Style,icontrait1_65536,Intercept+,Greater reach and possession retention in interceptions,https://drop-assets.ea.com/images/7ewPPmqkwIRvGmV5WVFwa7/65b03a2146e76a0562b86341d2a72ee8/Intercept_.png,playStylePlus,Play Style Plus,,,,,,,,,
198176,232,84,Stefan,de Vrij,,2/5/1992 0:00,189,2,3,1,Serie A Enilive,78,https://ratings-images-prod.pulse.ea.com/FC25/full/player-portraits/p198176.png?padding=0.7,https://ratings-images-prod.pulse.ea.com/FC25/full/player-shields/en/198176.png?width=265,,,,trait1_268435456,Bruiser,Stronger physical tackles,https://drop-assets.ea.com/images/7euMJ2jVypFrFPQesWuGGm/14019168b12faac1584a2920d5c2d5d9/Bruiser.png,playStyle,Play Style,,,,,,,0,Men's Football,34,Holland,https://drop-assets.ea.com/images/7LmdSUm2Ge4fzqcz0NElvq/d272142c80713dcf0e5ec0a47232aeee/f_34.png,131682,Lombardia FC,https://drop-assets.ea.com/images/1thPMvXN97JgFvt6ASWr4c/d2ca0a691a98c344305bc0975ab70314/l131682.png,FALSE,5,CB,Center Back,defense,Defense,63,0,60,0,81,0,70,0,74,0,79,0,60,0,74,0,85,0,49,0,45,0,86,0,88,0,69,0,66,0,25,0,36,0,8,0,10,0,7,0,14,0,13,0,82,0,85,0,74,0,60,0,62,0,68,0,41,0,74,0,31,0,85,0,41,0,83,0,65,0,82,0,61,0,87,0,70,0,27,0,,,,,,,,,,,,,,,,,,,,,,,,,,,,,,,,,,,,,
204638,233,84,Willi,Orban,,11/3/1992 0:00,186,2,3,1,Bundesliga,89,https://ratings-images-prod.pulse.ea.com/FC25/full/player-portraits/p204638.png?padding=0.7,https://ratings-images-prod.pulse.ea.com/FC25/full/player-shields/en/204638.png?width=265,,,,trait1_524288,Aerial Fortress,Performs higher jumps and has physical defensive presence before and during aerial duels,https://drop-assets.ea.com/images/3rsDbUXd3MZX39YTsk6lKe/404db89f2237eeb7466668a730c52a4b/Aerial_Fortress.png,playStyle,Play Style,trait1_268435456,Bruiser,Stronger physical tackles,https://drop-assets.ea.com/images/7euMJ2jVypFrFPQesWuGGm/14019168b12faac1584a2920d5c2d5d9/Bruiser.png,playStyle,Play Style,0,Men's Football,23,Hungary,https://drop-assets.ea.com/images/7i3nOfE2sGJ9iku6pc1FjZ/eeaef3caa45bcbd92bfdd62705d3fa6f/f_23.png,112172,RB Leipzig,https://drop-assets.ea.com/images/1EoW6b2VkhiP3S0vqikd9s/f181f899a2037360f70a9a8aba18af30/l112172.png,FALSE,5,CB,Center Back,defense,Defense,48,0,48,0,89,0,74,0,85,0,86,0,52,0,59,0,73,0,39,0,28,0,86,0,88,0,56,0,52,0,44,0,32,0,15,0,12,0,15,0,10,0,6,0,86,0,83,0,68,0,29,0,57,0,56,0,41,0,83,0,43,0,84,0,40,0,74,0,45,0,81,0,65,0,88,0,44,0,31,0,,icontrait1_32768,Block+,Greater reach and success in blocking,https://drop-assets.ea.com/images/55a6j8nZt1EKQeN9kaqiEs/a2d73085eee67e822161e082e82a8ee3/Block_.png,playStylePlus,Play Style Plus,,,,,,,,,,,,,,,,,,,,,,,,,,,,,,
210008,234,83,Adrien,Rabiot,,4/3/1995 0:00,191,3,3,2,Serie A Enilive,80,https://ratings-images-prod.pulse.ea.com/FC25/full/player-portraits/p210008.png?padding=0.7,https://ratings-images-prod.pulse.ea.com/FC25/full/player-shields/en/210008.png?width=265,14,Center Midfielder,CM,trait1_16,Precision Header,Performs headers with increased accuracy and power.,https://drop-assets.ea.com/images/3ync8fbblS4zLzF3p1VXmT/7752a5103c2ebd8be5cf1819379c66f4/Precision_Header.png,playStyle,Play Style,trait1_4194304,First Touch,"Reduced trapping error, faster dribbling transition",https://drop-assets.ea.com/images/3f727XsoDVLbT49oMk0HBu/2787568be8ccb2d5daa2d18fabacad97/First_Touch.png,playStyle,Play Style,0,Men's Football,18,France,https://drop-assets.ea.com/images/3ECAQzhfgSLWRf9IIHB6G8/7e235a7b2f93c1f73db7f89dc03b3657/f_18.png,131681,Milano FC,https://drop-assets.ea.com/images/6D3s1RlLRER3UOunC4Lofv/ec87a4178160a87521b0b7c688e7638e/l131681.png,FALSE,18,CAM,Center Attacking Midfielder,midfielder,Midfielder,75,0,69,0,90,0,94,0,82,0,77,0,69,0,84,0,85,0,78,0,73,0,77,0,72,0,80,0,81,0,79,0,59,0,9,0,12,0,9,0,7,0,15,0,83,0,78,0,80,0,77,0,81,0,81,0,69,0,84,0,88,0,84,0,79,0,85,0,83,0,74,0,86,0,79,0,84,0,76,0,,trait1_16777216,Press Proven,"Close control at jog speed, shields ball more effectively",https://drop-assets.ea.com/images/5rUHwyLJRnvGV53Ba4Pj6M/9a3238695ae8103667ba02af391ac209/Press_Proven.png,playStyle,Play Style,,,,,,,,,,,,,,,,,,,,,,,,,,,,,,
248243,235,83,Eduardo,Camavinga,,11/10/2002 0:00,185,4,3,2,LALIGA EA SPORTS,77,https://ratings-images-prod.pulse.ea.com/FC25/full/player-portraits/p248243.png?padding=0.7,https://ratings-images-prod.pulse.ea.com/FC25/full/player-shields/en/248243.png?width=265,10,Center Defensive Midfielder,CDM,trait1_16384,Jockey,"Faster Sprint Jockey, better transition speed",https://drop-assets.ea.com/images/7lHjpOBSghE6Ywt1jgVv1C/21f9914d00f073d79d4b46cac71b9087/Jockey.png,playStyle,Play Style,trait1_32768,Block,Increased reach and success in blocking,https://drop-assets.ea.com/images/2Rlftzr8lqUdI29suCQVWe/43c6c36e8bd5fa26b88478d4354611a2/Block.png,playStyle,Play Style,0,Men's Football,18,France,https://drop-assets.ea.com/images/3ECAQzhfgSLWRf9IIHB6G8/7e235a7b2f93c1f73db7f89dc03b3657/f_18.png,243,Real Madrid,https://drop-assets.ea.com/images/Pk8nYrWuRt895RlhJx8jI/445d98b711f413a3a1e70c41b19b0f95/l243.png,TRUE,14,CM,Center Midfielder,midfielder,Midfielder,81,0,82,0,82,0,84,0,79,0,79,0,81,0,86,0,84,0,77,0,74,0,78,0,76,0,84,0,84,0,64,0,59,0,12,0,6,0,8,0,12,0,12,0,64,0,82,0,84,0,70,0,80,0,81,0,62,0,80,0,73,0,82,0,68,0,86,0,75,0,81,0,80,0,82,0,83,0,59,0,,trait1_1048576,Technical,"Faster Controlled Sprint, precise wide turns while dribbling",https://drop-assets.ea.com/images/5Esx7NK4YBU44O4bo07rvb/69ca9417da7fd07905f6c6956ad93f6d/Technical.png,playStyle,Play Style,trait1_268435456,Bruiser,Stronger physical tackles,https://drop-assets.ea.com/images/7euMJ2jVypFrFPQesWuGGm/14019168b12faac1584a2920d5c2d5d9/Bruiser.png,playStyle,Play Style,7,Left Back,LB,,,,,,,,,,,,,,,,,,,,,
236772,236,83,Dominik,Szoboszlai,,10/25/2000 0:00,186,4,4,1,Premier League,74,https://ratings-images-prod.pulse.ea.com/FC25/full/player-portraits/p236772.png?padding=0.7,https://ratings-images-prod.pulse.ea.com/FC25/full/player-shields/en/236772.png?width=265,14,Center Midfielder,CM,trait1_4,Power Shot,Faster power shots with increased speed,https://drop-assets.ea.com/images/3ohVoKWSsvT44qgjabWqfV/e536ef26ad854c3c4cbf63ed7954b9cd/Power_Shot.png,playStyle,Play Style,trait1_4096,Whipped Pass,"Accurate, faster crosses with more curve",https://drop-assets.ea.com/images/FfTP29PWrRWZjEaiCCVoa/a1b345e4ae7023ed78b1efd68d28f392/Whipped_Pass.png,playStyle,Play Style,0,Men's Football,23,Hungary,https://drop-assets.ea.com/images/7i3nOfE2sGJ9iku6pc1FjZ/eeaef3caa45bcbd92bfdd62705d3fa6f/f_23.png,9,Liverpool,https://drop-assets.ea.com/images/3mmzooNXBDCKuCy6kWcGQo/2e332a30fe2a7225a88fcb1898f48bbf/l9.png,FALSE,18,CAM,Center Attacking Midfielder,midfielder,Midfielder,76,0,78,0,76,0,89,0,69,0,75,0,68,0,84,0,82,0,83,0,87,0,67,0,65,0,82,0,83,0,79,0,83,0,10,0,10,0,13,0,10,0,6,0,65,0,67,0,83,0,79,0,79,0,84,0,83,0,76,0,83,0,83,0,82,0,85,0,89,0,63,0,81,0,72,0,83,0,81,0,,trait1_1048576,Technical,"Faster Controlled Sprint, precise wide turns while dribbling",https://drop-assets.ea.com/images/5Esx7NK4YBU44O4bo07rvb/69ca9417da7fd07905f6c6956ad93f6d/Technical.png,playStyle,Play Style,,,,,,,,,,,,,,,,,,,,,,,,,,,,,,
192883,237,83,Henrikh,Mkhitaryan,,1/21/1989 0:00,177,4,5,1,Serie A Enilive,75,https://ratings-images-prod.pulse.ea.com/FC25/full/player-portraits/p192883.png?padding=0.7,https://ratings-images-prod.pulse.ea.com/FC25/full/player-shields/en/192883.png?width=265,,,,trait1_256,Incisive Pass,"Accurate through passes, curvier swerve passes, faster precision passes",https://drop-assets.ea.com/images/2K5BYfVYRnrdjt8F3hwI04/62f147b6a436c107bfa3d042c1d5728d/Incisive_Pass.png,playStyle,Play Style,trait1_8192,Inventive,Fancy and Trivela passes are performed with improved accuracy.,https://drop-assets.ea.com/images/4fpo31RdL5T0vrzNqcSc4x/f82209bfd51270dcc447d4313b3e61f1/Inventive.png,playStyle,Play Style,0,Men's Football,3,Armenia,https://drop-assets.ea.com/images/pxyOiqaP2Fsumzt805sHu/83ec69a7089f69d99619897c9c9ab677/f_3.png,131682,Lombardia FC,https://drop-assets.ea.com/images/1thPMvXN97JgFvt6ASWr4c/d2ca0a691a98c344305bc0975ab70314/l131682.png,FALSE,14,CM,Center Midfielder,midfielder,Midfielder,79,0,81,0,77,0,84,0,67,0,82,0,80,0,86,0,85,0,76,0,83,0,72,0,71,0,83,0,82,0,78,0,69,0,5,0,11,0,14,0,5,0,7,0,68,0,75,0,82,0,76,0,77,0,82,0,72,0,75,0,83,0,83,0,78,0,85,0,81,0,70,0,75,0,74,0,84,0,79,0,,trait1_16384,Jockey,"Faster Sprint Jockey, better transition speed",https://drop-assets.ea.com/images/7lHjpOBSghE6Ywt1jgVv1C/21f9914d00f073d79d4b46cac71b9087/Jockey.png,playStyle,Play Style,trait1_131072,Anticipate,"Improved standing tackle success, possibility of stopping ball at feet",https://drop-assets.ea.com/images/4xPnUcL7thizFB7qmhlwUR/1ade7a0f77d5e875c2db869964540a35/Anticipate.png,playStyle,Play Style,,,,trait1_1048576,Technical,"Faster Controlled Sprint, precise wide turns while dribbling",https://drop-assets.ea.com/images/5Esx7NK4YBU44O4bo07rvb/69ca9417da7fd07905f6c6956ad93f6d/Technical.png,playStyle,Play Style,trait1_67108864,Relentless,"Increased half time fatigue recovery, longer teammate contain and press",https://drop-assets.ea.com/images/2vVuRxgvPNaAuFGqZZ9nDY/3e2505addd5a6b353becdeaf7173d187/Relentless.png,playStyle,Play Style,,,,,,,,,
223959,238,83,Lucas,Torreira,,2/11/1996 0:00,166,3,3,1,Trendyol Süper Lig,60,https://ratings-images-prod.pulse.ea.com/FC25/full/player-portraits/p223959.png?padding=0.7,https://ratings-images-prod.pulse.ea.com/FC25/full/player-shields/en/223959.png?width=265,14,Center Midfielder,CM,trait1_1024,Long Ball Pass,"Accurate, faster Lob and Lofted Through Passes",https://drop-assets.ea.com/images/7jwRDD4zkOsqRpc821t73d/16d46d57a5dfc7dd5dd5f8de0fd26a99/Long_Ball_Pass.png,playStyle,Play Style,trait1_2048,Tiki Taka,Accurate first-time Ground Passes,https://drop-assets.ea.com/images/2tvHC5JQ2sXrN8wUTJWLEA/94b0f6a78d1a9e1348a33c9772f23afd/Tiki_Taka.png,playStyle,Play Style,0,Men's Football,60,Uruguay,https://drop-assets.ea.com/images/GRwJwZ17RfDveZX4N4L78/25beda9babb2d93a8ff7bb5487eb263b/f_60.png,325,Galatasaray,https://drop-assets.ea.com/images/6P5sN0m3ZRE23vjlT8gh5q/f7f9acf3a7be5ea12f889d93dbdfd48f/l325.png,FALSE,10,CDM,Center Defensive Midfielder,midfielder,Midfielder,80,0,82,0,76,0,92,0,69,0,88,0,83,0,81,0,84,0,72,0,70,0,81,0,84,0,81,0,79,0,71,0,72,0,5,0,5,0,13,0,7,0,9,0,62,0,83,0,79,0,74,0,76,0,78,0,48,0,79,0,76,0,84,0,72,0,83,0,80,0,81,0,73,0,82,0,79,0,68,0,,trait1_16384,Jockey,"Faster Sprint Jockey, better transition speed",https://drop-assets.ea.com/images/7lHjpOBSghE6Ywt1jgVv1C/21f9914d00f073d79d4b46cac71b9087/Jockey.png,playStyle,Play Style,trait1_65536,Intercept,Increased reach and possession retention in interceptions,https://drop-assets.ea.com/images/5ysv7Iw8jDHl7sp1JXqIa7/d34004fed8c95bde083dcf8257391a70/Intercept.png,playStyle,Play Style,,,,trait1_131072,Anticipate,"Improved standing tackle success, possibility of stopping ball at feet",https://drop-assets.ea.com/images/4xPnUcL7thizFB7qmhlwUR/1ade7a0f77d5e875c2db869964540a35/Anticipate.png,playStyle,Play Style,trait1_262144,Slide Tackle,Stops ball at feet during slide tackles,https://drop-assets.ea.com/images/7mI1lrxE0pv9iJfQFki9OA/8c1ecac325f923e049be72231c8c968a/Slide_Tackle.png,playStyle,Play Style,trait1_67108864,Relentless,"Increased half time fatigue recovery, longer teammate contain and press",https://drop-assets.ea.com/images/2vVuRxgvPNaAuFGqZZ9nDY/3e2505addd5a6b353becdeaf7173d187/Relentless.png,playStyle,Play Style,,,
217870,241,83,Giovanni,Di Lorenzo,,8/4/1993 0:00,183,3,4,1,Serie A Enilive,82,https://ratings-images-prod.pulse.ea.com/FC25/full/player-portraits/p217870.png?padding=0.7,https://ratings-images-prod.pulse.ea.com/FC25/full/player-shields/en/217870.png?width=265,5,Center Back,CB,trait1_1024,Long Ball Pass,"Accurate, faster Lob and Lofted Through Passes",https://drop-assets.ea.com/images/7jwRDD4zkOsqRpc821t73d/16d46d57a5dfc7dd5dd5f8de0fd26a99/Long_Ball_Pass.png,playStyle,Play Style,trait1_4194304,First Touch,"Reduced trapping error, faster dribbling transition",https://drop-assets.ea.com/images/3f727XsoDVLbT49oMk0HBu/2787568be8ccb2d5daa2d18fabacad97/First_Touch.png,playStyle,Play Style,0,Men's Football,27,Italy,https://drop-assets.ea.com/images/2WtjWPqYzT7xcMCbvajGZH/d06e9ec4734a0d43d88f65386cc3a484/f_27.png,48,SSC Napoli,https://drop-assets.ea.com/images/2FIV26KpnSXl3Nv8Ar6jk3/d8461aa150da3d433fccc34bc80c978f/l48.png,FALSE,3,RB,Right Back,defense,Defense,83,0,76,0,84,0,90,0,74,0,79,0,74,0,78,0,74,0,79,0,67,0,79,0,79,0,77,0,76,0,72,0,66,0,8,0,10,0,8,0,10,0,7,0,72,0,80,0,72,0,72,0,84,0,73,0,60,0,80,0,74,0,80,0,72,0,76,0,75,0,78,0,85,0,81,0,68,0,63,0,,trait1_67108864,Relentless,"Increased half time fatigue recovery, longer teammate contain and press",https://drop-assets.ea.com/images/2vVuRxgvPNaAuFGqZZ9nDY/3e2505addd5a6b353becdeaf7173d187/Relentless.png,playStyle,Play Style,,,,,,,12,Right Midfielder,RM,,,,,,,,,,,,,,,,,,,,,
244669,242,83,Morten,Hjulmand,,6/25/1999 0:00,185,3,4,1,Liga Portugal,78,https://ratings-images-prod.pulse.ea.com/FC25/full/player-portraits/p244669.png?padding=0.7,https://ratings-images-prod.pulse.ea.com/FC25/full/player-shields/en/244669.png?width=265,14,Center Midfielder,CM,trait1_16384,Jockey,"Faster Sprint Jockey, better transition speed",https://drop-assets.ea.com/images/7lHjpOBSghE6Ywt1jgVv1C/21f9914d00f073d79d4b46cac71b9087/Jockey.png,playStyle,Play Style,trait1_32768,Block,Increased reach and success in blocking,https://drop-assets.ea.com/images/2Rlftzr8lqUdI29suCQVWe/43c6c36e8bd5fa26b88478d4354611a2/Block.png,playStyle,Play Style,0,Men's Football,13,Denmark,https://drop-assets.ea.com/images/6ueYG8kGNCY97fHWQ6LIZ7/9ad4b50beeb1d0d2a5d2bb5a8891336f/f_13.png,237,Sporting CP,https://drop-assets.ea.com/images/2bL9oGApMvbYE1o0Byl8KB/c914cde8141f11124f026cb198a0eb00/l237.png,FALSE,10,CDM,Center Defensive Midfielder,midfielder,Midfielder,69,0,70,0,79,0,91,0,81,0,83,0,74,0,80,0,82,0,72,0,70,0,80,0,79,0,77,0,76,0,76,0,61,0,11,0,6,0,10,0,11,0,6,0,68,0,83,0,80,0,80,0,70,0,78,0,54,0,84,0,78,0,81,0,76,0,81,0,82,0,78,0,71,0,82,0,82,0,62,0,,trait1_131072,Anticipate,"Improved standing tackle success, possibility of stopping ball at feet",https://drop-assets.ea.com/images/4xPnUcL7thizFB7qmhlwUR/1ade7a0f77d5e875c2db869964540a35/Anticipate.png,playStyle,Play Style,trait1_67108864,Relentless,"Increased half time fatigue recovery, longer teammate contain and press",https://drop-assets.ea.com/images/2vVuRxgvPNaAuFGqZZ9nDY/3e2505addd5a6b353becdeaf7173d187/Relentless.png,playStyle,Play Style,,,,,,,,,,,,,,,,,,,,,,,,
247394,243,83,Dejan,Kulusevski,,4/25/2000 0:00,186,4,3,2,Premier League,80,https://ratings-images-prod.pulse.ea.com/FC25/full/player-portraits/p247394.png?padding=0.7,https://ratings-images-prod.pulse.ea.com/FC25/full/player-shields/en/247394.png?width=265,23,Right Wing,RW,trait1_1,Finesse Shot,Faster finesse shots with more curve and accuracy,https://drop-assets.ea.com/images/468u1R1p2k1fA6WBHi0OEn/fb9d49ed2a8fb500cd5a184937b96b34/Finesse_Shot.png,playStyle,Play Style,trait1_4096,Whipped Pass,"Accurate, faster crosses with more curve",https://drop-assets.ea.com/images/FfTP29PWrRWZjEaiCCVoa/a1b345e4ae7023ed78b1efd68d28f392/Whipped_Pass.png,playStyle,Play Style,0,Men's Football,46,Sweden,https://drop-assets.ea.com/images/4ts7Tmr55hzylhHNBA5xsw/073e32f2c968ae9d531bb1d013a350a0/f_46.png,18,Spurs,https://drop-assets.ea.com/images/7kUcyCh5xGrzQlcjP2Q9NH/11aba507486f44765ee5938b1b5b097e/l18.png,FALSE,14,CM,Center Midfielder,midfielder,Midfielder,77,0,77,0,75,0,91,0,80,0,74,0,72,0,86,0,85,0,84,0,86,0,62,0,62,0,85,0,88,0,82,0,68,0,14,0,5,0,10,0,10,0,5,0,52,0,65,0,78,0,74,0,74,0,84,0,70,0,81,0,83,0,87,0,79,0,86,0,78,0,58,0,72,0,66,0,86,0,83,0,,trait1_16777216,Press Proven,"Close control at jog speed, shields ball more effectively",https://drop-assets.ea.com/images/5rUHwyLJRnvGV53Ba4Pj6M/9a3238695ae8103667ba02af391ac209/Press_Proven.png,playStyle,Play Style,trait1_67108864,Relentless,"Increased half time fatigue recovery, longer teammate contain and press",https://drop-assets.ea.com/images/2vVuRxgvPNaAuFGqZZ9nDY/3e2505addd5a6b353becdeaf7173d187/Relentless.png,playStyle,Play Style,18,Center Attacking Midfielder,CAM,,,,,,,,,,,,,,,,,,,,,
225193,245,83,Mikel,Merino Zazón,Mikel Merino,6/22/1996 0:00,189,3,3,2,Premier League,83,https://ratings-images-prod.pulse.ea.com/FC25/full/player-portraits/p225193.png?padding=0.7,https://ratings-images-prod.pulse.ea.com/FC25/full/player-shields/en/225193.png?width=265,25,Striker,ST,trait1_4,Power Shot,Faster power shots with increased speed,https://drop-assets.ea.com/images/3ohVoKWSsvT44qgjabWqfV/e536ef26ad854c3c4cbf63ed7954b9cd/Power_Shot.png,playStyle,Play Style,trait1_16,Precision Header,Performs headers with increased accuracy and power.,https://drop-assets.ea.com/images/3ync8fbblS4zLzF3p1VXmT/7752a5103c2ebd8be5cf1819379c66f4/Precision_Header.png,playStyle,Play Style,0,Men's Football,45,Spain,https://drop-assets.ea.com/images/Kv8okAYMsDbB3ZKbxrAXw/9d30c88d16a4c85002f35c6af412c6f7/f_45.png,1,Arsenal,https://drop-assets.ea.com/images/2ng99bvkwKaA228PJje39i/09d2df89a78377d3f8d3f78469cbadc9/l1.png,FALSE,14,CM,Center Midfielder,midfielder,Midfielder,64,0,63,0,85,0,82,0,78,0,83,0,63,0,84,0,81,0,77,0,80,0,81,0,78,0,80,0,82,0,80,0,69,0,9,0,12,0,9,0,13,0,14,0,87,0,83,0,80,0,76,0,63,0,80,0,70,0,80,0,81,0,84,0,79,0,84,0,85,0,76,0,63,0,82,0,80,0,58,0,,trait1_524288,Aerial Fortress,Performs higher jumps and has physical defensive presence before and during aerial duels,https://drop-assets.ea.com/images/3rsDbUXd3MZX39YTsk6lKe/404db89f2237eeb7466668a730c52a4b/Aerial_Fortress.png,playStyle,Play Style,trait1_67108864,Relentless,"Increased half time fatigue recovery, longer teammate contain and press",https://drop-assets.ea.com/images/2vVuRxgvPNaAuFGqZZ9nDY/3e2505addd5a6b353becdeaf7173d187/Relentless.png,playStyle,Play Style,,,,,,,,,,,,,,,,,,,,,,,,
215590,248,83,Ayoze,Pérez Gutiérrez,Ayoze,7/29/1993 0:00,178,4,4,1,LALIGA EA SPORTS,66,https://ratings-images-prod.pulse.ea.com/FC25/full/player-portraits/p215590.png?padding=0.7,https://ratings-images-prod.pulse.ea.com/FC25/full/player-shields/en/215590.png?width=265,18,Center Attacking Midfielder,CAM,trait1_32,Acrobatic,"Perform volleys with increased accuracy, acrobatic volley animations",https://drop-assets.ea.com/images/2sRRBHcIe0zrDwYaRI2xG3/d02b8c8855de853470897009e030eb5d/Acrobatic.png,playStyle,Play Style,trait1_64,Low Driven Shot,"Enhances a player's ability to execute low driven shots with increased accuracy, faster ball travel, and quicker shot execution.",https://drop-assets.ea.com/images/1NfyWsEpQ7s9bhWWt92lbn/5b5dbeb0e55c2e9241cdc26c70ee2d2c/Low_Driven_Shot.png,playStyle,Play Style,0,Men's Football,45,Spain,https://drop-assets.ea.com/images/Kv8okAYMsDbB3ZKbxrAXw/9d30c88d16a4c85002f35c6af412c6f7/f_45.png,483,Villarreal CF,https://drop-assets.ea.com/images/xvk9pCQTX74mWG8EjcgYU/f631ffd2c7ac06bd43f2547fc44463c4/l483.png,FALSE,25,ST,Striker,attack,Attack,87,0,80,0,85,0,70,0,60,0,76,0,81,0,83,0,81,0,80,0,76,0,59,0,61,0,83,0,84,0,86,0,60,0,12,0,12,0,11,0,14,0,8,0,81,0,49,0,75,0,81,0,86,0,80,0,78,0,67,0,86,0,83,0,83,0,84,0,81,0,42,0,86,0,61,0,82,0,80,0,,trait1_128,Gamechanger,Fancy and Trivela shots are performed with improved accuracy.,https://drop-assets.ea.com/images/2v8I0GQrtREaEJzJcyStKe/e46d719e4e5ed88ac5a1f671c7448f4a/Gamechanger.png,playStyle,Play Style,trait1_256,Incisive Pass,"Accurate through passes, curvier swerve passes, faster precision passes",https://drop-assets.ea.com/images/2K5BYfVYRnrdjt8F3hwI04/62f147b6a436c107bfa3d042c1d5728d/Incisive_Pass.png,playStyle,Play Style,,,,trait1_1048576,Technical,"Faster Controlled Sprint, precise wide turns while dribbling",https://drop-assets.ea.com/images/5Esx7NK4YBU44O4bo07rvb/69ca9417da7fd07905f6c6956ad93f6d/Technical.png,playStyle,Play Style,,,,,,,,,,,,,,,
216201,249,83,Iñaki,Williams Arthuer,Iñaki Williams,6/15/1994 0:00,186,4,3,1,LALIGA EA SPORTS,80,https://ratings-images-prod.pulse.ea.com/FC25/full/player-portraits/p216201.png?padding=0.7,https://ratings-images-prod.pulse.ea.com/FC25/full/player-shields/en/216201.png?width=265,25,Striker,ST,trait1_1,Finesse Shot,Faster finesse shots with more curve and accuracy,https://drop-assets.ea.com/images/468u1R1p2k1fA6WBHi0OEn/fb9d49ed2a8fb500cd5a184937b96b34/Finesse_Shot.png,playStyle,Play Style,trait1_4,Power Shot,Faster power shots with increased speed,https://drop-assets.ea.com/images/3ohVoKWSsvT44qgjabWqfV/e536ef26ad854c3c4cbf63ed7954b9cd/Power_Shot.png,playStyle,Play Style,0,Men's Football,117,Ghana,https://drop-assets.ea.com/images/64fYElRtof03DcI6oxno1D/1a2b0686d9693e59b832c3d06a737109/f_117.png,448,Athletic Club,https://drop-assets.ea.com/images/5lGGXYvaOCdAYlo8xWPzQb/7092243785809519c68b482ad21b2c41/l448.png,FALSE,12,RM,Right Midfielder,midfielder,Midfielder,93,0,78,0,95,0,88,0,84,0,76,0,62,0,80,0,78,0,78,0,80,0,45,0,42,0,80,0,83,0,82,0,58,0,14,0,15,0,14,0,10,0,13,0,80,0,30,0,65,0,76,0,94,0,74,0,68,0,84,0,85,0,83,0,81,0,76,0,86,0,38,0,94,0,48,0,76,0,79,0,,trait1_64,Low Driven Shot,"Enhances a player's ability to execute low driven shots with increased accuracy, faster ball travel, and quicker shot execution.",https://drop-assets.ea.com/images/1NfyWsEpQ7s9bhWWt92lbn/5b5dbeb0e55c2e9241cdc26c70ee2d2c/Low_Driven_Shot.png,playStyle,Play Style,trait1_2097152,Rapid,"Higher sprint speed while dribbling, reduced error on knock-ons",https://drop-assets.ea.com/images/1aGsvwKyIFlRG1eoJSS0Ot/a4d3d661ff962795a632fe86439d2146/Rapid.png,playStyle,Play Style,23,Right Wing,RW,trait1_33554432,Quick Step,Faster acceleration during Explosive Sprint,https://drop-assets.ea.com/images/1xG25Zp3wvkLA5YewKiZah/f27f5fabd1e899fc0bbb817d2db233b1/Quick_Step.png,playStyle,Play Style,,,,,,,,,,,,,,,
240950,250,83,Pedro António,Pereira Gonçalves,Pedro Gonçalves,6/28/1998 0:00,173,4,4,1,Liga Portugal,78,https://ratings-images-prod.pulse.ea.com/FC25/full/player-portraits/p240950.png?padding=0.7,https://ratings-images-prod.pulse.ea.com/FC25/full/player-shields/en/240950.png?width=265,16,Left Midfielder,LM,trait1_1,Finesse Shot,Faster finesse shots with more curve and accuracy,https://drop-assets.ea.com/images/468u1R1p2k1fA6WBHi0OEn/fb9d49ed2a8fb500cd5a184937b96b34/Finesse_Shot.png,playStyle,Play Style,trait1_8,Dead Ball,"Faster, accurate set pieces with longer trajectory preview",https://drop-assets.ea.com/images/1razu2wcM3XA82VvB7NyUm/eec6b07080e49d6bf2d7a7951a22375f/Dead_Ball.png,playStyle,Play Style,0,Men's Football,38,Portugal,https://drop-assets.ea.com/images/3CxRD7XqY2NSlZ3628fY4S/abf38470644ee334e6a425b9272f7767/f_38.png,237,Sporting CP,https://drop-assets.ea.com/images/2bL9oGApMvbYE1o0Byl8KB/c914cde8141f11124f026cb198a0eb00/l237.png,FALSE,18,CAM,Center Attacking Midfielder,midfielder,Midfielder,79,0,82,0,72,0,81,0,62,0,64,0,78,0,84,0,85,0,83,0,82,0,63,0,63,0,84,0,84,0,84,0,81,0,15,0,11,0,15,0,7,0,8,0,59,0,71,0,80,0,83,0,77,0,83,0,82,0,68,0,85,0,83,0,82,0,85,0,78,0,48,0,76,0,65,0,84,0,79,0,,trait1_256,Incisive Pass,"Accurate through passes, curvier swerve passes, faster precision passes",https://drop-assets.ea.com/images/2K5BYfVYRnrdjt8F3hwI04/62f147b6a436c107bfa3d042c1d5728d/Incisive_Pass.png,playStyle,Play Style,trait1_2048,Tiki Taka,Accurate first-time Ground Passes,https://drop-assets.ea.com/images/2tvHC5JQ2sXrN8wUTJWLEA/94b0f6a78d1a9e1348a33c9772f23afd/Tiki_Taka.png,playStyle,Play Style,14,Center Midfielder,CM,trait1_4096,Whipped Pass,"Accurate, faster crosses with more curve",https://drop-assets.ea.com/images/FfTP29PWrRWZjEaiCCVoa/a1b345e4ae7023ed78b1efd68d28f392/Whipped_Pass.png,playStyle,Play Style,trait1_8192,Inventive,Fancy and Trivela passes are performed with improved accuracy.,https://drop-assets.ea.com/images/4fpo31RdL5T0vrzNqcSc4x/f82209bfd51270dcc447d4313b3e61f1/Inventive.png,playStyle,Play Style,trait1_1048576,Technical,"Faster Controlled Sprint, precise wide turns while dribbling",https://drop-assets.ea.com/images/5Esx7NK4YBU44O4bo07rvb/69ca9417da7fd07905f6c6956ad93f6d/Technical.png,playStyle,Play Style,,,
259532,254,83,Joan,García Pons,Joan García,5/4/2001 0:00,191,1,3,1,LALIGA EA SPORTS,79,https://ratings-images-prod.pulse.ea.com/FC25/full/player-portraits/p259532.png?padding=0.7,https://ratings-images-prod.pulse.ea.com/FC25/full/player-shields/en/259532.png?width=250,,,,trait2_4,Cross Claimer,"Unique punching animations, powerful punches, faster crosses coverage",https://drop-assets.ea.com/images/4Uvgm6UNiSz3say1zZqKDC/51837f53072d5e01063699f6d2b7401a/Cross_Claimer.png,playStyle,Play Style,,,,,,,0,Men's Football,45,Spain,https://drop-assets.ea.com/images/Kv8okAYMsDbB3ZKbxrAXw/9d30c88d16a4c85002f35c6af412c6f7/f_45.png,241,FC Barcelona,https://drop-assets.ea.com/images/5VXhqALaBzgvb2YG8iJxlq/990024f3e3ecc9e6c37eae41ebef86bd/l241.png,TRUE,0,GK,Goalkeeper,defense,Defense,48,0,59,0,64,0,35,0,59,0,30,0,42,0,28,0,59,0,13,0,12,0,46,0,7,0,86,0,17,0,6,0,12,0,81,0,82,0,77,0,83,0,86,0,12,0,13,0,49,0,9,0,81,0,77,0,18,0,83,0,6,0,77,0,82,0,48,0,58,0,14,0,44,0,13,0,54,0,7,0,,,,,,,,,,,,,,,,,,,,,,,,,,,,,,,,,,,,,
227127,256,83,Alejandro,Remiro Gargallo,Álex Remiro,3/24/1995 0:00,191,1,4,1,LALIGA EA SPORTS,79,https://ratings-images-prod.pulse.ea.com/FC25/full/player-portraits/p227127.png?padding=0.7,https://ratings-images-prod.pulse.ea.com/FC25/full/player-shields/en/227127.png?width=265,,,,trait1_1024,Long Ball Pass,"Accurate, faster Lob and Lofted Through Passes",https://drop-assets.ea.com/images/7jwRDD4zkOsqRpc821t73d/16d46d57a5dfc7dd5dd5f8de0fd26a99/Long_Ball_Pass.png,playStyle,Play Style,trait2_1,Far Throw,Unique goalkeeper throw animations with longer throw distance,https://drop-assets.ea.com/images/3CjCz29sjIt1xMZTRDi4vQ/8ecb201b0ae7d6d536d03c847a768ffa/Far_Throw.png,playStyle,Play Style,0,Men's Football,45,Spain,https://drop-assets.ea.com/images/Kv8okAYMsDbB3ZKbxrAXw/9d30c88d16a4c85002f35c6af412c6f7/f_45.png,457,Real Sociedad,https://drop-assets.ea.com/images/2ohvULVVtNoXptjhNS2dLq/08d0f2d7ecfd9e0f43ce837a4e73d139/l457.png,FALSE,0,GK,Goalkeeper,defense,Defense,44,0,70,0,69,0,42,0,73,0,34,0,40,0,26,0,55,0,12,0,14,0,45,0,14,0,84,0,19,0,13,0,17,0,83,0,78,0,80,0,84,0,84,0,13,0,20,0,29,0,11,0,83,0,80,0,24,0,84,0,11,0,78,0,78,0,36,0,60,0,18,0,46,0,17,0,44,0,15,0,,trait2_2,Footwork,"Exclusive foot saves, better performance on low shots",https://drop-assets.ea.com/images/1s2muXoHUmP1T0vGYKXSl1/6d265b13804069371f16a58788703a33/Footwork.png,playStyle,Play Style,,,,,,,,,,,,,,,,,,,,,,,,,,,,,,
247103,258,83,Dávid,Hancko,,12/13/1997 0:00,188,2,3,2,LALIGA EA SPORTS,82,https://ratings-images-prod.pulse.ea.com/FC25/full/player-portraits/p247103.png?padding=0.7,https://ratings-images-prod.pulse.ea.com/FC25/full/player-shields/en/247103.png?width=265,7,Left Back,LB,trait1_16,Precision Header,Performs headers with increased accuracy and power.,https://drop-assets.ea.com/images/3ync8fbblS4zLzF3p1VXmT/7752a5103c2ebd8be5cf1819379c66f4/Precision_Header.png,playStyle,Play Style,trait1_1024,Long Ball Pass,"Accurate, faster Lob and Lofted Through Passes",https://drop-assets.ea.com/images/7jwRDD4zkOsqRpc821t73d/16d46d57a5dfc7dd5dd5f8de0fd26a99/Long_Ball_Pass.png,playStyle,Play Style,0,Men's Football,43,Slovakia,https://drop-assets.ea.com/images/2cEMaB5jOYRIFsJQCycahY/6156324301f1c5f425d6c65141ced57b/f_43.png,240,Atlético de Madrid,https://drop-assets.ea.com/images/vYcueolPvaGx8blMqhPZ5/5dc3479fc8b85d475fd980c53fc2056f/l240.png,FALSE,5,CB,Center Back,defense,Defense,76,0,73,0,85,0,74,0,87,0,77,0,55,0,78,0,77,0,66,0,60,0,82,0,83,0,74,0,73,0,63,0,72,0,14,0,12,0,6,0,7,0,14,0,82,0,80,0,76,0,68,0,77,0,73,0,69,0,82,0,69,0,84,0,66,0,80,0,76,0,83,0,77,0,82,0,68,0,42,0,,trait1_16384,Jockey,"Faster Sprint Jockey, better transition speed",https://drop-assets.ea.com/images/7lHjpOBSghE6Ywt1jgVv1C/21f9914d00f073d79d4b46cac71b9087/Jockey.png,playStyle,Play Style,trait1_131072,Anticipate,"Improved standing tackle success, possibility of stopping ball at feet",https://drop-assets.ea.com/images/4xPnUcL7thizFB7qmhlwUR/1ade7a0f77d5e875c2db869964540a35/Anticipate.png,playStyle,Play Style,16,Left Midfielder,LM,,,,,,,,,,,,,,,,,,,,,
242964,261,83,Anthony,Gordon,,2/24/2001 0:00,183,3,3,1,Premier League,72,https://ratings-images-prod.pulse.ea.com/FC25/full/player-portraits/p242964.png?padding=0.7,https://ratings-images-prod.pulse.ea.com/FC25/full/player-shields/en/242964.png?width=265,23,Right Wing,RW,trait1_1,Finesse Shot,Faster finesse shots with more curve and accuracy,https://drop-assets.ea.com/images/468u1R1p2k1fA6WBHi0OEn/fb9d49ed2a8fb500cd5a184937b96b34/Finesse_Shot.png,playStyle,Play Style,trait1_4096,Whipped Pass,"Accurate, faster crosses with more curve",https://drop-assets.ea.com/images/FfTP29PWrRWZjEaiCCVoa/a1b345e4ae7023ed78b1efd68d28f392/Whipped_Pass.png,playStyle,Play Style,0,Men's Football,14,England,https://drop-assets.ea.com/images/6ZM1OFXGUFeV0ZaYVKj2z/ae88ef17f8cb179fbc1c463f7e1e4bd8/f_14.png,13,Newcastle Utd,https://drop-assets.ea.com/images/69fXoaX4p9zFwKaZYoNtNX/14d86649a9b5a3f7e876cc3d46357b5d/l13.png,FALSE,27,LW,Left Wing,attack,Attack,89,0,78,0,75,0,87,0,61,0,74,0,71,0,83,0,81,0,81,0,82,0,50,0,49,0,83,0,85,0,81,0,74,0,5,0,6,0,14,0,7,0,8,0,59,0,40,0,66,0,76,0,91,0,78,0,70,0,71,0,82,0,83,0,79,0,79,0,78,0,48,0,92,0,56,0,81,0,74,0,,trait1_2097152,Rapid,"Higher sprint speed while dribbling, reduced error on knock-ons",https://drop-assets.ea.com/images/1aGsvwKyIFlRG1eoJSS0Ot/a4d3d661ff962795a632fe86439d2146/Rapid.png,playStyle,Play Style,trait1_33554432,Quick Step,Faster acceleration during Explosive Sprint,https://drop-assets.ea.com/images/1xG25Zp3wvkLA5YewKiZah/f27f5fabd1e899fc0bbb817d2db233b1/Quick_Step.png,playStyle,Play Style,16,Left Midfielder,LM,,,,,,,,,,,,,,,,,,,,,
251752,262,83,Lucas,Chevalier,,11/6/2001 0:00,189,1,3,1,Ligue 1 McDonald's,84,https://ratings-images-prod.pulse.ea.com/FC25/full/player-portraits/p251752.png?padding=0.7,https://ratings-images-prod.pulse.ea.com/FC25/full/player-shields/en/251752.png?width=250,,,,trait2_2,Footwork,"Exclusive foot saves, better performance on low shots",https://drop-assets.ea.com/images/1s2muXoHUmP1T0vGYKXSl1/6d265b13804069371f16a58788703a33/Footwork.png,playStyle,Play Style,trait2_8,Rush Out,"Unique reflex saves, better close shot reads, faster rush",https://drop-assets.ea.com/images/4wwnzFkg1zLTAc4QSsXiWO/5fa897cf739a93bddf3556e2323f9b8b/1v1_Close_Down.png,playStyle,Play Style,0,Men's Football,18,France,https://drop-assets.ea.com/images/3ECAQzhfgSLWRf9IIHB6G8/7e235a7b2f93c1f73db7f89dc03b3657/f_18.png,73,Paris SG,https://drop-assets.ea.com/images/2QwnhmHh5K7bjkfZAF7ZCi/7c53874542fb5c606ff810a4b1f6b88b/l73.png,TRUE,0,GK,Goalkeeper,defense,Defense,52,0,38,0,63,0,41,0,53,0,23,0,38,0,17,0,45,0,12,0,15,0,50,0,10,0,86,0,14,0,9,0,14,0,84,0,79,0,73,0,80,0,86,0,12,0,10,0,34,0,8,0,84,0,73,0,16,0,80,0,7,0,80,0,79,0,38,0,55,0,11,0,46,0,10,0,47,0,9,0,,,,,,,,,,,,,,,,,,,,,,,,,,,,,,,,,,,,,
207410,264,83,Mateo,Kovačić,,5/6/1994 0:00,178,3,4,1,Premier League,77,https://ratings-images-prod.pulse.ea.com/FC25/full/player-portraits/p207410.png?padding=0.7,https://ratings-images-prod.pulse.ea.com/FC25/full/player-shields/en/207410.png?width=265,10,Center Defensive Midfielder,CDM,trait1_256,Incisive Pass,"Accurate through passes, curvier swerve passes, faster precision passes",https://drop-assets.ea.com/images/2K5BYfVYRnrdjt8F3hwI04/62f147b6a436c107bfa3d042c1d5728d/Incisive_Pass.png,playStyle,Play Style,trait1_16777216,Press Proven,"Close control at jog speed, shields ball more effectively",https://drop-assets.ea.com/images/5rUHwyLJRnvGV53Ba4Pj6M/9a3238695ae8103667ba02af391ac209/Press_Proven.png,playStyle,Play Style,0,Men's Football,10,Croatia,https://drop-assets.ea.com/images/4ZYNK06L8ZkJTrdtSby4NW/eb42cc852fc74ea3d3f5b8904fb5194f/f_10.png,10,Manchester City,https://drop-assets.ea.com/images/4asmNLic4aQn6cjlEg1t5u/88bea3ddd6c1f620bbf813041f248685/l10.png,FALSE,14,CM,Center Midfielder,midfielder,Midfielder,70,0,76,0,62,0,77,0,68,0,77,0,75,0,85,0,84,0,73,0,78,0,73,0,75,0,83,0,84,0,68,0,70,0,9,0,5,0,6,0,7,0,7,0,42,0,77,0,84,0,85,0,67,0,81,0,59,0,72,0,76,0,84,0,74,0,86,0,81,0,79,0,64,0,77,0,82,0,76,0,,,,,,,,,,,,,,18,Center Attacking Midfielder,CAM,,,,,,,,,,,,,,,,,,,,,
228813,265,83,Aleix,García Serrano,Aleix García,6/28/1997 0:00,173,3,3,1,Bundesliga,68,https://ratings-images-prod.pulse.ea.com/FC25/full/player-portraits/p228813.png?padding=0.7,https://ratings-images-prod.pulse.ea.com/FC25/full/player-shields/en/228813.png?width=265,10,Center Defensive Midfielder,CDM,trait1_8,Dead Ball,"Faster, accurate set pieces with longer trajectory preview",https://drop-assets.ea.com/images/1razu2wcM3XA82VvB7NyUm/eec6b07080e49d6bf2d7a7951a22375f/Dead_Ball.png,playStyle,Play Style,trait1_1024,Long Ball Pass,"Accurate, faster Lob and Lofted Through Passes",https://drop-assets.ea.com/images/7jwRDD4zkOsqRpc821t73d/16d46d57a5dfc7dd5dd5f8de0fd26a99/Long_Ball_Pass.png,playStyle,Play Style,0,Men's Football,45,Spain,https://drop-assets.ea.com/images/Kv8okAYMsDbB3ZKbxrAXw/9d30c88d16a4c85002f35c6af412c6f7/f_45.png,32,Leverkusen,https://drop-assets.ea.com/images/mGqQw1um1ucUAshcK0Eop/9c7fe656f526c98b217ff2a052377b5c/l32.png,FALSE,14,CM,Center Midfielder,midfielder,Midfielder,67,0,79,0,65,0,68,0,65,0,65,0,85,0,87,0,84,0,83,0,84,0,75,0,79,0,84,0,84,0,75,0,80,0,16,0,8,0,9,0,10,0,7,0,51,0,77,0,88,0,78,0,65,0,85,0,60,0,66,0,80,0,82,0,75,0,85,0,78,0,74,0,64,0,77,0,86,0,66,0,,trait1_2048,Tiki Taka,Accurate first-time Ground Passes,https://drop-assets.ea.com/images/2tvHC5JQ2sXrN8wUTJWLEA/94b0f6a78d1a9e1348a33c9772f23afd/Tiki_Taka.png,playStyle,Play Style,trait1_8192,Inventive,Fancy and Trivela passes are performed with improved accuracy.,https://drop-assets.ea.com/images/4fpo31RdL5T0vrzNqcSc4x/f82209bfd51270dcc447d4313b3e61f1/Inventive.png,playStyle,Play Style,,,,icontrait1_16777216,Press Proven+,"Exceptional close control at jog speed, shields ball more effectively",https://drop-assets.ea.com/images/Z2otVfOlVmGuQSxqZYSjz/717d956dfebae4193e8d746e8f3d300a/Press_Proven_.png,playStylePlus,Play Style Plus,,,,,,,,,,,,,,,
209989,266,83,Thomas,Partey,,6/13/1993 0:00,185,3,3,1,LALIGA EA SPORTS,77,https://ratings-images-prod.pulse.ea.com/FC25/full/player-portraits/p209989.png?padding=0.7,https://ratings-images-prod.pulse.ea.com/FC25/full/player-shields/en/209989.png?width=265,14,Center Midfielder,CM,trait1_512,Pinged Pass,Faster ground passes without affecting receiver's trapping,https://drop-assets.ea.com/images/1mXBWIBgJSpYoIa1C4r5FX/7220e78a4049530f4e9fa642b1656fa4/Pinged_Pass.png,playStyle,Play Style,trait1_16777216,Press Proven,"Close control at jog speed, shields ball more effectively",https://drop-assets.ea.com/images/5rUHwyLJRnvGV53Ba4Pj6M/9a3238695ae8103667ba02af391ac209/Press_Proven.png,playStyle,Play Style,0,Men's Football,117,Ghana,https://drop-assets.ea.com/images/64fYElRtof03DcI6oxno1D/1a2b0686d9693e59b832c3d06a737109/f_117.png,483,Villarreal CF,https://drop-assets.ea.com/images/xvk9pCQTX74mWG8EjcgYU/f631ffd2c7ac06bd43f2547fc44463c4/l483.png,FALSE,10,CDM,Center Defensive Midfielder,midfielder,Midfielder,53,0,63,0,74,0,76,0,84,0,84,0,50,0,81,0,85,0,74,0,69,0,80,0,80,0,77,0,80,0,66,0,67,0,11,0,13,0,9,0,9,0,7,0,68,0,82,0,84,0,79,0,59,0,80,0,49,0,82,0,70,0,80,0,71,0,85,0,85,0,78,0,63,0,84,0,80,0,56,0,,trait1_134217728,Long Throw,Powerful throw-ins for greater distance,https://drop-assets.ea.com/images/51OlohNQvoEwW0aLhknAHh/58fa7d903d10f6d8cfa2622f62ba6b6f/Long_Throw.png,playStyle,Play Style,,,,,,,3,Right Back,RB,,,,,,,,,,,,,,,,,,,,,
216435,267,83,Stanislav,Lobotka,,11/25/1994 0:00,170,3,4,1,Serie A Enilive,68,https://ratings-images-prod.pulse.ea.com/FC25/full/player-portraits/p216435.png?padding=0.7,https://ratings-images-prod.pulse.ea.com/FC25/full/player-shields/en/216435.png?width=265,10,Center Defensive Midfielder,CDM,trait1_1024,Long Ball Pass,"Accurate, faster Lob and Lofted Through Passes",https://drop-assets.ea.com/images/7jwRDD4zkOsqRpc821t73d/16d46d57a5dfc7dd5dd5f8de0fd26a99/Long_Ball_Pass.png,playStyle,Play Style,trait1_8192,Inventive,Fancy and Trivela passes are performed with improved accuracy.,https://drop-assets.ea.com/images/4fpo31RdL5T0vrzNqcSc4x/f82209bfd51270dcc447d4313b3e61f1/Inventive.png,playStyle,Play Style,0,Men's Football,43,Slovakia,https://drop-assets.ea.com/images/2cEMaB5jOYRIFsJQCycahY/6156324301f1c5f425d6c65141ced57b/f_43.png,48,SSC Napoli,https://drop-assets.ea.com/images/2FIV26KpnSXl3Nv8Ar6jk3/d8461aa150da3d433fccc34bc80c978f/l48.png,FALSE,14,CM,Center Midfielder,midfielder,Midfielder,76,0,75,0,65,0,88,0,61,0,76,0,85,0,85,0,77,0,75,0,75,0,76,0,78,0,82,0,81,0,68,0,55,0,10,0,7,0,16,0,13,0,14,0,45,0,80,0,85,0,77,0,71,0,80,0,56,0,71,0,76,0,81,0,69,0,85,0,69,0,75,0,67,0,81,0,82,0,43,0,,trait1_131072,Anticipate,"Improved standing tackle success, possibility of stopping ball at feet",https://drop-assets.ea.com/images/4xPnUcL7thizFB7qmhlwUR/1ade7a0f77d5e875c2db869964540a35/Anticipate.png,playStyle,Play Style,trait1_1048576,Technical,"Faster Controlled Sprint, precise wide turns while dribbling",https://drop-assets.ea.com/images/5Esx7NK4YBU44O4bo07rvb/69ca9417da7fd07905f6c6956ad93f6d/Technical.png,playStyle,Play Style,,,,trait1_4194304,First Touch,"Reduced trapping error, faster dribbling transition",https://drop-assets.ea.com/images/3f727XsoDVLbT49oMk0HBu/2787568be8ccb2d5daa2d18fabacad97/First_Touch.png,playStyle,Play Style,trait1_67108864,Relentless,"Increased half time fatigue recovery, longer teammate contain and press",https://drop-assets.ea.com/images/2vVuRxgvPNaAuFGqZZ9nDY/3e2505addd5a6b353becdeaf7173d187/Relentless.png,playStyle,Play Style,,,,,,,,,
253149,269,83,Jeremie,Frimpong,,12/10/2000 0:00,172,3,3,1,Premier League,65,https://ratings-images-prod.pulse.ea.com/FC25/full/player-portraits/p253149.png?padding=0.7,https://ratings-images-prod.pulse.ea.com/FC25/full/player-shields/en/253149.png?width=265,12,Right Midfielder,RM,trait1_262144,Slide Tackle,Stops ball at feet during slide tackles,https://drop-assets.ea.com/images/7mI1lrxE0pv9iJfQFki9OA/8c1ecac325f923e049be72231c8c968a/Slide_Tackle.png,playStyle,Play Style,trait1_2097152,Rapid,"Higher sprint speed while dribbling, reduced error on knock-ons",https://drop-assets.ea.com/images/1aGsvwKyIFlRG1eoJSS0Ot/a4d3d661ff962795a632fe86439d2146/Rapid.png,playStyle,Play Style,0,Men's Football,34,Holland,https://drop-assets.ea.com/images/7LmdSUm2Ge4fzqcz0NElvq/d272142c80713dcf0e5ec0a47232aeee/f_34.png,9,Liverpool,https://drop-assets.ea.com/images/3mmzooNXBDCKuCy6kWcGQo/2e332a30fe2a7225a88fcb1898f48bbf/l9.png,FALSE,3,RB,Right Back,defense,Defense,95,0,89,0,68,0,85,0,47,0,75,0,88,0,83,0,76,0,82,0,77,0,72,0,74,0,84,0,85,0,66,0,47,0,12,0,7,0,8,0,13,0,14,0,54,0,77,0,63,0,53,0,94,0,74,0,43,0,63,0,82,0,84,0,62,0,78,0,62,0,79,0,93,0,71,0,73,0,58,0,,trait1_33554432,Quick Step,Faster acceleration during Explosive Sprint,https://drop-assets.ea.com/images/1xG25Zp3wvkLA5YewKiZah/f27f5fabd1e899fc0bbb817d2db233b1/Quick_Step.png,playStyle,Play Style,,,,,,,23,Right Wing,RW,,,,,,,,,,,,,,,,,,,,,
177003,273,83,Luka,Modrić,,9/9/1985 0:00,172,4,4,1,Serie A Enilive,67,https://ratings-images-prod.pulse.ea.com/FC25/full/player-portraits/p177003.png?padding=0.7,https://ratings-images-prod.pulse.ea.com/FC25/full/player-shields/en/177003.png?width=265,18,Center Attacking Midfielder,CAM,trait1_256,Incisive Pass,"Accurate through passes, curvier swerve passes, faster precision passes",https://drop-assets.ea.com/images/2K5BYfVYRnrdjt8F3hwI04/62f147b6a436c107bfa3d042c1d5728d/Incisive_Pass.png,playStyle,Play Style,trait1_1024,Long Ball Pass,"Accurate, faster Lob and Lofted Through Passes",https://drop-assets.ea.com/images/7jwRDD4zkOsqRpc821t73d/16d46d57a5dfc7dd5dd5f8de0fd26a99/Long_Ball_Pass.png,playStyle,Play Style,0,Men's Football,10,Croatia,https://drop-assets.ea.com/images/4ZYNK06L8ZkJTrdtSby4NW/eb42cc852fc74ea3d3f5b8904fb5194f/f_10.png,131681,Milano FC,https://drop-assets.ea.com/images/6D3s1RlLRER3UOunC4Lofv/ec87a4178160a87521b0b7c688e7638e/l131681.png,FALSE,14,CM,Center Midfielder,midfielder,Midfielder,72,0,89,0,66,0,69,0,58,0,60,0,90,0,88,0,91,0,86,0,85,0,70,0,70,0,86,0,84,0,68,0,78,0,13,0,9,0,7,0,14,0,9,0,55,0,75,0,86,0,80,0,68,0,86,0,83,0,62,0,76,0,79,0,74,0,87,0,79,0,72,0,65,0,70,0,88,0,76,0,,trait1_4096,Whipped Pass,"Accurate, faster crosses with more curve",https://drop-assets.ea.com/images/FfTP29PWrRWZjEaiCCVoa/a1b345e4ae7023ed78b1efd68d28f392/Whipped_Pass.png,playStyle,Play Style,trait1_1048576,Technical,"Faster Controlled Sprint, precise wide turns while dribbling",https://drop-assets.ea.com/images/5Esx7NK4YBU44O4bo07rvb/69ca9417da7fd07905f6c6956ad93f6d/Technical.png,playStyle,Play Style,10,Center Defensive Midfielder,CDM,,,,,,,,,,,,,,,,,,,,,
208722,274,83,Sadio,Mané,,4/10/1992 0:00,174,4,4,1,ROSHN Saudi League,69,https://ratings-images-prod.pulse.ea.com/FC25/full/player-portraits/p208722.png?padding=0.7,https://ratings-images-prod.pulse.ea.com/FC25/full/player-shields/en/208722.png?width=265,12,Right Midfielder,RM,trait1_64,Low Driven Shot,"Enhances a player's ability to execute low driven shots with increased accuracy, faster ball travel, and quicker shot execution.",https://drop-assets.ea.com/images/1NfyWsEpQ7s9bhWWt92lbn/5b5dbeb0e55c2e9241cdc26c70ee2d2c/Low_Driven_Shot.png,playStyle,Play Style,trait1_128,Gamechanger,Fancy and Trivela shots are performed with improved accuracy.,https://drop-assets.ea.com/images/2v8I0GQrtREaEJzJcyStKe/e46d719e4e5ed88ac5a1f671c7448f4a/Gamechanger.png,playStyle,Play Style,0,Men's Football,136,Senegal,https://drop-assets.ea.com/images/5YFW1KnsSwDBZwtoXH9mTj/690bf685246b53efaf24d6f2de696eb3/f_136.png,112139,Al Nassr,https://drop-assets.ea.com/images/6oPkjdKPFc4aHfFp7UGXB7/262e529bd81a51c0b5f317e61b3f5985/l112139.png,FALSE,16,LM,Left Midfielder,midfielder,Midfielder,81,0,86,0,86,0,80,0,72,0,75,0,89,0,85,0,83,0,77,0,77,0,44,0,42,0,85,0,84,0,81,0,69,0,10,0,10,0,15,0,7,0,14,0,78,0,35,0,71,0,77,0,82,0,78,0,75,0,75,0,83,0,84,0,81,0,81,0,85,0,38,0,83,0,42,0,82,0,75,0,,trait1_524288,Aerial Fortress,Performs higher jumps and has physical defensive presence before and during aerial duels,https://drop-assets.ea.com/images/3rsDbUXd3MZX39YTsk6lKe/404db89f2237eeb7466668a730c52a4b/Aerial_Fortress.png,playStyle,Play Style,trait1_2097152,Rapid,"Higher sprint speed while dribbling, reduced error on knock-ons",https://drop-assets.ea.com/images/1aGsvwKyIFlRG1eoJSS0Ot/a4d3d661ff962795a632fe86439d2146/Rapid.png,playStyle,Play Style,25,Striker,ST,,,,,,,,,,,,,,,,,,,27,Left Wing,LW
193698,275,83,Oliver,Baumann,,6/2/1990 0:00,187,1,2,1,Bundesliga,82,https://ratings-images-prod.pulse.ea.com/FC25/full/player-portraits/p193698.png?padding=0.7,https://ratings-images-prod.pulse.ea.com/FC25/full/player-shields/en/193698.png?width=250,,,,trait2_2,Footwork,"Exclusive foot saves, better performance on low shots",https://drop-assets.ea.com/images/1s2muXoHUmP1T0vGYKXSl1/6d265b13804069371f16a58788703a33/Footwork.png,playStyle,Play Style,trait2_32,Deflector,"Unique deflection animations, powerful parries to safer areas",https://drop-assets.ea.com/images/6nb9RYWNVuvUaLZDskFao7/0ad930b0874e7c9454b31de942c0d3f1/Deflector.png,playStyle,Play Style,0,Men's Football,21,Germany,https://drop-assets.ea.com/images/6IIMMGk0Uj1rcZ6DSHTpLL/93f95b602dc62594104f418c8f80ebb3/f_21.png,10029,TSG Hoffenheim,https://drop-assets.ea.com/images/1ylwMQ1ia5SGcXYoIKhtdK/b24a8fed6fb30e01ea3fd15184b0046c/l10029.png,FALSE,0,GK,Goalkeeper,defense,Defense,37,0,45,0,66,0,39,0,69,0,32,0,43,0,17,0,52,0,14,0,12,0,39,0,15,0,83,0,19,0,11,0,11,0,83,0,81,0,78,0,80,0,83,0,16,0,21,0,30,0,13,0,83,0,78,0,22,0,80,0,10,0,82,0,81,0,34,0,59,0,14,0,41,0,18,0,44,0,11,0,,,,,,,,,,,,,,,,,,,,,,,,,,,,,,,,,,,,,
240243,276,83,Matheus Santos,Carneiro da Cunha,Matheus Cunha,5/27/1999 0:00,183,4,4,1,Premier League,76,https://ratings-images-prod.pulse.ea.com/FC25/full/player-portraits/p240243.png?padding=0.7,https://ratings-images-prod.pulse.ea.com/FC25/full/player-shields/en/240243.png?width=265,27,Left Wing,LW,trait1_4,Power Shot,Faster power shots with increased speed,https://drop-assets.ea.com/images/3ohVoKWSsvT44qgjabWqfV/e536ef26ad854c3c4cbf63ed7954b9cd/Power_Shot.png,playStyle,Play Style,trait1_8,Dead Ball,"Faster, accurate set pieces with longer trajectory preview",https://drop-assets.ea.com/images/1razu2wcM3XA82VvB7NyUm/eec6b07080e49d6bf2d7a7951a22375f/Dead_Ball.png,playStyle,Play Style,0,Men's Football,54,Brazil,https://drop-assets.ea.com/images/1zdNn1R9tRlfQ3lsbAOecD/a606f742789b6306363383a6e20dd003/f_54.png,11,Man Utd,https://drop-assets.ea.com/images/5xxJeUfFY6FEQZEJyJK35/990979becf88b88ecb6461dc441c2ebf/l11.png,FALSE,18,CAM,Center Attacking Midfielder,midfielder,Midfielder,78,0,76,0,79,0,82,0,73,0,72,0,74,0,87,0,83,0,79,0,83,0,44,0,43,0,84,0,85,0,85,0,70,0,8,0,7,0,13,0,13,0,11,0,68,0,42,0,75,0,88,0,77,0,79,0,76,0,75,0,80,0,82,0,85,0,81,0,87,0,39,0,76,0,41,0,81,0,78,0,,trait1_8192,Inventive,Fancy and Trivela passes are performed with improved accuracy.,https://drop-assets.ea.com/images/4fpo31RdL5T0vrzNqcSc4x/f82209bfd51270dcc447d4313b3e61f1/Inventive.png,playStyle,Play Style,trait1_4194304,First Touch,"Reduced trapping error, faster dribbling transition",https://drop-assets.ea.com/images/3f727XsoDVLbT49oMk0HBu/2787568be8ccb2d5daa2d18fabacad97/First_Touch.png,playStyle,Play Style,25,Striker,ST,trait1_8388608,Trickster,Performs unique flick Skill Moves,https://drop-assets.ea.com/images/47Ygd5ri33RgjIYGiTAJpj/f0723e6f2f89a98fb6e8200c3659c6a9/Trickster.png,playStyle,Play Style,,,,,,,,,,,,,,,
248148,277,83,Martín,Zubimendi Ibáñez,Zubimendi,2/2/1999 0:00,180,3,4,1,Premier League,74,https://ratings-images-prod.pulse.ea.com/FC25/full/player-portraits/p248148.png?padding=0.7,https://ratings-images-prod.pulse.ea.com/FC25/full/player-shields/en/248148.png?width=265,14,Center Midfielder,CM,trait1_65536,Intercept,Increased reach and possession retention in interceptions,https://drop-assets.ea.com/images/5ysv7Iw8jDHl7sp1JXqIa7/d34004fed8c95bde083dcf8257391a70/Intercept.png,playStyle,Play Style,trait1_524288,Aerial Fortress,Performs higher jumps and has physical defensive presence before and during aerial duels,https://drop-assets.ea.com/images/3rsDbUXd3MZX39YTsk6lKe/404db89f2237eeb7466668a730c52a4b/Aerial_Fortress.png,playStyle,Play Style,0,Men's Football,45,Spain,https://drop-assets.ea.com/images/Kv8okAYMsDbB3ZKbxrAXw/9d30c88d16a4c85002f35c6af412c6f7/f_45.png,1,Arsenal,https://drop-assets.ea.com/images/2ng99bvkwKaA228PJje39i/09d2df89a78377d3f8d3f78469cbadc9/l1.png,FALSE,10,CDM,Center Defensive Midfielder,midfielder,Midfielder,67,0,74,0,71,0,85,0,67,0,74,0,75,0,83,0,83,0,70,0,73,0,80,0,81,0,79,0,77,0,69,0,56,0,7,0,6,0,12,0,14,0,13,0,65,0,83,0,83,0,73,0,66,0,79,0,45,0,73,0,79,0,84,0,67,0,83,0,65,0,79,0,66,0,82,0,83,0,49,0,,,,,,,,,,,,,,,,,,,,,,,,,,,,,,,,,,,,,
199641,278,83,Matz,Sels,,2/26/1992 0:00,188,1,2,1,Premier League,75,https://ratings-images-prod.pulse.ea.com/FC25/full/player-portraits/p199641.png?padding=0.7,https://ratings-images-prod.pulse.ea.com/FC25/full/player-shields/en/199641.png?width=250,,,,trait2_16,Far Reach,"Unique far dive animations, better long shot saves",https://drop-assets.ea.com/images/7zbtymM2pCbANuM7wKFYZU/698e8ece65867df97e61189ac6666463/Far_Reach.png,playStyle,Play Style,,,,,,,0,Men's Football,7,Belgium,https://drop-assets.ea.com/images/7eZLPoDDyxSlQoqcS4NVA2/6fc085dc7e85ccd7519be7ff2df875ee/f_7.png,14,Nott'm Forest,https://drop-assets.ea.com/images/60CgBQCMt7Dtcjip9xUxg8/5fa49387c380bf4772138b215ef4fd85/l14.png,FALSE,0,GK,Goalkeeper,defense,Defense,37,0,36,0,65,0,26,0,67,0,29,0,34,0,33,0,62,0,16,0,17,0,36,0,14,0,83,0,19,0,16,0,17,0,82,0,80,0,79,0,83,0,83,0,14,0,17,0,53,0,18,0,82,0,79,0,22,0,83,0,18,0,80,0,80,0,48,0,59,0,14,0,35,0,15,0,58,0,19,0,,,,,,,,,,,,,,,,,,,,,,,,,,,,,,,,,,,,,
264240,279,83,Pablo Martín,Páez Gavira,Gavi,8/5/2004 0:00,173,3,3,1,LALIGA EA SPORTS,70,https://ratings-images-prod.pulse.ea.com/FC25/full/player-portraits/p264240.png?padding=0.7,https://ratings-images-prod.pulse.ea.com/FC25/full/player-shields/en/264240.png?width=265,18,Center Attacking Midfielder,CAM,trait1_2048,Tiki Taka,Accurate first-time Ground Passes,https://drop-assets.ea.com/images/2tvHC5JQ2sXrN8wUTJWLEA/94b0f6a78d1a9e1348a33c9772f23afd/Tiki_Taka.png,playStyle,Play Style,trait1_262144,Slide Tackle,Stops ball at feet during slide tackles,https://drop-assets.ea.com/images/7mI1lrxE0pv9iJfQFki9OA/8c1ecac325f923e049be72231c8c968a/Slide_Tackle.png,playStyle,Play Style,0,Men's Football,45,Spain,https://drop-assets.ea.com/images/Kv8okAYMsDbB3ZKbxrAXw/9d30c88d16a4c85002f35c6af412c6f7/f_45.png,241,FC Barcelona,https://drop-assets.ea.com/images/5VXhqALaBzgvb2YG8iJxlq/990024f3e3ecc9e6c37eae41ebef86bd/l241.png,TRUE,14,CM,Center Midfielder,midfielder,Midfielder,77,0,86,0,62,0,84,0,58,0,85,0,90,0,85,0,77,0,69,0,74,0,68,0,59,0,85,0,86,0,71,0,47,0,8,0,10,0,11,0,7,0,13,0,42,0,79,0,82,0,70,0,76,0,78,0,51,0,70,0,81,0,86,0,66,0,84,0,56,0,72,0,75,0,78,0,83,0,49,0,,trait1_16777216,Press Proven,"Close control at jog speed, shields ball more effectively",https://drop-assets.ea.com/images/5rUHwyLJRnvGV53Ba4Pj6M/9a3238695ae8103667ba02af391ac209/Press_Proven.png,playStyle,Play Style,trait1_67108864,Relentless,"Increased half time fatigue recovery, longer teammate contain and press",https://drop-assets.ea.com/images/2vVuRxgvPNaAuFGqZZ9nDY/3e2505addd5a6b353becdeaf7173d187/Relentless.png,playStyle,Play Style,,,,,,,,,,,,,,,,,,,,,,,,
235794,280,83,Eberechi,Eze,,6/29/1998 0:00,178,4,4,1,Premier League,67,https://ratings-images-prod.pulse.ea.com/FC25/full/player-portraits/p235794.png?padding=0.7,https://ratings-images-prod.pulse.ea.com/FC25/full/player-shields/en/235794.png?width=265,27,Left Wing,LW,trait1_1,Finesse Shot,Faster finesse shots with more curve and accuracy,https://drop-assets.ea.com/images/468u1R1p2k1fA6WBHi0OEn/fb9d49ed2a8fb500cd5a184937b96b34/Finesse_Shot.png,playStyle,Play Style,trait1_4,Power Shot,Faster power shots with increased speed,https://drop-assets.ea.com/images/3ohVoKWSsvT44qgjabWqfV/e536ef26ad854c3c4cbf63ed7954b9cd/Power_Shot.png,playStyle,Play Style,0,Men's Football,14,England,https://drop-assets.ea.com/images/6ZM1OFXGUFeV0ZaYVKj2z/ae88ef17f8cb179fbc1c463f7e1e4bd8/f_14.png,1,Arsenal,https://drop-assets.ea.com/images/2ng99bvkwKaA228PJje39i/09d2df89a78377d3f8d3f78469cbadc9/l1.png,FALSE,18,CAM,Center Attacking Midfielder,midfielder,Midfielder,73,0,87,0,71,0,76,0,68,0,58,0,89,0,87,0,87,0,76,0,82,0,50,0,40,0,87,0,87,0,79,0,77,0,10,0,12,0,9,0,14,0,10,0,56,0,52,0,78,0,82,0,74,0,81,0,76,0,68,0,80,0,82,0,80,0,83,0,81,0,42,0,75,0,58,0,83,0,79,0,,trait1_8,Dead Ball,"Faster, accurate set pieces with longer trajectory preview",https://drop-assets.ea.com/images/1razu2wcM3XA82VvB7NyUm/eec6b07080e49d6bf2d7a7951a22375f/Dead_Ball.png,playStyle,Play Style,trait1_128,Gamechanger,Fancy and Trivela shots are performed with improved accuracy.,https://drop-assets.ea.com/images/2v8I0GQrtREaEJzJcyStKe/e46d719e4e5ed88ac5a1f671c7448f4a/Gamechanger.png,playStyle,Play Style,25,Striker,ST,trait1_8192,Inventive,Fancy and Trivela passes are performed with improved accuracy.,https://drop-assets.ea.com/images/4fpo31RdL5T0vrzNqcSc4x/f82209bfd51270dcc447d4313b3e61f1/Inventive.png,playStyle,Play Style,trait1_1048576,Technical,"Faster Controlled Sprint, precise wide turns while dribbling",https://drop-assets.ea.com/images/5Esx7NK4YBU44O4bo07rvb/69ca9417da7fd07905f6c6956ad93f6d/Technical.png,playStyle,Play Style,trait1_4194304,First Touch,"Reduced trapping error, faster dribbling transition",https://drop-assets.ea.com/images/3f727XsoDVLbT49oMk0HBu/2787568be8ccb2d5daa2d18fabacad97/First_Touch.png,playStyle,Play Style,,,
263578,281,83,Alejandro,Balde Martínez,Balde,10/18/2003 0:00,175,3,4,2,LALIGA EA SPORTS,69,https://ratings-images-prod.pulse.ea.com/FC25/full/player-portraits/p263578.png?padding=0.7,https://ratings-images-prod.pulse.ea.com/FC25/full/player-shields/en/263578.png?width=265,16,Left Midfielder,LM,trait1_16384,Jockey,"Faster Sprint Jockey, better transition speed",https://drop-assets.ea.com/images/7lHjpOBSghE6Ywt1jgVv1C/21f9914d00f073d79d4b46cac71b9087/Jockey.png,playStyle,Play Style,trait1_131072,Anticipate,"Improved standing tackle success, possibility of stopping ball at feet",https://drop-assets.ea.com/images/4xPnUcL7thizFB7qmhlwUR/1ade7a0f77d5e875c2db869964540a35/Anticipate.png,playStyle,Play Style,0,Men's Football,45,Spain,https://drop-assets.ea.com/images/Kv8okAYMsDbB3ZKbxrAXw/9d30c88d16a4c85002f35c6af412c6f7/f_45.png,241,FC Barcelona,https://drop-assets.ea.com/images/5VXhqALaBzgvb2YG8iJxlq/990024f3e3ecc9e6c37eae41ebef86bd/l241.png,TRUE,7,LB,Left Back,defense,Defense,90,0,81,0,83,0,77,0,68,0,47,0,77,0,81,0,64,0,82,0,69,0,78,0,77,0,79,0,80,0,51,0,28,0,5,0,8,0,7,0,10,0,13,0,71,0,78,0,72,0,43,0,91,0,75,0,43,0,67,0,65,0,80,0,50,0,82,0,55,0,80,0,91,0,80,0,72,0,32,0,,trait1_33554432,Quick Step,Faster acceleration during Explosive Sprint,https://drop-assets.ea.com/images/1xG25Zp3wvkLA5YewKiZah/f27f5fabd1e899fc0bbb817d2db233b1/Quick_Step.png,playStyle,Play Style,,,,,,,,,,,,,,,,,,,,,,,,,,,,,,
186942,282,83,İlkay,Gündoğan,,10/24/1990 0:00,180,3,4,1,Trendyol Süper Lig,80,https://ratings-images-prod.pulse.ea.com/FC25/full/player-portraits/p186942.png?padding=0.7,https://ratings-images-prod.pulse.ea.com/FC25/full/player-shields/en/186942.png?width=265,10,Center Defensive Midfielder,CDM,trait1_2048,Tiki Taka,Accurate first-time Ground Passes,https://drop-assets.ea.com/images/2tvHC5JQ2sXrN8wUTJWLEA/94b0f6a78d1a9e1348a33c9772f23afd/Tiki_Taka.png,playStyle,Play Style,trait1_4194304,First Touch,"Reduced trapping error, faster dribbling transition",https://drop-assets.ea.com/images/3f727XsoDVLbT49oMk0HBu/2787568be8ccb2d5daa2d18fabacad97/First_Touch.png,playStyle,Play Style,0,Men's Football,21,Germany,https://drop-assets.ea.com/images/6IIMMGk0Uj1rcZ6DSHTpLL/93f95b602dc62594104f418c8f80ebb3/f_21.png,325,Galatasaray,https://drop-assets.ea.com/images/6P5sN0m3ZRE23vjlT8gh5q/f7f9acf3a7be5ea12f889d93dbdfd48f/l325.png,FALSE,14,CM,Center Midfielder,midfielder,Midfielder,54,0,65,0,60,0,67,0,66,0,70,0,74,0,84,0,84,0,77,0,84,0,74,0,77,0,80,0,81,0,79,0,80,0,11,0,14,0,5,0,5,0,13,0,50,0,78,0,85,0,79,0,54,0,83,0,79,0,67,0,78,0,84,0,79,0,85,0,81,0,67,0,54,0,78,0,83,0,75,0,,trait1_16777216,Press Proven,"Close control at jog speed, shields ball more effectively",https://drop-assets.ea.com/images/5rUHwyLJRnvGV53Ba4Pj6M/9a3238695ae8103667ba02af391ac209/Press_Proven.png,playStyle,Play Style,,,,,,,18,Center Attacking Midfielder,CAM,,,,,,,,,,,,,,,,,,,,,
243580,283,83,Loïs,Openda,,2/16/2000 0:00,175,3,4,1,Serie A Enilive,79,https://ratings-images-prod.pulse.ea.com/FC25/full/player-portraits/p243580.png?padding=0.7,https://ratings-images-prod.pulse.ea.com/FC25/full/player-shields/en/243580.png?width=265,,,,trait1_1,Finesse Shot,Faster finesse shots with more curve and accuracy,https://drop-assets.ea.com/images/468u1R1p2k1fA6WBHi0OEn/fb9d49ed2a8fb500cd5a184937b96b34/Finesse_Shot.png,playStyle,Play Style,trait1_32,Acrobatic,"Perform volleys with increased accuracy, acrobatic volley animations",https://drop-assets.ea.com/images/2sRRBHcIe0zrDwYaRI2xG3/d02b8c8855de853470897009e030eb5d/Acrobatic.png,playStyle,Play Style,0,Men's Football,7,Belgium,https://drop-assets.ea.com/images/7eZLPoDDyxSlQoqcS4NVA2/6fc085dc7e85ccd7519be7ff2df875ee/f_7.png,45,Juventus,https://drop-assets.ea.com/images/6zWQmPATtK8lpsiXbKb3mY/6b2d1dab08ef14f63271a5cd70a0db0d/l45.png,TRUE,25,ST,Striker,attack,Attack,94,0,83,0,93,0,83,0,80,0,74,0,85,0,81,0,80,0,69,0,66,0,31,0,29,0,81,0,79,0,84,0,53,0,9,0,8,0,10,0,8,0,13,0,79,0,26,0,59,0,74,0,95,0,69,0,74,0,80,0,83,0,84,0,81,0,75,0,85,0,19,0,96,0,23,0,69,0,77,0,,trait1_64,Low Driven Shot,"Enhances a player's ability to execute low driven shots with increased accuracy, faster ball travel, and quicker shot execution.",https://drop-assets.ea.com/images/1NfyWsEpQ7s9bhWWt92lbn/5b5dbeb0e55c2e9241cdc26c70ee2d2c/Low_Driven_Shot.png,playStyle,Play Style,trait1_2097152,Rapid,"Higher sprint speed while dribbling, reduced error on knock-ons",https://drop-assets.ea.com/images/1aGsvwKyIFlRG1eoJSS0Ot/a4d3d661ff962795a632fe86439d2146/Rapid.png,playStyle,Play Style,,,,trait1_33554432,Quick Step,Faster acceleration during Explosive Sprint,https://drop-assets.ea.com/images/1xG25Zp3wvkLA5YewKiZah/f27f5fabd1e899fc0bbb817d2db233b1/Quick_Step.png,playStyle,Play Style,,,,,,,,,,,,,,,
229391,284,83,João Maria,Palhinha Gonçalves,Palhinha,7/9/1995 0:00,190,2,4,1,Premier League,83,https://ratings-images-prod.pulse.ea.com/FC25/full/player-portraits/p229391.png?padding=0.7,https://ratings-images-prod.pulse.ea.com/FC25/full/player-shields/en/229391.png?width=265,14,Center Midfielder,CM,trait1_262144,Slide Tackle,Stops ball at feet during slide tackles,https://drop-assets.ea.com/images/7mI1lrxE0pv9iJfQFki9OA/8c1ecac325f923e049be72231c8c968a/Slide_Tackle.png,playStyle,Play Style,icontrait1_268435456,Bruiser+,Even greater strength in physical tackles,https://drop-assets.ea.com/images/6bmh6DEgcusgxP72p2dudl/700d6fffd8b2e792e6cd7fd02fb88314/Bruiser_.png,playStylePlus,Play Style Plus,0,Men's Football,38,Portugal,https://drop-assets.ea.com/images/3CxRD7XqY2NSlZ3628fY4S/abf38470644ee334e6a425b9272f7767/f_38.png,18,Spurs,https://drop-assets.ea.com/images/7kUcyCh5xGrzQlcjP2Q9NH/11aba507486f44765ee5938b1b5b097e/l18.png,FALSE,10,CDM,Center Defensive Midfielder,midfielder,Midfielder,54,0,51,0,83,0,79,0,86,0,91,0,50,0,76,0,84,0,60,0,66,0,84,0,83,0,72,0,75,0,66,0,45,0,14,0,10,0,8,0,7,0,7,0,81,0,85,0,77,0,67,0,56,0,70,0,57,0,85,0,69,0,79,0,68,0,77,0,81,0,85,0,58,0,86,0,71,0,55,0,,,,,,,,,,,,,,,,,,,,,,,,,,,,,,,,,,,,,
212194,285,83,Julian,Brandt,,5/2/1996 0:00,185,4,4,1,Bundesliga,83,https://ratings-images-prod.pulse.ea.com/FC25/full/player-portraits/p212194.png?padding=0.7,https://ratings-images-prod.pulse.ea.com/FC25/full/player-shields/en/212194.png?width=265,14,Center Midfielder,CM,trait1_8,Dead Ball,"Faster, accurate set pieces with longer trajectory preview",https://drop-assets.ea.com/images/1razu2wcM3XA82VvB7NyUm/eec6b07080e49d6bf2d7a7951a22375f/Dead_Ball.png,playStyle,Play Style,trait1_256,Incisive Pass,"Accurate through passes, curvier swerve passes, faster precision passes",https://drop-assets.ea.com/images/2K5BYfVYRnrdjt8F3hwI04/62f147b6a436c107bfa3d042c1d5728d/Incisive_Pass.png,playStyle,Play Style,0,Men's Football,21,Germany,https://drop-assets.ea.com/images/6IIMMGk0Uj1rcZ6DSHTpLL/93f95b602dc62594104f418c8f80ebb3/f_21.png,22,Borussia Dortmund,https://drop-assets.ea.com/images/TmqxUZk2FrbFXOK1kdE89/3dce225926ac7cfd9f283ecd731fa710/l22.png,FALSE,18,CAM,Center Attacking Midfielder,midfielder,Midfielder,67,0,83,0,69,0,85,0,72,0,44,0,82,0,85,0,85,0,78,0,82,0,44,0,49,0,84,0,84,0,77,0,78,0,11,0,16,0,11,0,8,0,9,0,54,0,56,0,83,0,78,0,74,0,83,0,55,0,70,0,82,0,82,0,78,0,85,0,82,0,39,0,79,0,29,0,86,0,81,0,,trait1_2048,Tiki Taka,Accurate first-time Ground Passes,https://drop-assets.ea.com/images/2tvHC5JQ2sXrN8wUTJWLEA/94b0f6a78d1a9e1348a33c9772f23afd/Tiki_Taka.png,playStyle,Play Style,trait1_8192,Inventive,Fancy and Trivela passes are performed with improved accuracy.,https://drop-assets.ea.com/images/4fpo31RdL5T0vrzNqcSc4x/f82209bfd51270dcc447d4313b3e61f1/Inventive.png,playStyle,Play Style,,,,trait1_1048576,Technical,"Faster Controlled Sprint, precise wide turns while dribbling",https://drop-assets.ea.com/images/5Esx7NK4YBU44O4bo07rvb/69ca9417da7fd07905f6c6956ad93f6d/Technical.png,playStyle,Play Style,trait1_4194304,First Touch,"Reduced trapping error, faster dribbling transition",https://drop-assets.ea.com/images/3f727XsoDVLbT49oMk0HBu/2787568be8ccb2d5daa2d18fabacad97/First_Touch.png,playStyle,Play Style,,,,,,,,,
224371,286,83,Jarrod,Bowen,,12/20/1996 0:00,175,4,4,2,Premier League,70,https://ratings-images-prod.pulse.ea.com/FC25/full/player-portraits/p224371.png?padding=0.7,https://ratings-images-prod.pulse.ea.com/FC25/full/player-shields/en/224371.png?width=265,25,Striker,ST,trait1_16,Precision Header,Performs headers with increased accuracy and power.,https://drop-assets.ea.com/images/3ync8fbblS4zLzF3p1VXmT/7752a5103c2ebd8be5cf1819379c66f4/Precision_Header.png,playStyle,Play Style,trait1_64,Low Driven Shot,"Enhances a player's ability to execute low driven shots with increased accuracy, faster ball travel, and quicker shot execution.",https://drop-assets.ea.com/images/1NfyWsEpQ7s9bhWWt92lbn/5b5dbeb0e55c2e9241cdc26c70ee2d2c/Low_Driven_Shot.png,playStyle,Play Style,0,Men's Football,14,England,https://drop-assets.ea.com/images/6ZM1OFXGUFeV0ZaYVKj2z/ae88ef17f8cb179fbc1c463f7e1e4bd8/f_14.png,19,West Ham,https://drop-assets.ea.com/images/60X4vXPDgGISHaqyOdUGkg/c7def9840658d49d646e4895e9e04e94/l19.png,FALSE,12,RM,Right Midfielder,midfielder,Midfielder,78,0,79,0,84,0,83,0,66,0,62,0,81,0,82,0,80,0,80,0,75,0,46,0,49,0,82,0,82,0,84,0,70,0,14,0,8,0,14,0,10,0,7,0,82,0,37,0,73,0,80,0,76,0,78,0,75,0,70,0,83,0,84,0,81,0,80,0,80,0,37,0,74,0,41,0,79,0,73,0,,trait1_128,Gamechanger,Fancy and Trivela shots are performed with improved accuracy.,https://drop-assets.ea.com/images/2v8I0GQrtREaEJzJcyStKe/e46d719e4e5ed88ac5a1f671c7448f4a/Gamechanger.png,playStyle,Play Style,trait1_1048576,Technical,"Faster Controlled Sprint, precise wide turns while dribbling",https://drop-assets.ea.com/images/5Esx7NK4YBU44O4bo07rvb/69ca9417da7fd07905f6c6956ad93f6d/Technical.png,playStyle,Play Style,23,Right Wing,RW,,,,,,,,,,,,,,,,,,,,,
278016,288,83,Murillo,Costa dos Santos,Murillo,7/4/2002 0:00,180,2,3,2,Premier League,75,https://ratings-images-prod.pulse.ea.com/FC25/full/player-portraits/p278016.png?padding=0.7,https://ratings-images-prod.pulse.ea.com/FC25/full/player-shields/en/278016.png?width=265,,,,trait1_1024,Long Ball Pass,"Accurate, faster Lob and Lofted Through Passes",https://drop-assets.ea.com/images/7jwRDD4zkOsqRpc821t73d/16d46d57a5dfc7dd5dd5f8de0fd26a99/Long_Ball_Pass.png,playStyle,Play Style,trait1_32768,Block,Increased reach and success in blocking,https://drop-assets.ea.com/images/2Rlftzr8lqUdI29suCQVWe/43c6c36e8bd5fa26b88478d4354611a2/Block.png,playStyle,Play Style,0,Men's Football,54,Brazil,https://drop-assets.ea.com/images/1zdNn1R9tRlfQ3lsbAOecD/a606f742789b6306363383a6e20dd003/f_54.png,14,Nott'm Forest,https://drop-assets.ea.com/images/60CgBQCMt7Dtcjip9xUxg8/5fa49387c380bf4772138b215ef4fd85/l14.png,FALSE,5,CB,Center Back,defense,Defense,83,0,65,0,95,0,70,0,90,0,81,0,63,0,73,0,79,0,53,0,57,0,83,0,83,0,71,0,69,0,33,0,56,0,14,0,9,0,14,0,12,0,13,0,79,0,83,0,77,0,60,0,80,0,67,0,52,0,83,0,40,0,82,0,48,0,76,0,72,0,84,0,78,0,83,0,62,0,35,0,,trait1_65536,Intercept,Increased reach and possession retention in interceptions,https://drop-assets.ea.com/images/5ysv7Iw8jDHl7sp1JXqIa7/d34004fed8c95bde083dcf8257391a70/Intercept.png,playStyle,Play Style,trait1_268435456,Bruiser,Stronger physical tackles,https://drop-assets.ea.com/images/7euMJ2jVypFrFPQesWuGGm/14019168b12faac1584a2920d5c2d5d9/Bruiser.png,playStyle,Play Style,,,,,,,,,,,,,,,,,,,,,,,,
236987,290,83,Boubacar,Kamara,,11/23/1999 0:00,184,3,3,1,Premier League,68,https://ratings-images-prod.pulse.ea.com/FC25/full/player-portraits/p236987.png?padding=0.7,https://ratings-images-prod.pulse.ea.com/FC25/full/player-shields/en/236987.png?width=265,14,Center Midfielder,CM,trait1_32768,Block,Increased reach and success in blocking,https://drop-assets.ea.com/images/2Rlftzr8lqUdI29suCQVWe/43c6c36e8bd5fa26b88478d4354611a2/Block.png,playStyle,Play Style,,,,,,,0,Men's Football,18,France,https://drop-assets.ea.com/images/3ECAQzhfgSLWRf9IIHB6G8/7e235a7b2f93c1f73db7f89dc03b3657/f_18.png,2,Aston Villa,https://drop-assets.ea.com/images/57c0ppYsEA88xL0gxqce8K/99605df97c6a96ea3b6e8a424c217af0/l2.png,FALSE,10,CDM,Center Defensive Midfielder,midfielder,Midfielder,62,0,66,0,78,0,81,0,79,0,80,0,72,0,80,0,85,0,64,0,59,0,83,0,84,0,75,0,73,0,47,0,47,0,8,0,12,0,8,0,6,0,11,0,72,0,85,0,77,0,63,0,64,0,74,0,63,0,80,0,62,0,81,0,55,0,84,0,67,0,80,0,65,0,86,0,75,0,28,0,,,,,,,,,,,,,,,,,,,,,,,,,,,,,,,,,,,,,
208920,291,83,Nathan,Aké,,2/18/1995 0:00,180,2,3,2,Premier League,75,https://ratings-images-prod.pulse.ea.com/FC25/full/player-portraits/p208920.png?padding=0.7,https://ratings-images-prod.pulse.ea.com/FC25/full/player-shields/en/208920.png?width=250,7,Left Back,LB,,,,,,,,,,,,,0,Men's Football,34,Holland,https://drop-assets.ea.com/images/7LmdSUm2Ge4fzqcz0NElvq/d272142c80713dcf0e5ec0a47232aeee/f_34.png,10,Manchester City,https://drop-assets.ea.com/images/4asmNLic4aQn6cjlEg1t5u/88bea3ddd6c1f620bbf813041f248685/l10.png,FALSE,5,CB,Center Back,defense,Defense,73,0,67,0,86,0,64,0,76,0,80,0,68,0,79,0,79,0,63,0,64,0,84,0,84,0,75,0,73,0,48,0,59,0,10,0,7,0,7,0,16,0,10,0,82,0,83,0,75,0,56,0,72,0,72,0,53,0,74,0,51,0,84,0,53,0,80,0,64,0,84,0,71,0,84,0,68,0,52,0,,,,,,,,,,,,,,16,Left Midfielder,LM,,,,,,,,,,,,,,,,,,,,,
241461,292,83,Ferran,Torres García,Ferran Torres,2/29/2000 0:00,184,4,4,1,LALIGA EA SPORTS,77,https://ratings-images-prod.pulse.ea.com/FC25/full/player-portraits/p241461.png?padding=0.7,https://ratings-images-prod.pulse.ea.com/FC25/full/player-shields/en/241461.png?width=265,23,Right Wing,RW,trait1_1,Finesse Shot,Faster finesse shots with more curve and accuracy,https://drop-assets.ea.com/images/468u1R1p2k1fA6WBHi0OEn/fb9d49ed2a8fb500cd5a184937b96b34/Finesse_Shot.png,playStyle,Play Style,trait1_1048576,Technical,"Faster Controlled Sprint, precise wide turns while dribbling",https://drop-assets.ea.com/images/5Esx7NK4YBU44O4bo07rvb/69ca9417da7fd07905f6c6956ad93f6d/Technical.png,playStyle,Play Style,0,Men's Football,45,Spain,https://drop-assets.ea.com/images/Kv8okAYMsDbB3ZKbxrAXw/9d30c88d16a4c85002f35c6af412c6f7/f_45.png,241,FC Barcelona,https://drop-assets.ea.com/images/5VXhqALaBzgvb2YG8iJxlq/990024f3e3ecc9e6c37eae41ebef86bd/l241.png,TRUE,27,LW,Left Wing,attack,Attack,86,0,85,0,84,0,72,0,69,0,54,0,78,0,83,0,82,0,81,0,76,0,35,0,35,0,83,0,84,0,84,0,60,0,12,0,9,0,11,0,15,0,12,0,75,0,34,0,77,0,81,0,83,0,79,0,74,0,68,0,82,0,81,0,81,0,82,0,79,0,28,0,80,0,24,0,79,0,74,0,,,,,,,,,,,,,,25,Striker,ST,,,,,,,,,,,,,,,,,,,16,Left Midfielder,LM
250959,293,83,Angelo,Stiller,,4/4/2001 0:00,183,3,3,2,Bundesliga,77,https://ratings-images-prod.pulse.ea.com/FC25/full/player-portraits/p250959.png?padding=0.7,https://ratings-images-prod.pulse.ea.com/FC25/full/player-shields/en/250959.png?width=265,14,Center Midfielder,CM,trait1_256,Incisive Pass,"Accurate through passes, curvier swerve passes, faster precision passes",https://drop-assets.ea.com/images/2K5BYfVYRnrdjt8F3hwI04/62f147b6a436c107bfa3d042c1d5728d/Incisive_Pass.png,playStyle,Play Style,trait1_1024,Long Ball Pass,"Accurate, faster Lob and Lofted Through Passes",https://drop-assets.ea.com/images/7jwRDD4zkOsqRpc821t73d/16d46d57a5dfc7dd5dd5f8de0fd26a99/Long_Ball_Pass.png,playStyle,Play Style,0,Men's Football,21,Germany,https://drop-assets.ea.com/images/6IIMMGk0Uj1rcZ6DSHTpLL/93f95b602dc62594104f418c8f80ebb3/f_21.png,36,VfB Stuttgart,https://drop-assets.ea.com/images/5kfh9LrPvDQKbQNF6k7CSF/9a70e7082aaba3b46ea8bd1e699f62de/l36.png,FALSE,10,CDM,Center Defensive Midfielder,midfielder,Midfielder,68,0,82,0,72,0,80,0,67,0,71,0,80,0,85,0,84,0,77,0,69,0,76,0,77,0,84,0,83,0,49,0,68,0,7,0,14,0,5,0,9,0,9,0,67,0,80,0,83,0,65,0,56,0,83,0,42,0,71,0,65,0,85,0,58,0,88,0,73,0,69,0,47,0,78,0,87,0,51,0,,trait1_16777216,Press Proven,"Close control at jog speed, shields ball more effectively",https://drop-assets.ea.com/images/5rUHwyLJRnvGV53Ba4Pj6M/9a3238695ae8103667ba02af391ac209/Press_Proven.png,playStyle,Play Style,icontrait1_2048,Tiki Taka+,Even greater accuracy in first-time Ground Passes,https://drop-assets.ea.com/images/41inaqjOz5PemcT2DAIIbO/ea5bce0dbf959316d4f7fea60824ef9b/Tiki_Taka_.png,playStylePlus,Play Style Plus,,,,,,,,,,,,,,,,,,,,,,,,
256197,294,83,Piero,Hincapié,,1/9/2002 0:00,184,3,2,2,Premier League,77,https://ratings-images-prod.pulse.ea.com/FC25/full/player-portraits/p256197.png?padding=0.7,https://ratings-images-prod.pulse.ea.com/FC25/full/player-shields/en/256197.png?width=265,7,Left Back,LB,trait1_16384,Jockey,"Faster Sprint Jockey, better transition speed",https://drop-assets.ea.com/images/7lHjpOBSghE6Ywt1jgVv1C/21f9914d00f073d79d4b46cac71b9087/Jockey.png,playStyle,Play Style,trait1_32768,Block,Increased reach and success in blocking,https://drop-assets.ea.com/images/2Rlftzr8lqUdI29suCQVWe/43c6c36e8bd5fa26b88478d4354611a2/Block.png,playStyle,Play Style,0,Men's Football,57,Ecuador,https://drop-assets.ea.com/images/66PiFUp2Q6vRExGveELXgV/e8199bd0e00c5c544ac498d6424aafa0/f_57.png,1,Arsenal,https://drop-assets.ea.com/images/2ng99bvkwKaA228PJje39i/09d2df89a78377d3f8d3f78469cbadc9/l1.png,FALSE,5,CB,Center Back,defense,Defense,80,0,74,0,88,0,85,0,77,0,87,0,69,0,74,0,76,0,55,0,56,0,84,0,83,0,72,0,70,0,41,0,32,0,9,0,15,0,10,0,6,0,9,0,79,0,83,0,74,0,31,0,84,0,65,0,33,0,82,0,60,0,82,0,41,0,78,0,50,0,88,0,88,0,85,0,57,0,33,0,,icontrait1_262144,Slide Tackle+,"Greatly improved slide tackle coverage, stops ball at feet",https://drop-assets.ea.com/images/oMoLHfawtU6s08cupTpup/4c19ef50d267273c4495deb32a06c9eb/Slide_Tackle_.png,playStylePlus,Play Style Plus,,,,,,,16,Left Midfielder,LM,,,,,,,,,,,,,,,,,,,,,
242458,295,83,Artem,Dovbyk,,6/21/1997 0:00,189,3,4,2,Serie A Enilive,78,https://ratings-images-prod.pulse.ea.com/FC25/full/player-portraits/p242458.png?padding=0.7,https://ratings-images-prod.pulse.ea.com/FC25/full/player-shields/en/242458.png?width=250,,,,,,,,,,,,,,,,0,Men's Football,49,Ukraine,https://drop-assets.ea.com/images/6qDmsmOUdD4va3zMohbKhb/0074f5347b6d5908bf7c36de17f1e512/f_49.png,52,AS Roma,https://drop-assets.ea.com/images/2ruQP0TDYcCmtVFKr9qMBI/5f53795056598b1faac31300900b8671/l52.png,FALSE,25,ST,Striker,attack,Attack,80,0,72,0,91,0,77,0,80,0,74,0,66,0,79,0,83,0,48,0,63,0,34,0,32,0,78,0,79,0,86,0,58,0,13,0,13,0,5,0,12,0,10,0,85,0,25,0,69,0,78,0,83,0,68,0,84,0,79,0,85,0,80,0,84,0,79,0,89,0,23,0,86,0,28,0,72,0,67,0,,,,,,,,,,,,,,,,,,,,,,,,,,,,,,,,,,,,,
257289,297,83,Hugo,Ekitiké,,6/20/2002 0:00,189,4,3,1,Premier League,70,https://ratings-images-prod.pulse.ea.com/FC25/full/player-portraits/p257289.png?padding=0.7,https://ratings-images-prod.pulse.ea.com/FC25/full/player-shields/en/257289.png?width=265,18,Center Attacking Midfielder,CAM,trait1_1,Finesse Shot,Faster finesse shots with more curve and accuracy,https://drop-assets.ea.com/images/468u1R1p2k1fA6WBHi0OEn/fb9d49ed2a8fb500cd5a184937b96b34/Finesse_Shot.png,playStyle,Play Style,trait1_2,Chip Shot,"Faster, more accurate chip shots",https://drop-assets.ea.com/images/6Gl08kt7odn1fJNX74CS2P/984feac3cd8d99902f5cb5131d5fd26a/Chip_Shot.png,playStyle,Play Style,0,Men's Football,18,France,https://drop-assets.ea.com/images/3ECAQzhfgSLWRf9IIHB6G8/7e235a7b2f93c1f73db7f89dc03b3657/f_18.png,9,Liverpool,https://drop-assets.ea.com/images/3mmzooNXBDCKuCy6kWcGQo/2e332a30fe2a7225a88fcb1898f48bbf/l9.png,FALSE,25,ST,Striker,attack,Attack,85,0,80,0,85,0,86,0,69,0,65,0,74,0,86,0,78,0,51,0,69,0,33,0,28,0,85,0,87,0,79,0,51,0,8,0,8,0,7,0,10,0,12,0,77,0,23,0,57,0,75,0,86,0,69,0,62,0,73,0,86,0,83,0,78,0,82,0,82,0,19,0,87,0,35,0,79,0,77,0,,trait1_1048576,Technical,"Faster Controlled Sprint, precise wide turns while dribbling",https://drop-assets.ea.com/images/5Esx7NK4YBU44O4bo07rvb/69ca9417da7fd07905f6c6956ad93f6d/Technical.png,playStyle,Play Style,,,,,,,,,,,,,,,,,,,,,,,,,,,,,,
192629,298,83,Iago,Aspas Juncal,Iago Aspas,8/1/1987 0:00,176,3,4,2,LALIGA EA SPORTS,67,https://ratings-images-prod.pulse.ea.com/FC25/full/player-portraits/p192629.png?padding=0.7,https://ratings-images-prod.pulse.ea.com/FC25/full/player-shields/en/192629.png?width=265,25,Striker,ST,trait1_1,Finesse Shot,Faster finesse shots with more curve and accuracy,https://drop-assets.ea.com/images/468u1R1p2k1fA6WBHi0OEn/fb9d49ed2a8fb500cd5a184937b96b34/Finesse_Shot.png,playStyle,Play Style,trait1_2,Chip Shot,"Faster, more accurate chip shots",https://drop-assets.ea.com/images/6Gl08kt7odn1fJNX74CS2P/984feac3cd8d99902f5cb5131d5fd26a/Chip_Shot.png,playStyle,Play Style,0,Men's Football,45,Spain,https://drop-assets.ea.com/images/Kv8okAYMsDbB3ZKbxrAXw/9d30c88d16a4c85002f35c6af412c6f7/f_45.png,450,Celta,https://drop-assets.ea.com/images/3t0uDwxQg2iWoXop58je1a/d5c49ec269ace3a1ad2ded5fb2e8a9ec/l450.png,FALSE,23,RW,Right Wing,attack,Attack,78,0,81,0,80,0,57,0,61,0,65,0,71,0,85,0,84,0,80,0,81,0,35,0,39,0,84,0,85,0,85,0,83,0,12,0,16,0,9,0,12,0,13,0,77,0,39,0,75,0,83,0,77,0,80,0,85,0,62,0,85,0,82,0,84,0,82,0,83,0,18,0,76,0,21,0,81,0,82,0,,trait1_8,Dead Ball,"Faster, accurate set pieces with longer trajectory preview",https://drop-assets.ea.com/images/1razu2wcM3XA82VvB7NyUm/eec6b07080e49d6bf2d7a7951a22375f/Dead_Ball.png,playStyle,Play Style,trait1_64,Low Driven Shot,"Enhances a player's ability to execute low driven shots with increased accuracy, faster ball travel, and quicker shot execution.",https://drop-assets.ea.com/images/1NfyWsEpQ7s9bhWWt92lbn/5b5dbeb0e55c2e9241cdc26c70ee2d2c/Low_Driven_Shot.png,playStyle,Play Style,12,Right Midfielder,RM,trait1_256,Incisive Pass,"Accurate through passes, curvier swerve passes, faster precision passes",https://drop-assets.ea.com/images/2K5BYfVYRnrdjt8F3hwI04/62f147b6a436c107bfa3d042c1d5728d/Incisive_Pass.png,playStyle,Play Style,,,,,,,,,,,,,,,
236610,299,83,Moise,Kean,,2/28/2000 0:00,183,3,3,1,Serie A Enilive,72,https://ratings-images-prod.pulse.ea.com/FC25/full/player-portraits/p236610.png?padding=0.7,https://ratings-images-prod.pulse.ea.com/FC25/full/player-shields/en/236610.png?width=265,,,,trait1_2,Chip Shot,"Faster, more accurate chip shots",https://drop-assets.ea.com/images/6Gl08kt7odn1fJNX74CS2P/984feac3cd8d99902f5cb5131d5fd26a/Chip_Shot.png,playStyle,Play Style,trait1_128,Gamechanger,Fancy and Trivela shots are performed with improved accuracy.,https://drop-assets.ea.com/images/2v8I0GQrtREaEJzJcyStKe/e46d719e4e5ed88ac5a1f671c7448f4a/Gamechanger.png,playStyle,Play Style,0,Men's Football,27,Italy,https://drop-assets.ea.com/images/2WtjWPqYzT7xcMCbvajGZH/d06e9ec4734a0d43d88f65386cc3a484/f_27.png,110374,Fiorentina,https://drop-assets.ea.com/images/j2Zuc19dll43zq88V7CgZ/d2e748909a451985aed5a26b122a4d8f/l110374.png,FALSE,25,ST,Striker,attack,Attack,84,0,79,0,89,0,82,0,72,0,65,0,79,0,83,0,77,0,51,0,69,0,40,0,40,0,81,0,82,0,88,0,48,0,13,0,8,0,10,0,7,0,9,0,83,0,31,0,46,0,69,0,86,0,58,0,65,0,74,0,86,0,78,0,82,0,68,0,87,0,30,0,87,0,36,0,58,0,72,0,,trait1_2097152,Rapid,"Higher sprint speed while dribbling, reduced error on knock-ons",https://drop-assets.ea.com/images/1aGsvwKyIFlRG1eoJSS0Ot/a4d3d661ff962795a632fe86439d2146/Rapid.png,playStyle,Play Style,,,,,,,,,,,,,,,,,,,,,,,,,,,,,,
253163,300,83,Ronald,Araujo,,3/7/1999 0:00,188,2,3,1,LALIGA EA SPORTS,79,https://ratings-images-prod.pulse.ea.com/FC25/full/player-portraits/p253163.png?padding=0.7,https://ratings-images-prod.pulse.ea.com/FC25/full/player-shields/en/253163.png?width=265,3,Right Back,RB,trait1_16,Precision Header,Performs headers with increased accuracy and power.,https://drop-assets.ea.com/images/3ync8fbblS4zLzF3p1VXmT/7752a5103c2ebd8be5cf1819379c66f4/Precision_Header.png,playStyle,Play Style,trait1_16384,Jockey,"Faster Sprint Jockey, better transition speed",https://drop-assets.ea.com/images/7lHjpOBSghE6Ywt1jgVv1C/21f9914d00f073d79d4b46cac71b9087/Jockey.png,playStyle,Play Style,0,Men's Football,60,Uruguay,https://drop-assets.ea.com/images/GRwJwZ17RfDveZX4N4L78/25beda9babb2d93a8ff7bb5487eb263b/f_60.png,241,FC Barcelona,https://drop-assets.ea.com/images/5VXhqALaBzgvb2YG8iJxlq/990024f3e3ecc9e6c37eae41ebef86bd/l241.png,TRUE,5,CB,Center Back,defense,Defense,73,0,54,0,91,0,72,0,87,0,87,0,55,0,66,0,76,0,58,0,47,0,81,0,79,0,61,0,55,0,56,0,45,0,11,0,14,0,9,0,11,0,8,0,83,0,81,0,66,0,35,0,80,0,63,0,43,0,83,0,56,0,81,0,53,0,73,0,68,0,82,0,85,0,83,0,59,0,38,0,,trait1_32768,Block,Increased reach and success in blocking,https://drop-assets.ea.com/images/2Rlftzr8lqUdI29suCQVWe/43c6c36e8bd5fa26b88478d4354611a2/Block.png,playStyle,Play Style,trait1_131072,Anticipate,"Improved standing tackle success, possibility of stopping ball at feet",https://drop-assets.ea.com/images/4xPnUcL7thizFB7qmhlwUR/1ade7a0f77d5e875c2db869964540a35/Anticipate.png,playStyle,Play Style,,,,trait1_262144,Slide Tackle,Stops ball at feet during slide tackles,https://drop-assets.ea.com/images/7mI1lrxE0pv9iJfQFki9OA/8c1ecac325f923e049be72231c8c968a/Slide_Tackle.png,playStyle,Play Style,trait1_524288,Aerial Fortress,Performs higher jumps and has physical defensive presence before and during aerial duels,https://drop-assets.ea.com/images/3rsDbUXd3MZX39YTsk6lKe/404db89f2237eeb7466668a730c52a4b/Aerial_Fortress.png,playStyle,Play Style,,,,,,,,,
213345,301,83,Kingsley,Coman,,6/13/1996 0:00,181,5,3,1,ROSHN Saudi League,75,https://ratings-images-prod.pulse.ea.com/FC25/full/player-portraits/p213345.png?padding=0.7,https://ratings-images-prod.pulse.ea.com/FC25/full/player-shields/en/213345.png?width=265,12,Right Midfielder,RM,trait1_4194304,First Touch,"Reduced trapping error, faster dribbling transition",https://drop-assets.ea.com/images/3f727XsoDVLbT49oMk0HBu/2787568be8ccb2d5daa2d18fabacad97/First_Touch.png,playStyle,Play Style,trait1_33554432,Quick Step,Faster acceleration during Explosive Sprint,https://drop-assets.ea.com/images/1xG25Zp3wvkLA5YewKiZah/f27f5fabd1e899fc0bbb817d2db233b1/Quick_Step.png,playStyle,Play Style,0,Men's Football,18,France,https://drop-assets.ea.com/images/3ECAQzhfgSLWRf9IIHB6G8/7e235a7b2f93c1f73db7f89dc03b3657/f_18.png,112139,Al Nassr,https://drop-assets.ea.com/images/6oPkjdKPFc4aHfFp7UGXB7/262e529bd81a51c0b5f317e61b3f5985/l112139.png,FALSE,16,LM,Left Midfielder,midfielder,Midfielder,90,0,91,0,78,0,65,0,66,0,38,0,85,0,87,0,78,0,80,0,83,0,30,0,29,0,87,0,88,0,73,0,70,0,5,0,3,0,5,0,3,0,5,0,61,0,23,0,73,0,72,0,87,0,79,0,65,0,61,0,79,0,82,0,75,0,80,0,82,0,21,0,84,0,27,0,80,0,78,0,,icontrait1_2097152,Rapid+,"Even higher sprint speed while dribbling, reduced error on knock-ons",https://drop-assets.ea.com/images/3bouBLJaUvpDtluboKK8gC/6fc716d67e1a7e9da59e2a2022018c11/Rapid_.png,playStylePlus,Play Style Plus,,,,,,,27,Left Wing,LW,,,,,,,,,,,,,,,,,,,,,
207421,304,83,Leandro,Trossard,,12/4/1994 0:00,171,4,5,1,Premier League,67,https://ratings-images-prod.pulse.ea.com/FC25/full/player-portraits/p207421.png?padding=0.7,https://ratings-images-prod.pulse.ea.com/FC25/full/player-shields/en/207421.png?width=265,25,Striker,ST,trait1_4096,Whipped Pass,"Accurate, faster crosses with more curve",https://drop-assets.ea.com/images/FfTP29PWrRWZjEaiCCVoa/a1b345e4ae7023ed78b1efd68d28f392/Whipped_Pass.png,playStyle,Play Style,,,,,,,0,Men's Football,7,Belgium,https://drop-assets.ea.com/images/7eZLPoDDyxSlQoqcS4NVA2/6fc085dc7e85ccd7519be7ff2df875ee/f_7.png,1,Arsenal,https://drop-assets.ea.com/images/2ng99bvkwKaA228PJje39i/09d2df89a78377d3f8d3f78469cbadc9/l1.png,FALSE,27,LW,Left Wing,attack,Attack,87,0,92,0,74,0,76,0,55,0,47,0,85,0,84,0,84,0,79,0,83,0,30,0,30,0,85,0,84,0,83,0,69,0,14,0,8,0,11,0,7,0,7,0,65,0,18,0,77,0,78,0,80,0,80,0,75,0,60,0,83,0,82,0,81,0,82,0,83,0,18,0,75,0,31,0,81,0,80,0,,,,,,,,,,,,,,16,Left Midfielder,LM,,,,,,,,,,,,,,,,,,,,,
231936,305,83,Benjamin,White,,10/8/1997 0:00,185,2,4,1,Premier League,77,https://ratings-images-prod.pulse.ea.com/FC25/full/player-portraits/p231936.png?padding=0.7,https://ratings-images-prod.pulse.ea.com/FC25/full/player-shields/en/231936.png?width=265,,,,trait1_32768,Block,Increased reach and success in blocking,https://drop-assets.ea.com/images/2Rlftzr8lqUdI29suCQVWe/43c6c36e8bd5fa26b88478d4354611a2/Block.png,playStyle,Play Style,,,,,,,0,Men's Football,14,England,https://drop-assets.ea.com/images/6ZM1OFXGUFeV0ZaYVKj2z/ae88ef17f8cb179fbc1c463f7e1e4bd8/f_14.png,1,Arsenal,https://drop-assets.ea.com/images/2ng99bvkwKaA228PJje39i/09d2df89a78377d3f8d3f78469cbadc9/l1.png,FALSE,3,RB,Right Back,defense,Defense,68,0,68,0,82,0,78,0,77,0,81,0,61,0,79,0,81,0,77,0,64,0,83,0,83,0,75,0,74,0,30,0,20,0,8,0,11,0,12,0,5,0,6,0,78,0,84,0,79,0,27,0,70,0,75,0,24,0,78,0,59,0,84,0,35,0,80,0,53,0,82,0,71,0,84,0,76,0,23,0,,,,,,,,,,,,,,,,,,,,,,,,,,,,,,,,,,,,,
241850,306,83,Mateo,Retegui,,4/29/1999 0:00,186,3,3,1,ROSHN Saudi League,86,https://ratings-images-prod.pulse.ea.com/FC25/full/player-portraits/p241850.png?padding=0.7,https://ratings-images-prod.pulse.ea.com/FC25/full/player-shields/en/241850.png?width=265,,,,trait1_16,Precision Header,Performs headers with increased accuracy and power.,https://drop-assets.ea.com/images/3ync8fbblS4zLzF3p1VXmT/7752a5103c2ebd8be5cf1819379c66f4/Precision_Header.png,playStyle,Play Style,trait1_64,Low Driven Shot,"Enhances a player's ability to execute low driven shots with increased accuracy, faster ball travel, and quicker shot execution.",https://drop-assets.ea.com/images/1NfyWsEpQ7s9bhWWt92lbn/5b5dbeb0e55c2e9241cdc26c70ee2d2c/Low_Driven_Shot.png,playStyle,Play Style,0,Men's Football,27,Italy,https://drop-assets.ea.com/images/2WtjWPqYzT7xcMCbvajGZH/d06e9ec4734a0d43d88f65386cc3a484/f_27.png,112391,Al Qadsiah,https://drop-assets.ea.com/images/OQhve5ubflu5c5OXWRlUV/4874b82f2bab16f04e6702812ac521a6/l112391.png,FALSE,25,ST,Striker,attack,Attack,69,0,68,0,81,0,74,0,81,0,64,0,58,0,84,0,77,0,51,0,68,0,37,0,34,0,78,0,78,0,88,0,52,0,7,0,9,0,9,0,13,0,9,0,86,0,32,0,67,0,74,0,72,0,67,0,76,0,76,0,86,0,80,0,83,0,78,0,84,0,25,0,74,0,30,0,68,0,80,0,,trait1_4194304,First Touch,"Reduced trapping error, faster dribbling transition",https://drop-assets.ea.com/images/3f727XsoDVLbT49oMk0HBu/2787568be8ccb2d5daa2d18fabacad97/First_Touch.png,playStyle,Play Style,trait1_536870912,Enforcer,Performs dribble Shoulder Challenges and Shielding with increased effectiveness.,https://drop-assets.ea.com/images/2sNQz8b9dgV0hW8vl7oOvV/d7a503dbd4c73b232055b3ca06aa88eb/Enforcer.png,playStyle,Play Style,,,,,,,,,,,,,,,,,,,,,,,,
216460,308,83,José María,Giménez,,1/20/1995 0:00,185,2,3,1,LALIGA EA SPORTS,79,https://ratings-images-prod.pulse.ea.com/FC25/full/player-portraits/p216460.png?padding=0.7,https://ratings-images-prod.pulse.ea.com/FC25/full/player-shields/en/216460.png?width=265,,,,trait1_16,Precision Header,Performs headers with increased accuracy and power.,https://drop-assets.ea.com/images/3ync8fbblS4zLzF3p1VXmT/7752a5103c2ebd8be5cf1819379c66f4/Precision_Header.png,playStyle,Play Style,trait1_1024,Long Ball Pass,"Accurate, faster Lob and Lofted Through Passes",https://drop-assets.ea.com/images/7jwRDD4zkOsqRpc821t73d/16d46d57a5dfc7dd5dd5f8de0fd26a99/Long_Ball_Pass.png,playStyle,Play Style,0,Men's Football,60,Uruguay,https://drop-assets.ea.com/images/GRwJwZ17RfDveZX4N4L78/25beda9babb2d93a8ff7bb5487eb263b/f_60.png,240,Atlético de Madrid,https://drop-assets.ea.com/images/vYcueolPvaGx8blMqhPZ5/5dc3479fc8b85d475fd980c53fc2056f/l240.png,FALSE,5,CB,Center Back,defense,Defense,68,0,60,0,87,0,71,0,85,0,87,0,57,0,70,0,75,0,47,0,37,0,85,0,87,0,62,0,55,0,37,0,44,0,9,0,11,0,7,0,10,0,15,0,82,0,84,0,72,0,48,0,73,0,60,0,40,0,82,0,25,0,78,0,46,0,75,0,73,0,85,0,77,0,85,0,46,0,34,0,,trait1_262144,Slide Tackle,Stops ball at feet during slide tackles,https://drop-assets.ea.com/images/7mI1lrxE0pv9iJfQFki9OA/8c1ecac325f923e049be72231c8c968a/Slide_Tackle.png,playStyle,Play Style,,,,,,,,,,,,,,,,,,,,,,,,,,,,,,
229582,309,83,Gianluca,Mancini,,4/17/1996 0:00,190,2,3,1,Serie A Enilive,77,https://ratings-images-prod.pulse.ea.com/FC25/full/player-portraits/p229582.png?padding=0.7,https://ratings-images-prod.pulse.ea.com/FC25/full/player-shields/en/229582.png?width=265,,,,trait1_16,Precision Header,Performs headers with increased accuracy and power.,https://drop-assets.ea.com/images/3ync8fbblS4zLzF3p1VXmT/7752a5103c2ebd8be5cf1819379c66f4/Precision_Header.png,playStyle,Play Style,trait1_65536,Intercept,Increased reach and possession retention in interceptions,https://drop-assets.ea.com/images/5ysv7Iw8jDHl7sp1JXqIa7/d34004fed8c95bde083dcf8257391a70/Intercept.png,playStyle,Play Style,0,Men's Football,27,Italy,https://drop-assets.ea.com/images/2WtjWPqYzT7xcMCbvajGZH/d06e9ec4734a0d43d88f65386cc3a484/f_27.png,52,AS Roma,https://drop-assets.ea.com/images/2ruQP0TDYcCmtVFKr9qMBI/5f53795056598b1faac31300900b8671/l52.png,FALSE,5,CB,Center Back,defense,Defense,65,0,35,0,85,0,84,0,79,0,87,0,58,0,76,0,83,0,34,0,38,0,85,0,87,0,64,0,59,0,48,0,34,0,13,0,12,0,8,0,6,0,8,0,84,0,85,0,72,0,58,0,70,0,57,0,47,0,82,0,36,0,85,0,50,0,70,0,51,0,78,0,74,0,84,0,56,0,40,0,,trait1_131072,Anticipate,"Improved standing tackle success, possibility of stopping ball at feet",https://drop-assets.ea.com/images/4xPnUcL7thizFB7qmhlwUR/1ade7a0f77d5e875c2db869964540a35/Anticipate.png,playStyle,Play Style,trait1_268435456,Bruiser,Stronger physical tackles,https://drop-assets.ea.com/images/7euMJ2jVypFrFPQesWuGGm/14019168b12faac1584a2920d5c2d5d9/Bruiser.png,playStyle,Play Style,,,,,,,,,,,,,,,,,,,,,,,,
244263,310,83,Amir,Rrahmani,,2/24/1994 0:00,192,2,4,1,Serie A Enilive,75,https://ratings-images-prod.pulse.ea.com/FC25/full/player-portraits/p244263.png?padding=0.7,https://ratings-images-prod.pulse.ea.com/FC25/full/player-shields/en/244263.png?width=265,,,,trait1_1024,Long Ball Pass,"Accurate, faster Lob and Lofted Through Passes",https://drop-assets.ea.com/images/7jwRDD4zkOsqRpc821t73d/16d46d57a5dfc7dd5dd5f8de0fd26a99/Long_Ball_Pass.png,playStyle,Play Style,trait1_32768,Block,Increased reach and success in blocking,https://drop-assets.ea.com/images/2Rlftzr8lqUdI29suCQVWe/43c6c36e8bd5fa26b88478d4354611a2/Block.png,playStyle,Play Style,0,Men's Football,219,Kosovo,https://drop-assets.ea.com/images/4YJ3M3GAeLdL1Q8hN7ARmo/bfa48edbf3007805182f5372e3d45189/f_219.png,48,SSC Napoli,https://drop-assets.ea.com/images/2FIV26KpnSXl3Nv8Ar6jk3/d8461aa150da3d433fccc34bc80c978f/l48.png,FALSE,5,CB,Center Back,defense,Defense,54,0,48,0,81,0,71,0,80,0,81,0,52,0,71,0,70,0,49,0,49,0,84,0,87,0,63,0,59,0,43,0,41,0,12,0,8,0,13,0,8,0,7,0,81,0,85,0,68,0,66,0,69,0,60,0,34,0,78,0,49,0,80,0,51,0,74,0,60,0,80,0,82,0,82,0,48,0,39,0,,trait1_262144,Slide Tackle,Stops ball at feet during slide tackles,https://drop-assets.ea.com/images/7mI1lrxE0pv9iJfQFki9OA/8c1ecac325f923e049be72231c8c968a/Slide_Tackle.png,playStyle,Play Style,trait1_524288,Aerial Fortress,Performs higher jumps and has physical defensive presence before and during aerial duels,https://drop-assets.ea.com/images/3rsDbUXd3MZX39YTsk6lKe/404db89f2237eeb7466668a730c52a4b/Aerial_Fortress.png,playStyle,Play Style,,,,,,,,,,,,,,,,,,,,,,,,
238095,312,83,Nikola,Milenković,,10/12/1997 0:00,195,2,3,1,Premier League,90,https://ratings-images-prod.pulse.ea.com/FC25/full/player-portraits/p238095.png?padding=0.7,https://ratings-images-prod.pulse.ea.com/FC25/full/player-shields/en/238095.png?width=265,,,,trait1_1024,Long Ball Pass,"Accurate, faster Lob and Lofted Through Passes",https://drop-assets.ea.com/images/7jwRDD4zkOsqRpc821t73d/16d46d57a5dfc7dd5dd5f8de0fd26a99/Long_Ball_Pass.png,playStyle,Play Style,trait1_131072,Anticipate,"Improved standing tackle success, possibility of stopping ball at feet",https://drop-assets.ea.com/images/4xPnUcL7thizFB7qmhlwUR/1ade7a0f77d5e875c2db869964540a35/Anticipate.png,playStyle,Play Style,0,Men's Football,51,Serbia,https://drop-assets.ea.com/images/2GKu0zRZkrHdnQe5yZ5cSP/3ef9ea7c2fdd64aba769e1308bf133f0/f_51.png,14,Nott'm Forest,https://drop-assets.ea.com/images/60CgBQCMt7Dtcjip9xUxg8/5fa49387c380bf4772138b215ef4fd85/l14.png,FALSE,5,CB,Center Back,defense,Defense,62,0,40,0,88,0,77,0,90,0,86,0,33,0,70,0,78,0,66,0,43,0,84,0,85,0,62,0,60,0,38,0,29,0,8,0,7,0,13,0,7,0,14,0,85,0,82,0,67,0,54,0,57,0,63,0,34,0,86,0,33,0,83,0,46,0,73,0,60,0,81,0,53,0,86,0,55,0,62,0,,trait1_524288,Aerial Fortress,Performs higher jumps and has physical defensive presence before and during aerial duels,https://drop-assets.ea.com/images/3rsDbUXd3MZX39YTsk6lKe/404db89f2237eeb7466668a730c52a4b/Aerial_Fortress.png,playStyle,Play Style,,,,,,,,,,,,,,,,,,,,,,,,,,,,,,
233486,313,83,Robin,Le Normand,,11/11/1996 0:00,187,2,3,1,LALIGA EA SPORTS,80,https://ratings-images-prod.pulse.ea.com/FC25/full/player-portraits/p233486.png?padding=0.7,https://ratings-images-prod.pulse.ea.com/FC25/full/player-shields/en/233486.png?width=265,,,,trait1_262144,Slide Tackle,Stops ball at feet during slide tackles,https://drop-assets.ea.com/images/7mI1lrxE0pv9iJfQFki9OA/8c1ecac325f923e049be72231c8c968a/Slide_Tackle.png,playStyle,Play Style,trait1_524288,Aerial Fortress,Performs higher jumps and has physical defensive presence before and during aerial duels,https://drop-assets.ea.com/images/3rsDbUXd3MZX39YTsk6lKe/404db89f2237eeb7466668a730c52a4b/Aerial_Fortress.png,playStyle,Play Style,0,Men's Football,45,Spain,https://drop-assets.ea.com/images/Kv8okAYMsDbB3ZKbxrAXw/9d30c88d16a4c85002f35c6af412c6f7/f_45.png,240,Atlético de Madrid,https://drop-assets.ea.com/images/vYcueolPvaGx8blMqhPZ5/5dc3479fc8b85d475fd980c53fc2056f/l240.png,FALSE,5,CB,Center Back,defense,Defense,60,0,54,0,86,0,70,0,86,0,76,0,62,0,74,0,73,0,35,0,34,0,84,0,84,0,63,0,55,0,22,0,25,0,9,0,13,0,14,0,15,0,10,0,85,0,83,0,74,0,22,0,65,0,59,0,34,0,80,0,21,0,83,0,28,0,81,0,45,0,82,0,69,0,86,0,48,0,38,0,,,,,,,,,,,,,,,,,,,,,,,,,,,,,,,,,,,,,
209658,315,82,Leon,Goretzka,,2/6/1995 0:00,189,3,4,1,Bundesliga,82,https://ratings-images-prod.pulse.ea.com/FC25/full/player-portraits/p209658.png?padding=0.7,https://ratings-images-prod.pulse.ea.com/FC25/full/player-shields/en/209658.png?width=265,10,Center Defensive Midfielder,CDM,trait1_4,Power Shot,Faster power shots with increased speed,https://drop-assets.ea.com/images/3ohVoKWSsvT44qgjabWqfV/e536ef26ad854c3c4cbf63ed7954b9cd/Power_Shot.png,playStyle,Play Style,trait1_16,Precision Header,Performs headers with increased accuracy and power.,https://drop-assets.ea.com/images/3ync8fbblS4zLzF3p1VXmT/7752a5103c2ebd8be5cf1819379c66f4/Precision_Header.png,playStyle,Play Style,0,Men's Football,21,Germany,https://drop-assets.ea.com/images/6IIMMGk0Uj1rcZ6DSHTpLL/93f95b602dc62594104f418c8f80ebb3/f_21.png,21,FC Bayern München,https://drop-assets.ea.com/images/3p0dv1pGWIH6lGAKZssZKH/4f70d2c5a3c147f3e006c863e85e4993/l21.png,FALSE,14,CM,Center Midfielder,midfielder,Midfielder,72,0,74,0,84,0,69,0,87,0,83,0,71,0,82,0,82,0,74,0,76,0,80,0,75,0,80,0,80,0,76,0,70,0,13,0,8,0,15,0,11,0,9,0,84,0,85,0,84,0,82,0,77,0,80,0,60,0,82,0,84,0,85,0,78,0,85,0,83,0,75,0,81,0,83,0,79,0,74,0,,trait1_256,Incisive Pass,"Accurate through passes, curvier swerve passes, faster precision passes",https://drop-assets.ea.com/images/2K5BYfVYRnrdjt8F3hwI04/62f147b6a436c107bfa3d042c1d5728d/Incisive_Pass.png,playStyle,Play Style,trait1_524288,Aerial Fortress,Performs higher jumps and has physical defensive presence before and during aerial duels,https://drop-assets.ea.com/images/3rsDbUXd3MZX39YTsk6lKe/404db89f2237eeb7466668a730c52a4b/Aerial_Fortress.png,playStyle,Play Style,18,Center Attacking Midfielder,CAM,trait1_268435456,Bruiser,Stronger physical tackles,https://drop-assets.ea.com/images/7euMJ2jVypFrFPQesWuGGm/14019168b12faac1584a2920d5c2d5d9/Bruiser.png,playStyle,Play Style,,,,,,,,,,,,,,,
223334,316,82,Joelinton,Apolinário de Lira,Joelinton,8/14/1996 0:00,186,3,3,1,Premier League,81,https://ratings-images-prod.pulse.ea.com/FC25/full/player-portraits/p223334.png?padding=0.7,https://ratings-images-prod.pulse.ea.com/FC25/full/player-shields/en/223334.png?width=265,27,Left Wing,LW,trait1_524288,Aerial Fortress,Performs higher jumps and has physical defensive presence before and during aerial duels,https://drop-assets.ea.com/images/3rsDbUXd3MZX39YTsk6lKe/404db89f2237eeb7466668a730c52a4b/Aerial_Fortress.png,playStyle,Play Style,trait1_16777216,Press Proven,"Close control at jog speed, shields ball more effectively",https://drop-assets.ea.com/images/5rUHwyLJRnvGV53Ba4Pj6M/9a3238695ae8103667ba02af391ac209/Press_Proven.png,playStyle,Play Style,0,Men's Football,54,Brazil,https://drop-assets.ea.com/images/1zdNn1R9tRlfQ3lsbAOecD/a606f742789b6306363383a6e20dd003/f_54.png,13,Newcastle Utd,https://drop-assets.ea.com/images/69fXoaX4p9zFwKaZYoNtNX/14d86649a9b5a3f7e876cc3d46357b5d/l13.png,FALSE,14,CM,Center Midfielder,midfielder,Midfielder,69,0,68,0,90,0,89,0,90,0,91,0,66,0,83,0,83,0,73,0,62,0,82,0,79,0,81,0,83,0,75,0,38,0,9,0,13,0,8,0,13,0,13,0,82,0,84,0,79,0,63,0,74,0,77,0,61,0,90,0,79,0,85,0,73,0,84,0,84,0,77,0,78,0,84,0,80,0,60,0,,trait1_67108864,Relentless,"Increased half time fatigue recovery, longer teammate contain and press",https://drop-assets.ea.com/images/2vVuRxgvPNaAuFGqZZ9nDY/3e2505addd5a6b353becdeaf7173d187/Relentless.png,playStyle,Play Style,trait1_268435456,Bruiser,Stronger physical tackles,https://drop-assets.ea.com/images/7euMJ2jVypFrFPQesWuGGm/14019168b12faac1584a2920d5c2d5d9/Bruiser.png,playStyle,Play Style,16,Left Midfielder,LM,trait1_536870912,Enforcer,Performs dribble Shoulder Challenges and Shielding with increased effectiveness.,https://drop-assets.ea.com/images/2sNQz8b9dgV0hW8vl7oOvV/d7a503dbd4c73b232055b3ca06aa88eb/Enforcer.png,playStyle,Play Style,,,,,,,,,,,,,,,
246863,320,82,Felix,Nmecha,,10/10/2000 0:00,194,4,3,1,Bundesliga,80,https://ratings-images-prod.pulse.ea.com/FC25/full/player-portraits/p246863.png?padding=0.7,https://ratings-images-prod.pulse.ea.com/FC25/full/player-shields/en/246863.png?width=265,14,Center Midfielder,CM,trait1_32768,Block,Increased reach and success in blocking,https://drop-assets.ea.com/images/2Rlftzr8lqUdI29suCQVWe/43c6c36e8bd5fa26b88478d4354611a2/Block.png,playStyle,Play Style,trait1_524288,Aerial Fortress,Performs higher jumps and has physical defensive presence before and during aerial duels,https://drop-assets.ea.com/images/3rsDbUXd3MZX39YTsk6lKe/404db89f2237eeb7466668a730c52a4b/Aerial_Fortress.png,playStyle,Play Style,0,Men's Football,21,Germany,https://drop-assets.ea.com/images/6IIMMGk0Uj1rcZ6DSHTpLL/93f95b602dc62594104f418c8f80ebb3/f_21.png,22,Borussia Dortmund,https://drop-assets.ea.com/images/TmqxUZk2FrbFXOK1kdE89/3dce225926ac7cfd9f283ecd731fa710/l22.png,FALSE,10,CDM,Center Defensive Midfielder,midfielder,Midfielder,77,0,77,0,94,0,78,0,90,0,82,0,76,0,82,0,79,0,59,0,72,0,80,0,78,0,81,0,83,0,73,0,49,0,6,0,10,0,12,0,13,0,8,0,83,0,79,0,80,0,73,0,82,0,73,0,55,0,86,0,76,0,80,0,74,0,80,0,81,0,80,0,86,0,83,0,77,0,66,0,,trait1_16777216,Press Proven,"Close control at jog speed, shields ball more effectively",https://drop-assets.ea.com/images/5rUHwyLJRnvGV53Ba4Pj6M/9a3238695ae8103667ba02af391ac209/Press_Proven.png,playStyle,Play Style,trait1_268435456,Bruiser,Stronger physical tackles,https://drop-assets.ea.com/images/7euMJ2jVypFrFPQesWuGGm/14019168b12faac1584a2920d5c2d5d9/Bruiser.png,playStyle,Play Style,,,,,,,,,,,,,,,,,,,,,,,,
227236,323,82,André-Franck,Zambo Anguissa,,11/16/1995 0:00,184,3,3,1,Serie A Enilive,83,https://ratings-images-prod.pulse.ea.com/FC25/full/player-portraits/p227236.png?padding=0.7,https://ratings-images-prod.pulse.ea.com/FC25/full/player-shields/en/227236.png?width=265,18,Center Attacking Midfielder,CAM,trait1_16,Precision Header,Performs headers with increased accuracy and power.,https://drop-assets.ea.com/images/3ync8fbblS4zLzF3p1VXmT/7752a5103c2ebd8be5cf1819379c66f4/Precision_Header.png,playStyle,Play Style,trait1_524288,Aerial Fortress,Performs higher jumps and has physical defensive presence before and during aerial duels,https://drop-assets.ea.com/images/3rsDbUXd3MZX39YTsk6lKe/404db89f2237eeb7466668a730c52a4b/Aerial_Fortress.png,playStyle,Play Style,0,Men's Football,103,Cameroon,https://drop-assets.ea.com/images/1X9lne9BeFIWKbnondoRf3/d4a22aaa4909432d273d31dac141f250/f_103.png,48,SSC Napoli,https://drop-assets.ea.com/images/2FIV26KpnSXl3Nv8Ar6jk3/d8461aa150da3d433fccc34bc80c978f/l48.png,FALSE,14,CM,Center Midfielder,midfielder,Midfielder,74,0,74,0,87,0,89,0,82,0,85,0,71,0,82,0,80,0,62,0,59,0,79,0,79,0,79,0,79,0,76,0,56,0,11,0,11,0,9,0,8,0,11,0,76,0,80,0,80,0,78,0,75,0,75,0,60,0,85,0,82,0,84,0,75,0,83,0,75,0,74,0,76,0,80,0,80,0,58,0,,trait1_16777216,Press Proven,"Close control at jog speed, shields ball more effectively",https://drop-assets.ea.com/images/5rUHwyLJRnvGV53Ba4Pj6M/9a3238695ae8103667ba02af391ac209/Press_Proven.png,playStyle,Play Style,trait1_67108864,Relentless,"Increased half time fatigue recovery, longer teammate contain and press",https://drop-assets.ea.com/images/2vVuRxgvPNaAuFGqZZ9nDY/3e2505addd5a6b353becdeaf7173d187/Relentless.png,playStyle,Play Style,,,,,,,,,,,,,,,,,,,,,,,,
