id,rank,overallRating,firstName,lastName,commonName,birthdate,height,skillMoves,weakFootAbility,preferredFoot,leagueName,weight,avatarUrl,shieldUrl,alternatePositions/0/id,alternatePositions/0/label,alternatePositions/0/shortLabel,playerAbilities/0/id,playerAbilities/0/label,playerAbilities/0/description,playerAbilities/0/imageUrl,playerAbilities/0/type/id,playerAbilities/0/type/label,playerAbilities/1/id,playerAbilities/1/label,playerAbilities/1/description,playerAbilities/1/imageUrl,playerAbilities/1/type/id,playerAbilities/1/type/label,gender/id,gender/label,nationality/id,nationality/label,nationality/imageUrl,team/id,team/label,team/imageUrl,team/isPopular,position/id,position/shortLabel,position/label,position/positionType/id,position/positionType/name,stats/acceleration/value,stats/acceleration/diff,stats/agility/value,stats/agility/diff,stats/jumping/value,stats/jumping/diff,stats/stamina/value,stats/stamina/diff,stats/strength/value,stats/strength/diff,stats/aggression/value,stats/aggression/diff,stats/balance/value,stats/balance/diff,stats/ballControl/value,stats/ballControl/diff,stats/composure/value,stats/composure/diff,stats/crossing/value,stats/crossing/diff,stats/curve/value,stats/curve/diff,stats/def/value,stats/def/diff,stats/defensiveAwareness/value,stats/defensiveAwareness/diff,stats/dri/value,stats/dri/diff,stats/dribbling/value,stats/dribbling/diff,stats/finishing/value,stats/finishing/diff,stats/freeKickAccuracy/value,stats/freeKickAccuracy/diff,stats/gkDiving/value,stats/gkDiving/diff,stats/gkHandling/value,stats/gkHandling/diff,stats/gkKicking/value,stats/gkKicking/diff,stats/gkPositioning/value,stats/gkPositioning/diff,stats/gkReflexes/value,stats/gkReflexes/diff,stats/headingAccuracy/value,stats/headingAccuracy/diff,stats/interceptions/value,stats/interceptions/diff,stats/longPassing/value,stats/longPassing/diff,stats/longShots/value,stats/longShots/diff,stats/pac/value,stats/pac/diff,stats/pas/value,stats/pas/diff,stats/penalties/value,stats/penalties/diff,stats/phy/value,stats/phy/diff,stats/positioning/value,stats/positioning/diff,stats/reactions/value,stats/reactions/diff,stats/sho/value,stats/sho/diff,stats/shortPassing/value,stats/shortPassing/diff,stats/shotPower/value,stats/shotPower/diff,stats/slidingTackle/value,stats/slidingTackle/diff,stats/sprintSpeed/value,stats/sprintSpeed/diff,stats/standingTackle/value,stats/standingTackle/diff,stats/vision/value,stats/vision/diff,stats/volleys/value,stats/volleys/diff,alternatePositions/0,alternatePositions/1/id,alternatePositions/1/label,alternatePositions/1/shortLabel,playerAbilities/2/id,playerAbilities/2/label,playerAbilities/2/description,playerAbilities/2/imageUrl,playerAbilities/2/type/id,playerAbilities/2/type/label,playerAbilities/3/id,playerAbilities/3/label,playerAbilities/3/description,playerAbilities/3/imageUrl,playerAbilities/3/type/id,playerAbilities/3/type/label,playerAbilities/4/id,playerAbilities/4/label,playerAbilities/4/description,playerAbilities/4/imageUrl,playerAbilities/4/type/id,playerAbilities/4/type/label,playerAbilities/5/id,playerAbilities/5/label,playerAbilities/5/description,playerAbilities/5/imageUrl,playerAbilities/5/type/id,playerAbilities/5/type/label,playerAbilities/6/id,playerAbilities/6/label,playerAbilities/6/description,playerAbilities/6/imageUrl,playerAbilities/6/type/id,playerAbilities/6/type/label,alternatePositions/2/id,alternatePositions/2/label,alternatePositions/2/shortLabel,team
258371,1311,77,Josep María,Chavarría Pérez,Pep Chavarría,4/10/1998 12:00:00 AM,174,3,1,2,LALIGA EA SPORTS,70,https://ratings-images-prod.pulse.ea.com/FC25/full/player-portraits/p258371.png?padding=0.7,https://ratings-images-prod.pulse.ea.com/FC25/full/player-shields/en/258371.png?width=265,16,Left Midfielder,LM,trait1_33554432,Quick Step,Faster acceleration during Explosive Sprint,https://drop-assets.ea.com/images/1xG25Zp3wvkLA5YewKiZah/f27f5fabd1e899fc0bbb817d2db233b1/Quick_Step.png,playStyle,Play Style,trait1_67108864,Relentless,"Increased half time fatigue recovery, longer teammate contain and press",https://drop-assets.ea.com/images/2vVuRxgvPNaAuFGqZZ9nDY/3e2505addd5a6b353becdeaf7173d187/Relentless.png,playStyle,Play Style,0,Men's Football,45,Spain,https://drop-assets.ea.com/images/Kv8okAYMsDbB3ZKbxrAXw/9d30c88d16a4c85002f35c6af412c6f7/f_45.png,480,Rayo Vallecano,https://drop-assets.ea.com/images/3SSzCmmavBBvrdJVySdnrm/f51360f07320e2dba9520037d3789543/l480.png,false,7,LB,Left Back,defense,Defense,81,0,72,0,79,0,86,0,72,0,67,0,71,0,75,0,65,0,75,0,72,0,71,0,69,0,74,0,75,0,63,0,51,0,9,0,10,0,15,0,10,0,14,0,60,0,73,0,68,0,65,0,83,0,71,0,46,0,75,0,75,0,70,0,62,0,73,0,60,0,72,0,84,0,75,0,72,0,55,0,,,,,,,,,,,,,,,,,,,,,,,,,,,,,,,,,,,,,,
211361,1312,77,Danilo,Cataldi,,8/6/1994 12:00:00 AM,180,3,4,1,Serie A Enilive,70,https://ratings-images-prod.pulse.ea.com/FC25/full/player-portraits/p211361.png?padding=0.7,https://ratings-images-prod.pulse.ea.com/FC25/full/player-shields/en/211361.png?width=250,14,Center Midfielder,CM,,,,,,,,,,,,,0,Men's Football,27,Italy,https://drop-assets.ea.com/images/2WtjWPqYzT7xcMCbvajGZH/d06e9ec4734a0d43d88f65386cc3a484/f_27.png,115841,Latium,https://drop-assets.ea.com/images/APtVhL3q3cFDG9pkum0Q4/cbfe542e327cc69c0890b8b5a189fad7/l115841.png,false,10,CDM,Center Defensive Midfielder,midfielder,Midfielder,72,0,73,0,72,0,76,0,62,0,75,0,75,0,79,0,79,0,69,0,80,0,73,0,75,0,77,0,77,0,66,0,80,0,7,0,10,0,11,0,12,0,9,0,66,0,76,0,76,0,79,0,68,0,77,0,52,0,69,0,67,0,80,0,71,0,81,0,82,0,71,0,64,0,73,0,77,0,65,0,,,,,,,,,,,,,,,,,,,,,,,,,,,,,,,,,,,,,,
226491,1313,77,Kieran,Tierney,,6/5/1997 12:00:00 AM,180,3,3,2,Scottish Prem,73,https://ratings-images-prod.pulse.ea.com/FC25/full/player-portraits/p226491.png?padding=0.7,https://ratings-images-prod.pulse.ea.com/FC25/full/player-shields/en/226491.png?width=265,16,Left Midfielder,LM,trait1_16384,Jockey,"Faster Sprint Jockey, better transition speed",https://drop-assets.ea.com/images/7lHjpOBSghE6Ywt1jgVv1C/21f9914d00f073d79d4b46cac71b9087/Jockey.png,playStyle,Play Style,trait1_134217728,Long Throw,Powerful throw-ins for greater distance,https://drop-assets.ea.com/images/51OlohNQvoEwW0aLhknAHh/58fa7d903d10f6d8cfa2622f62ba6b6f/Long_Throw.png,playStyle,Play Style,0,Men's Football,42,Scotland,https://drop-assets.ea.com/images/3LfmKqyBykOGZyfdSpENTr/ec3733dfa9526c8f6da96bf0f8c7448e/f_42.png,78,Celtic,https://drop-assets.ea.com/images/16GwjVn0vBxAdBx5F4uW0q/6a96b7c86f98010e0b9cd943dc48d4ca/l78.png,false,7,LB,Left Back,defense,Defense,77,0,75,0,76,0,67,0,71,0,84,0,73,0,76,0,75,0,80,0,73,0,75,0,76,0,76,0,77,0,52,0,56,0,13,0,16,0,8,0,12,0,13,0,59,0,77,0,68,0,66,0,76,0,75,0,42,0,73,0,72,0,76,0,60,0,78,0,79,0,76,0,76,0,77,0,74,0,38,0,,,,,,,,,,,,,,,,,,,,,,,,,,,,,,,,,,,,,,
242818,1314,77,Finn,Dahmen,,3/27/1998 12:00:00 AM,188,1,3,1,Bundesliga,80,https://ratings-images-prod.pulse.ea.com/FC25/full/player-portraits/p242818.png?padding=0.7,https://ratings-images-prod.pulse.ea.com/FC25/full/player-shields/en/242818.png?width=250,,,,trait2_2,Footwork,"Exclusive foot saves, better performance on low shots",https://drop-assets.ea.com/images/1s2muXoHUmP1T0vGYKXSl1/6d265b13804069371f16a58788703a33/Footwork.png,playStyle,Play Style,,,,,,,0,Men's Football,21,Germany,https://drop-assets.ea.com/images/6IIMMGk0Uj1rcZ6DSHTpLL/93f95b602dc62594104f418c8f80ebb3/f_21.png,100409,FC Augsburg,https://drop-assets.ea.com/images/1LMXVBp9QlIruHH6OejXOw/97f61074046861f13beaf6216a07edb5/l100409.png,false,0,GK,Goalkeeper,defense,Defense,52,0,52,0,63,0,33,0,55,0,20,0,56,0,30,0,33,0,14,0,13,0,52,0,19,0,80,0,25,0,8,0,12,0,76,0,70,0,81,0,76,0,80,0,12,0,13,0,37,0,6,0,76,0,81,0,11,0,76,0,9,0,77,0,70,0,42,0,61,0,11,0,53,0,12,0,54,0,5,0,,,,,,,,,,,,,,,,,,,,,,,,,,,,,,,,,,,,,,
272926,1315,77,Lucas,Bergvall,,2/2/2006 12:00:00 AM,186,3,3,1,Premier League,74,https://ratings-images-prod.pulse.ea.com/FC25/full/player-portraits/p272926.png?padding=0.7,https://ratings-images-prod.pulse.ea.com/FC25/full/player-shields/en/272926.png?width=265,10,Center Defensive Midfielder,CDM,trait1_16777216,Press Proven,"Close control at jog speed, shields ball more effectively",https://drop-assets.ea.com/images/5rUHwyLJRnvGV53Ba4Pj6M/9a3238695ae8103667ba02af391ac209/Press_Proven.png,playStyle,Play Style,,,,,,,0,Men's Football,46,Sweden,https://drop-assets.ea.com/images/4ts7Tmr55hzylhHNBA5xsw/073e32f2c968ae9d531bb1d013a350a0/f_46.png,18,Spurs,https://drop-assets.ea.com/images/7kUcyCh5xGrzQlcjP2Q9NH/11aba507486f44765ee5938b1b5b097e/l18.png,false,14,CM,Center Midfielder,midfielder,Midfielder,77,0,73,0,72,0,78,0,70,0,75,0,73,0,77,0,80,0,68,0,73,0,71,0,69,0,77,0,78,0,63,0,65,0,7,0,13,0,13,0,10,0,9,0,54,0,77,0,79,0,61,0,75,0,76,0,53,0,73,0,73,0,76,0,63,0,79,0,66,0,72,0,73,0,75,0,78,0,49,0,,18,Center Attacking Midfielder,CAM,,,,,,,,,,,,,,,,,,,,,,,,,,,,,,,,,,
221125,1316,77,Sebastián,Driussi,,2/9/1996 12:00:00 AM,178,3,3,1,LPF,80,https://ratings-images-prod.pulse.ea.com/FC25/full/player-portraits/p221125.png?padding=0.7,https://ratings-images-prod.pulse.ea.com/FC25/full/player-shields/en/221125.png?width=265,18,Center Attacking Midfielder,CAM,trait1_256,Incisive Pass,"Accurate through passes, curvier swerve passes, faster precision passes",https://drop-assets.ea.com/images/2K5BYfVYRnrdjt8F3hwI04/62f147b6a436c107bfa3d042c1d5728d/Incisive_Pass.png,playStyle,Play Style,trait1_2048,Tiki Taka,Accurate first-time Ground Passes,https://drop-assets.ea.com/images/2tvHC5JQ2sXrN8wUTJWLEA/94b0f6a78d1a9e1348a33c9772f23afd/Tiki_Taka.png,playStyle,Play Style,0,Men's Football,52,Argentina,https://drop-assets.ea.com/images/4xMXjEt7CFJ6JENYeG45Sk/836d733dc1642c5e4ab3338d91481436/f_52.png,1876,River Plate,https://drop-assets.ea.com/images/3a9cbBltvLpgMO1eByYVRq/bc311aba63f687dc0480c592dfeca1b4/l1876.png,false,25,ST,Striker,attack,Attack,81,0,82,0,87,0,72,0,84,0,70,0,80,0,80,0,77,0,66,0,70,0,45,0,37,0,80,0,80,0,75,0,70,0,11,0,14,0,14,0,14,0,10,0,70,0,32,0,71,0,76,0,84,0,72,0,70,0,78,0,79,0,76,0,75,0,74,0,76,0,47,0,86,0,51,0,74,0,75,0,,14,Center Midfielder,CM,trait1_8192,Inventive,Fancy and Trivela passes are performed with improved accuracy.,https://drop-assets.ea.com/images/4fpo31RdL5T0vrzNqcSc4x/f82209bfd51270dcc447d4313b3e61f1/Inventive.png,playStyle,Play Style,trait1_16777216,Press Proven,"Close control at jog speed, shields ball more effectively",https://drop-assets.ea.com/images/5rUHwyLJRnvGV53Ba4Pj6M/9a3238695ae8103667ba02af391ac209/Press_Proven.png,playStyle,Play Style,trait1_33554432,Quick Step,Faster acceleration during Explosive Sprint,https://drop-assets.ea.com/images/1xG25Zp3wvkLA5YewKiZah/f27f5fabd1e899fc0bbb817d2db233b1/Quick_Step.png,playStyle,Play Style,,,,,,,,,,,,,,,,
233934,1317,77,Aaron,Ramsdale,,5/14/1998 12:00:00 AM,191,1,3,1,Premier League,77,https://ratings-images-prod.pulse.ea.com/FC25/full/player-portraits/p233934.png?padding=0.7,https://ratings-images-prod.pulse.ea.com/FC25/full/player-shields/en/233934.png?width=250,,,,trait2_4,Cross Claimer,"Unique punching animations, powerful punches, faster crosses coverage",https://drop-assets.ea.com/images/4Uvgm6UNiSz3say1zZqKDC/51837f53072d5e01063699f6d2b7401a/Cross_Claimer.png,playStyle,Play Style,trait2_32,Deflector,"Unique deflection animations, powerful parries to safer areas",https://drop-assets.ea.com/images/6nb9RYWNVuvUaLZDskFao7/0ad930b0874e7c9454b31de942c0d3f1/Deflector.png,playStyle,Play Style,0,Men's Football,14,England,https://drop-assets.ea.com/images/6ZM1OFXGUFeV0ZaYVKj2z/ae88ef17f8cb179fbc1c463f7e1e4bd8/f_14.png,13,Newcastle Utd,https://drop-assets.ea.com/images/69fXoaX4p9zFwKaZYoNtNX/14d86649a9b5a3f7e876cc3d46357b5d/l13.png,false,0,GK,Goalkeeper,defense,Defense,47,0,53,0,66,0,40,0,64,0,35,0,49,0,36,0,60,0,15,0,17,0,48,0,24,0,79,0,23,0,14,0,16,0,77,0,76,0,80,0,74,0,79,0,15,0,24,0,55,0,15,0,77,0,80,0,25,0,74,0,18,0,73,0,76,0,56,0,60,0,15,0,50,0,16,0,65,0,16,0,,,,,,,,,,,,,,,,,,,,,,,,,,,,,,,,,,,,,,
237386,1318,77,Kiernan,Dewsbury-Hall,,9/6/1998 12:00:00 AM,176,3,3,2,Premier League,80,https://ratings-images-prod.pulse.ea.com/FC25/full/player-portraits/p237386.png?padding=0.7,https://ratings-images-prod.pulse.ea.com/FC25/full/player-shields/en/237386.png?width=265,18,Center Attacking Midfielder,CAM,trait1_256,Incisive Pass,"Accurate through passes, curvier swerve passes, faster precision passes",https://drop-assets.ea.com/images/2K5BYfVYRnrdjt8F3hwI04/62f147b6a436c107bfa3d042c1d5728d/Incisive_Pass.png,playStyle,Play Style,,,,,,,0,Men's Football,14,England,https://drop-assets.ea.com/images/6ZM1OFXGUFeV0ZaYVKj2z/ae88ef17f8cb179fbc1c463f7e1e4bd8/f_14.png,7,Everton,https://drop-assets.ea.com/images/6Cth6wtCt1i37ZjPMZKIm3/4c68def58bf71a34afa1870cad4d5cfe/l7.png,false,14,CM,Center Midfielder,midfielder,Midfielder,67,0,77,0,71,0,75,0,66,0,77,0,78,0,79,0,77,0,73,0,77,0,70,0,70,0,78,0,78,0,70,0,70,0,12,0,15,0,9,0,10,0,7,0,65,0,71,0,77,0,73,0,66,0,77,0,65,0,71,0,75,0,76,0,72,0,79,0,75,0,68,0,65,0,72,0,77,0,70,0,,10,Center Defensive Midfielder,CDM,,,,,,,,,,,,,,,,,,,,,,,,,,,,,,,,,,
263781,1319,77,Vanderson,de Oliveira Campos,Vanderson,6/21/2001 12:00:00 AM,173,3,3,1,Ligue 1 McDonald's,74,https://ratings-images-prod.pulse.ea.com/FC25/full/player-portraits/p263781.png?padding=0.7,https://ratings-images-prod.pulse.ea.com/FC25/full/player-shields/en/263781.png?width=265,,,,trait1_16384,Jockey,"Faster Sprint Jockey, better transition speed",https://drop-assets.ea.com/images/7lHjpOBSghE6Ywt1jgVv1C/21f9914d00f073d79d4b46cac71b9087/Jockey.png,playStyle,Play Style,trait1_65536,Intercept,Increased reach and possession retention in interceptions,https://drop-assets.ea.com/images/5ysv7Iw8jDHl7sp1JXqIa7/d34004fed8c95bde083dcf8257391a70/Intercept.png,playStyle,Play Style,0,Men's Football,54,Brazil,https://drop-assets.ea.com/images/1zdNn1R9tRlfQ3lsbAOecD/a606f742789b6306363383a6e20dd003/f_54.png,69,AS Monaco,https://drop-assets.ea.com/images/6XicH1VsjyR3WbTdpk99p3/8b11b6c53072e6c9c042eb77f3c6a8f4/l69.png,false,3,RB,Right Back,defense,Defense,79,0,76,0,77,0,77,0,67,0,71,0,79,0,76,0,74,0,77,0,69,0,72,0,71,0,77,0,78,0,63,0,72,0,8,0,8,0,6,0,6,0,7,0,68,0,72,0,67,0,59,0,78,0,74,0,49,0,71,0,72,0,75,0,62,0,76,0,62,0,74,0,78,0,74,0,74,0,61,0,,,,,trait1_1048576,Technical,"Faster Controlled Sprint, precise wide turns while dribbling",https://drop-assets.ea.com/images/5Esx7NK4YBU44O4bo07rvb/69ca9417da7fd07905f6c6956ad93f6d/Technical.png,playStyle,Play Style,,,,,,,,,,,,,,,,,,,,,,,,,,,,
232905,1320,77,Junya,Ito,,3/9/1993 12:00:00 AM,176,4,4,1,1A Pro League,66,https://ratings-images-prod.pulse.ea.com/FC25/full/player-portraits/p232905.png?padding=0.7,https://ratings-images-prod.pulse.ea.com/FC25/full/player-shields/en/232905.png?width=265,23,Right Wing,RW,trait1_8,Dead Ball,"Faster, accurate set pieces with longer trajectory preview",https://drop-assets.ea.com/images/1razu2wcM3XA82VvB7NyUm/eec6b07080e49d6bf2d7a7951a22375f/Dead_Ball.png,playStyle,Play Style,trait1_256,Incisive Pass,"Accurate through passes, curvier swerve passes, faster precision passes",https://drop-assets.ea.com/images/2K5BYfVYRnrdjt8F3hwI04/62f147b6a436c107bfa3d042c1d5728d/Incisive_Pass.png,playStyle,Play Style,0,Men's Football,163,Japan,https://drop-assets.ea.com/images/1aoxCwnRS4A6LGlyhrUllt/b5b0cd61a299b9996821c16cc324cc3b/f_163.png,673,KRC Genk,https://drop-assets.ea.com/images/2064Z9wPzJbjkzW3n9b4RQ/ef883d28dde3104b3bea959320b4597a/l673.png,false,12,RM,Right Midfielder,midfielder,Midfielder,90,0,87,0,68,0,89,0,63,0,64,0,76,0,76,0,75,0,74,0,72,0,58,0,54,0,78,0,78,0,70,0,66,0,13,0,12,0,15,0,5,0,7,0,44,0,67,0,64,0,71,0,86,0,72,0,57,0,70,0,74,0,71,0,69,0,74,0,68,0,56,0,83,0,61,0,75,0,69,0,,,,,trait1_4096,Whipped Pass,"Accurate, faster crosses with more curve",https://drop-assets.ea.com/images/FfTP29PWrRWZjEaiCCVoa/a1b345e4ae7023ed78b1efd68d28f392/Whipped_Pass.png,playStyle,Play Style,trait1_8192,Inventive,Fancy and Trivela passes are performed with improved accuracy.,https://drop-assets.ea.com/images/4fpo31RdL5T0vrzNqcSc4x/f82209bfd51270dcc447d4313b3e61f1/Inventive.png,playStyle,Play Style,trait1_2097152,Rapid,"Higher sprint speed while dribbling, reduced error on knock-ons",https://drop-assets.ea.com/images/1aGsvwKyIFlRG1eoJSS0Ot/a4d3d661ff962795a632fe86439d2146/Rapid.png,playStyle,Play Style,trait1_33554432,Quick Step,Faster acceleration during Explosive Sprint,https://drop-assets.ea.com/images/1xG25Zp3wvkLA5YewKiZah/f27f5fabd1e899fc0bbb817d2db233b1/Quick_Step.png,playStyle,Play Style,trait1_67108864,Relentless,"Increased half time fatigue recovery, longer teammate contain and press",https://drop-assets.ea.com/images/2vVuRxgvPNaAuFGqZZ9nDY/3e2505addd5a6b353becdeaf7173d187/Relentless.png,playStyle,Play Style,,,,
246646,1321,77,Maxence,Caqueret,,2/15/2000 12:00:00 AM,174,3,3,1,Serie A Enilive,63,https://ratings-images-prod.pulse.ea.com/FC25/full/player-portraits/p246646.png?padding=0.7,https://ratings-images-prod.pulse.ea.com/FC25/full/player-shields/en/246646.png?width=265,10,Center Defensive Midfielder,CDM,trait1_256,Incisive Pass,"Accurate through passes, curvier swerve passes, faster precision passes",https://drop-assets.ea.com/images/2K5BYfVYRnrdjt8F3hwI04/62f147b6a436c107bfa3d042c1d5728d/Incisive_Pass.png,playStyle,Play Style,trait1_512,Pinged Pass,Faster ground passes without affecting receiver's trapping,https://drop-assets.ea.com/images/1mXBWIBgJSpYoIa1C4r5FX/7220e78a4049530f4e9fa642b1656fa4/Pinged_Pass.png,playStyle,Play Style,0,Men's Football,18,France,https://drop-assets.ea.com/images/3ECAQzhfgSLWRf9IIHB6G8/7e235a7b2f93c1f73db7f89dc03b3657/f_18.png,1745,Como,https://drop-assets.ea.com/images/3y8mulzaICjwfi7inFVld2/ec9c71566982f8df59f26e81745143ec/l1745.png,false,14,CM,Center Midfielder,midfielder,Midfielder,77,0,85,0,63,0,80,0,55,0,81,0,83,0,78,0,78,0,67,0,66,0,76,0,77,0,78,0,77,0,60,0,69,0,8,0,5,0,12,0,5,0,15,0,48,0,78,0,79,0,63,0,75,0,75,0,70,0,67,0,69,0,76,0,62,0,80,0,63,0,71,0,73,0,83,0,77,0,53,0,,,,,trait1_16777216,Press Proven,"Close control at jog speed, shields ball more effectively",https://drop-assets.ea.com/images/5rUHwyLJRnvGV53Ba4Pj6M/9a3238695ae8103667ba02af391ac209/Press_Proven.png,playStyle,Play Style,trait1_67108864,Relentless,"Increased half time fatigue recovery, longer teammate contain and press",https://drop-assets.ea.com/images/2vVuRxgvPNaAuFGqZZ9nDY/3e2505addd5a6b353becdeaf7173d187/Relentless.png,playStyle,Play Style,,,,,,,,,,,,,,,,,,,,,,
254817,1322,77,Maximiliano,Araújo,,2/15/2000 12:00:00 AM,177,4,2,2,Liga Portugal,75,https://ratings-images-prod.pulse.ea.com/FC25/full/player-portraits/p254817.png?padding=0.7,https://ratings-images-prod.pulse.ea.com/FC25/full/player-shields/en/254817.png?width=265,7,Left Back,LB,trait1_524288,Aerial Fortress,Performs higher jumps and has physical defensive presence before and during aerial duels,https://drop-assets.ea.com/images/3rsDbUXd3MZX39YTsk6lKe/404db89f2237eeb7466668a730c52a4b/Aerial_Fortress.png,playStyle,Play Style,trait1_2097152,Rapid,"Higher sprint speed while dribbling, reduced error on knock-ons",https://drop-assets.ea.com/images/1aGsvwKyIFlRG1eoJSS0Ot/a4d3d661ff962795a632fe86439d2146/Rapid.png,playStyle,Play Style,0,Men's Football,60,Uruguay,https://drop-assets.ea.com/images/GRwJwZ17RfDveZX4N4L78/25beda9babb2d93a8ff7bb5487eb263b/f_60.png,237,Sporting CP,https://drop-assets.ea.com/images/2bL9oGApMvbYE1o0Byl8KB/c914cde8141f11124f026cb198a0eb00/l237.png,false,16,LM,Left Midfielder,midfielder,Midfielder,87,0,85,0,76,0,78,0,60,0,72,0,70,0,80,0,73,0,74,0,70,0,68,0,68,0,79,0,78,0,71,0,45,0,12,0,13,0,9,0,8,0,9,0,62,0,72,0,69,0,46,0,85,0,70,0,54,0,68,0,74,0,75,0,63,0,72,0,67,0,67,0,84,0,69,0,69,0,36,0,,27,Left Wing,LW,trait1_134217728,Long Throw,Powerful throw-ins for greater distance,https://drop-assets.ea.com/images/51OlohNQvoEwW0aLhknAHh/58fa7d903d10f6d8cfa2622f62ba6b6f/Long_Throw.png,playStyle,Play Style,,,,,,,,,,,,,,,,,,,,,,,,,,,,
201095,1323,77,Agustín,Marchesín,,3/16/1988 12:00:00 AM,188,1,3,1,LPF,85,https://ratings-images-prod.pulse.ea.com/FC25/full/player-portraits/p201095.png?padding=0.7,https://ratings-images-prod.pulse.ea.com/FC25/full/player-shields/en/201095.png?width=250,,,,trait2_2,Footwork,"Exclusive foot saves, better performance on low shots",https://drop-assets.ea.com/images/1s2muXoHUmP1T0vGYKXSl1/6d265b13804069371f16a58788703a33/Footwork.png,playStyle,Play Style,,,,,,,0,Men's Football,52,Argentina,https://drop-assets.ea.com/images/4xMXjEt7CFJ6JENYeG45Sk/836d733dc1642c5e4ab3338d91481436/f_52.png,1877,Boca Juniors,https://drop-assets.ea.com/images/4v42cau4ZlAgfPnWHaQSKn/a9fa2af475b4b779ed13870c7f1ec66b/l1877.png,false,0,GK,Goalkeeper,defense,Defense,54,0,64,0,64,0,38,0,57,0,45,0,59,0,20,0,64,0,18,0,16,0,53,0,22,0,77,0,24,0,14,0,15,0,77,0,75,0,74,0,76,0,77,0,11,0,15,0,34,0,12,0,77,0,74,0,14,0,76,0,18,0,74,0,75,0,37,0,56,0,15,0,51,0,15,0,65,0,15,0,,,,,,,,,,,,,,,,,,,,,,,,,,,,,,,,,,,,,,
213565,1324,77,Thomas,Lemar,,11/12/1995 12:00:00 AM,171,4,3,2,LALIGA EA SPORTS,63,https://ratings-images-prod.pulse.ea.com/FC25/full/player-portraits/p213565.png?padding=0.7,https://ratings-images-prod.pulse.ea.com/FC25/full/player-shields/en/213565.png?width=265,16,Left Midfielder,LM,trait1_16384,Jockey,"Faster Sprint Jockey, better transition speed",https://drop-assets.ea.com/images/7lHjpOBSghE6Ywt1jgVv1C/21f9914d00f073d79d4b46cac71b9087/Jockey.png,playStyle,Play Style,,,,,,,0,Men's Football,18,France,https://drop-assets.ea.com/images/3ECAQzhfgSLWRf9IIHB6G8/7e235a7b2f93c1f73db7f89dc03b3657/f_18.png,110062,Girona FC,https://drop-assets.ea.com/images/40lM20ITshJSKsZtWMGQ8m/3f11cea65b14635cc29654b6ba13c0b6/l110062.png,false,14,CM,Center Midfielder,midfielder,Midfielder,72,0,79,0,64,0,60,0,57,0,63,0,79,0,81,0,80,0,79,0,84,0,67,0,55,0,80,0,80,0,73,0,80,0,11,0,15,0,13,0,7,0,14,0,54,0,75,0,77,0,76,0,72,0,79,0,69,0,59,0,77,0,77,0,75,0,80,0,78,0,69,0,72,0,76,0,79,0,75,0,,,,,,,,,,,,,,,,,,,,,,,,,,,,,,,,,,,,,,
239810,1325,77,Nicolas,Raskin,,2/23/2001 12:00:00 AM,178,3,4,1,Scottish Prem,74,https://ratings-images-prod.pulse.ea.com/FC25/full/player-portraits/p239810.png?padding=0.7,https://ratings-images-prod.pulse.ea.com/FC25/full/player-shields/en/239810.png?width=265,14,Center Midfielder,CM,trait1_512,Pinged Pass,Faster ground passes without affecting receiver's trapping,https://drop-assets.ea.com/images/1mXBWIBgJSpYoIa1C4r5FX/7220e78a4049530f4e9fa642b1656fa4/Pinged_Pass.png,playStyle,Play Style,trait1_2048,Tiki Taka,Accurate first-time Ground Passes,https://drop-assets.ea.com/images/2tvHC5JQ2sXrN8wUTJWLEA/94b0f6a78d1a9e1348a33c9772f23afd/Tiki_Taka.png,playStyle,Play Style,0,Men's Football,7,Belgium,https://drop-assets.ea.com/images/7eZLPoDDyxSlQoqcS4NVA2/6fc085dc7e85ccd7519be7ff2df875ee/f_7.png,86,Rangers,https://drop-assets.ea.com/images/5lOjqHjEdrBuaj323x9jDf/b5504a0894594d6c3dfa97cca700e572/l86.png,false,10,CDM,Center Defensive Midfielder,midfielder,Midfielder,78,0,82,0,76,0,84,0,65,0,82,0,88,0,76,0,79,0,66,0,69,0,73,0,71,0,76,0,72,0,58,0,67,0,14,0,14,0,13,0,11,0,7,0,66,0,72,0,74,0,67,0,73,0,73,0,58,0,74,0,64,0,80,0,63,0,79,0,71,0,72,0,68,0,77,0,71,0,58,0,,,,,trait1_16384,Jockey,"Faster Sprint Jockey, better transition speed",https://drop-assets.ea.com/images/7lHjpOBSghE6Ywt1jgVv1C/21f9914d00f073d79d4b46cac71b9087/Jockey.png,playStyle,Play Style,trait1_65536,Intercept,Increased reach and possession retention in interceptions,https://drop-assets.ea.com/images/5ysv7Iw8jDHl7sp1JXqIa7/d34004fed8c95bde083dcf8257391a70/Intercept.png,playStyle,Play Style,trait1_131072,Anticipate,"Improved standing tackle success, possibility of stopping ball at feet",https://drop-assets.ea.com/images/4xPnUcL7thizFB7qmhlwUR/1ade7a0f77d5e875c2db869964540a35/Anticipate.png,playStyle,Play Style,trait1_16777216,Press Proven,"Close control at jog speed, shields ball more effectively",https://drop-assets.ea.com/images/5rUHwyLJRnvGV53Ba4Pj6M/9a3238695ae8103667ba02af391ac209/Press_Proven.png,playStyle,Play Style,trait1_67108864,Relentless,"Increased half time fatigue recovery, longer teammate contain and press",https://drop-assets.ea.com/images/2vVuRxgvPNaAuFGqZZ9nDY/3e2505addd5a6b353becdeaf7173d187/Relentless.png,playStyle,Play Style,,,,
257876,1326,77,Nicolas,Seiwald,,5/4/2001 12:00:00 AM,180,2,3,1,Bundesliga,80,https://ratings-images-prod.pulse.ea.com/FC25/full/player-portraits/p257876.png?padding=0.7,https://ratings-images-prod.pulse.ea.com/FC25/full/player-shields/en/257876.png?width=265,14,Center Midfielder,CM,trait1_131072,Anticipate,"Improved standing tackle success, possibility of stopping ball at feet",https://drop-assets.ea.com/images/4xPnUcL7thizFB7qmhlwUR/1ade7a0f77d5e875c2db869964540a35/Anticipate.png,playStyle,Play Style,trait1_16777216,Press Proven,"Close control at jog speed, shields ball more effectively",https://drop-assets.ea.com/images/5rUHwyLJRnvGV53Ba4Pj6M/9a3238695ae8103667ba02af391ac209/Press_Proven.png,playStyle,Play Style,0,Men's Football,4,Austria,https://drop-assets.ea.com/images/2nTz63NpDfuBGFbmXrDg0N/eaa6fc81bfd7bd77d76886d479841ebb/f_4.png,112172,RB Leipzig,https://drop-assets.ea.com/images/1EoW6b2VkhiP3S0vqikd9s/f181f899a2037360f70a9a8aba18af30/l112172.png,false,10,CDM,Center Defensive Midfielder,midfielder,Midfielder,74,0,77,0,76,0,81,0,72,0,78,0,76,0,75,0,70,0,73,0,73,0,74,0,71,0,74,0,72,0,58,0,60,0,5,0,8,0,7,0,14,0,7,0,63,0,79,0,79,0,66,0,72,0,74,0,54,0,76,0,68,0,78,0,62,0,75,0,70,0,72,0,70,0,77,0,74,0,58,0,,5,Center Back,CB,,,,,,,,,,,,,,,,,,,,,,,,,,,,,,,,,,
262659,1327,77,Noah,Atubolu,,5/25/2002 12:00:00 AM,190,1,3,1,Bundesliga,99,https://ratings-images-prod.pulse.ea.com/FC25/full/player-portraits/p262659.png?padding=0.7,https://ratings-images-prod.pulse.ea.com/FC25/full/player-shields/en/262659.png?width=250,,,,trait2_2,Footwork,"Exclusive foot saves, better performance on low shots",https://drop-assets.ea.com/images/1s2muXoHUmP1T0vGYKXSl1/6d265b13804069371f16a58788703a33/Footwork.png,playStyle,Play Style,trait2_16,Far Reach,"Unique far dive animations, better long shot saves",https://drop-assets.ea.com/images/7zbtymM2pCbANuM7wKFYZU/698e8ece65867df97e61189ac6666463/Far_Reach.png,playStyle,Play Style,0,Men's Football,21,Germany,https://drop-assets.ea.com/images/6IIMMGk0Uj1rcZ6DSHTpLL/93f95b602dc62594104f418c8f80ebb3/f_21.png,25,SC Freiburg,https://drop-assets.ea.com/images/TnclXkBIoI1MtJBmRvObq/83167db02b49b274917cec5814510b79/l25.png,false,0,GK,Goalkeeper,defense,Defense,52,0,32,0,73,0,29,0,79,0,26,0,31,0,14,0,46,0,12,0,13,0,55,0,12,0,79,0,11,0,8,0,12,0,76,0,73,0,75,0,74,0,79,0,13,0,13,0,31,0,9,0,76,0,75,0,14,0,74,0,9,0,77,0,73,0,27,0,56,0,12,0,59,0,12,0,50,0,8,0,,,,,,,,,,,,,,,,,,,,,,,,,,,,,,,,,,,,,,
271121,1328,77,Quilindschy,Hartman,,11/14/2001 12:00:00 AM,183,3,3,2,Premier League,77,https://ratings-images-prod.pulse.ea.com/FC25/full/player-portraits/p271121.png?padding=0.7,https://ratings-images-prod.pulse.ea.com/FC25/full/player-shields/en/271121.png?width=265,16,Left Midfielder,LM,trait1_256,Incisive Pass,"Accurate through passes, curvier swerve passes, faster precision passes",https://drop-assets.ea.com/images/2K5BYfVYRnrdjt8F3hwI04/62f147b6a436c107bfa3d042c1d5728d/Incisive_Pass.png,playStyle,Play Style,trait1_262144,Slide Tackle,Stops ball at feet during slide tackles,https://drop-assets.ea.com/images/7mI1lrxE0pv9iJfQFki9OA/8c1ecac325f923e049be72231c8c968a/Slide_Tackle.png,playStyle,Play Style,0,Men's Football,34,Holland,https://drop-assets.ea.com/images/7LmdSUm2Ge4fzqcz0NElvq/d272142c80713dcf0e5ec0a47232aeee/f_34.png,1796,Burnley,https://drop-assets.ea.com/images/6CqBvyQgjJzPA5vU64paT8/03d21bd0df65afa73b752f66ca5c1714/l1796.png,false,7,LB,Left Back,defense,Defense,80,0,74,0,76,0,74,0,76,0,84,0,66,0,77,0,75,0,69,0,75,0,73,0,75,0,74,0,73,0,59,0,68,0,13,0,14,0,12,0,14,0,9,0,52,0,74,0,77,0,54,0,78,0,75,0,47,0,77,0,73,0,79,0,55,0,78,0,50,0,75,0,76,0,77,0,75,0,42,0,,,,,trait1_268435456,Bruiser,Stronger physical tackles,https://drop-assets.ea.com/images/7euMJ2jVypFrFPQesWuGGm/14019168b12faac1584a2920d5c2d5d9/Bruiser.png,playStyle,Play Style,,,,,,,,,,,,,,,,,,,,,,,,,,,,
167948,1329,77,Hugo,Lloris,,12/26/1986 12:00:00 AM,188,1,1,2,MLS,82,https://ratings-images-prod.pulse.ea.com/FC25/full/player-portraits/p167948.png?padding=0.7,https://ratings-images-prod.pulse.ea.com/FC25/full/player-shields/en/167948.png?width=250,,,,trait2_32,Deflector,"Unique deflection animations, powerful parries to safer areas",https://drop-assets.ea.com/images/6nb9RYWNVuvUaLZDskFao7/0ad930b0874e7c9454b31de942c0d3f1/Deflector.png,playStyle,Play Style,,,,,,,0,Men's Football,18,France,https://drop-assets.ea.com/images/3ECAQzhfgSLWRf9IIHB6G8/7e235a7b2f93c1f73db7f89dc03b3657/f_18.png,112996,LAFC,https://drop-assets.ea.com/images/7HVxXj38u4xwAYPYjnYeBm/dd7c8333fd89f025a52fa53a96406475/l112996.png,false,0,GK,Goalkeeper,defense,Defense,55,0,49,0,54,0,31,0,39,0,31,0,56,0,29,0,54,0,15,0,15,0,54,0,24,0,77,0,13,0,10,0,12,0,78,0,76,0,69,0,77,0,77,0,10,0,25,0,54,0,14,0,78,0,69,0,40,0,77,0,9,0,75,0,76,0,52,0,52,0,18,0,53,0,13,0,58,0,16,0,,,,,,,,,,,,,,,,,,,,,,,,,,,,,,,,,,,,,,
193314,1330,77,Aitor,Fernández,Aitor,5/3/1991 12:00:00 AM,182,1,2,1,LALIGA EA SPORTS,78,https://ratings-images-prod.pulse.ea.com/FC25/full/player-portraits/p193314.png?padding=0.7,https://ratings-images-prod.pulse.ea.com/FC25/full/player-shields/en/193314.png?width=250,,,,,,,,,,,,,,,,0,Men's Football,45,Spain,https://drop-assets.ea.com/images/Kv8okAYMsDbB3ZKbxrAXw/9d30c88d16a4c85002f35c6af412c6f7/f_45.png,479,CA Osasuna,https://drop-assets.ea.com/images/5T0gPuxPGVG3BLEP9wYxLx/8be8ef52e215bc47956d1084f702409d/l479.png,false,0,GK,Goalkeeper,defense,Defense,58,0,55,0,65,0,39,0,52,0,15,0,48,0,14,0,55,0,30,0,34,0,56,0,14,0,80,0,22,0,12,0,14,0,77,0,74,0,68,0,76,0,80,0,20,0,24,0,35,0,12,0,77,0,68,0,24,0,76,0,15,0,76,0,74,0,38,0,51,0,12,0,53,0,13,0,50,0,15,0,,,,,,,,,,,,,,,,,,,,,,,,,,,,,,,,,,,,,,
219985,1331,77,Matías,Vecino,,8/24/1991 12:00:00 AM,187,3,3,1,Serie A Enilive,81,https://ratings-images-prod.pulse.ea.com/FC25/full/player-portraits/p219985.png?padding=0.7,https://ratings-images-prod.pulse.ea.com/FC25/full/player-shields/en/219985.png?width=265,10,Center Defensive Midfielder,CDM,trait1_4,Power Shot,Faster power shots with increased speed,https://drop-assets.ea.com/images/3ohVoKWSsvT44qgjabWqfV/e536ef26ad854c3c4cbf63ed7954b9cd/Power_Shot.png,playStyle,Play Style,trait1_524288,Aerial Fortress,Performs higher jumps and has physical defensive presence before and during aerial duels,https://drop-assets.ea.com/images/3rsDbUXd3MZX39YTsk6lKe/404db89f2237eeb7466668a730c52a4b/Aerial_Fortress.png,playStyle,Play Style,0,Men's Football,60,Uruguay,https://drop-assets.ea.com/images/GRwJwZ17RfDveZX4N4L78/25beda9babb2d93a8ff7bb5487eb263b/f_60.png,115841,Latium,https://drop-assets.ea.com/images/APtVhL3q3cFDG9pkum0Q4/cbfe542e327cc69c0890b8b5a189fad7/l115841.png,false,14,CM,Center Midfielder,midfielder,Midfielder,52,0,67,0,81,0,64,0,77,0,81,0,62,0,80,0,80,0,69,0,64,0,79,0,77,0,76,0,76,0,68,0,58,0,4,0,4,0,4,0,4,0,4,0,83,0,82,0,75,0,77,0,53,0,75,0,56,0,75,0,79,0,78,0,73,0,79,0,82,0,76,0,54,0,77,0,79,0,68,0,,,,,,,,,,,,,,,,,,,,,,,,,,,,,,,,,,,,,,
226162,1332,77,Emiliano,Buendía,,12/25/1996 12:00:00 AM,172,4,4,1,Premier League,72,https://ratings-images-prod.pulse.ea.com/FC25/full/player-portraits/p226162.png?padding=0.7,https://ratings-images-prod.pulse.ea.com/FC25/full/player-shields/en/226162.png?width=265,16,Left Midfielder,LM,trait1_262144,Slide Tackle,Stops ball at feet during slide tackles,https://drop-assets.ea.com/images/7mI1lrxE0pv9iJfQFki9OA/8c1ecac325f923e049be72231c8c968a/Slide_Tackle.png,playStyle,Play Style,trait1_1048576,Technical,"Faster Controlled Sprint, precise wide turns while dribbling",https://drop-assets.ea.com/images/5Esx7NK4YBU44O4bo07rvb/69ca9417da7fd07905f6c6956ad93f6d/Technical.png,playStyle,Play Style,0,Men's Football,52,Argentina,https://drop-assets.ea.com/images/4xMXjEt7CFJ6JENYeG45Sk/836d733dc1642c5e4ab3338d91481436/f_52.png,2,Aston Villa,https://drop-assets.ea.com/images/57c0ppYsEA88xL0gxqce8K/99605df97c6a96ea3b6e8a424c217af0/l2.png,false,18,CAM,Center Attacking Midfielder,midfielder,Midfielder,74,0,84,0,77,0,60,0,61,0,83,0,90,0,80,0,77,0,78,0,81,0,66,0,67,0,81,0,81,0,74,0,74,0,11,0,10,0,13,0,7,0,9,0,75,0,60,0,75,0,75,0,66,0,78,0,62,0,66,0,75,0,74,0,74,0,80,0,77,0,61,0,60,0,68,0,78,0,68,0,,12,Right Midfielder,RM,,,,,,,,,,,,,,,,,,,,,,,,,,,,,,,14,Center Midfielder,CM,
230625,1333,77,Matheus,Reis de Lima,Matheus Reis,2/18/1995 12:00:00 AM,184,3,2,2,Liga Portugal,80,https://ratings-images-prod.pulse.ea.com/FC25/full/player-portraits/p230625.png?padding=0.7,https://ratings-images-prod.pulse.ea.com/FC25/full/player-shields/en/230625.png?width=265,7,Left Back,LB,trait1_4096,Whipped Pass,"Accurate, faster crosses with more curve",https://drop-assets.ea.com/images/FfTP29PWrRWZjEaiCCVoa/a1b345e4ae7023ed78b1efd68d28f392/Whipped_Pass.png,playStyle,Play Style,trait1_32768,Block,Increased reach and success in blocking,https://drop-assets.ea.com/images/2Rlftzr8lqUdI29suCQVWe/43c6c36e8bd5fa26b88478d4354611a2/Block.png,playStyle,Play Style,0,Men's Football,54,Brazil,https://drop-assets.ea.com/images/1zdNn1R9tRlfQ3lsbAOecD/a606f742789b6306363383a6e20dd003/f_54.png,237,Sporting CP,https://drop-assets.ea.com/images/2bL9oGApMvbYE1o0Byl8KB/c914cde8141f11124f026cb198a0eb00/l237.png,false,5,CB,Center Back,defense,Defense,75,0,75,0,82,0,80,0,79,0,82,0,59,0,76,0,74,0,75,0,71,0,77,0,79,0,75,0,76,0,50,0,47,0,6,0,14,0,10,0,7,0,14,0,70,0,77,0,64,0,57,0,76,0,68,0,50,0,80,0,62,0,75,0,55,0,74,0,65,0,76,0,77,0,77,0,60,0,45,0,,16,Left Midfielder,LM,,,,,,,,,,,,,,,,,,,,,,,,,,,,,,,,,,
232223,1334,77,Kostas,Tsimikas,,5/12/1996 12:00:00 AM,179,3,3,2,Serie A Enilive,77,https://ratings-images-prod.pulse.ea.com/FC25/full/player-portraits/p232223.png?padding=0.7,https://ratings-images-prod.pulse.ea.com/FC25/full/player-shields/en/232223.png?width=250,16,Left Midfielder,LM,,,,,,,,,,,,,0,Men's Football,22,Greece,https://drop-assets.ea.com/images/6zI3f01SVKRJFIel1ad4BC/f85935df3b415f4a3f7320e8f78e398f/f_22.png,52,AS Roma,https://drop-assets.ea.com/images/2ruQP0TDYcCmtVFKr9qMBI/5f53795056598b1faac31300900b8671/l52.png,false,7,LB,Left Back,defense,Defense,79,0,77,0,77,0,69,0,69,0,80,0,73,0,75,0,71,0,81,0,78,0,74,0,73,0,75,0,75,0,48,0,68,0,8,0,12,0,8,0,13,0,10,0,66,0,76,0,72,0,64,0,78,0,75,0,54,0,72,0,73,0,74,0,57,0,75,0,72,0,75,0,78,0,77,0,73,0,37,0,,,,,,,,,,,,,,,,,,,,,,,,,,,,,,,,,,,,,,
238463,1335,77,Amadou,Haidara,,1/31/1998 12:00:00 AM,178,3,2,1,Bundesliga,75,https://ratings-images-prod.pulse.ea.com/FC25/full/player-portraits/p238463.png?padding=0.7,https://ratings-images-prod.pulse.ea.com/FC25/full/player-shields/en/238463.png?width=265,10,Center Defensive Midfielder,CDM,trait1_524288,Aerial Fortress,Performs higher jumps and has physical defensive presence before and during aerial duels,https://drop-assets.ea.com/images/3rsDbUXd3MZX39YTsk6lKe/404db89f2237eeb7466668a730c52a4b/Aerial_Fortress.png,playStyle,Play Style,,,,,,,0,Men's Football,126,Mali,https://drop-assets.ea.com/images/1S7vQpbRdNq76uQwGw08kj/10e04512a2ef37fa33678ee1bee5ad23/f_126.png,112172,RB Leipzig,https://drop-assets.ea.com/images/1EoW6b2VkhiP3S0vqikd9s/f181f899a2037360f70a9a8aba18af30/l112172.png,false,14,CM,Center Midfielder,midfielder,Midfielder,69,0,78,0,65,0,76,0,65,0,71,0,78,0,79,0,75,0,75,0,76,0,73,0,74,0,79,0,79,0,66,0,62,0,7,0,11,0,8,0,7,0,10,0,51,0,80,0,77,0,75,0,63,0,77,0,62,0,69,0,71,0,79,0,70,0,79,0,75,0,68,0,58,0,75,0,78,0,63,0,,,,,,,,,,,,,,,,,,,,,,,,,,,,,,,,,,,,,,
257290,1336,77,João Mário,Neto Lopes,João Mário,1/3/2000 12:00:00 AM,179,3,4,1,Serie A Enilive,66,https://ratings-images-prod.pulse.ea.com/FC25/full/player-portraits/p257290.png?padding=0.7,https://ratings-images-prod.pulse.ea.com/FC25/full/player-shields/en/257290.png?width=265,12,Right Midfielder,RM,trait1_4096,Whipped Pass,"Accurate, faster crosses with more curve",https://drop-assets.ea.com/images/FfTP29PWrRWZjEaiCCVoa/a1b345e4ae7023ed78b1efd68d28f392/Whipped_Pass.png,playStyle,Play Style,trait1_2097152,Rapid,"Higher sprint speed while dribbling, reduced error on knock-ons",https://drop-assets.ea.com/images/1aGsvwKyIFlRG1eoJSS0Ot/a4d3d661ff962795a632fe86439d2146/Rapid.png,playStyle,Play Style,0,Men's Football,38,Portugal,https://drop-assets.ea.com/images/3CxRD7XqY2NSlZ3628fY4S/abf38470644ee334e6a425b9272f7767/f_38.png,45,Juventus,https://drop-assets.ea.com/images/6zWQmPATtK8lpsiXbKb3mY/6b2d1dab08ef14f63271a5cd70a0db0d/l45.png,true,3,RB,Right Back,defense,Defense,85,0,79,0,78,0,83,0,60,0,61,0,75,0,78,0,70,0,79,0,57,0,69,0,68,0,77,0,76,0,60,0,47,0,9,0,5,0,10,0,10,0,12,0,70,0,72,0,68,0,61,0,84,0,71,0,67,0,67,0,74,0,75,0,63,0,73,0,68,0,69,0,83,0,69,0,73,0,58,0,,,,,,,,,,,,,,,,,,,,,,,,,,,,,,,,,,,,,,
259716,1337,77,Daniel,Svensson,,2/12/2002 12:00:00 AM,178,2,4,2,Bundesliga,72,https://ratings-images-prod.pulse.ea.com/FC25/full/player-portraits/p259716.png?padding=0.7,https://ratings-images-prod.pulse.ea.com/FC25/full/player-shields/en/259716.png?width=265,14,Center Midfielder,CM,trait1_67108864,Relentless,"Increased half time fatigue recovery, longer teammate contain and press",https://drop-assets.ea.com/images/2vVuRxgvPNaAuFGqZZ9nDY/3e2505addd5a6b353becdeaf7173d187/Relentless.png,playStyle,Play Style,,,,,,,0,Men's Football,46,Sweden,https://drop-assets.ea.com/images/4ts7Tmr55hzylhHNBA5xsw/073e32f2c968ae9d531bb1d013a350a0/f_46.png,22,Borussia Dortmund,https://drop-assets.ea.com/images/TmqxUZk2FrbFXOK1kdE89/3dce225926ac7cfd9f283ecd731fa710/l22.png,false,7,LB,Left Back,defense,Defense,78,0,79,0,73,0,89,0,68,0,69,0,80,0,77,0,76,0,72,0,71,0,73,0,76,0,76,0,74,0,51,0,57,0,15,0,12,0,12,0,9,0,9,0,57,0,69,0,76,0,63,0,77,0,75,0,44,0,74,0,71,0,75,0,56,0,78,0,62,0,78,0,76,0,75,0,75,0,50,0,,16,Left Midfielder,LM,,,,,,,,,,,,,,,,,,,,,,,,,,,,,,,,,,
262880,1338,77,Raphael,Onyedika,,4/19/2001 12:00:00 AM,184,2,3,1,1A Pro League,79,https://ratings-images-prod.pulse.ea.com/FC25/full/player-portraits/p262880.png?padding=0.7,https://ratings-images-prod.pulse.ea.com/FC25/full/player-shields/en/262880.png?width=265,14,Center Midfielder,CM,trait1_268435456,Bruiser,Stronger physical tackles,https://drop-assets.ea.com/images/7euMJ2jVypFrFPQesWuGGm/14019168b12faac1584a2920d5c2d5d9/Bruiser.png,playStyle,Play Style,,,,,,,0,Men's Football,133,Nigeria,https://drop-assets.ea.com/images/7pdYOUzcOpsSLsQJqx6jq9/ab9bec93f27d4c42a76f2617073a6cce/f_133.png,231,Club Brugge,https://drop-assets.ea.com/images/7nHwlhyC2uPcLbb3LoBS82/08409177bc75126cfd7a9005fe3faa00/l231.png,false,10,CDM,Center Defensive Midfielder,midfielder,Midfielder,74,0,69,0,79,0,88,0,80,0,80,0,77,0,75,0,74,0,51,0,59,0,74,0,78,0,72,0,70,0,59,0,44,0,9,0,5,0,12,0,13,0,11,0,63,0,75,0,72,0,69,0,73,0,66,0,48,0,82,0,54,0,72,0,64,0,77,0,80,0,70,0,73,0,75,0,66,0,51,0,,5,Center Back,CB,,,,,,,,,,,,,,,,,,,,,,,,,,,,,,,,,,
224041,1341,77,Marvin,Schwäbe,,4/25/1995 12:00:00 AM,190,1,3,1,Bundesliga,86,https://ratings-images-prod.pulse.ea.com/FC25/full/player-portraits/p224041.png?padding=0.7,https://ratings-images-prod.pulse.ea.com/FC25/full/player-shields/en/224041.png?width=250,,,,trait2_1,Far Throw,Unique goalkeeper throw animations with longer throw distance,https://drop-assets.ea.com/images/3CjCz29sjIt1xMZTRDi4vQ/8ecb201b0ae7d6d536d03c847a768ffa/Far_Throw.png,playStyle,Play Style,trait2_2,Footwork,"Exclusive foot saves, better performance on low shots",https://drop-assets.ea.com/images/1s2muXoHUmP1T0vGYKXSl1/6d265b13804069371f16a58788703a33/Footwork.png,playStyle,Play Style,0,Men's Football,21,Germany,https://drop-assets.ea.com/images/6IIMMGk0Uj1rcZ6DSHTpLL/93f95b602dc62594104f418c8f80ebb3/f_21.png,31,1. FC Köln,https://drop-assets.ea.com/images/1YRZmYboKO3TLN8LdJdFjk/6015406736cb01c604c6e911040ed238/l31.png,false,0,GK,Goalkeeper,defense,Defense,49,0,45,0,68,0,36,0,70,0,28,0,46,0,41,0,61,0,21,0,20,0,47,0,21,0,82,0,20,0,15,0,9,0,77,0,74,0,75,0,75,0,82,0,15,0,17,0,49,0,17,0,77,0,75,0,28,0,75,0,12,0,71,0,74,0,53,0,56,0,17,0,43,0,16,0,63,0,15,0,,,,,,,,,,,,,,,,,,,,,,,,,,,,,,,,,,,,,,
220414,1342,77,Diego,Rico Salguero,Diego Rico,2/23/1993 12:00:00 AM,183,2,2,2,LALIGA EA SPORTS,78,https://ratings-images-prod.pulse.ea.com/FC25/full/player-portraits/p220414.png?padding=0.7,https://ratings-images-prod.pulse.ea.com/FC25/full/player-shields/en/220414.png?width=265,16,Left Midfielder,LM,trait1_4096,Whipped Pass,"Accurate, faster crosses with more curve",https://drop-assets.ea.com/images/FfTP29PWrRWZjEaiCCVoa/a1b345e4ae7023ed78b1efd68d28f392/Whipped_Pass.png,playStyle,Play Style,trait1_65536,Intercept,Increased reach and possession retention in interceptions,https://drop-assets.ea.com/images/5ysv7Iw8jDHl7sp1JXqIa7/d34004fed8c95bde083dcf8257391a70/Intercept.png,playStyle,Play Style,0,Men's Football,45,Spain,https://drop-assets.ea.com/images/Kv8okAYMsDbB3ZKbxrAXw/9d30c88d16a4c85002f35c6af412c6f7/f_45.png,1860,Getafe CF,https://drop-assets.ea.com/images/44YMNWepTyO6Bq40e9JFvy/a282461a849f13c104c8163cd2253e2a/l1860.png,false,7,LB,Left Back,defense,Defense,69,0,62,0,78,0,73,0,79,0,74,0,74,0,75,0,72,0,79,0,75,0,76,0,75,0,73,0,74,0,43,0,76,0,10,0,9,0,15,0,11,0,10,0,68,0,79,0,72,0,68,0,70,0,77,0,47,0,76,0,71,0,74,0,57,0,77,0,76,0,74,0,71,0,77,0,77,0,56,0,,,,,trait1_134217728,Long Throw,Powerful throw-ins for greater distance,https://drop-assets.ea.com/images/51OlohNQvoEwW0aLhknAHh/58fa7d903d10f6d8cfa2622f62ba6b6f/Long_Throw.png,playStyle,Play Style,,,,,,,,,,,,,,,,,,,,,,,,,,,,
222357,1343,77,Breel,Embolo,,2/14/1997 12:00:00 AM,187,3,4,1,Ligue 1 McDonald's,88,https://ratings-images-prod.pulse.ea.com/FC25/full/player-portraits/p222357.png?padding=0.7,https://ratings-images-prod.pulse.ea.com/FC25/full/player-shields/en/222357.png?width=265,,,,trait1_2097152,Rapid,"Higher sprint speed while dribbling, reduced error on knock-ons",https://drop-assets.ea.com/images/1aGsvwKyIFlRG1eoJSS0Ot/a4d3d661ff962795a632fe86439d2146/Rapid.png,playStyle,Play Style,trait1_536870912,Enforcer,Performs dribble Shoulder Challenges and Shielding with increased effectiveness.,https://drop-assets.ea.com/images/2sNQz8b9dgV0hW8vl7oOvV/d7a503dbd4c73b232055b3ca06aa88eb/Enforcer.png,playStyle,Play Style,0,Men's Football,47,Switzerland,https://drop-assets.ea.com/images/4CseD8PxDZqObA1huFIws0/f30914625e329de69ffdd60f3c334a88/f_47.png,74,Stade Rennais FC,https://drop-assets.ea.com/images/7CHlTnryGZyOatI2WOFXiP/def56f5b08c456e671d09d3a47cc327b/l74.png,false,25,ST,Striker,attack,Attack,73,0,67,0,89,0,68,0,85,0,79,0,66,0,77,0,75,0,63,0,68,0,51,0,40,0,75,0,76,0,75,0,58,0,13,0,6,0,7,0,7,0,12,0,76,0,44,0,70,0,70,0,78,0,70,0,66,0,80,0,80,0,75,0,75,0,75,0,83,0,38,0,82,0,63,0,74,0,74,0,,,,,,,,,,,,,,,,,,,,,,,,,,,,,,,,,,,,,,
228708,1344,77,Lucas,Martínez Quarta,,5/10/1996 12:00:00 AM,183,2,3,1,LPF,78,https://ratings-images-prod.pulse.ea.com/FC25/full/player-portraits/p228708.png?padding=0.7,https://ratings-images-prod.pulse.ea.com/FC25/full/player-shields/en/228708.png?width=265,,,,trait1_1024,Long Ball Pass,"Accurate, faster Lob and Lofted Through Passes",https://drop-assets.ea.com/images/7jwRDD4zkOsqRpc821t73d/16d46d57a5dfc7dd5dd5f8de0fd26a99/Long_Ball_Pass.png,playStyle,Play Style,trait1_32768,Block,Increased reach and success in blocking,https://drop-assets.ea.com/images/2Rlftzr8lqUdI29suCQVWe/43c6c36e8bd5fa26b88478d4354611a2/Block.png,playStyle,Play Style,0,Men's Football,52,Argentina,https://drop-assets.ea.com/images/4xMXjEt7CFJ6JENYeG45Sk/836d733dc1642c5e4ab3338d91481436/f_52.png,1876,River Plate,https://drop-assets.ea.com/images/3a9cbBltvLpgMO1eByYVRq/bc311aba63f687dc0480c592dfeca1b4/l1876.png,false,5,CB,Center Back,defense,Defense,65,0,71,0,88,0,73,0,88,0,85,0,66,0,69,0,77,0,65,0,57,0,76,0,75,0,70,0,70,0,57,0,49,0,10,0,15,0,12,0,10,0,15,0,79,0,73,0,75,0,57,0,69,0,70,0,66,0,84,0,65,0,73,0,60,0,72,0,67,0,75,0,72,0,78,0,74,0,51,0,,,,,trait1_65536,Intercept,Increased reach and possession retention in interceptions,https://drop-assets.ea.com/images/5ysv7Iw8jDHl7sp1JXqIa7/d34004fed8c95bde083dcf8257391a70/Intercept.png,playStyle,Play Style,,,,,,,,,,,,,,,,,,,,,,,,,,,,
229528,1345,77,Mykola,Matviienko,,5/2/1996 12:00:00 AM,182,2,3,2,Ukrayina Liha,74,https://ratings-images-prod.pulse.ea.com/FC25/full/player-portraits/p229528.png?padding=0.7,https://ratings-images-prod.pulse.ea.com/FC25/full/player-shields/en/229528.png?width=265,7,Left Back,LB,trait1_1024,Long Ball Pass,"Accurate, faster Lob and Lofted Through Passes",https://drop-assets.ea.com/images/7jwRDD4zkOsqRpc821t73d/16d46d57a5dfc7dd5dd5f8de0fd26a99/Long_Ball_Pass.png,playStyle,Play Style,,,,,,,0,Men's Football,49,Ukraine,https://drop-assets.ea.com/images/6qDmsmOUdD4va3zMohbKhb/0074f5347b6d5908bf7c36de17f1e512/f_49.png,101059,Shakhtar Donetsk,https://drop-assets.ea.com/images/2boV5vckSWy81CHbJ0bNdO/bc02139a7497860e5af88f7a13c32523/l101059.png,false,5,CB,Center Back,defense,Defense,76,0,71,0,87,0,76,0,76,0,75,0,69,0,69,0,72,0,68,0,58,0,78,0,77,0,69,0,68,0,53,0,55,0,10,0,10,0,5,0,9,0,11,0,76,0,76,0,79,0,57,0,77,0,71,0,49,0,76,0,63,0,75,0,58,0,80,0,73,0,77,0,78,0,80,0,60,0,46,0,,3,Right Back,RB,,,,,,,,,,,,,,,,,,,,,,,,,,,,,,,,,,
241390,1346,77,Eljif,Elmas,,9/24/1999 12:00:00 AM,184,4,4,1,Serie A Enilive,78,https://ratings-images-prod.pulse.ea.com/FC25/full/player-portraits/p241390.png?padding=0.7,https://ratings-images-prod.pulse.ea.com/FC25/full/player-shields/en/241390.png?width=265,27,Left Wing,LW,trait1_1048576,Technical,"Faster Controlled Sprint, precise wide turns while dribbling",https://drop-assets.ea.com/images/5Esx7NK4YBU44O4bo07rvb/69ca9417da7fd07905f6c6956ad93f6d/Technical.png,playStyle,Play Style,,,,,,,0,Men's Football,19,North Macedonia,https://drop-assets.ea.com/images/2Ac7BzDaU9DZAWZahld4GJ/3d5af30f500b494ac26ce8fdfa6c1a31/f_19.png,48,SSC Napoli,https://drop-assets.ea.com/images/2FIV26KpnSXl3Nv8Ar6jk3/d8461aa150da3d433fccc34bc80c978f/l48.png,false,16,LM,Left Midfielder,midfielder,Midfielder,77,0,83,0,72,0,75,0,64,0,68,0,68,0,81,0,70,0,68,0,64,0,65,0,62,0,80,0,81,0,70,0,54,0,8,0,5,0,14,0,6,0,15,0,58,0,69,0,74,0,72,0,72,0,73,0,58,0,68,0,75,0,76,0,71,0,78,0,78,0,62,0,68,0,67,0,77,0,58,0,,14,Center Midfielder,CM,,,,,,,,,,,,,,,,,,,,,,,,,,,,,,,,,,
242380,1347,77,Stephen,Antunes Eustáquio,Stephen Eustáquio,12/21/1996 12:00:00 AM,178,2,3,1,Liga Portugal,67,https://ratings-images-prod.pulse.ea.com/FC25/full/player-portraits/p242380.png?padding=0.7,https://ratings-images-prod.pulse.ea.com/FC25/full/player-shields/en/242380.png?width=265,14,Center Midfielder,CM,trait1_16384,Jockey,"Faster Sprint Jockey, better transition speed",https://drop-assets.ea.com/images/7lHjpOBSghE6Ywt1jgVv1C/21f9914d00f073d79d4b46cac71b9087/Jockey.png,playStyle,Play Style,trait1_16777216,Press Proven,"Close control at jog speed, shields ball more effectively",https://drop-assets.ea.com/images/5rUHwyLJRnvGV53Ba4Pj6M/9a3238695ae8103667ba02af391ac209/Press_Proven.png,playStyle,Play Style,0,Men's Football,70,Canada,https://drop-assets.ea.com/images/6NVjftdldQXhdzrkDQccXB/0bbb62e54641cc2fc4c5e9f347319859/f_70.png,236,FC Porto,https://drop-assets.ea.com/images/3rIoG9U8fPPfaXZiGOGtvw/37c0c0ceefe454e9c299d4cc1852671f/l236.png,false,10,CDM,Center Defensive Midfielder,midfielder,Midfielder,67,0,72,0,76,0,79,0,70,0,78,0,73,0,77,0,76,0,72,0,74,0,73,0,74,0,73,0,71,0,64,0,66,0,6,0,5,0,13,0,7,0,11,0,56,0,75,0,77,0,69,0,66,0,76,0,65,0,74,0,68,0,75,0,67,0,78,0,72,0,72,0,65,0,75,0,77,0,58,0,,5,Center Back,CB,trait1_268435456,Bruiser,Stronger physical tackles,https://drop-assets.ea.com/images/7euMJ2jVypFrFPQesWuGGm/14019168b12faac1584a2920d5c2d5d9/Bruiser.png,playStyle,Play Style,,,,,,,,,,,,,,,,,,,,,,,,,,,,
246928,1348,77,Iván,Martín Núñez,Iván Martín,2/14/1999 12:00:00 AM,178,3,3,2,LALIGA EA SPORTS,70,https://ratings-images-prod.pulse.ea.com/FC25/full/player-portraits/p246928.png?padding=0.7,https://ratings-images-prod.pulse.ea.com/FC25/full/player-shields/en/246928.png?width=265,10,Center Defensive Midfielder,CDM,trait1_1048576,Technical,"Faster Controlled Sprint, precise wide turns while dribbling",https://drop-assets.ea.com/images/5Esx7NK4YBU44O4bo07rvb/69ca9417da7fd07905f6c6956ad93f6d/Technical.png,playStyle,Play Style,,,,,,,0,Men's Football,45,Spain,https://drop-assets.ea.com/images/Kv8okAYMsDbB3ZKbxrAXw/9d30c88d16a4c85002f35c6af412c6f7/f_45.png,110062,Girona FC,https://drop-assets.ea.com/images/40lM20ITshJSKsZtWMGQ8m/3f11cea65b14635cc29654b6ba13c0b6/l110062.png,false,14,CM,Center Midfielder,midfielder,Midfielder,71,0,79,0,63,0,73,0,60,0,55,0,72,0,79,0,76,0,79,0,79,0,69,0,68,0,78,0,79,0,69,0,65,0,13,0,6,0,11,0,6,0,6,0,47,0,74,0,79,0,75,0,71,0,78,0,68,0,62,0,76,0,75,0,71,0,79,0,73,0,65,0,71,0,74,0,77,0,63,0,,18,Center Attacking Midfielder,CAM,,,,,,,,,,,,,,,,,,,,,,,,,,,,,,,,,,
259075,1349,77,Yan,Bueno Couto,Yan Couto,6/3/2002 12:00:00 AM,168,4,3,1,Bundesliga,60,https://ratings-images-prod.pulse.ea.com/FC25/full/player-portraits/p259075.png?padding=0.7,https://ratings-images-prod.pulse.ea.com/FC25/full/player-shields/en/259075.png?width=265,12,Right Midfielder,RM,trait1_4096,Whipped Pass,"Accurate, faster crosses with more curve",https://drop-assets.ea.com/images/FfTP29PWrRWZjEaiCCVoa/a1b345e4ae7023ed78b1efd68d28f392/Whipped_Pass.png,playStyle,Play Style,trait1_8192,Inventive,Fancy and Trivela passes are performed with improved accuracy.,https://drop-assets.ea.com/images/4fpo31RdL5T0vrzNqcSc4x/f82209bfd51270dcc447d4313b3e61f1/Inventive.png,playStyle,Play Style,0,Men's Football,54,Brazil,https://drop-assets.ea.com/images/1zdNn1R9tRlfQ3lsbAOecD/a606f742789b6306363383a6e20dd003/f_54.png,22,Borussia Dortmund,https://drop-assets.ea.com/images/TmqxUZk2FrbFXOK1kdE89/3dce225926ac7cfd9f283ecd731fa710/l22.png,false,3,RB,Right Back,defense,Defense,85,0,85,0,57,0,77,0,51,0,66,0,90,0,86,0,65,0,81,0,77,0,69,0,71,0,83,0,83,0,61,0,43,0,9,0,6,0,13,0,8,0,11,0,49,0,73,0,74,0,58,0,78,0,77,0,55,0,61,0,75,0,75,0,61,0,82,0,65,0,74,0,72,0,69,0,75,0,45,0,,,,,trait1_1048576,Technical,"Faster Controlled Sprint, precise wide turns while dribbling",https://drop-assets.ea.com/images/5Esx7NK4YBU44O4bo07rvb/69ca9417da7fd07905f6c6956ad93f6d/Technical.png,playStyle,Play Style,trait1_33554432,Quick Step,Faster acceleration during Explosive Sprint,https://drop-assets.ea.com/images/1xG25Zp3wvkLA5YewKiZah/f27f5fabd1e899fc0bbb817d2db233b1/Quick_Step.png,playStyle,Play Style,,,,,,,,,,,,,,,,,,,,,,
260823,1350,77,Nicolò,Fagioli,,2/12/2001 12:00:00 AM,178,4,4,1,Serie A Enilive,72,https://ratings-images-prod.pulse.ea.com/FC25/full/player-portraits/p260823.png?padding=0.7,https://ratings-images-prod.pulse.ea.com/FC25/full/player-shields/en/260823.png?width=265,10,Center Defensive Midfielder,CDM,trait1_8192,Inventive,Fancy and Trivela passes are performed with improved accuracy.,https://drop-assets.ea.com/images/4fpo31RdL5T0vrzNqcSc4x/f82209bfd51270dcc447d4313b3e61f1/Inventive.png,playStyle,Play Style,trait1_16777216,Press Proven,"Close control at jog speed, shields ball more effectively",https://drop-assets.ea.com/images/5rUHwyLJRnvGV53Ba4Pj6M/9a3238695ae8103667ba02af391ac209/Press_Proven.png,playStyle,Play Style,0,Men's Football,27,Italy,https://drop-assets.ea.com/images/2WtjWPqYzT7xcMCbvajGZH/d06e9ec4734a0d43d88f65386cc3a484/f_27.png,110374,Fiorentina,https://drop-assets.ea.com/images/j2Zuc19dll43zq88V7CgZ/d2e748909a451985aed5a26b122a4d8f/l110374.png,false,14,CM,Center Midfielder,midfielder,Midfielder,73,0,76,0,68,0,68,0,59,0,66,0,77,0,82,0,72,0,69,0,79,0,70,0,69,0,79,0,79,0,56,0,68,0,7,0,10,0,8,0,10,0,13,0,58,0,70,0,82,0,72,0,74,0,78,0,68,0,63,0,62,0,74,0,65,0,82,0,76,0,70,0,75,0,74,0,78,0,68,0,,5,Center Back,CB,,,,,,,,,,,,,,,,,,,,,,,,,,,,,,,,,,
264001,1351,77,Oğuz,Aydın,,10/27/2000 12:00:00 AM,183,3,4,1,Trendyol Süper Lig,76,https://ratings-images-prod.pulse.ea.com/FC25/full/player-portraits/p264001.png?padding=0.7,https://ratings-images-prod.pulse.ea.com/FC25/full/player-shields/en/264001.png?width=265,23,Right Wing,RW,trait1_1,Finesse Shot,Faster finesse shots with more curve and accuracy,https://drop-assets.ea.com/images/468u1R1p2k1fA6WBHi0OEn/fb9d49ed2a8fb500cd5a184937b96b34/Finesse_Shot.png,playStyle,Play Style,trait1_128,Gamechanger,Fancy and Trivela shots are performed with improved accuracy.,https://drop-assets.ea.com/images/2v8I0GQrtREaEJzJcyStKe/e46d719e4e5ed88ac5a1f671c7448f4a/Gamechanger.png,playStyle,Play Style,0,Men's Football,48,Turkey,https://drop-assets.ea.com/images/501PnaP87pzjR8dKEQ20OT/7f0fd5c896b732a094222cbf0560b4c2/f_48.png,326,Fenerbahçe,https://drop-assets.ea.com/images/3sfoNHvqDPqhM1PsEE1sNM/b9dcc82d0e2fba3efc8e8d0ed4c216a6/l326.png,false,27,LW,Left Wing,attack,Attack,86,0,84,0,71,0,80,0,61,0,66,0,75,0,77,0,66,0,72,0,70,0,56,0,60,0,78,0,80,0,73,0,51,0,10,0,10,0,5,0,6,0,8,0,51,0,50,0,70,0,70,0,85,0,71,0,68,0,67,0,75,0,72,0,72,0,74,0,76,0,55,0,85,0,59,0,72,0,63,0,,12,Right Midfielder,RM,trait1_4096,Whipped Pass,"Accurate, faster crosses with more curve",https://drop-assets.ea.com/images/FfTP29PWrRWZjEaiCCVoa/a1b345e4ae7023ed78b1efd68d28f392/Whipped_Pass.png,playStyle,Play Style,trait1_1048576,Technical,"Faster Controlled Sprint, precise wide turns while dribbling",https://drop-assets.ea.com/images/5Esx7NK4YBU44O4bo07rvb/69ca9417da7fd07905f6c6956ad93f6d/Technical.png,playStyle,Play Style,,,,,,,,,,,,,,,,,,,16,Left Midfielder,LM,
200059,1353,77,Colin,Coosemans,,8/3/1992 12:00:00 AM,186,1,4,1,1A Pro League,84,https://ratings-images-prod.pulse.ea.com/FC25/full/player-portraits/p200059.png?padding=0.7,https://ratings-images-prod.pulse.ea.com/FC25/full/player-shields/en/200059.png?width=250,,,,trait2_2,Footwork,"Exclusive foot saves, better performance on low shots",https://drop-assets.ea.com/images/1s2muXoHUmP1T0vGYKXSl1/6d265b13804069371f16a58788703a33/Footwork.png,playStyle,Play Style,,,,,,,0,Men's Football,7,Belgium,https://drop-assets.ea.com/images/7eZLPoDDyxSlQoqcS4NVA2/6fc085dc7e85ccd7519be7ff2df875ee/f_7.png,229,RSC Anderlecht,https://drop-assets.ea.com/images/6fPz45ZIDQWOd7Lqv0GuZF/045eacfd4e3fade98ceca05cb12b6c60/l229.png,false,0,GK,Goalkeeper,defense,Defense,43,0,47,0,63,0,30,0,63,0,31,0,37,0,33,0,57,0,13,0,17,0,44,0,12,0,80,0,13,0,12,0,15,0,78,0,75,0,74,0,77,0,80,0,13,0,18,0,47,0,14,0,78,0,74,0,37,0,77,0,9,0,69,0,75,0,43,0,56,0,16,0,46,0,13,0,48,0,17,0,,,,,,,,,,,,,,,,,,,,,,,,,,,,,,,,,,,,,,
212404,1354,77,Federico,Bernardeschi,,2/16/1994 12:00:00 AM,185,4,3,2,Serie A Enilive,77,https://ratings-images-prod.pulse.ea.com/FC25/full/player-portraits/p212404.png?padding=0.7,https://ratings-images-prod.pulse.ea.com/FC25/full/player-shields/en/212404.png?width=265,25,Striker,ST,trait1_1,Finesse Shot,Faster finesse shots with more curve and accuracy,https://drop-assets.ea.com/images/468u1R1p2k1fA6WBHi0OEn/fb9d49ed2a8fb500cd5a184937b96b34/Finesse_Shot.png,playStyle,Play Style,trait1_128,Gamechanger,Fancy and Trivela shots are performed with improved accuracy.,https://drop-assets.ea.com/images/2v8I0GQrtREaEJzJcyStKe/e46d719e4e5ed88ac5a1f671c7448f4a/Gamechanger.png,playStyle,Play Style,0,Men's Football,27,Italy,https://drop-assets.ea.com/images/2WtjWPqYzT7xcMCbvajGZH/d06e9ec4734a0d43d88f65386cc3a484/f_27.png,189,Bologna,https://drop-assets.ea.com/images/46WRpnCKdCAJlQHuRwlxXF/a7ac6606d8a808d382d4dd5c484eb60e/l189.png,false,12,RM,Right Midfielder,midfielder,Midfielder,75,0,82,0,70,0,74,0,69,0,54,0,76,0,82,0,78,0,80,0,84,0,54,0,57,0,80,0,81,0,72,0,80,0,14,0,15,0,10,0,13,0,12,0,53,0,56,0,72,0,78,0,75,0,77,0,74,0,67,0,70,0,69,0,75,0,76,0,80,0,52,0,75,0,52,0,75,0,76,0,,23,Right Wing,RW,trait1_1048576,Technical,"Faster Controlled Sprint, precise wide turns while dribbling",https://drop-assets.ea.com/images/5Esx7NK4YBU44O4bo07rvb/69ca9417da7fd07905f6c6956ad93f6d/Technical.png,playStyle,Play Style,,,,,,,,,,,,,,,,,,,,,,,,,,,,
232440,1355,77,Caio Henrique,Oliveira Silva,Caio Henrique,7/31/1997 12:00:00 AM,178,3,2,2,Ligue 1 McDonald's,70,https://ratings-images-prod.pulse.ea.com/FC25/full/player-portraits/p232440.png?padding=0.7,https://ratings-images-prod.pulse.ea.com/FC25/full/player-shields/en/232440.png?width=265,16,Left Midfielder,LM,trait1_8,Dead Ball,"Faster, accurate set pieces with longer trajectory preview",https://drop-assets.ea.com/images/1razu2wcM3XA82VvB7NyUm/eec6b07080e49d6bf2d7a7951a22375f/Dead_Ball.png,playStyle,Play Style,trait1_4096,Whipped Pass,"Accurate, faster crosses with more curve",https://drop-assets.ea.com/images/FfTP29PWrRWZjEaiCCVoa/a1b345e4ae7023ed78b1efd68d28f392/Whipped_Pass.png,playStyle,Play Style,0,Men's Football,54,Brazil,https://drop-assets.ea.com/images/1zdNn1R9tRlfQ3lsbAOecD/a606f742789b6306363383a6e20dd003/f_54.png,69,AS Monaco,https://drop-assets.ea.com/images/6XicH1VsjyR3WbTdpk99p3/8b11b6c53072e6c9c042eb77f3c6a8f4/l69.png,false,7,LB,Left Back,defense,Defense,76,0,71,0,71,0,81,0,57,0,69,0,74,0,81,0,80,0,83,0,80,0,72,0,72,0,77,0,77,0,54,0,72,0,11,0,15,0,9,0,6,0,8,0,62,0,73,0,70,0,60,0,78,0,77,0,48,0,66,0,75,0,74,0,58,0,77,0,64,0,71,0,79,0,75,0,77,0,52,0,,,,,trait1_134217728,Long Throw,Powerful throw-ins for greater distance,https://drop-assets.ea.com/images/51OlohNQvoEwW0aLhknAHh/58fa7d903d10f6d8cfa2622f62ba6b6f/Long_Throw.png,playStyle,Play Style,,,,,,,,,,,,,,,,,,,,,,,,,,,,
232730,1356,77,Daichi,Kamada,,8/5/1996 12:00:00 AM,184,3,3,1,Premier League,72,https://ratings-images-prod.pulse.ea.com/FC25/full/player-portraits/p232730.png?padding=0.7,https://ratings-images-prod.pulse.ea.com/FC25/full/player-shields/en/232730.png?width=265,18,Center Attacking Midfielder,CAM,trait1_1048576,Technical,"Faster Controlled Sprint, precise wide turns while dribbling",https://drop-assets.ea.com/images/5Esx7NK4YBU44O4bo07rvb/69ca9417da7fd07905f6c6956ad93f6d/Technical.png,playStyle,Play Style,,,,,,,0,Men's Football,163,Japan,https://drop-assets.ea.com/images/1aoxCwnRS4A6LGlyhrUllt/b5b0cd61a299b9996821c16cc324cc3b/f_163.png,1799,Crystal Palace,https://drop-assets.ea.com/images/6j7pLWl2t3yl13bu6Y9s5K/91a346d14011a610d95ec956816b6a38/l1799.png,false,14,CM,Center Midfielder,midfielder,Midfielder,74,0,78,0,66,0,75,0,55,0,81,0,78,0,79,0,74,0,74,0,78,0,64,0,59,0,78,0,77,0,74,0,73,0,6,0,10,0,11,0,6,0,11,0,56,0,68,0,77,0,73,0,71,0,77,0,78,0,66,0,75,0,79,0,72,0,79,0,65,0,61,0,68,0,69,0,78,0,66,0,,,,,,,,,,,,,,,,,,,,,,,,,,,,,,,,,,,,,,
252144,1357,77,Eduardo Filipe,Quaresma,Eduardo Quaresma,3/2/2002 12:00:00 AM,184,3,3,1,Liga Portugal,79,https://ratings-images-prod.pulse.ea.com/FC25/full/player-portraits/p252144.png?padding=0.7,https://ratings-images-prod.pulse.ea.com/FC25/full/player-shields/en/252144.png?width=265,3,Right Back,RB,trait1_16384,Jockey,"Faster Sprint Jockey, better transition speed",https://drop-assets.ea.com/images/7lHjpOBSghE6Ywt1jgVv1C/21f9914d00f073d79d4b46cac71b9087/Jockey.png,playStyle,Play Style,trait1_131072,Anticipate,"Improved standing tackle success, possibility of stopping ball at feet",https://drop-assets.ea.com/images/4xPnUcL7thizFB7qmhlwUR/1ade7a0f77d5e875c2db869964540a35/Anticipate.png,playStyle,Play Style,0,Men's Football,38,Portugal,https://drop-assets.ea.com/images/3CxRD7XqY2NSlZ3628fY4S/abf38470644ee334e6a425b9272f7767/f_38.png,237,Sporting CP,https://drop-assets.ea.com/images/2bL9oGApMvbYE1o0Byl8KB/c914cde8141f11124f026cb198a0eb00/l237.png,false,5,CB,Center Back,defense,Defense,84,0,68,0,88,0,69,0,77,0,75,0,70,0,74,0,77,0,65,0,62,0,78,0,78,0,73,0,72,0,45,0,35,0,9,0,13,0,8,0,8,0,8,0,72,0,76,0,68,0,60,0,82,0,66,0,43,0,75,0,65,0,77,0,54,0,70,0,67,0,77,0,80,0,81,0,68,0,53,0,,12,Right Midfielder,RM,trait1_262144,Slide Tackle,Stops ball at feet during slide tackles,https://drop-assets.ea.com/images/7mI1lrxE0pv9iJfQFki9OA/8c1ecac325f923e049be72231c8c968a/Slide_Tackle.png,playStyle,Play Style,,,,,,,,,,,,,,,,,,,,,,,,,,,,
254566,1358,77,Patrick,Wimmer,,5/30/2001 12:00:00 AM,182,5,4,1,Bundesliga,77,https://ratings-images-prod.pulse.ea.com/FC25/full/player-portraits/p254566.png?padding=0.7,https://ratings-images-prod.pulse.ea.com/FC25/full/player-shields/en/254566.png?width=265,23,Right Wing,RW,trait1_32,Acrobatic,"Perform volleys with increased accuracy, acrobatic volley animations",https://drop-assets.ea.com/images/2sRRBHcIe0zrDwYaRI2xG3/d02b8c8855de853470897009e030eb5d/Acrobatic.png,playStyle,Play Style,trait1_8192,Inventive,Fancy and Trivela passes are performed with improved accuracy.,https://drop-assets.ea.com/images/4fpo31RdL5T0vrzNqcSc4x/f82209bfd51270dcc447d4313b3e61f1/Inventive.png,playStyle,Play Style,0,Men's Football,4,Austria,https://drop-assets.ea.com/images/2nTz63NpDfuBGFbmXrDg0N/eaa6fc81bfd7bd77d76886d479841ebb/f_4.png,175,VfL Wolfsburg,https://drop-assets.ea.com/images/4mw5u30yjPmzh9OVqKB0YV/ad59c24a84c9afb0a877046fadeb9c9e/l175.png,false,18,CAM,Center Attacking Midfielder,midfielder,Midfielder,83,0,85,0,70,0,78,0,73,0,65,0,83,0,79,0,70,0,73,0,64,0,49,0,53,0,81,0,82,0,70,0,50,0,12,0,13,0,9,0,14,0,13,0,44,0,48,0,66,0,68,0,84,0,72,0,52,0,73,0,76,0,75,0,69,0,74,0,75,0,45,0,84,0,47,0,78,0,57,0,,14,Center Midfielder,CM,trait1_2097152,Rapid,"Higher sprint speed while dribbling, reduced error on knock-ons",https://drop-assets.ea.com/images/1aGsvwKyIFlRG1eoJSS0Ot/a4d3d661ff962795a632fe86439d2146/Rapid.png,playStyle,Play Style,trait1_4194304,First Touch,"Reduced trapping error, faster dribbling transition",https://drop-assets.ea.com/images/3f727XsoDVLbT49oMk0HBu/2787568be8ccb2d5daa2d18fabacad97/First_Touch.png,playStyle,Play Style,trait1_67108864,Relentless,"Increased half time fatigue recovery, longer teammate contain and press",https://drop-assets.ea.com/images/2vVuRxgvPNaAuFGqZZ9nDY/3e2505addd5a6b353becdeaf7173d187/Relentless.png,playStyle,Play Style,,,,,,,,,,,,,25,Striker,ST,
260466,1359,77,İsmail,Yüksek,,1/26/1999 12:00:00 AM,183,3,3,1,Trendyol Süper Lig,77,https://ratings-images-prod.pulse.ea.com/FC25/full/player-portraits/p260466.png?padding=0.7,https://ratings-images-prod.pulse.ea.com/FC25/full/player-shields/en/260466.png?width=265,14,Center Midfielder,CM,trait1_16384,Jockey,"Faster Sprint Jockey, better transition speed",https://drop-assets.ea.com/images/7lHjpOBSghE6Ywt1jgVv1C/21f9914d00f073d79d4b46cac71b9087/Jockey.png,playStyle,Play Style,trait1_262144,Slide Tackle,Stops ball at feet during slide tackles,https://drop-assets.ea.com/images/7mI1lrxE0pv9iJfQFki9OA/8c1ecac325f923e049be72231c8c968a/Slide_Tackle.png,playStyle,Play Style,0,Men's Football,48,Turkey,https://drop-assets.ea.com/images/501PnaP87pzjR8dKEQ20OT/7f0fd5c896b732a094222cbf0560b4c2/f_48.png,326,Fenerbahçe,https://drop-assets.ea.com/images/3sfoNHvqDPqhM1PsEE1sNM/b9dcc82d0e2fba3efc8e8d0ed4c216a6/l326.png,false,10,CDM,Center Defensive Midfielder,midfielder,Midfielder,76,0,77,0,80,0,85,0,74,0,80,0,69,0,77,0,64,0,63,0,69,0,74,0,70,0,73,0,72,0,53,0,58,0,13,0,15,0,8,0,14,0,13,0,70,0,79,0,75,0,66,0,74,0,70,0,48,0,78,0,62,0,71,0,59,0,76,0,72,0,75,0,72,0,77,0,68,0,45,0,,,,,trait1_524288,Aerial Fortress,Performs higher jumps and has physical defensive presence before and during aerial duels,https://drop-assets.ea.com/images/3rsDbUXd3MZX39YTsk6lKe/404db89f2237eeb7466668a730c52a4b/Aerial_Fortress.png,playStyle,Play Style,,,,,,,,,,,,,,,,,,,,,,,,,,,,
264293,1360,77,Habib,Diarra,,1/3/2004 12:00:00 AM,178,2,2,1,Premier League,75,https://ratings-images-prod.pulse.ea.com/FC25/full/player-portraits/p264293.png?padding=0.7,https://ratings-images-prod.pulse.ea.com/FC25/full/player-shields/en/264293.png?width=265,18,Center Attacking Midfielder,CAM,trait1_1048576,Technical,"Faster Controlled Sprint, precise wide turns while dribbling",https://drop-assets.ea.com/images/5Esx7NK4YBU44O4bo07rvb/69ca9417da7fd07905f6c6956ad93f6d/Technical.png,playStyle,Play Style,,,,,,,0,Men's Football,136,Senegal,https://drop-assets.ea.com/images/5YFW1KnsSwDBZwtoXH9mTj/690bf685246b53efaf24d6f2de696eb3/f_136.png,106,Sunderland,https://drop-assets.ea.com/images/6ja62Iw2LyY8cVrud4aSHi/aa6c15e4a2ceed66f92099108bea9dfa/l106.png,false,14,CM,Center Midfielder,midfielder,Midfielder,74,0,73,0,72,0,77,0,69,0,68,0,70,0,78,0,77,0,56,0,67,0,71,0,66,0,77,0,78,0,66,0,52,0,8,0,12,0,7,0,7,0,8,0,58,0,76,0,77,0,68,0,70,0,71,0,59,0,71,0,76,0,76,0,68,0,78,0,78,0,70,0,67,0,76,0,77,0,52,0,,,,,,,,,,,,,,,,,,,,,,,,,,,,,,,,,,,,,,
212442,1362,77,José Pedro,Malheiro de Sá,José Sá,1/17/1993 12:00:00 AM,192,1,2,1,Premier League,84,https://ratings-images-prod.pulse.ea.com/FC25/full/player-portraits/p212442.png?padding=0.7,https://ratings-images-prod.pulse.ea.com/FC25/full/player-shields/en/212442.png?width=250,,,,trait2_2,Footwork,"Exclusive foot saves, better performance on low shots",https://drop-assets.ea.com/images/1s2muXoHUmP1T0vGYKXSl1/6d265b13804069371f16a58788703a33/Footwork.png,playStyle,Play Style,trait2_8,Rush Out,"Unique reflex saves, better close shot reads, faster rush",https://drop-assets.ea.com/images/4wwnzFkg1zLTAc4QSsXiWO/5fa897cf739a93bddf3556e2323f9b8b/1v1_Close_Down.png,playStyle,Play Style,0,Men's Football,38,Portugal,https://drop-assets.ea.com/images/3CxRD7XqY2NSlZ3628fY4S/abf38470644ee334e6a425b9272f7767/f_38.png,110,Wolves,https://drop-assets.ea.com/images/3DIKyPF6XcAgIrI3Wv0UBo/4b26ac5525105f84de13860ebe177633/l110.png,false,0,GK,Goalkeeper,defense,Defense,52,0,62,0,72,0,34,0,75,0,35,0,40,0,19,0,45,0,18,0,12,0,52,0,14,0,77,0,17,0,15,0,21,0,77,0,75,0,70,0,76,0,77,0,14,0,18,0,42,0,18,0,77,0,70,0,11,0,76,0,17,0,75,0,75,0,48,0,53,0,15,0,53,0,19,0,50,0,17,0,,,,,,,,,,,,,,,,,,,,,,,,,,,,,,,,,,,,,,
219553,1363,77,Claudio,Aquino,,7/24/1991 12:00:00 AM,172,4,3,1,Libertadores,70,https://ratings-images-prod.pulse.ea.com/FC25/full/player-portraits/p219553.png?padding=0.7,https://ratings-images-prod.pulse.ea.com/FC25/full/player-shields/en/219553.png?width=265,14,Center Midfielder,CM,trait1_4,Power Shot,Faster power shots with increased speed,https://drop-assets.ea.com/images/3ohVoKWSsvT44qgjabWqfV/e536ef26ad854c3c4cbf63ed7954b9cd/Power_Shot.png,playStyle,Play Style,trait1_8,Dead Ball,"Faster, accurate set pieces with longer trajectory preview",https://drop-assets.ea.com/images/1razu2wcM3XA82VvB7NyUm/eec6b07080e49d6bf2d7a7951a22375f/Dead_Ball.png,playStyle,Play Style,0,Men's Football,52,Argentina,https://drop-assets.ea.com/images/4xMXjEt7CFJ6JENYeG45Sk/836d733dc1642c5e4ab3338d91481436/f_52.png,,,,,18,CAM,Center Attacking Midfielder,midfielder,Midfielder,84,0,86,0,79,0,70,0,74,0,67,0,90,0,81,0,74,0,75,0,83,0,47,0,40,0,81,0,80,0,72,0,80,0,10,0,15,0,16,0,15,0,10,0,58,0,50,0,77,0,75,0,76,0,75,0,74,0,72,0,76,0,75,0,76,0,70,0,87,0,43,0,70,0,48,0,81,0,73,0,,,,,trait1_256,Incisive Pass,"Accurate through passes, curvier swerve passes, faster precision passes",https://drop-assets.ea.com/images/2K5BYfVYRnrdjt8F3hwI04/62f147b6a436c107bfa3d042c1d5728d/Incisive_Pass.png,playStyle,Play Style,,,,,,,,,,,,,,,,,,,,,,,,,,,,
227928,1364,77,Nélson,Cabral Semedo,Nélson Semedo,11/16/1993 12:00:00 AM,177,4,3,1,Trendyol Süper Lig,69,https://ratings-images-prod.pulse.ea.com/FC25/full/player-portraits/p227928.png?padding=0.7,https://ratings-images-prod.pulse.ea.com/FC25/full/player-shields/en/227928.png?width=265,12,Right Midfielder,RM,trait1_4096,Whipped Pass,"Accurate, faster crosses with more curve",https://drop-assets.ea.com/images/FfTP29PWrRWZjEaiCCVoa/a1b345e4ae7023ed78b1efd68d28f392/Whipped_Pass.png,playStyle,Play Style,trait1_2097152,Rapid,"Higher sprint speed while dribbling, reduced error on knock-ons",https://drop-assets.ea.com/images/1aGsvwKyIFlRG1eoJSS0Ot/a4d3d661ff962795a632fe86439d2146/Rapid.png,playStyle,Play Style,0,Men's Football,38,Portugal,https://drop-assets.ea.com/images/3CxRD7XqY2NSlZ3628fY4S/abf38470644ee334e6a425b9272f7767/f_38.png,326,Fenerbahçe,https://drop-assets.ea.com/images/3sfoNHvqDPqhM1PsEE1sNM/b9dcc82d0e2fba3efc8e8d0ed4c216a6/l326.png,false,3,RB,Right Back,defense,Defense,79,0,80,0,74,0,78,0,69,0,78,0,76,0,77,0,76,0,75,0,63,0,73,0,73,0,77,0,77,0,49,0,34,0,16,0,12,0,10,0,14,0,12,0,58,0,75,0,67,0,57,0,79,0,69,0,38,0,73,0,70,0,75,0,56,0,75,0,73,0,76,0,79,0,77,0,64,0,42,0,,,,,,,,,,,,,,,,,,,,,,,,,,,,,,,,,,,,,,
234730,1365,77,Valentin,Rosier,,8/19/1996 12:00:00 AM,175,3,2,1,LALIGA EA SPORTS,75,https://ratings-images-prod.pulse.ea.com/FC25/full/player-portraits/p234730.png?padding=0.7,https://ratings-images-prod.pulse.ea.com/FC25/full/player-shields/en/234730.png?width=265,12,Right Midfielder,RM,trait1_16384,Jockey,"Faster Sprint Jockey, better transition speed",https://drop-assets.ea.com/images/7lHjpOBSghE6Ywt1jgVv1C/21f9914d00f073d79d4b46cac71b9087/Jockey.png,playStyle,Play Style,trait1_134217728,Long Throw,Powerful throw-ins for greater distance,https://drop-assets.ea.com/images/51OlohNQvoEwW0aLhknAHh/58fa7d903d10f6d8cfa2622f62ba6b6f/Long_Throw.png,playStyle,Play Style,0,Men's Football,18,France,https://drop-assets.ea.com/images/3ECAQzhfgSLWRf9IIHB6G8/7e235a7b2f93c1f73db7f89dc03b3657/f_18.png,479,CA Osasuna,https://drop-assets.ea.com/images/5T0gPuxPGVG3BLEP9wYxLx/8be8ef52e215bc47956d1084f702409d/l479.png,false,3,RB,Right Back,defense,Defense,80,0,84,0,72,0,78,0,73,0,79,0,85,0,75,0,74,0,75,0,72,0,72,0,70,0,76,0,74,0,45,0,45,0,8,0,13,0,10,0,10,0,9,0,63,0,74,0,68,0,54,0,81,0,71,0,42,0,75,0,74,0,74,0,52,0,72,0,64,0,76,0,82,0,74,0,72,0,47,0,,,,,,,,,,,,,,,,,,,,,,,,,,,,,,,,,,,,,,
193198,1368,77,Nemanja,Gudelj,,11/16/1991 12:00:00 AM,187,3,2,1,LALIGA EA SPORTS,79,https://ratings-images-prod.pulse.ea.com/FC25/full/player-portraits/p193198.png?padding=0.7,https://ratings-images-prod.pulse.ea.com/FC25/full/player-shields/en/193198.png?width=265,10,Center Defensive Midfielder,CDM,trait1_4,Power Shot,Faster power shots with increased speed,https://drop-assets.ea.com/images/3ohVoKWSsvT44qgjabWqfV/e536ef26ad854c3c4cbf63ed7954b9cd/Power_Shot.png,playStyle,Play Style,trait1_524288,Aerial Fortress,Performs higher jumps and has physical defensive presence before and during aerial duels,https://drop-assets.ea.com/images/3rsDbUXd3MZX39YTsk6lKe/404db89f2237eeb7466668a730c52a4b/Aerial_Fortress.png,playStyle,Play Style,0,Men's Football,51,Serbia,https://drop-assets.ea.com/images/2GKu0zRZkrHdnQe5yZ5cSP/3ef9ea7c2fdd64aba769e1308bf133f0/f_51.png,481,Sevilla FC,https://drop-assets.ea.com/images/1xocxSBJ3RrgP3Jponcw9H/b5b340790217ad2685083e1765b24273/l481.png,false,5,CB,Center Back,defense,Defense,44,0,59,0,77,0,79,0,87,0,82,0,50,0,76,0,78,0,74,0,82,0,76,0,75,0,69,0,66,0,62,0,79,0,8,0,11,0,8,0,14,0,12,0,75,0,76,0,80,0,85,0,46,0,78,0,74,0,84,0,65,0,78,0,73,0,80,0,89,0,76,0,48,0,76,0,74,0,69,0,,,,,,,,,,,,,,,,,,,,,,,,,,,,,,,,,,,,,,
229984,1369,77,Ben,Chilwell,,12/21/1996 12:00:00 AM,180,3,3,2,Ligue 1 McDonald's,77,https://ratings-images-prod.pulse.ea.com/FC25/full/player-portraits/p229984.png?padding=0.7,https://ratings-images-prod.pulse.ea.com/FC25/full/player-shields/en/229984.png?width=265,16,Left Midfielder,LM,trait1_16384,Jockey,"Faster Sprint Jockey, better transition speed",https://drop-assets.ea.com/images/7lHjpOBSghE6Ywt1jgVv1C/21f9914d00f073d79d4b46cac71b9087/Jockey.png,playStyle,Play Style,,,,,,,0,Men's Football,14,England,https://drop-assets.ea.com/images/6ZM1OFXGUFeV0ZaYVKj2z/ae88ef17f8cb179fbc1c463f7e1e4bd8/f_14.png,76,Strasbourg,https://drop-assets.ea.com/images/5ujpJkozlZbo3FNV0Fi84H/d39ffa173bd150d5f10bcfe3392abe54/l76.png,false,7,LB,Left Back,defense,Defense,69,0,68,0,73,0,62,0,68,0,72,0,64,0,77,0,75,0,81,0,77,0,76,0,76,0,75,0,76,0,57,0,70,0,10,0,7,0,14,0,7,0,10,0,68,0,76,0,77,0,50,0,70,0,77,0,55,0,68,0,74,0,77,0,60,0,77,0,72,0,77,0,70,0,77,0,73,0,72,0,,,,,,,,,,,,,,,,,,,,,,,,,,,,,,,,,,,,,,
231102,1370,77,Ludovic,Blas,,12/31/1997 12:00:00 AM,180,4,2,2,Ligue 1 McDonald's,77,https://ratings-images-prod.pulse.ea.com/FC25/full/player-portraits/p231102.png?padding=0.7,https://ratings-images-prod.pulse.ea.com/FC25/full/player-shields/en/231102.png?width=265,23,Right Wing,RW,trait1_4,Power Shot,Faster power shots with increased speed,https://drop-assets.ea.com/images/3ohVoKWSsvT44qgjabWqfV/e536ef26ad854c3c4cbf63ed7954b9cd/Power_Shot.png,playStyle,Play Style,trait1_64,Low Driven Shot,"Enhances a player's ability to execute low driven shots with increased accuracy, faster ball travel, and quicker shot execution.",https://drop-assets.ea.com/images/1NfyWsEpQ7s9bhWWt92lbn/5b5dbeb0e55c2e9241cdc26c70ee2d2c/Low_Driven_Shot.png,playStyle,Play Style,0,Men's Football,18,France,https://drop-assets.ea.com/images/3ECAQzhfgSLWRf9IIHB6G8/7e235a7b2f93c1f73db7f89dc03b3657/f_18.png,74,Stade Rennais FC,https://drop-assets.ea.com/images/7CHlTnryGZyOatI2WOFXiP/def56f5b08c456e671d09d3a47cc327b/l74.png,false,12,RM,Right Midfielder,midfielder,Midfielder,77,0,79,0,72,0,71,0,63,0,55,0,76,0,80,0,81,0,72,0,77,0,58,0,47,0,79,0,80,0,74,0,69,0,12,0,9,0,14,0,14,0,15,0,58,0,66,0,74,0,80,0,72,0,76,0,80,0,64,0,72,0,73,0,77,0,78,0,82,0,59,0,67,0,64,0,77,0,76,0,,18,Center Attacking Midfielder,CAM,trait1_128,Gamechanger,Fancy and Trivela shots are performed with improved accuracy.,https://drop-assets.ea.com/images/2v8I0GQrtREaEJzJcyStKe/e46d719e4e5ed88ac5a1f671c7448f4a/Gamechanger.png,playStyle,Play Style,trait1_512,Pinged Pass,Faster ground passes without affecting receiver's trapping,https://drop-assets.ea.com/images/1mXBWIBgJSpYoIa1C4r5FX/7220e78a4049530f4e9fa642b1656fa4/Pinged_Pass.png,playStyle,Play Style,trait1_1048576,Technical,"Faster Controlled Sprint, precise wide turns while dribbling",https://drop-assets.ea.com/images/5Esx7NK4YBU44O4bo07rvb/69ca9417da7fd07905f6c6956ad93f6d/Technical.png,playStyle,Play Style,trait1_4194304,First Touch,"Reduced trapping error, faster dribbling transition",https://drop-assets.ea.com/images/3f727XsoDVLbT49oMk0HBu/2787568be8ccb2d5daa2d18fabacad97/First_Touch.png,playStyle,Play Style,,,,,,,,,,
246267,1372,77,Dominik,Kotarski,,2/10/2000 12:00:00 AM,189,1,3,1,3F Superliga,80,https://ratings-images-prod.pulse.ea.com/FC25/full/player-portraits/p246267.png?padding=0.7,https://ratings-images-prod.pulse.ea.com/FC25/full/player-shields/en/246267.png?width=250,,,,trait2_2,Footwork,"Exclusive foot saves, better performance on low shots",https://drop-assets.ea.com/images/1s2muXoHUmP1T0vGYKXSl1/6d265b13804069371f16a58788703a33/Footwork.png,playStyle,Play Style,,,,,,,0,Men's Football,10,Croatia,https://drop-assets.ea.com/images/4ZYNK06L8ZkJTrdtSby4NW/eb42cc852fc74ea3d3f5b8904fb5194f/f_10.png,819,F.C. København,https://drop-assets.ea.com/images/6r6we9mj39z5Irzr0aRxQU/4066cee956fb6aca5b2021644a14f82f/l819.png,false,0,GK,Goalkeeper,defense,Defense,46,0,55,0,62,0,31,0,59,0,38,0,53,0,39,0,50,0,12,0,21,0,46,0,15,0,80,0,20,0,6,0,12,0,79,0,72,0,76,0,73,0,80,0,11,0,22,0,43,0,9,0,79,0,76,0,15,0,73,0,11,0,75,0,72,0,48,0,57,0,10,0,45,0,14,0,61,0,8,0,,,,,,,,,,,,,,,,,,,,,,,,,,,,,,,,,,,,,,
217036,1373,77,Alexandre,Moreno Lopera,Álex Moreno,6/8/1993 12:00:00 AM,179,3,2,2,LALIGA EA SPORTS,68,https://ratings-images-prod.pulse.ea.com/FC25/full/player-portraits/p217036.png?padding=0.7,https://ratings-images-prod.pulse.ea.com/FC25/full/player-shields/en/217036.png?width=250,16,Left Midfielder,LM,,,,,,,,,,,,,0,Men's Football,45,Spain,https://drop-assets.ea.com/images/Kv8okAYMsDbB3ZKbxrAXw/9d30c88d16a4c85002f35c6af412c6f7/f_45.png,110062,Girona FC,https://drop-assets.ea.com/images/40lM20ITshJSKsZtWMGQ8m/3f11cea65b14635cc29654b6ba13c0b6/l110062.png,false,7,LB,Left Back,defense,Defense,74,0,75,0,71,0,68,0,60,0,75,0,76,0,75,0,71,0,77,0,69,0,75,0,75,0,74,0,74,0,64,0,52,0,15,0,7,0,12,0,11,0,9,0,63,0,76,0,68,0,59,0,76,0,72,0,56,0,66,0,72,0,76,0,62,0,75,0,63,0,75,0,77,0,77,0,72,0,52,0,,,,,,,,,,,,,,,,,,,,,,,,,,,,,,,,,,,,,,
221671,1374,77,Jae Sung,Lee,Lee Jae Sung,8/10/1992 12:00:00 AM,181,3,3,2,Bundesliga,74,https://ratings-images-prod.pulse.ea.com/FC25/full/player-portraits/p221671.png?padding=0.7,https://ratings-images-prod.pulse.ea.com/FC25/full/player-shields/en/221671.png?width=265,14,Center Midfielder,CM,trait1_1,Finesse Shot,Faster finesse shots with more curve and accuracy,https://drop-assets.ea.com/images/468u1R1p2k1fA6WBHi0OEn/fb9d49ed2a8fb500cd5a184937b96b34/Finesse_Shot.png,playStyle,Play Style,trait1_16,Precision Header,Performs headers with increased accuracy and power.,https://drop-assets.ea.com/images/3ync8fbblS4zLzF3p1VXmT/7752a5103c2ebd8be5cf1819379c66f4/Precision_Header.png,playStyle,Play Style,0,Men's Football,167,Korea Republic,https://drop-assets.ea.com/images/1dVkB8X9Wb0vnMLflqc8EP/c44c481c48f80fa33f1056628596b957/f_167.png,169,1. FSV Mainz 05,https://drop-assets.ea.com/images/4QO9B5tBI7mcWhzDDO3b6N/f70a1fd45fb4a6dd80ceea61a3e91c4d/l169.png,false,18,CAM,Center Attacking Midfielder,midfielder,Midfielder,74,0,84,0,87,0,85,0,56,0,62,0,82,0,81,0,78,0,68,0,71,0,63,0,53,0,81,0,80,0,71,0,54,0,14,0,7,0,15,0,6,0,8,0,81,0,65,0,70,0,73,0,72,0,72,0,50,0,66,0,81,0,78,0,71,0,76,0,71,0,60,0,71,0,65,0,75,0,72,0,,,,,trait1_65536,Intercept,Increased reach and possession retention in interceptions,https://drop-assets.ea.com/images/5ysv7Iw8jDHl7sp1JXqIa7/d34004fed8c95bde083dcf8257391a70/Intercept.png,playStyle,Play Style,trait1_524288,Aerial Fortress,Performs higher jumps and has physical defensive presence before and during aerial duels,https://drop-assets.ea.com/images/3rsDbUXd3MZX39YTsk6lKe/404db89f2237eeb7466668a730c52a4b/Aerial_Fortress.png,playStyle,Play Style,trait1_67108864,Relentless,"Increased half time fatigue recovery, longer teammate contain and press",https://drop-assets.ea.com/images/2vVuRxgvPNaAuFGqZZ9nDY/3e2505addd5a6b353becdeaf7173d187/Relentless.png,playStyle,Play Style,,,,,,,,,,,,,,,,
234906,1375,77,Houssem,Aouar,,6/30/1998 12:00:00 AM,175,4,3,1,ROSHN Saudi League,70,https://ratings-images-prod.pulse.ea.com/FC25/full/player-portraits/p234906.png?padding=0.7,https://ratings-images-prod.pulse.ea.com/FC25/full/player-shields/en/234906.png?width=265,14,Center Midfielder,CM,trait1_8,Dead Ball,"Faster, accurate set pieces with longer trajectory preview",https://drop-assets.ea.com/images/1razu2wcM3XA82VvB7NyUm/eec6b07080e49d6bf2d7a7951a22375f/Dead_Ball.png,playStyle,Play Style,trait1_256,Incisive Pass,"Accurate through passes, curvier swerve passes, faster precision passes",https://drop-assets.ea.com/images/2K5BYfVYRnrdjt8F3hwI04/62f147b6a436c107bfa3d042c1d5728d/Incisive_Pass.png,playStyle,Play Style,0,Men's Football,97,Algeria,https://drop-assets.ea.com/images/7DBnvM9EEo73oK7xEvbWvJ/47a0a190f5a0092fef1bc40e7e74b8f9/f_97.png,607,Al Ittihad,https://drop-assets.ea.com/images/21L35ZnVrrvEeFouMeqs8Q/b631b443b4d37e1712ed79f2487d850c/l607.png,false,18,CAM,Center Attacking Midfielder,midfielder,Midfielder,68,0,78,0,69,0,66,0,62,0,68,0,81,0,81,0,76,0,65,0,80,0,65,0,66,0,82,0,84,0,73,0,70,0,14,0,6,0,11,0,7,0,10,0,64,0,68,0,76,0,71,0,66,0,75,0,79,0,65,0,76,0,76,0,72,0,79,0,69,0,58,0,64,0,64,0,78,0,72,0,,,,,trait1_8192,Inventive,Fancy and Trivela passes are performed with improved accuracy.,https://drop-assets.ea.com/images/4fpo31RdL5T0vrzNqcSc4x/f82209bfd51270dcc447d4313b3e61f1/Inventive.png,playStyle,Play Style,trait1_1048576,Technical,"Faster Controlled Sprint, precise wide turns while dribbling",https://drop-assets.ea.com/images/5Esx7NK4YBU44O4bo07rvb/69ca9417da7fd07905f6c6956ad93f6d/Technical.png,playStyle,Play Style,,,,,,,,,,,,,,,,,,,,,,
255074,1377,77,Artem,Bondarenko,,8/21/2000 12:00:00 AM,182,3,2,2,Ukrayina Liha,74,https://ratings-images-prod.pulse.ea.com/FC25/full/player-portraits/p255074.png?padding=0.7,https://ratings-images-prod.pulse.ea.com/FC25/full/player-shields/en/255074.png?width=265,14,Center Midfielder,CM,trait1_512,Pinged Pass,Faster ground passes without affecting receiver's trapping,https://drop-assets.ea.com/images/1mXBWIBgJSpYoIa1C4r5FX/7220e78a4049530f4e9fa642b1656fa4/Pinged_Pass.png,playStyle,Play Style,trait1_1024,Long Ball Pass,"Accurate, faster Lob and Lofted Through Passes",https://drop-assets.ea.com/images/7jwRDD4zkOsqRpc821t73d/16d46d57a5dfc7dd5dd5f8de0fd26a99/Long_Ball_Pass.png,playStyle,Play Style,0,Men's Football,49,Ukraine,https://drop-assets.ea.com/images/6qDmsmOUdD4va3zMohbKhb/0074f5347b6d5908bf7c36de17f1e512/f_49.png,101059,Shakhtar Donetsk,https://drop-assets.ea.com/images/2boV5vckSWy81CHbJ0bNdO/bc02139a7497860e5af88f7a13c32523/l101059.png,false,18,CAM,Center Attacking Midfielder,midfielder,Midfielder,73,0,70,0,71,0,70,0,60,0,64,0,56,0,78,0,76,0,71,0,73,0,63,0,61,0,76,0,79,0,72,0,66,0,13,0,14,0,11,0,8,0,14,0,62,0,67,0,74,0,71,0,75,0,76,0,69,0,64,0,73,0,77,0,71,0,80,0,73,0,58,0,76,0,64,0,78,0,59,0,,10,Center Defensive Midfielder,CDM,,,,,,,,,,,,,,,,,,,,,,,,,,,,,,,,,,
257540,1378,77,Ansgar,Knauff,,1/10/2002 12:00:00 AM,180,3,3,1,Bundesliga,73,https://ratings-images-prod.pulse.ea.com/FC25/full/player-portraits/p257540.png?padding=0.7,https://ratings-images-prod.pulse.ea.com/FC25/full/player-shields/en/257540.png?width=265,16,Left Midfielder,LM,trait1_2097152,Rapid,"Higher sprint speed while dribbling, reduced error on knock-ons",https://drop-assets.ea.com/images/1aGsvwKyIFlRG1eoJSS0Ot/a4d3d661ff962795a632fe86439d2146/Rapid.png,playStyle,Play Style,trait1_33554432,Quick Step,Faster acceleration during Explosive Sprint,https://drop-assets.ea.com/images/1xG25Zp3wvkLA5YewKiZah/f27f5fabd1e899fc0bbb817d2db233b1/Quick_Step.png,playStyle,Play Style,0,Men's Football,21,Germany,https://drop-assets.ea.com/images/6IIMMGk0Uj1rcZ6DSHTpLL/93f95b602dc62594104f418c8f80ebb3/f_21.png,1824,Frankfurt,https://drop-assets.ea.com/images/3KK76lJIZtlRnPaAgbD85V/5614e02825eb0ed03b69a9d078e40db9/l1824.png,false,12,RM,Right Midfielder,midfielder,Midfielder,88,0,79,0,67,0,76,0,55,0,73,0,77,0,77,0,69,0,74,0,69,0,56,0,58,0,76,0,76,0,75,0,43,0,8,0,13,0,13,0,14,0,7,0,48,0,59,0,53,0,65,0,89,0,69,0,51,0,64,0,73,0,72,0,71,0,76,0,73,0,48,0,89,0,57,0,72,0,64,0,,18,Center Attacking Midfielder,CAM,,,,,,,,,,,,,,,,,,,,,,,,,,,,,,,3,Right Back,RB,
258466,1379,77,Leo,Román Riquelme,Leo Román,7/6/2000 12:00:00 AM,189,1,3,1,LALIGA EA SPORTS,83,https://ratings-images-prod.pulse.ea.com/FC25/full/player-portraits/p258466.png?padding=0.7,https://ratings-images-prod.pulse.ea.com/FC25/full/player-shields/en/258466.png?width=250,,,,trait2_4,Cross Claimer,"Unique punching animations, powerful punches, faster crosses coverage",https://drop-assets.ea.com/images/4Uvgm6UNiSz3say1zZqKDC/51837f53072d5e01063699f6d2b7401a/Cross_Claimer.png,playStyle,Play Style,,,,,,,0,Men's Football,45,Spain,https://drop-assets.ea.com/images/Kv8okAYMsDbB3ZKbxrAXw/9d30c88d16a4c85002f35c6af412c6f7/f_45.png,453,RCD Mallorca,https://drop-assets.ea.com/images/3M8ak3PmmUDRXsH9mryxH9/54d5da4b609ccf51bd0564abad99cc0e/l453.png,false,0,GK,Goalkeeper,defense,Defense,49,0,50,0,67,0,44,0,68,0,23,0,47,0,18,0,46,0,14,0,14,0,49,0,12,0,78,0,16,0,12,0,12,0,76,0,75,0,72,0,75,0,78,0,12,0,14,0,25,0,10,0,76,0,72,0,15,0,75,0,11,0,76,0,75,0,28,0,54,0,15,0,48,0,14,0,49,0,10,0,,,,,,,,,,,,,,,,,,,,,,,,,,,,,,,,,,,,,,
258485,1380,77,Filip,Jörgensen,,4/16/2002 12:00:00 AM,192,1,3,1,Premier League,85,https://ratings-images-prod.pulse.ea.com/FC25/full/player-portraits/p258485.png?padding=0.7,https://ratings-images-prod.pulse.ea.com/FC25/full/player-shields/en/258485.png?width=250,,,,trait2_1,Far Throw,Unique goalkeeper throw animations with longer throw distance,https://drop-assets.ea.com/images/3CjCz29sjIt1xMZTRDi4vQ/8ecb201b0ae7d6d536d03c847a768ffa/Far_Throw.png,playStyle,Play Style,trait2_2,Footwork,"Exclusive foot saves, better performance on low shots",https://drop-assets.ea.com/images/1s2muXoHUmP1T0vGYKXSl1/6d265b13804069371f16a58788703a33/Footwork.png,playStyle,Play Style,0,Men's Football,13,Denmark,https://drop-assets.ea.com/images/6ueYG8kGNCY97fHWQ6LIZ7/9ad4b50beeb1d0d2a5d2bb5a8891336f/f_13.png,5,Chelsea,https://drop-assets.ea.com/images/6T0vfhzb3y9R6YVtmVwYcD/b99723a87536e30979c7cbdb8bba9310/l5.png,false,0,GK,Goalkeeper,defense,Defense,45,0,55,0,63,0,35,0,62,0,25,0,40,0,40,0,55,0,10,0,12,0,45,0,17,0,78,0,18,0,11,0,11,0,77,0,76,0,72,0,77,0,78,0,12,0,13,0,47,0,10,0,77,0,72,0,11,0,77,0,10,0,74,0,76,0,45,0,54,0,13,0,45,0,13,0,50,0,10,0,,,,,,,,,,,,,,,,,,,,,,,,,,,,,,,,,,,,,,
178562,1381,77,Éver,Banega,,6/29/1988 12:00:00 AM,176,4,4,1,LPF,78,https://ratings-images-prod.pulse.ea.com/FC25/full/player-portraits/p178562.png?padding=0.7,https://ratings-images-prod.pulse.ea.com/FC25/full/player-shields/en/178562.png?width=265,10,Center Defensive Midfielder,CDM,trait1_256,Incisive Pass,"Accurate through passes, curvier swerve passes, faster precision passes",https://drop-assets.ea.com/images/2K5BYfVYRnrdjt8F3hwI04/62f147b6a436c107bfa3d042c1d5728d/Incisive_Pass.png,playStyle,Play Style,trait1_1024,Long Ball Pass,"Accurate, faster Lob and Lofted Through Passes",https://drop-assets.ea.com/images/7jwRDD4zkOsqRpc821t73d/16d46d57a5dfc7dd5dd5f8de0fd26a99/Long_Ball_Pass.png,playStyle,Play Style,0,Men's Football,52,Argentina,https://drop-assets.ea.com/images/4xMXjEt7CFJ6JENYeG45Sk/836d733dc1642c5e4ab3338d91481436/f_52.png,110396,Newell's,https://drop-assets.ea.com/images/4myHS85tfHbXceOM9VjH8v/042425c3bd14407977ea4c0039327c56/l110396.png,false,14,CM,Center Midfielder,midfielder,Midfielder,53,0,69,0,58,0,73,0,71,0,77,0,83,0,77,0,78,0,79,0,82,0,70,0,72,0,77,0,78,0,71,0,77,0,13,0,8,0,7,0,7,0,10,0,55,0,71,0,85,0,76,0,52,0,80,0,68,0,72,0,75,0,73,0,73,0,82,0,77,0,72,0,52,0,73,0,75,0,65,0,,18,Center Attacking Midfielder,CAM,trait1_4096,Whipped Pass,"Accurate, faster crosses with more curve",https://drop-assets.ea.com/images/FfTP29PWrRWZjEaiCCVoa/a1b345e4ae7023ed78b1efd68d28f392/Whipped_Pass.png,playStyle,Play Style,trait1_8192,Inventive,Fancy and Trivela passes are performed with improved accuracy.,https://drop-assets.ea.com/images/4fpo31RdL5T0vrzNqcSc4x/f82209bfd51270dcc447d4313b3e61f1/Inventive.png,playStyle,Play Style,trait1_16777216,Press Proven,"Close control at jog speed, shields ball more effectively",https://drop-assets.ea.com/images/5rUHwyLJRnvGV53Ba4Pj6M/9a3238695ae8103667ba02af391ac209/Press_Proven.png,playStyle,Play Style,,,,,,,,,,,,,,,,
199564,1382,77,Sergio,Roberto Carnicer,Sergi Roberto,2/7/1992 12:00:00 AM,178,3,3,1,Serie A Enilive,68,https://ratings-images-prod.pulse.ea.com/FC25/full/player-portraits/p199564.png?padding=0.7,https://ratings-images-prod.pulse.ea.com/FC25/full/player-shields/en/199564.png?width=250,14,Center Midfielder,CM,,,,,,,,,,,,,0,Men's Football,45,Spain,https://drop-assets.ea.com/images/Kv8okAYMsDbB3ZKbxrAXw/9d30c88d16a4c85002f35c6af412c6f7/f_45.png,1745,Como,https://drop-assets.ea.com/images/3y8mulzaICjwfi7inFVld2/ec9c71566982f8df59f26e81745143ec/l1745.png,false,10,CDM,Center Defensive Midfielder,midfielder,Midfielder,67,0,66,0,69,0,74,0,60,0,67,0,74,0,79,0,76,0,76,0,78,0,74,0,74,0,75,0,74,0,63,0,60,0,14,0,16,0,11,0,15,0,10,0,66,0,74,0,78,0,66,0,69,0,78,0,57,0,65,0,69,0,77,0,63,0,81,0,65,0,74,0,71,0,75,0,80,0,50,0,,,,,,,,,,,,,,,,,,,,,,,,,,,,,,,,,,,,,,
227813,1383,77,Oleksandr,Zinchenko,,12/15/1996 12:00:00 AM,175,3,3,2,Premier League,64,https://ratings-images-prod.pulse.ea.com/FC25/full/player-portraits/p227813.png?padding=0.7,https://ratings-images-prod.pulse.ea.com/FC25/full/player-shields/en/227813.png?width=265,,,,trait1_512,Pinged Pass,Faster ground passes without affecting receiver's trapping,https://drop-assets.ea.com/images/1mXBWIBgJSpYoIa1C4r5FX/7220e78a4049530f4e9fa642b1656fa4/Pinged_Pass.png,playStyle,Play Style,,,,,,,0,Men's Football,49,Ukraine,https://drop-assets.ea.com/images/6qDmsmOUdD4va3zMohbKhb/0074f5347b6d5908bf7c36de17f1e512/f_49.png,14,Nott'm Forest,https://drop-assets.ea.com/images/60CgBQCMt7Dtcjip9xUxg8/5fa49387c380bf4772138b215ef4fd85/l14.png,false,7,LB,Left Back,defense,Defense,67,0,79,0,66,0,68,0,53,0,74,0,79,0,78,0,78,0,80,0,83,0,76,0,75,0,78,0,78,0,58,0,76,0,15,0,11,0,13,0,11,0,11,0,70,0,78,0,79,0,73,0,63,0,79,0,58,0,62,0,75,0,77,0,66,0,79,0,78,0,77,0,59,0,78,0,78,0,61,0,,,,,,,,,,,,,,,,,,,,,,,,,,,,,,,,,,,,,,
254551,1385,77,Georges,Mikautadze,,10/31/2000 12:00:00 AM,176,4,3,1,LALIGA EA SPORTS,71,https://ratings-images-prod.pulse.ea.com/FC25/full/player-portraits/p254551.png?padding=0.7,https://ratings-images-prod.pulse.ea.com/FC25/full/player-shields/en/254551.png?width=265,,,,trait1_1,Finesse Shot,Faster finesse shots with more curve and accuracy,https://drop-assets.ea.com/images/468u1R1p2k1fA6WBHi0OEn/fb9d49ed2a8fb500cd5a184937b96b34/Finesse_Shot.png,playStyle,Play Style,trait1_128,Gamechanger,Fancy and Trivela shots are performed with improved accuracy.,https://drop-assets.ea.com/images/2v8I0GQrtREaEJzJcyStKe/e46d719e4e5ed88ac5a1f671c7448f4a/Gamechanger.png,playStyle,Play Style,0,Men's Football,20,Georgia,https://drop-assets.ea.com/images/3eic7SGyTgHir61pXVpugW/887da1b350fe627155eac0676d851ec3/f_20.png,483,Villarreal CF,https://drop-assets.ea.com/images/xvk9pCQTX74mWG8EjcgYU/f631ffd2c7ac06bd43f2547fc44463c4/l483.png,false,25,ST,Striker,attack,Attack,81,0,85,0,77,0,76,0,67,0,67,0,81,0,79,0,78,0,72,0,71,0,40,0,39,0,80,0,80,0,80,0,73,0,12,0,9,0,9,0,5,0,7,0,62,0,28,0,68,0,76,0,81,0,73,0,82,0,70,0,80,0,75,0,80,0,76,0,81,0,40,0,81,0,40,0,71,0,80,0,,,,,trait1_1048576,Technical,"Faster Controlled Sprint, precise wide turns while dribbling",https://drop-assets.ea.com/images/5Esx7NK4YBU44O4bo07rvb/69ca9417da7fd07905f6c6956ad93f6d/Technical.png,playStyle,Play Style,trait1_4194304,First Touch,"Reduced trapping error, faster dribbling transition",https://drop-assets.ea.com/images/3f727XsoDVLbT49oMk0HBu/2787568be8ccb2d5daa2d18fabacad97/First_Touch.png,playStyle,Play Style,,,,,,,,,,,,,,,,,,,,,,
259521,1386,77,Ramón,Terrats Espacio,Terrats,10/18/2000 12:00:00 AM,181,3,3,2,LALIGA EA SPORTS,71,https://ratings-images-prod.pulse.ea.com/FC25/full/player-portraits/p259521.png?padding=0.7,https://ratings-images-prod.pulse.ea.com/FC25/full/player-shields/en/259521.png?width=250,12,Right Midfielder,RM,,,,,,,,,,,,,0,Men's Football,45,Spain,https://drop-assets.ea.com/images/Kv8okAYMsDbB3ZKbxrAXw/9d30c88d16a4c85002f35c6af412c6f7/f_45.png,452,RCD Espanyol,https://drop-assets.ea.com/images/5NYvCpO1y0HynMKlJEcgRy/87d88f05181ecc55ecb3c86a6ce505d0/l452.png,false,14,CM,Center Midfielder,midfielder,Midfielder,60,0,68,0,69,0,74,0,70,0,73,0,63,0,77,0,71,0,66,0,64,0,72,0,70,0,75,0,76,0,74,0,52,0,8,0,9,0,5,0,14,0,11,0,63,0,73,0,77,0,70,0,61,0,74,0,55,0,72,0,77,0,75,0,70,0,80,0,68,0,72,0,61,0,76,0,77,0,55,0,,10,Center Defensive Midfielder,CDM,,,,,,,,,,,,,,,,,,,,,,,,,,,,,,,23,Right Wing,RW,
212212,1389,77,Dominik,Kohr,,1/31/1994 12:00:00 AM,183,2,3,1,Bundesliga,80,https://ratings-images-prod.pulse.ea.com/FC25/full/player-portraits/p212212.png?padding=0.7,https://ratings-images-prod.pulse.ea.com/FC25/full/player-shields/en/212212.png?width=265,10,Center Defensive Midfielder,CDM,trait1_65536,Intercept,Increased reach and possession retention in interceptions,https://drop-assets.ea.com/images/5ysv7Iw8jDHl7sp1JXqIa7/d34004fed8c95bde083dcf8257391a70/Intercept.png,playStyle,Play Style,trait1_262144,Slide Tackle,Stops ball at feet during slide tackles,https://drop-assets.ea.com/images/7mI1lrxE0pv9iJfQFki9OA/8c1ecac325f923e049be72231c8c968a/Slide_Tackle.png,playStyle,Play Style,0,Men's Football,21,Germany,https://drop-assets.ea.com/images/6IIMMGk0Uj1rcZ6DSHTpLL/93f95b602dc62594104f418c8f80ebb3/f_21.png,169,1. FSV Mainz 05,https://drop-assets.ea.com/images/4QO9B5tBI7mcWhzDDO3b6N/f70a1fd45fb4a6dd80ceea61a3e91c4d/l169.png,false,5,CB,Center Back,defense,Defense,74,0,67,0,81,0,76,0,77,0,94,0,67,0,70,0,76,0,42,0,51,0,77,0,76,0,69,0,68,0,58,0,48,0,6,0,11,0,9,0,10,0,7,0,70,0,80,0,64,0,71,0,74,0,60,0,47,0,80,0,52,0,74,0,63,0,70,0,77,0,82,0,74,0,76,0,64,0,45,0,,14,Center Midfielder,CM,trait1_67108864,Relentless,"Increased half time fatigue recovery, longer teammate contain and press",https://drop-assets.ea.com/images/2vVuRxgvPNaAuFGqZZ9nDY/3e2505addd5a6b353becdeaf7173d187/Relentless.png,playStyle,Play Style,trait1_268435456,Bruiser,Stronger physical tackles,https://drop-assets.ea.com/images/7euMJ2jVypFrFPQesWuGGm/14019168b12faac1584a2920d5c2d5d9/Bruiser.png,playStyle,Play Style,,,,,,,,,,,,,,,,,,,,,,
224241,1390,77,Nick,Olij,,8/1/1995 12:00:00 AM,184,1,2,1,Eredivisie,78,https://ratings-images-prod.pulse.ea.com/FC25/full/player-portraits/p224241.png?padding=0.7,https://ratings-images-prod.pulse.ea.com/FC25/full/player-shields/en/224241.png?width=265,,,,trait1_1024,Long Ball Pass,"Accurate, faster Lob and Lofted Through Passes",https://drop-assets.ea.com/images/7jwRDD4zkOsqRpc821t73d/16d46d57a5dfc7dd5dd5f8de0fd26a99/Long_Ball_Pass.png,playStyle,Play Style,trait2_1,Far Throw,Unique goalkeeper throw animations with longer throw distance,https://drop-assets.ea.com/images/3CjCz29sjIt1xMZTRDi4vQ/8ecb201b0ae7d6d536d03c847a768ffa/Far_Throw.png,playStyle,Play Style,0,Men's Football,34,Holland,https://drop-assets.ea.com/images/7LmdSUm2Ge4fzqcz0NElvq/d272142c80713dcf0e5ec0a47232aeee/f_34.png,,,,,0,GK,Goalkeeper,defense,Defense,50,0,31,0,61,0,26,0,52,0,24,0,68,0,25,0,31,0,18,0,16,0,50,0,9,0,80,0,12,0,17,0,20,0,82,0,75,0,62,0,74,0,80,0,16,0,27,0,45,0,17,0,82,0,62,0,27,0,74,0,20,0,72,0,75,0,26,0,47,0,16,0,50,0,14,0,46,0,20,0,,,,,trait2_16,Far Reach,"Unique far dive animations, better long shot saves",https://drop-assets.ea.com/images/7zbtymM2pCbANuM7wKFYZU/698e8ece65867df97e61189ac6666463/Far_Reach.png,playStyle,Play Style,,,,,,,,,,,,,,,,,,,,,,,,,,,,
229723,1391,77,Mathias,Jensen,,1/1/1996 12:00:00 AM,180,3,4,1,Premier League,68,https://ratings-images-prod.pulse.ea.com/FC25/full/player-portraits/p229723.png?padding=0.7,https://ratings-images-prod.pulse.ea.com/FC25/full/player-shields/en/229723.png?width=265,10,Center Defensive Midfielder,CDM,trait1_134217728,Long Throw,Powerful throw-ins for greater distance,https://drop-assets.ea.com/images/51OlohNQvoEwW0aLhknAHh/58fa7d903d10f6d8cfa2622f62ba6b6f/Long_Throw.png,playStyle,Play Style,,,,,,,0,Men's Football,13,Denmark,https://drop-assets.ea.com/images/6ueYG8kGNCY97fHWQ6LIZ7/9ad4b50beeb1d0d2a5d2bb5a8891336f/f_13.png,1925,Brentford,https://drop-assets.ea.com/images/3UCvZhjBB0odWNL0OPusuK/1de0f5b97a2e137201670df2cf09e1a5/l1925.png,false,14,CM,Center Midfielder,midfielder,Midfielder,64,0,77,0,64,0,76,0,68,0,77,0,77,0,76,0,78,0,79,0,72,0,70,0,73,0,75,0,74,0,64,0,68,0,5,0,13,0,10,0,8,0,12,0,50,0,75,0,81,0,69,0,63,0,78,0,69,0,72,0,71,0,78,0,65,0,79,0,63,0,62,0,63,0,73,0,79,0,50,0,,,,,,,,,,,,,,,,,,,,,,,,,,,,,,,,,,,,,,
233064,1392,77,Mason,Mount,,1/10/1999 12:00:00 AM,181,3,4,1,Premier League,74,https://ratings-images-prod.pulse.ea.com/FC25/full/player-portraits/p233064.png?padding=0.7,https://ratings-images-prod.pulse.ea.com/FC25/full/player-shields/en/233064.png?width=250,14,Center Midfielder,CM,,,,,,,,,,,,,0,Men's Football,14,England,https://drop-assets.ea.com/images/6ZM1OFXGUFeV0ZaYVKj2z/ae88ef17f8cb179fbc1c463f7e1e4bd8/f_14.png,11,Man Utd,https://drop-assets.ea.com/images/5xxJeUfFY6FEQZEJyJK35/990979becf88b88ecb6461dc441c2ebf/l11.png,false,18,CAM,Center Attacking Midfielder,midfielder,Midfielder,68,0,72,0,63,0,60,0,56,0,73,0,72,0,80,0,79,0,80,0,82,0,62,0,58,0,78,0,79,0,75,0,82,0,11,0,12,0,13,0,8,0,12,0,55,0,63,0,79,0,77,0,67,0,79,0,69,0,61,0,77,0,77,0,76,0,79,0,79,0,56,0,66,0,69,0,78,0,75,0,,23,Right Wing,RW,,,,,,,,,,,,,,,,,,,,,,,,,,,,,,,,,,
262745,1393,77,Neil,El Aynaoui,,7/2/2001 12:00:00 AM,185,3,3,1,Serie A Enilive,77,https://ratings-images-prod.pulse.ea.com/FC25/full/player-portraits/p262745.png?padding=0.7,https://ratings-images-prod.pulse.ea.com/FC25/full/player-shields/en/262745.png?width=265,10,Center Defensive Midfielder,CDM,trait1_65536,Intercept,Increased reach and possession retention in interceptions,https://drop-assets.ea.com/images/5ysv7Iw8jDHl7sp1JXqIa7/d34004fed8c95bde083dcf8257391a70/Intercept.png,playStyle,Play Style,trait1_524288,Aerial Fortress,Performs higher jumps and has physical defensive presence before and during aerial duels,https://drop-assets.ea.com/images/3rsDbUXd3MZX39YTsk6lKe/404db89f2237eeb7466668a730c52a4b/Aerial_Fortress.png,playStyle,Play Style,0,Men's Football,129,Morocco,https://drop-assets.ea.com/images/47SGeQ7STCrJZQSKOVJaHA/1aa24a57a60f85051e34a5ad8205771d/f_129.png,52,AS Roma,https://drop-assets.ea.com/images/2ruQP0TDYcCmtVFKr9qMBI/5f53795056598b1faac31300900b8671/l52.png,false,14,CM,Center Midfielder,midfielder,Midfielder,57,0,69,0,83,0,82,0,75,0,64,0,52,0,78,0,75,0,74,0,66,0,73,0,69,0,74,0,75,0,61,0,53,0,10,0,5,0,7,0,14,0,5,0,73,0,77,0,79,0,64,0,62,0,76,0,79,0,75,0,69,0,77,0,63,0,79,0,64,0,67,0,66,0,76,0,77,0,46,0,,,,,,,,,,,,,,,,,,,,,,,,,,,,,,,,,,,,,,
270559,1397,77,Tiago,Carvalho Santos,Tiago Santos,7/23/2002 12:00:00 AM,175,3,3,1,Ligue 1 McDonald's,71,https://ratings-images-prod.pulse.ea.com/FC25/full/player-portraits/p270559.png?padding=0.7,https://ratings-images-prod.pulse.ea.com/FC25/full/player-shields/en/270559.png?width=250,12,Right Midfielder,RM,,,,,,,,,,,,,0,Men's Football,38,Portugal,https://drop-assets.ea.com/images/3CxRD7XqY2NSlZ3628fY4S/abf38470644ee334e6a425b9272f7767/f_38.png,65,LOSC Lille,https://drop-assets.ea.com/images/tfbRaZiFuJ9jTer1qcf0Z/95171efd06d2494735c0e8a7c5aa9df2/l65.png,false,3,RB,Right Back,defense,Defense,85,0,77,0,68,0,72,0,60,0,69,0,70,0,76,0,75,0,76,0,65,0,71,0,71,0,77,0,78,0,48,0,50,0,10,0,7,0,15,0,7,0,13,0,46,0,74,0,72,0,59,0,83,0,71,0,53,0,65,0,72,0,74,0,56,0,74,0,69,0,77,0,82,0,76,0,67,0,52,0,,,,,,,,,,,,,,,,,,,,,,,,,,,,,,,,,,,,,,
210736,1398,77,Emerson,Palmieri dos Santos,Emerson,8/3/1994 12:00:00 AM,176,3,2,2,Ligue 1 McDonald's,79,https://ratings-images-prod.pulse.ea.com/FC25/full/player-portraits/p210736.png?padding=0.7,https://ratings-images-prod.pulse.ea.com/FC25/full/player-shields/en/210736.png?width=250,16,Left Midfielder,LM,,,,,,,,,,,,,0,Men's Football,27,Italy,https://drop-assets.ea.com/images/2WtjWPqYzT7xcMCbvajGZH/d06e9ec4734a0d43d88f65386cc3a484/f_27.png,219,OM,https://drop-assets.ea.com/images/3t06Qm41tT2gB8NqJYXdue/928373951a71a9a8565497e6481925d1/l219.png,false,7,LB,Left Back,defense,Defense,73,0,69,0,71,0,76,0,59,0,67,0,75,0,77,0,77,0,78,0,81,0,74,0,74,0,76,0,78,0,52,0,80,0,8,0,15,0,8,0,7,0,14,0,66,0,76,0,73,0,75,0,69,0,75,0,55,0,65,0,70,0,75,0,63,0,76,0,80,0,75,0,66,0,75,0,67,0,51,0,,,,,,,,,,,,,,,,,,,,,,,,,,,,,,,,,,,,,,
213296,1399,77,Nabil,Bentaleb,,11/24/1994 12:00:00 AM,187,4,2,2,Ligue 1 McDonald's,78,https://ratings-images-prod.pulse.ea.com/FC25/full/player-portraits/p213296.png?padding=0.7,https://ratings-images-prod.pulse.ea.com/FC25/full/player-shields/en/213296.png?width=265,14,Center Midfielder,CM,trait1_4,Power Shot,Faster power shots with increased speed,https://drop-assets.ea.com/images/3ohVoKWSsvT44qgjabWqfV/e536ef26ad854c3c4cbf63ed7954b9cd/Power_Shot.png,playStyle,Play Style,trait1_8,Dead Ball,"Faster, accurate set pieces with longer trajectory preview",https://drop-assets.ea.com/images/1razu2wcM3XA82VvB7NyUm/eec6b07080e49d6bf2d7a7951a22375f/Dead_Ball.png,playStyle,Play Style,0,Men's Football,97,Algeria,https://drop-assets.ea.com/images/7DBnvM9EEo73oK7xEvbWvJ/47a0a190f5a0092fef1bc40e7e74b8f9/f_97.png,65,LOSC Lille,https://drop-assets.ea.com/images/tfbRaZiFuJ9jTer1qcf0Z/95171efd06d2494735c0e8a7c5aa9df2/l65.png,false,10,CDM,Center Defensive Midfielder,midfielder,Midfielder,51,0,70,0,69,0,64,0,76,0,77,0,69,0,82,0,80,0,65,0,70,0,71,0,72,0,79,0,80,0,65,0,71,0,9,0,10,0,16,0,9,0,15,0,62,0,73,0,79,0,78,0,50,0,77,0,83,0,73,0,65,0,74,0,72,0,83,0,83,0,66,0,50,0,74,0,80,0,68,0,,,,,trait1_512,Pinged Pass,Faster ground passes without affecting receiver's trapping,https://drop-assets.ea.com/images/1mXBWIBgJSpYoIa1C4r5FX/7220e78a4049530f4e9fa642b1656fa4/Pinged_Pass.png,playStyle,Play Style,trait1_1024,Long Ball Pass,"Accurate, faster Lob and Lofted Through Passes",https://drop-assets.ea.com/images/7jwRDD4zkOsqRpc821t73d/16d46d57a5dfc7dd5dd5f8de0fd26a99/Long_Ball_Pass.png,playStyle,Play Style,trait1_8192,Inventive,Fancy and Trivela passes are performed with improved accuracy.,https://drop-assets.ea.com/images/4fpo31RdL5T0vrzNqcSc4x/f82209bfd51270dcc447d4313b3e61f1/Inventive.png,playStyle,Play Style,trait1_524288,Aerial Fortress,Performs higher jumps and has physical defensive presence before and during aerial duels,https://drop-assets.ea.com/images/3rsDbUXd3MZX39YTsk6lKe/404db89f2237eeb7466668a730c52a4b/Aerial_Fortress.png,playStyle,Play Style,trait1_1048576,Technical,"Faster Controlled Sprint, precise wide turns while dribbling",https://drop-assets.ea.com/images/5Esx7NK4YBU44O4bo07rvb/69ca9417da7fd07905f6c6956ad93f6d/Technical.png,playStyle,Play Style,,,,
220407,1400,77,Martin,Dúbravka,,1/15/1989 12:00:00 AM,190,1,2,1,Premier League,80,https://ratings-images-prod.pulse.ea.com/FC25/full/player-portraits/p220407.png?padding=0.7,https://ratings-images-prod.pulse.ea.com/FC25/full/player-shields/en/220407.png?width=250,,,,trait2_1,Far Throw,Unique goalkeeper throw animations with longer throw distance,https://drop-assets.ea.com/images/3CjCz29sjIt1xMZTRDi4vQ/8ecb201b0ae7d6d536d03c847a768ffa/Far_Throw.png,playStyle,Play Style,trait2_2,Footwork,"Exclusive foot saves, better performance on low shots",https://drop-assets.ea.com/images/1s2muXoHUmP1T0vGYKXSl1/6d265b13804069371f16a58788703a33/Footwork.png,playStyle,Play Style,0,Men's Football,43,Slovakia,https://drop-assets.ea.com/images/2cEMaB5jOYRIFsJQCycahY/6156324301f1c5f425d6c65141ced57b/f_43.png,1796,Burnley,https://drop-assets.ea.com/images/6CqBvyQgjJzPA5vU64paT8/03d21bd0df65afa73b752f66ca5c1714/l1796.png,false,0,GK,Goalkeeper,defense,Defense,36,0,47,0,60,0,38,0,60,0,28,0,60,0,33,0,59,0,12,0,15,0,38,0,19,0,79,0,19,0,10,0,13,0,76,0,76,0,78,0,75,0,79,0,12,0,25,0,59,0,17,0,76,0,78,0,20,0,75,0,12,0,73,0,76,0,48,0,59,0,14,0,42,0,15,0,58,0,11,0,,,,,trait2_4,Cross Claimer,"Unique punching animations, powerful punches, faster crosses coverage",https://drop-assets.ea.com/images/4Uvgm6UNiSz3say1zZqKDC/51837f53072d5e01063699f6d2b7401a/Cross_Claimer.png,playStyle,Play Style,,,,,,,,,,,,,,,,,,,,,,,,,,,,
226537,1401,77,Vincent,Janssen,,6/15/1994 12:00:00 AM,183,3,4,2,1A Pro League,88,https://ratings-images-prod.pulse.ea.com/FC25/full/player-portraits/p226537.png?padding=0.7,https://ratings-images-prod.pulse.ea.com/FC25/full/player-shields/en/226537.png?width=265,18,Center Attacking Midfielder,CAM,trait1_4,Power Shot,Faster power shots with increased speed,https://drop-assets.ea.com/images/3ohVoKWSsvT44qgjabWqfV/e536ef26ad854c3c4cbf63ed7954b9cd/Power_Shot.png,playStyle,Play Style,trait1_64,Low Driven Shot,"Enhances a player's ability to execute low driven shots with increased accuracy, faster ball travel, and quicker shot execution.",https://drop-assets.ea.com/images/1NfyWsEpQ7s9bhWWt92lbn/5b5dbeb0e55c2e9241cdc26c70ee2d2c/Low_Driven_Shot.png,playStyle,Play Style,0,Men's Football,34,Holland,https://drop-assets.ea.com/images/7LmdSUm2Ge4fzqcz0NElvq/d272142c80713dcf0e5ec0a47232aeee/f_34.png,230,Royal Antwerp FC,https://drop-assets.ea.com/images/1wT4b98gccpzVFHeTx5Uqk/c32f89ede86de13b615f5ab7f9984964/l230.png,false,25,ST,Striker,attack,Attack,68,0,65,0,86,0,85,0,91,0,85,0,63,0,76,0,80,0,54,0,68,0,48,0,45,0,72,0,70,0,77,0,66,0,13,0,7,0,11,0,15,0,16,0,73,0,42,0,73,0,70,0,68,0,70,0,75,0,88,0,80,0,81,0,76,0,76,0,82,0,47,0,68,0,47,0,74,0,68,0,,14,Center Midfielder,CM,trait1_262144,Slide Tackle,Stops ball at feet during slide tackles,https://drop-assets.ea.com/images/7mI1lrxE0pv9iJfQFki9OA/8c1ecac325f923e049be72231c8c968a/Slide_Tackle.png,playStyle,Play Style,trait1_524288,Aerial Fortress,Performs higher jumps and has physical defensive presence before and during aerial duels,https://drop-assets.ea.com/images/3rsDbUXd3MZX39YTsk6lKe/404db89f2237eeb7466668a730c52a4b/Aerial_Fortress.png,playStyle,Play Style,trait1_536870912,Enforcer,Performs dribble Shoulder Challenges and Shielding with increased effectiveness.,https://drop-assets.ea.com/images/2sNQz8b9dgV0hW8vl7oOvV/d7a503dbd4c73b232055b3ca06aa88eb/Enforcer.png,playStyle,Play Style,,,,,,,,,,,,,,,,
233152,1402,77,Ko,Itakura,,1/27/1997 12:00:00 AM,188,3,4,1,Eredivisie,80,https://ratings-images-prod.pulse.ea.com/FC25/full/player-portraits/p233152.png?padding=0.7,https://ratings-images-prod.pulse.ea.com/FC25/full/player-shields/en/233152.png?width=265,10,Center Defensive Midfielder,CDM,trait1_32768,Block,Increased reach and success in blocking,https://drop-assets.ea.com/images/2Rlftzr8lqUdI29suCQVWe/43c6c36e8bd5fa26b88478d4354611a2/Block.png,playStyle,Play Style,trait1_262144,Slide Tackle,Stops ball at feet during slide tackles,https://drop-assets.ea.com/images/7mI1lrxE0pv9iJfQFki9OA/8c1ecac325f923e049be72231c8c968a/Slide_Tackle.png,playStyle,Play Style,0,Men's Football,163,Japan,https://drop-assets.ea.com/images/1aoxCwnRS4A6LGlyhrUllt/b5b0cd61a299b9996821c16cc324cc3b/f_163.png,,,,,5,CB,Center Back,defense,Defense,77,0,70,0,84,0,76,0,75,0,76,0,69,0,74,0,76,0,34,0,41,0,77,0,77,0,74,0,75,0,60,0,40,0,13,0,6,0,9,0,10,0,12,0,74,0,78,0,73,0,58,0,75,0,61,0,38,0,76,0,53,0,76,0,59,0,78,0,67,0,81,0,74,0,77,0,59,0,58,0,,,,,,,,,,,,,,,,,,,,,,,,,,,,,,,,,,,,,,
234078,1403,77,Orel,Mangala,,3/18/1998 12:00:00 AM,178,3,3,1,Ligue 1 McDonald's,80,https://ratings-images-prod.pulse.ea.com/FC25/full/player-portraits/p234078.png?padding=0.7,https://ratings-images-prod.pulse.ea.com/FC25/full/player-shields/en/234078.png?width=250,14,Center Midfielder,CM,,,,,,,,,,,,,0,Men's Football,7,Belgium,https://drop-assets.ea.com/images/7eZLPoDDyxSlQoqcS4NVA2/6fc085dc7e85ccd7519be7ff2df875ee/f_7.png,66,OL,https://drop-assets.ea.com/images/s2BAEtejMk8pyJDqN3uyR/9938fd597d35ed59158d5b441aa07455/l66.png,false,10,CDM,Center Defensive Midfielder,midfielder,Midfielder,73,0,77,0,69,0,77,0,70,0,78,0,80,0,79,0,78,0,61,0,65,0,72,0,76,0,79,0,79,0,51,0,50,0,7,0,6,0,7,0,7,0,10,0,51,0,76,0,75,0,68,0,68,0,72,0,42,0,73,0,64,0,78,0,58,0,78,0,66,0,72,0,64,0,73,0,76,0,50,0,,,,,,,,,,,,,,,,,,,,,,,,,,,,,,,,,,,,,,
235173,1404,77,Ibrahim,Sangaré,,12/2/1997 12:00:00 AM,191,3,4,1,Premier League,77,https://ratings-images-prod.pulse.ea.com/FC25/full/player-portraits/p235173.png?padding=0.7,https://ratings-images-prod.pulse.ea.com/FC25/full/player-shields/en/235173.png?width=265,14,Center Midfielder,CM,trait1_16777216,Press Proven,"Close control at jog speed, shields ball more effectively",https://drop-assets.ea.com/images/5rUHwyLJRnvGV53Ba4Pj6M/9a3238695ae8103667ba02af391ac209/Press_Proven.png,playStyle,Play Style,trait1_268435456,Bruiser,Stronger physical tackles,https://drop-assets.ea.com/images/7euMJ2jVypFrFPQesWuGGm/14019168b12faac1584a2920d5c2d5d9/Bruiser.png,playStyle,Play Style,0,Men's Football,108,Côte d'Ivoire,https://drop-assets.ea.com/images/6WOgIUFG0fMJWcKjih5i3K/8d09758d91059b879a2e5521f8d7e616/f_108.png,14,Nott'm Forest,https://drop-assets.ea.com/images/60CgBQCMt7Dtcjip9xUxg8/5fa49387c380bf4772138b215ef4fd85/l14.png,false,10,CDM,Center Defensive Midfielder,midfielder,Midfielder,62,0,54,0,75,0,66,0,87,0,75,0,58,0,74,0,75,0,66,0,64,0,77,0,76,0,71,0,74,0,59,0,62,0,7,0,13,0,11,0,6,0,7,0,71,0,78,0,75,0,62,0,58,0,72,0,64,0,79,0,68,0,75,0,65,0,76,0,80,0,77,0,54,0,78,0,72,0,62,0,,,,,trait1_536870912,Enforcer,Performs dribble Shoulder Challenges and Shielding with increased effectiveness.,https://drop-assets.ea.com/images/2sNQz8b9dgV0hW8vl7oOvV/d7a503dbd4c73b232055b3ca06aa88eb/Enforcer.png,playStyle,Play Style,,,,,,,,,,,,,,,,,,,,,,,,,,,,
241856,1405,77,Manuel,Morlanes Ariño,Manu Morlanes,1/12/1999 12:00:00 AM,178,3,3,1,LALIGA EA SPORTS,75,https://ratings-images-prod.pulse.ea.com/FC25/full/player-portraits/p241856.png?padding=0.7,https://ratings-images-prod.pulse.ea.com/FC25/full/player-shields/en/241856.png?width=250,10,Center Defensive Midfielder,CDM,,,,,,,,,,,,,0,Men's Football,45,Spain,https://drop-assets.ea.com/images/Kv8okAYMsDbB3ZKbxrAXw/9d30c88d16a4c85002f35c6af412c6f7/f_45.png,453,RCD Mallorca,https://drop-assets.ea.com/images/3M8ak3PmmUDRXsH9mryxH9/54d5da4b609ccf51bd0564abad99cc0e/l453.png,false,14,CM,Center Midfielder,midfielder,Midfielder,68,0,70,0,67,0,78,0,65,0,69,0,73,0,77,0,73,0,67,0,68,0,72,0,73,0,75,0,76,0,64,0,70,0,5,0,9,0,14,0,11,0,14,0,55,0,74,0,79,0,67,0,65,0,76,0,68,0,69,0,69,0,76,0,65,0,81,0,66,0,71,0,63,0,74,0,78,0,60,0,,,,,,,,,,,,,,,,,,,,,,,,,,,,,,,,,,,,,,
256769,1406,77,Adrien,Truffert,,11/20/2001 12:00:00 AM,176,3,3,2,Premier League,72,https://ratings-images-prod.pulse.ea.com/FC25/full/player-portraits/p256769.png?padding=0.7,https://ratings-images-prod.pulse.ea.com/FC25/full/player-shields/en/256769.png?width=265,16,Left Midfielder,LM,trait1_4096,Whipped Pass,"Accurate, faster crosses with more curve",https://drop-assets.ea.com/images/FfTP29PWrRWZjEaiCCVoa/a1b345e4ae7023ed78b1efd68d28f392/Whipped_Pass.png,playStyle,Play Style,,,,,,,0,Men's Football,18,France,https://drop-assets.ea.com/images/3ECAQzhfgSLWRf9IIHB6G8/7e235a7b2f93c1f73db7f89dc03b3657/f_18.png,1943,AFC Bournemouth,https://drop-assets.ea.com/images/5Z6J6MhqjuJVwE7SVnfr5E/6075ff3239d67bdf8258a067ed93ccdb/l1943.png,false,7,LB,Left Back,defense,Defense,75,0,70,0,71,0,84,0,65,0,67,0,75,0,76,0,68,0,78,0,66,0,73,0,71,0,75,0,76,0,52,0,53,0,6,0,6,0,6,0,6,0,8,0,59,0,74,0,72,0,51,0,76,0,71,0,54,0,70,0,71,0,71,0,57,0,72,0,69,0,77,0,76,0,78,0,66,0,58,0,,,,,,,,,,,,,,,,,,,,,,,,,,,,,,,,,,,,,,
270633,1408,77,Ryan,Flamingo,,12/31/2002 12:00:00 AM,185,3,4,1,Eredivisie,73,https://ratings-images-prod.pulse.ea.com/FC25/full/player-portraits/p270633.png?padding=0.7,https://ratings-images-prod.pulse.ea.com/FC25/full/player-shields/en/270633.png?width=265,,,,trait1_16,Precision Header,Performs headers with increased accuracy and power.,https://drop-assets.ea.com/images/3ync8fbblS4zLzF3p1VXmT/7752a5103c2ebd8be5cf1819379c66f4/Precision_Header.png,playStyle,Play Style,trait1_1024,Long Ball Pass,"Accurate, faster Lob and Lofted Through Passes",https://drop-assets.ea.com/images/7jwRDD4zkOsqRpc821t73d/16d46d57a5dfc7dd5dd5f8de0fd26a99/Long_Ball_Pass.png,playStyle,Play Style,0,Men's Football,34,Holland,https://drop-assets.ea.com/images/7LmdSUm2Ge4fzqcz0NElvq/d272142c80713dcf0e5ec0a47232aeee/f_34.png,,,,,5,CB,Center Back,defense,Defense,70,0,69,0,85,0,76,0,85,0,80,0,67,0,69,0,71,0,59,0,52,0,77,0,75,0,68,0,65,0,62,0,41,0,13,0,11,0,14,0,5,0,8,0,75,0,80,0,72,0,60,0,65,0,66,0,68,0,82,0,65,0,75,0,64,0,75,0,72,0,76,0,61,0,78,0,64,0,69,0,,,,,trait1_65536,Intercept,Increased reach and possession retention in interceptions,https://drop-assets.ea.com/images/5ysv7Iw8jDHl7sp1JXqIa7/d34004fed8c95bde083dcf8257391a70/Intercept.png,playStyle,Play Style,trait1_131072,Anticipate,"Improved standing tackle success, possibility of stopping ball at feet",https://drop-assets.ea.com/images/4xPnUcL7thizFB7qmhlwUR/1ade7a0f77d5e875c2db869964540a35/Anticipate.png,playStyle,Play Style,trait1_524288,Aerial Fortress,Performs higher jumps and has physical defensive presence before and during aerial duels,https://drop-assets.ea.com/images/3rsDbUXd3MZX39YTsk6lKe/404db89f2237eeb7466668a730c52a4b/Aerial_Fortress.png,playStyle,Play Style,trait1_268435456,Bruiser,Stronger physical tackles,https://drop-assets.ea.com/images/7euMJ2jVypFrFPQesWuGGm/14019168b12faac1584a2920d5c2d5d9/Bruiser.png,playStyle,Play Style,,,,,,,,,,
203483,1410,77,Davy,Klaassen,,2/21/1993 12:00:00 AM,179,3,3,1,Eredivisie,70,https://ratings-images-prod.pulse.ea.com/FC25/full/player-portraits/p203483.png?padding=0.7,https://ratings-images-prod.pulse.ea.com/FC25/full/player-shields/en/203483.png?width=265,10,Center Defensive Midfielder,CDM,trait1_4194304,First Touch,"Reduced trapping error, faster dribbling transition",https://drop-assets.ea.com/images/3f727XsoDVLbT49oMk0HBu/2787568be8ccb2d5daa2d18fabacad97/First_Touch.png,playStyle,Play Style,,,,,,,0,Men's Football,34,Holland,https://drop-assets.ea.com/images/7LmdSUm2Ge4fzqcz0NElvq/d272142c80713dcf0e5ec0a47232aeee/f_34.png,,,,,14,CM,Center Midfielder,midfielder,Midfielder,55,0,65,0,78,0,83,0,75,0,76,0,70,0,79,0,80,0,66,0,63,0,73,0,74,0,73,0,70,0,79,0,53,0,12,0,6,0,13,0,16,0,10,0,76,0,71,0,75,0,75,0,47,0,73,0,75,0,77,0,82,0,77,0,78,0,79,0,79,0,66,0,40,0,74,0,77,0,79,0,,,,,,,,,,,,,,,,,,,,,,,,,,,,,,,,,,,,,,
208787,1411,77,Adrien,Thomasson,,12/10/1993 12:00:00 AM,175,4,4,1,Ligue 1 McDonald's,72,https://ratings-images-prod.pulse.ea.com/FC25/full/player-portraits/p208787.png?padding=0.7,https://ratings-images-prod.pulse.ea.com/FC25/full/player-shields/en/208787.png?width=265,18,Center Attacking Midfielder,CAM,trait1_256,Incisive Pass,"Accurate through passes, curvier swerve passes, faster precision passes",https://drop-assets.ea.com/images/2K5BYfVYRnrdjt8F3hwI04/62f147b6a436c107bfa3d042c1d5728d/Incisive_Pass.png,playStyle,Play Style,trait1_512,Pinged Pass,Faster ground passes without affecting receiver's trapping,https://drop-assets.ea.com/images/1mXBWIBgJSpYoIa1C4r5FX/7220e78a4049530f4e9fa642b1656fa4/Pinged_Pass.png,playStyle,Play Style,0,Men's Football,18,France,https://drop-assets.ea.com/images/3ECAQzhfgSLWRf9IIHB6G8/7e235a7b2f93c1f73db7f89dc03b3657/f_18.png,64,RC Lens,https://drop-assets.ea.com/images/3HrZR8go9EdkyD4jpbWPic/0fcbfb41b4d42943916892d763af8d55/l64.png,false,14,CM,Center Midfielder,midfielder,Midfielder,62,0,77,0,68,0,90,0,65,0,69,0,79,0,78,0,77,0,75,0,74,0,65,0,61,0,77,0,77,0,73,0,70,0,14,0,9,0,15,0,9,0,13,0,61,0,72,0,75,0,75,0,58,0,76,0,68,0,72,0,75,0,78,0,73,0,78,0,75,0,57,0,54,0,69,0,77,0,66,0,,,,,trait1_67108864,Relentless,"Increased half time fatigue recovery, longer teammate contain and press",https://drop-assets.ea.com/images/2vVuRxgvPNaAuFGqZZ9nDY/3e2505addd5a6b353becdeaf7173d187/Relentless.png,playStyle,Play Style,,,,,,,,,,,,,,,,,,,,,,,,,,,,
258937,1412,77,Aimar,Oroz Huarte,Aimar Oroz,11/27/2001 12:00:00 AM,177,3,3,1,LALIGA EA SPORTS,72,https://ratings-images-prod.pulse.ea.com/FC25/full/player-portraits/p258937.png?padding=0.7,https://ratings-images-prod.pulse.ea.com/FC25/full/player-shields/en/258937.png?width=250,18,Center Attacking Midfielder,CAM,,,,,,,,,,,,,0,Men's Football,45,Spain,https://drop-assets.ea.com/images/Kv8okAYMsDbB3ZKbxrAXw/9d30c88d16a4c85002f35c6af412c6f7/f_45.png,479,CA Osasuna,https://drop-assets.ea.com/images/5T0gPuxPGVG3BLEP9wYxLx/8be8ef52e215bc47956d1084f702409d/l479.png,false,14,CM,Center Midfielder,midfielder,Midfielder,70,0,72,0,71,0,78,0,64,0,49,0,70,0,80,0,75,0,65,0,67,0,64,0,52,0,78,0,80,0,76,0,59,0,6,0,6,0,13,0,6,0,13,0,65,0,73,0,75,0,72,0,66,0,74,0,70,0,65,0,77,0,75,0,74,0,81,0,75,0,58,0,63,0,70,0,76,0,63,0,,16,Left Midfielder,LM,,,,,,,,,,,,,,,,,,,,,,,,,,,,,,,,,,
223249,1415,77,Gabriel,Arias,,9/13/1987 12:00:00 AM,189,1,3,1,LPF,85,https://ratings-images-prod.pulse.ea.com/FC25/full/player-portraits/p223249.png?padding=0.7,https://ratings-images-prod.pulse.ea.com/FC25/full/player-shields/en/223249.png?width=250,,,,,,,,,,,,,,,,0,Men's Football,55,Chile,https://drop-assets.ea.com/images/3oSt1AKWf8gJCT6jtMnZGJ/63a19100f7eb11e75ebaee5bbd04471c/f_55.png,101085,Racing Club,https://drop-assets.ea.com/images/A8RKWVxKQsKjBbty5kzt6/a21fa30821daf7c6a65546e58558c496/l101085.png,false,0,GK,Goalkeeper,defense,Defense,45,0,46,0,68,0,35,0,67,0,33,0,57,0,40,0,45,0,15,0,30,0,45,0,27,0,76,0,25,0,18,0,20,0,76,0,75,0,72,0,76,0,76,0,22,0,13,0,42,0,16,0,76,0,72,0,26,0,76,0,17,0,76,0,75,0,38,0,54,0,24,0,44,0,21,0,50,0,14,0,,,,,,,,,,,,,,,,,,,,,,,,,,,,,,,,,,,,,,
228819,1416,77,Matías,Vargas,,5/8/1997 12:00:00 AM,168,4,2,1,ROSHN Saudi League,66,https://ratings-images-prod.pulse.ea.com/FC25/full/player-portraits/p228819.png?padding=0.7,https://ratings-images-prod.pulse.ea.com/FC25/full/player-shields/en/228819.png?width=265,25,Striker,ST,trait1_1,Finesse Shot,Faster finesse shots with more curve and accuracy,https://drop-assets.ea.com/images/468u1R1p2k1fA6WBHi0OEn/fb9d49ed2a8fb500cd5a184937b96b34/Finesse_Shot.png,playStyle,Play Style,trait1_1048576,Technical,"Faster Controlled Sprint, precise wide turns while dribbling",https://drop-assets.ea.com/images/5Esx7NK4YBU44O4bo07rvb/69ca9417da7fd07905f6c6956ad93f6d/Technical.png,playStyle,Play Style,0,Men's Football,52,Argentina,https://drop-assets.ea.com/images/4xMXjEt7CFJ6JENYeG45Sk/836d733dc1642c5e4ab3338d91481436/f_52.png,112390,Al Fateh,https://drop-assets.ea.com/images/6v7yU4RrTQPgruLFIKjFOR/9757e8a4070b872b3be68038edfccf95/l112390.png,false,16,LM,Left Midfielder,midfielder,Midfielder,87,0,86,0,71,0,85,0,68,0,64,0,86,0,73,0,76,0,64,0,77,0,40,0,41,0,79,0,81,0,73,0,73,0,10,0,13,0,14,0,10,0,7,0,45,0,40,0,66,0,70,0,86,0,71,0,68,0,72,0,75,0,71,0,72,0,71,0,74,0,32,0,86,0,39,0,79,0,65,0,,18,Center Attacking Midfielder,CAM,,,,,,,,,,,,,,,,,,,,,,,,,,,,,,,27,Left Wing,LW,
239364,1417,77,Philipp,Köhn,,4/2/1998 12:00:00 AM,190,1,2,1,Ligue 1 McDonald's,80,https://ratings-images-prod.pulse.ea.com/FC25/full/player-portraits/p239364.png?padding=0.7,https://ratings-images-prod.pulse.ea.com/FC25/full/player-shields/en/239364.png?width=250,,,,trait2_4,Cross Claimer,"Unique punching animations, powerful punches, faster crosses coverage",https://drop-assets.ea.com/images/4Uvgm6UNiSz3say1zZqKDC/51837f53072d5e01063699f6d2b7401a/Cross_Claimer.png,playStyle,Play Style,,,,,,,0,Men's Football,47,Switzerland,https://drop-assets.ea.com/images/4CseD8PxDZqObA1huFIws0/f30914625e329de69ffdd60f3c334a88/f_47.png,69,AS Monaco,https://drop-assets.ea.com/images/6XicH1VsjyR3WbTdpk99p3/8b11b6c53072e6c9c042eb77f3c6a8f4/l69.png,false,0,GK,Goalkeeper,defense,Defense,48,0,56,0,65,0,28,0,63,0,28,0,26,0,28,0,32,0,11,0,10,0,46,0,12,0,78,0,23,0,8,0,14,0,78,0,74,0,69,0,75,0,78,0,12,0,12,0,30,0,7,0,78,0,69,0,16,0,75,0,7,0,74,0,74,0,35,0,52,0,14,0,43,0,13,0,54,0,6,0,,,,,,,,,,,,,,,,,,,,,,,,,,,,,,,,,,,,,,
240017,1418,77,Andreas,Skov Olsen,,12/29/1999 12:00:00 AM,187,4,4,2,Bundesliga,75,https://ratings-images-prod.pulse.ea.com/FC25/full/player-portraits/p240017.png?padding=0.7,https://ratings-images-prod.pulse.ea.com/FC25/full/player-shields/en/240017.png?width=265,12,Right Midfielder,RM,trait1_2097152,Rapid,"Higher sprint speed while dribbling, reduced error on knock-ons",https://drop-assets.ea.com/images/1aGsvwKyIFlRG1eoJSS0Ot/a4d3d661ff962795a632fe86439d2146/Rapid.png,playStyle,Play Style,,,,,,,0,Men's Football,13,Denmark,https://drop-assets.ea.com/images/6ueYG8kGNCY97fHWQ6LIZ7/9ad4b50beeb1d0d2a5d2bb5a8891336f/f_13.png,175,VfL Wolfsburg,https://drop-assets.ea.com/images/4mw5u30yjPmzh9OVqKB0YV/ad59c24a84c9afb0a877046fadeb9c9e/l175.png,false,23,RW,Right Wing,attack,Attack,85,0,76,0,79,0,72,0,70,0,62,0,76,0,80,0,72,0,76,0,84,0,39,0,39,0,78,0,80,0,77,0,72,0,13,0,8,0,7,0,7,0,11,0,64,0,34,0,69,0,79,0,83,0,73,0,68,0,69,0,74,0,66,0,78,0,73,0,80,0,31,0,81,0,37,0,68,0,79,0,,,,,,,,,,,,,,,,,,,,,,,,,,,,,,,,,,,,,,
248266,1419,77,Sacha,Boey,,9/13/2000 12:00:00 AM,178,3,3,1,Bundesliga,76,https://ratings-images-prod.pulse.ea.com/FC25/full/player-portraits/p248266.png?padding=0.7,https://ratings-images-prod.pulse.ea.com/FC25/full/player-shields/en/248266.png?width=265,,,,trait1_16384,Jockey,"Faster Sprint Jockey, better transition speed",https://drop-assets.ea.com/images/7lHjpOBSghE6Ywt1jgVv1C/21f9914d00f073d79d4b46cac71b9087/Jockey.png,playStyle,Play Style,trait1_65536,Intercept,Increased reach and possession retention in interceptions,https://drop-assets.ea.com/images/5ysv7Iw8jDHl7sp1JXqIa7/d34004fed8c95bde083dcf8257391a70/Intercept.png,playStyle,Play Style,0,Men's Football,18,France,https://drop-assets.ea.com/images/3ECAQzhfgSLWRf9IIHB6G8/7e235a7b2f93c1f73db7f89dc03b3657/f_18.png,21,FC Bayern München,https://drop-assets.ea.com/images/3p0dv1pGWIH6lGAKZssZKH/4f70d2c5a3c147f3e006c863e85e4993/l21.png,false,3,RB,Right Back,defense,Defense,78,0,79,0,79,0,74,0,75,0,84,0,78,0,75,0,74,0,69,0,60,0,76,0,75,0,75,0,74,0,44,0,45,0,10,0,11,0,13,0,10,0,6,0,63,0,79,0,67,0,66,0,71,0,66,0,49,0,77,0,68,0,77,0,55,0,73,0,69,0,78,0,65,0,79,0,58,0,38,0,,,,,trait1_67108864,Relentless,"Increased half time fatigue recovery, longer teammate contain and press",https://drop-assets.ea.com/images/2vVuRxgvPNaAuFGqZZ9nDY/3e2505addd5a6b353becdeaf7173d187/Relentless.png,playStyle,Play Style,,,,,,,,,,,,,,,,,,,,,,,,,,,,
271800,1421,77,Yankuba,Minteh,,7/22/2004 12:00:00 AM,180,4,3,2,Premier League,65,https://ratings-images-prod.pulse.ea.com/FC25/full/player-portraits/p271800.png?padding=0.7,https://ratings-images-prod.pulse.ea.com/FC25/full/player-shields/en/271800.png?width=265,23,Right Wing,RW,trait1_2097152,Rapid,"Higher sprint speed while dribbling, reduced error on knock-ons",https://drop-assets.ea.com/images/1aGsvwKyIFlRG1eoJSS0Ot/a4d3d661ff962795a632fe86439d2146/Rapid.png,playStyle,Play Style,icontrait1_33554432,Quick Step+,Significantly faster acceleration during Explosive Sprint,https://drop-assets.ea.com/images/44zHnq7IqO4ItY3NPzXNEC/d7fc408baa76e8ba053cd69e0a1a51c4/Quick_Step_.png,playStylePlus,Play Style Plus,0,Men's Football,116,Gambia,https://drop-assets.ea.com/images/1SvfttEEIRJEACIudja4dN/d8cb6d0cd93926f3a452ade2c5f934dd/f_116.png,1808,Brighton,https://drop-assets.ea.com/images/1mFLMjuFkxQjbRaTLKZ8Gm/277b9eb6d29d37064d1d82063b06f681/l1808.png,false,12,RM,Right Midfielder,midfielder,Midfielder,94,0,92,0,60,0,70,0,47,0,63,0,80,0,79,0,70,0,73,0,66,0,55,0,58,0,81,0,81,0,75,0,38,0,9,0,8,0,7,0,11,0,8,0,40,0,54,0,57,0,54,0,94,0,66,0,57,0,57,0,76,0,73,0,67,0,69,0,67,0,49,0,94,0,60,0,69,0,53,0,,,,,,,,,,,,,,,,,,,,,,,,,,,,,,,,,,,,,,
239254,1422,77,Berke,Özer,,5/25/2000 12:00:00 AM,190,1,3,1,Ligue 1 McDonald's,73,https://ratings-images-prod.pulse.ea.com/FC25/full/player-portraits/p239254.png?padding=0.7,https://ratings-images-prod.pulse.ea.com/FC25/full/player-shields/en/239254.png?width=250,,,,trait2_2,Footwork,"Exclusive foot saves, better performance on low shots",https://drop-assets.ea.com/images/1s2muXoHUmP1T0vGYKXSl1/6d265b13804069371f16a58788703a33/Footwork.png,playStyle,Play Style,,,,,,,0,Men's Football,48,Turkey,https://drop-assets.ea.com/images/501PnaP87pzjR8dKEQ20OT/7f0fd5c896b732a094222cbf0560b4c2/f_48.png,65,LOSC Lille,https://drop-assets.ea.com/images/tfbRaZiFuJ9jTer1qcf0Z/95171efd06d2494735c0e8a7c5aa9df2/l65.png,false,0,GK,Goalkeeper,defense,Defense,40,0,31,0,61,0,38,0,61,0,29,0,45,0,29,0,60,0,15,0,24,0,44,0,18,0,79,0,21,0,11,0,11,0,77,0,73,0,70,0,76,0,79,0,10,0,18,0,34,0,12,0,77,0,70,0,21,0,76,0,11,0,73,0,73,0,43,0,53,0,24,0,49,0,19,0,48,0,10,0,,,,,,,,,,,,,,,,,,,,,,,,,,,,,,,,,,,,,,
244889,1423,77,Charles,Vanhoutte,,9/16/1998 12:00:00 AM,182,2,3,1,Ligue 1 McDonald's,76,https://ratings-images-prod.pulse.ea.com/FC25/full/player-portraits/p244889.png?padding=0.7,https://ratings-images-prod.pulse.ea.com/FC25/full/player-shields/en/244889.png?width=265,14,Center Midfielder,CM,trait1_65536,Intercept,Increased reach and possession retention in interceptions,https://drop-assets.ea.com/images/5ysv7Iw8jDHl7sp1JXqIa7/d34004fed8c95bde083dcf8257391a70/Intercept.png,playStyle,Play Style,trait1_262144,Slide Tackle,Stops ball at feet during slide tackles,https://drop-assets.ea.com/images/7mI1lrxE0pv9iJfQFki9OA/8c1ecac325f923e049be72231c8c968a/Slide_Tackle.png,playStyle,Play Style,0,Men's Football,7,Belgium,https://drop-assets.ea.com/images/7eZLPoDDyxSlQoqcS4NVA2/6fc085dc7e85ccd7519be7ff2df875ee/f_7.png,72,OGC Nice,https://drop-assets.ea.com/images/zByYanPvcCULBfC8OITvN/a262863aa77bfb1551a403f5f9b49f28/l72.png,false,10,CDM,Center Defensive Midfielder,midfielder,Midfielder,62,0,68,0,72,0,85,0,75,0,77,0,67,0,74,0,71,0,76,0,73,0,73,0,75,0,72,0,71,0,63,0,71,0,14,0,12,0,11,0,7,0,8,0,63,0,76,0,76,0,68,0,55,0,76,0,61,0,78,0,66,0,77,0,65,0,78,0,70,0,72,0,50,0,74,0,75,0,51,0,,,,,trait1_524288,Aerial Fortress,Performs higher jumps and has physical defensive presence before and during aerial duels,https://drop-assets.ea.com/images/3rsDbUXd3MZX39YTsk6lKe/404db89f2237eeb7466668a730c52a4b/Aerial_Fortress.png,playStyle,Play Style,,,,,,,,,,,,,,,,,,,,,,,,,,,,
212476,1425,77,Álvaro,Medrán Just,Medrán,3/15/1994 12:00:00 AM,178,3,5,1,ROSHN Saudi League,71,https://ratings-images-prod.pulse.ea.com/FC25/full/player-portraits/p212476.png?padding=0.7,https://ratings-images-prod.pulse.ea.com/FC25/full/player-shields/en/212476.png?width=265,10,Center Defensive Midfielder,CDM,trait1_1,Finesse Shot,Faster finesse shots with more curve and accuracy,https://drop-assets.ea.com/images/468u1R1p2k1fA6WBHi0OEn/fb9d49ed2a8fb500cd5a184937b96b34/Finesse_Shot.png,playStyle,Play Style,trait1_8,Dead Ball,"Faster, accurate set pieces with longer trajectory preview",https://drop-assets.ea.com/images/1razu2wcM3XA82VvB7NyUm/eec6b07080e49d6bf2d7a7951a22375f/Dead_Ball.png,playStyle,Play Style,0,Men's Football,45,Spain,https://drop-assets.ea.com/images/Kv8okAYMsDbB3ZKbxrAXw/9d30c88d16a4c85002f35c6af412c6f7/f_45.png,112096,Al Ettifaq,https://drop-assets.ea.com/images/4iiu5yKgXLP6VztXNaebb1/19909c746281492a1191662354871832/l112096.png,false,14,CM,Center Midfielder,midfielder,Midfielder,56,0,77,0,71,0,78,0,77,0,49,0,70,0,79,0,80,0,77,0,79,0,63,0,65,0,76,0,75,0,67,0,73,0,13,0,14,0,13,0,12,0,10,0,61,0,62,0,81,0,78,0,58,0,79,0,60,0,71,0,71,0,76,0,71,0,81,0,75,0,58,0,59,0,64,0,79,0,68,0,,18,Center Attacking Midfielder,CAM,trait1_1024,Long Ball Pass,"Accurate, faster Lob and Lofted Through Passes",https://drop-assets.ea.com/images/7jwRDD4zkOsqRpc821t73d/16d46d57a5dfc7dd5dd5f8de0fd26a99/Long_Ball_Pass.png,playStyle,Play Style,trait1_2048,Tiki Taka,Accurate first-time Ground Passes,https://drop-assets.ea.com/images/2tvHC5JQ2sXrN8wUTJWLEA/94b0f6a78d1a9e1348a33c9772f23afd/Tiki_Taka.png,playStyle,Play Style,trait1_524288,Aerial Fortress,Performs higher jumps and has physical defensive presence before and during aerial duels,https://drop-assets.ea.com/images/3rsDbUXd3MZX39YTsk6lKe/404db89f2237eeb7466668a730c52a4b/Aerial_Fortress.png,playStyle,Play Style,trait1_1048576,Technical,"Faster Controlled Sprint, precise wide turns while dribbling",https://drop-assets.ea.com/images/5Esx7NK4YBU44O4bo07rvb/69ca9417da7fd07905f6c6956ad93f6d/Technical.png,playStyle,Play Style,,,,,,,,,,
226093,1426,77,Ché,Adams,,7/13/1996 12:00:00 AM,175,3,3,1,Serie A Enilive,70,https://ratings-images-prod.pulse.ea.com/FC25/full/player-portraits/p226093.png?padding=0.7,https://ratings-images-prod.pulse.ea.com/FC25/full/player-shields/en/226093.png?width=265,,,,trait1_4,Power Shot,Faster power shots with increased speed,https://drop-assets.ea.com/images/3ohVoKWSsvT44qgjabWqfV/e536ef26ad854c3c4cbf63ed7954b9cd/Power_Shot.png,playStyle,Play Style,trait1_128,Gamechanger,Fancy and Trivela shots are performed with improved accuracy.,https://drop-assets.ea.com/images/2v8I0GQrtREaEJzJcyStKe/e46d719e4e5ed88ac5a1f671c7448f4a/Gamechanger.png,playStyle,Play Style,0,Men's Football,42,Scotland,https://drop-assets.ea.com/images/3LfmKqyBykOGZyfdSpENTr/ec3733dfa9526c8f6da96bf0f8c7448e/f_42.png,54,Torino,https://drop-assets.ea.com/images/hSLWPIkJFJBzTMyk85qej/40d38d4675390d6677c4f17dddae5627/l54.png,false,25,ST,Striker,attack,Attack,80,0,80,0,77,0,78,0,68,0,74,0,75,0,78,0,72,0,58,0,64,0,43,0,36,0,77,0,77,0,81,0,59,0,16,0,13,0,12,0,15,0,9,0,66,0,40,0,56,0,76,0,82,0,64,0,69,0,72,0,78,0,77,0,80,0,70,0,86,0,40,0,83,0,45,0,66,0,74,0,,,,,,,,,,,,,,,,,,,,,,,,,,,,,,,,,,,,,,
240787,1427,77,Hamed Junior,Traoré,,2/16/2000 12:00:00 AM,177,3,3,1,Ligue 1 McDonald's,77,https://ratings-images-prod.pulse.ea.com/FC25/full/player-portraits/p240787.png?padding=0.7,https://ratings-images-prod.pulse.ea.com/FC25/full/player-shields/en/240787.png?width=265,18,Center Attacking Midfielder,CAM,trait1_1048576,Technical,"Faster Controlled Sprint, precise wide turns while dribbling",https://drop-assets.ea.com/images/5Esx7NK4YBU44O4bo07rvb/69ca9417da7fd07905f6c6956ad93f6d/Technical.png,playStyle,Play Style,,,,,,,0,Men's Football,108,Côte d'Ivoire,https://drop-assets.ea.com/images/6WOgIUFG0fMJWcKjih5i3K/8d09758d91059b879a2e5521f8d7e616/f_108.png,219,OM,https://drop-assets.ea.com/images/3t06Qm41tT2gB8NqJYXdue/928373951a71a9a8565497e6481925d1/l219.png,false,16,LM,Left Midfielder,midfielder,Midfielder,80,0,79,0,73,0,68,0,58,0,59,0,72,0,82,0,67,0,71,0,70,0,57,0,60,0,80,0,81,0,71,0,67,0,8,0,10,0,14,0,12,0,11,0,64,0,41,0,70,0,67,0,78,0,72,0,64,0,61,0,75,0,73,0,70,0,74,0,74,0,61,0,76,0,60,0,73,0,66,0,,27,Left Wing,LW,,,,,,,,,,,,,,,,,,,,,,,,,,,,,,,,,,
250961,1428,77,Joshua,Zirkzee,,5/22/2001 12:00:00 AM,193,4,3,1,Premier League,89,https://ratings-images-prod.pulse.ea.com/FC25/full/player-portraits/p250961.png?padding=0.7,https://ratings-images-prod.pulse.ea.com/FC25/full/player-shields/en/250961.png?width=265,18,Center Attacking Midfielder,CAM,trait1_1048576,Technical,"Faster Controlled Sprint, precise wide turns while dribbling",https://drop-assets.ea.com/images/5Esx7NK4YBU44O4bo07rvb/69ca9417da7fd07905f6c6956ad93f6d/Technical.png,playStyle,Play Style,trait1_4194304,First Touch,"Reduced trapping error, faster dribbling transition",https://drop-assets.ea.com/images/3f727XsoDVLbT49oMk0HBu/2787568be8ccb2d5daa2d18fabacad97/First_Touch.png,playStyle,Play Style,0,Men's Football,34,Holland,https://drop-assets.ea.com/images/7LmdSUm2Ge4fzqcz0NElvq/d272142c80713dcf0e5ec0a47232aeee/f_34.png,11,Man Utd,https://drop-assets.ea.com/images/5xxJeUfFY6FEQZEJyJK35/990979becf88b88ecb6461dc441c2ebf/l11.png,false,25,ST,Striker,attack,Attack,74,0,76,0,86,0,69,0,84,0,60,0,61,0,85,0,79,0,58,0,68,0,41,0,40,0,82,0,85,0,77,0,66,0,6,0,11,0,12,0,8,0,14,0,71,0,40,0,72,0,75,0,71,0,72,0,77,0,76,0,78,0,74,0,76,0,78,0,76,0,35,0,68,0,36,0,79,0,75,0,,,,,,,,,,,,,,,,,,,,,,,,,,,,,,,,,,,,,,
252324,1429,77,Rodrigo,Riquelme Reche,Riquelme,4/2/2000 12:00:00 AM,174,3,3,1,LALIGA EA SPORTS,68,https://ratings-images-prod.pulse.ea.com/FC25/full/player-portraits/p252324.png?padding=0.7,https://ratings-images-prod.pulse.ea.com/FC25/full/player-shields/en/252324.png?width=265,12,Right Midfielder,RM,trait1_1048576,Technical,"Faster Controlled Sprint, precise wide turns while dribbling",https://drop-assets.ea.com/images/5Esx7NK4YBU44O4bo07rvb/69ca9417da7fd07905f6c6956ad93f6d/Technical.png,playStyle,Play Style,,,,,,,0,Men's Football,45,Spain,https://drop-assets.ea.com/images/Kv8okAYMsDbB3ZKbxrAXw/9d30c88d16a4c85002f35c6af412c6f7/f_45.png,449,Real Betis,https://drop-assets.ea.com/images/4rODtg2WvYGHhUGfPXxilW/e047163865b561a0ced87f9f593498c1/l449.png,false,16,LM,Left Midfielder,midfielder,Midfielder,83,0,83,0,66,0,69,0,53,0,59,0,81,0,76,0,76,0,74,0,73,0,50,0,50,0,78,0,78,0,71,0,56,0,9,0,10,0,8,0,9,0,12,0,51,0,52,0,72,0,77,0,84,0,74,0,55,0,59,0,76,0,74,0,73,0,76,0,77,0,46,0,85,0,48,0,76,0,65,0,,27,Left Wing,LW,,,,,,,,,,,,,,,,,,,,,,,,,,,,,,,,,,
198717,1430,77,Wilfried,Zaha,,11/10/1992 12:00:00 AM,180,5,3,1,MLS,66,https://ratings-images-prod.pulse.ea.com/FC25/full/player-portraits/p198717.png?padding=0.7,https://ratings-images-prod.pulse.ea.com/FC25/full/player-shields/en/198717.png?width=265,16,Left Midfielder,LM,trait1_128,Gamechanger,Fancy and Trivela shots are performed with improved accuracy.,https://drop-assets.ea.com/images/2v8I0GQrtREaEJzJcyStKe/e46d719e4e5ed88ac5a1f671c7448f4a/Gamechanger.png,playStyle,Play Style,trait1_1048576,Technical,"Faster Controlled Sprint, precise wide turns while dribbling",https://drop-assets.ea.com/images/5Esx7NK4YBU44O4bo07rvb/69ca9417da7fd07905f6c6956ad93f6d/Technical.png,playStyle,Play Style,0,Men's Football,108,Côte d'Ivoire,https://drop-assets.ea.com/images/6WOgIUFG0fMJWcKjih5i3K/8d09758d91059b879a2e5521f8d7e616/f_108.png,114640,Charlotte FC,https://drop-assets.ea.com/images/2XdxNo0fpuLxoylkpYWVlt/aeb3ddd9bb97accae5777262a7822e27/l114640.png,false,27,LW,Left Wing,attack,Attack,81,0,80,0,72,0,69,0,72,0,75,0,72,0,80,0,80,0,72,0,73,0,37,0,34,0,79,0,80,0,73,0,54,0,15,0,10,0,15,0,11,0,10,0,47,0,35,0,69,0,72,0,82,0,72,0,77,0,72,0,74,0,73,0,75,0,76,0,82,0,36,0,83,0,39,0,73,0,68,0,,25,Striker,ST,trait1_8388608,Trickster,Performs unique flick Skill Moves,https://drop-assets.ea.com/images/47Ygd5ri33RgjIYGiTAJpj/f0723e6f2f89a98fb6e8200c3659c6a9/Trickster.png,playStyle,Play Style,trait1_33554432,Quick Step,Faster acceleration during Explosive Sprint,https://drop-assets.ea.com/images/1xG25Zp3wvkLA5YewKiZah/f27f5fabd1e899fc0bbb817d2db233b1/Quick_Step.png,playStyle,Play Style,,,,,,,,,,,,,,,,,,,,,,
