id,rank,overallRating,firstName,lastName,commonName,birthdate,height,skillMoves,weakFootAbility,preferredFoot,leagueName,weight,avatarUrl,shieldUrl,alternatePositions/0/id,alternatePositions/0/label,alternatePositions/0/shortLabel,playerAbilities/0/id,playerAbilities/0/label,playerAbilities/0/description,playerAbilities/0/imageUrl,playerAbilities/0/type/id,playerAbilities/0/type/label,playerAbilities/1/id,playerAbilities/1/label,playerAbilities/1/description,playerAbilities/1/imageUrl,playerAbilities/1/type/id,playerAbilities/1/type/label,playerAbilities/2/id,playerAbilities/2/label,playerAbilities/2/description,playerAbilities/2/imageUrl,playerAbilities/2/type/id,playerAbilities/2/type/label,playerAbilities/3/id,playerAbilities/3/label,playerAbilities/3/description,playerAbilities/3/imageUrl,playerAbilities/3/type/id,playerAbilities/3/type/label,gender/id,gender/label,nationality/id,nationality/label,nationality/imageUrl,team/id,team/label,team/imageUrl,team/isPopular,position/id,position/shortLabel,position/label,position/positionType/id,position/positionType/name,stats/acceleration/value,stats/acceleration/diff,stats/agility/value,stats/agility/diff,stats/jumping/value,stats/jumping/diff,stats/stamina/value,stats/stamina/diff,stats/strength/value,stats/strength/diff,stats/aggression/value,stats/aggression/diff,stats/balance/value,stats/balance/diff,stats/ballControl/value,stats/ballControl/diff,stats/composure/value,stats/composure/diff,stats/crossing/value,stats/crossing/diff,stats/curve/value,stats/curve/diff,stats/def/value,stats/def/diff,stats/defensiveAwareness/value,stats/defensiveAwareness/diff,stats/dri/value,stats/dri/diff,stats/dribbling/value,stats/dribbling/diff,stats/finishing/value,stats/finishing/diff,stats/freeKickAccuracy/value,stats/freeKickAccuracy/diff,stats/gkDiving/value,stats/gkDiving/diff,stats/gkHandling/value,stats/gkHandling/diff,stats/gkKicking/value,stats/gkKicking/diff,stats/gkPositioning/value,stats/gkPositioning/diff,stats/gkReflexes/value,stats/gkReflexes/diff,stats/headingAccuracy/value,stats/headingAccuracy/diff,stats/interceptions/value,stats/interceptions/diff,stats/longPassing/value,stats/longPassing/diff,stats/longShots/value,stats/longShots/diff,stats/pac/value,stats/pac/diff,stats/pas/value,stats/pas/diff,stats/penalties/value,stats/penalties/diff,stats/phy/value,stats/phy/diff,stats/positioning/value,stats/positioning/diff,stats/reactions/value,stats/reactions/diff,stats/sho/value,stats/sho/diff,stats/shortPassing/value,stats/shortPassing/diff,stats/shotPower/value,stats/shotPower/diff,stats/slidingTackle/value,stats/slidingTackle/diff,stats/sprintSpeed/value,stats/sprintSpeed/diff,stats/standingTackle/value,stats/standingTackle/diff,stats/vision/value,stats/vision/diff,stats/volleys/value,stats/volleys/diff,alternatePositions/0,alternatePositions/1/id,alternatePositions/1/label,alternatePositions/1/shortLabel,playerAbilities/4/id,playerAbilities/4/label,playerAbilities/4/description,playerAbilities/4/imageUrl,playerAbilities/4/type/id,playerAbilities/4/type/label,alternatePositions/2/id,alternatePositions/2/label,alternatePositions/2/shortLabel,playerAbilities/5/id,playerAbilities/5/label,playerAbilities/5/description,playerAbilities/5/imageUrl,playerAbilities/5/type/id,playerAbilities/5/type/label,team,playerAbilities/6/id,playerAbilities/6/label,playerAbilities/6/description,playerAbilities/6/imageUrl,playerAbilities/6/type/id,playerAbilities/6/type/label
233195,622,80,Xaver,Schlager,,9/28/1997 12:00:00 AM,174,3,3,2,Bundesliga,78,https://ratings-images-prod.pulse.ea.com/FC25/full/player-portraits/p233195.png?padding=0.7,https://ratings-images-prod.pulse.ea.com/FC25/full/player-shields/en/233195.png?width=265,14,Center Midfielder,CM,trait1_256,Incisive Pass,"Accurate through passes, curvier swerve passes, faster precision passes",https://drop-assets.ea.com/images/2K5BYfVYRnrdjt8F3hwI04/62f147b6a436c107bfa3d042c1d5728d/Incisive_Pass.png,playStyle,Play Style,trait1_16384,Jockey,"Faster Sprint Jockey, better transition speed",https://drop-assets.ea.com/images/7lHjpOBSghE6Ywt1jgVv1C/21f9914d00f073d79d4b46cac71b9087/Jockey.png,playStyle,Play Style,trait1_67108864,Relentless,"Increased half time fatigue recovery, longer teammate contain and press",https://drop-assets.ea.com/images/2vVuRxgvPNaAuFGqZZ9nDY/3e2505addd5a6b353becdeaf7173d187/Relentless.png,playStyle,Play Style,trait1_268435456,Bruiser,Stronger physical tackles,https://drop-assets.ea.com/images/7euMJ2jVypFrFPQesWuGGm/14019168b12faac1584a2920d5c2d5d9/Bruiser.png,playStyle,Play Style,0,Men's Football,4,Austria,https://drop-assets.ea.com/images/2nTz63NpDfuBGFbmXrDg0N/eaa6fc81bfd7bd77d76886d479841ebb/f_4.png,112172,RB Leipzig,https://drop-assets.ea.com/images/1EoW6b2VkhiP3S0vqikd9s/f181f899a2037360f70a9a8aba18af30/l112172.png,false,10,CDM,Center Defensive Midfielder,midfielder,Midfielder,74,0,75,0,68,0,77,0,77,0,84,0,78,0,78,0,74,0,59,0,73,0,75,0,77,0,78,0,78,0,66,0,60,0,6,0,8,0,8,0,12,0,7,0,44,0,82,0,80,0,76,0,69,0,74,0,56,0,78,0,75,0,80,0,70,0,80,0,78,0,73,0,64,0,78,0,78,0,60,0,,,,,,,,,,,,,,,,,,,,,,,,,,
200458,625,80,Lucas,Digne,,7/20/1993 12:00:00 AM,178,3,1,2,Premier League,74,https://ratings-images-prod.pulse.ea.com/FC25/full/player-portraits/p200458.png?padding=0.7,https://ratings-images-prod.pulse.ea.com/FC25/full/player-shields/en/200458.png?width=265,16,Left Midfielder,LM,trait1_4096,Whipped Pass,"Accurate, faster crosses with more curve",https://drop-assets.ea.com/images/FfTP29PWrRWZjEaiCCVoa/a1b345e4ae7023ed78b1efd68d28f392/Whipped_Pass.png,playStyle,Play Style,trait1_134217728,Long Throw,Powerful throw-ins for greater distance,https://drop-assets.ea.com/images/51OlohNQvoEwW0aLhknAHh/58fa7d903d10f6d8cfa2622f62ba6b6f/Long_Throw.png,playStyle,Play Style,,,,,,,,,,,,,0,Men's Football,18,France,https://drop-assets.ea.com/images/3ECAQzhfgSLWRf9IIHB6G8/7e235a7b2f93c1f73db7f89dc03b3657/f_18.png,2,Aston Villa,https://drop-assets.ea.com/images/57c0ppYsEA88xL0gxqce8K/99605df97c6a96ea3b6e8a424c217af0/l2.png,false,7,LB,Left Back,defense,Defense,70,0,72,0,77,0,80,0,69,0,76,0,78,0,77,0,79,0,86,0,83,0,77,0,77,0,76,0,76,0,60,0,83,0,6,0,12,0,9,0,6,0,13,0,73,0,77,0,73,0,76,0,69,0,79,0,60,0,74,0,73,0,80,0,68,0,78,0,81,0,78,0,68,0,79,0,75,0,68,0,,,,,,,,,,,,,,,,,,,,,,,,,,
210406,626,80,Piotr,Zieliński,,5/20/1994 12:00:00 AM,180,3,4,1,Serie A Enilive,75,https://ratings-images-prod.pulse.ea.com/FC25/full/player-portraits/p210406.png?padding=0.7,https://ratings-images-prod.pulse.ea.com/FC25/full/player-shields/en/210406.png?width=265,,,,trait1_1048576,Technical,"Faster Controlled Sprint, precise wide turns while dribbling",https://drop-assets.ea.com/images/5Esx7NK4YBU44O4bo07rvb/69ca9417da7fd07905f6c6956ad93f6d/Technical.png,playStyle,Play Style,,,,,,,,,,,,,,,,,,,0,Men's Football,37,Poland,https://drop-assets.ea.com/images/2ldG0tWskgN4waD1fBmnk1/24cbe80f6af25d3ab745fd339b024988/f_37.png,131682,Lombardia FC,https://drop-assets.ea.com/images/1thPMvXN97JgFvt6ASWr4c/d2ca0a691a98c344305bc0975ab70314/l131682.png,false,14,CM,Center Midfielder,midfielder,Midfielder,78,0,82,0,66,0,65,0,56,0,58,0,79,0,84,0,82,0,73,0,80,0,70,0,69,0,82,0,82,0,74,0,65,0,12,0,9,0,12,0,11,0,6,0,52,0,74,0,81,0,82,0,76,0,80,0,62,0,59,0,76,0,81,0,76,0,84,0,79,0,72,0,75,0,75,0,84,0,75,0,,,,,,,,,,,,,,,,,,,,,,,,,,
186345,628,80,Kieran,Trippier,,9/19/1990 12:00:00 AM,173,3,4,1,Premier League,71,https://ratings-images-prod.pulse.ea.com/FC25/full/player-portraits/p186345.png?padding=0.7,https://ratings-images-prod.pulse.ea.com/FC25/full/player-shields/en/186345.png?width=265,12,Right Midfielder,RM,trait1_8,Dead Ball,"Faster, accurate set pieces with longer trajectory preview",https://drop-assets.ea.com/images/1razu2wcM3XA82VvB7NyUm/eec6b07080e49d6bf2d7a7951a22375f/Dead_Ball.png,playStyle,Play Style,trait1_1024,Long Ball Pass,"Accurate, faster Lob and Lofted Through Passes",https://drop-assets.ea.com/images/7jwRDD4zkOsqRpc821t73d/16d46d57a5dfc7dd5dd5f8de0fd26a99/Long_Ball_Pass.png,playStyle,Play Style,trait1_4096,Whipped Pass,"Accurate, faster crosses with more curve",https://drop-assets.ea.com/images/FfTP29PWrRWZjEaiCCVoa/a1b345e4ae7023ed78b1efd68d28f392/Whipped_Pass.png,playStyle,Play Style,trait1_134217728,Long Throw,Powerful throw-ins for greater distance,https://drop-assets.ea.com/images/51OlohNQvoEwW0aLhknAHh/58fa7d903d10f6d8cfa2622f62ba6b6f/Long_Throw.png,playStyle,Play Style,0,Men's Football,14,England,https://drop-assets.ea.com/images/6ZM1OFXGUFeV0ZaYVKj2z/ae88ef17f8cb179fbc1c463f7e1e4bd8/f_14.png,13,Newcastle Utd,https://drop-assets.ea.com/images/69fXoaX4p9zFwKaZYoNtNX/14d86649a9b5a3f7e876cc3d46357b5d/l13.png,false,3,RB,Right Back,defense,Defense,68,0,67,0,78,0,74,0,66,0,76,0,79,0,79,0,80,0,89,0,87,0,80,0,80,0,77,0,76,0,54,0,87,0,11,0,14,0,8,0,11,0,10,0,79,0,80,0,83,0,71,0,66,0,83,0,66,0,71,0,74,0,81,0,65,0,80,0,81,0,79,0,64,0,80,0,81,0,58,0,,,,,,,,,,,,,,,,,,,,,,,,,,
205157,629,80,Iñigo,Ruiz de Galarreta,Ruiz de Galarreta,8/6/1993 12:00:00 AM,175,3,3,1,LALIGA EA SPORTS,69,https://ratings-images-prod.pulse.ea.com/FC25/full/player-portraits/p205157.png?padding=0.7,https://ratings-images-prod.pulse.ea.com/FC25/full/player-shields/en/205157.png?width=265,14,Center Midfielder,CM,trait1_16777216,Press Proven,"Close control at jog speed, shields ball more effectively",https://drop-assets.ea.com/images/5rUHwyLJRnvGV53Ba4Pj6M/9a3238695ae8103667ba02af391ac209/Press_Proven.png,playStyle,Play Style,,,,,,,,,,,,,,,,,,,0,Men's Football,45,Spain,https://drop-assets.ea.com/images/Kv8okAYMsDbB3ZKbxrAXw/9d30c88d16a4c85002f35c6af412c6f7/f_45.png,448,Athletic Club,https://drop-assets.ea.com/images/5lGGXYvaOCdAYlo8xWPzQb/7092243785809519c68b482ad21b2c41/l448.png,false,10,CDM,Center Defensive Midfielder,midfielder,Midfielder,73,0,81,0,69,0,84,0,70,0,82,0,87,0,80,0,82,0,74,0,73,0,76,0,79,0,79,0,77,0,60,0,62,0,12,0,6,0,13,0,7,0,12,0,51,0,78,0,80,0,70,0,69,0,77,0,47,0,76,0,74,0,79,0,65,0,80,0,73,0,80,0,66,0,80,0,79,0,61,0,,,,,,,,,,,,,,,,,,,,,,,,,,
250753,630,80,Anatoliy,Trubin,,8/1/2001 12:00:00 AM,199,1,2,1,Liga Portugal,86,https://ratings-images-prod.pulse.ea.com/FC25/full/player-portraits/p250753.png?padding=0.7,https://ratings-images-prod.pulse.ea.com/FC25/full/player-shields/en/250753.png?width=250,,,,trait2_2,Footwork,"Exclusive foot saves, better performance on low shots",https://drop-assets.ea.com/images/1s2muXoHUmP1T0vGYKXSl1/6d265b13804069371f16a58788703a33/Footwork.png,playStyle,Play Style,,,,,,,,,,,,,,,,,,,0,Men's Football,49,Ukraine,https://drop-assets.ea.com/images/6qDmsmOUdD4va3zMohbKhb/0074f5347b6d5908bf7c36de17f1e512/f_49.png,234,SL Benfica,https://drop-assets.ea.com/images/2DamHkQ1ZP1CYVjFPp6ofg/3e07292021842fdadb7aaaa84e7473aa/l234.png,false,0,GK,Goalkeeper,defense,Defense,49,0,36,0,68,0,33,0,69,0,28,0,45,0,29,0,50,0,11,0,13,0,45,0,9,0,84,0,13,0,9,0,13,0,77,0,76,0,77,0,83,0,84,0,12,0,9,0,32,0,8,0,77,0,77,0,18,0,83,0,6,0,76,0,76,0,37,0,58,0,11,0,38,0,11,0,64,0,6,0,,,,,,,,,,,,,,,,,,,,,,,,,,
225126,635,80,Ellyes,Skhiri,,5/10/1995 12:00:00 AM,185,3,3,1,Bundesliga,74,https://ratings-images-prod.pulse.ea.com/FC25/full/player-portraits/p225126.png?padding=0.7,https://ratings-images-prod.pulse.ea.com/FC25/full/player-shields/en/225126.png?width=265,14,Center Midfielder,CM,trait1_65536,Intercept,Increased reach and possession retention in interceptions,https://drop-assets.ea.com/images/5ysv7Iw8jDHl7sp1JXqIa7/d34004fed8c95bde083dcf8257391a70/Intercept.png,playStyle,Play Style,trait1_16777216,Press Proven,"Close control at jog speed, shields ball more effectively",https://drop-assets.ea.com/images/5rUHwyLJRnvGV53Ba4Pj6M/9a3238695ae8103667ba02af391ac209/Press_Proven.png,playStyle,Play Style,trait1_67108864,Relentless,"Increased half time fatigue recovery, longer teammate contain and press",https://drop-assets.ea.com/images/2vVuRxgvPNaAuFGqZZ9nDY/3e2505addd5a6b353becdeaf7173d187/Relentless.png,playStyle,Play Style,,,,,,,0,Men's Football,145,Tunisia,https://drop-assets.ea.com/images/5d2CSj7wnbW2ldgW4ro27v/6a5cdec5751bf2b14b73af27e8a4c006/f_145.png,1824,Frankfurt,https://drop-assets.ea.com/images/3KK76lJIZtlRnPaAgbD85V/5614e02825eb0ed03b69a9d078e40db9/l1824.png,false,10,CDM,Center Defensive Midfielder,midfielder,Midfielder,65,0,74,0,76,0,83,0,69,0,77,0,64,0,74,0,80,0,67,0,72,0,80,0,82,0,75,0,75,0,76,0,55,0,15,0,14,0,8,0,14,0,14,0,75,0,84,0,81,0,72,0,64,0,74,0,58,0,74,0,75,0,83,0,73,0,78,0,75,0,73,0,64,0,79,0,72,0,60,0,,,,,,,,,,,,,,,,,,,,,,,,,,
227535,636,80,Rodrigo,Bentancur,,6/25/1997 12:00:00 AM,187,3,4,1,Premier League,73,https://ratings-images-prod.pulse.ea.com/FC25/full/player-portraits/p227535.png?padding=0.7,https://ratings-images-prod.pulse.ea.com/FC25/full/player-shields/en/227535.png?width=265,14,Center Midfielder,CM,trait1_4194304,First Touch,"Reduced trapping error, faster dribbling transition",https://drop-assets.ea.com/images/3f727XsoDVLbT49oMk0HBu/2787568be8ccb2d5daa2d18fabacad97/First_Touch.png,playStyle,Play Style,,,,,,,,,,,,,,,,,,,0,Men's Football,60,Uruguay,https://drop-assets.ea.com/images/GRwJwZ17RfDveZX4N4L78/25beda9babb2d93a8ff7bb5487eb263b/f_60.png,18,Spurs,https://drop-assets.ea.com/images/7kUcyCh5xGrzQlcjP2Q9NH/11aba507486f44765ee5938b1b5b097e/l18.png,false,10,CDM,Center Defensive Midfielder,midfielder,Midfielder,63,0,64,0,70,0,72,0,70,0,78,0,69,0,81,0,82,0,74,0,71,0,78,0,78,0,79,0,81,0,68,0,68,0,8,0,7,0,14,0,14,0,12,0,64,0,83,0,80,0,65,0,64,0,78,0,67,0,72,0,73,0,78,0,68,0,82,0,71,0,77,0,65,0,80,0,78,0,71,0,,,,,,,,,,,,,,,,,,,,,,,,,,
208268,638,80,Bryan,Cristante,,3/3/1995 12:00:00 AM,186,3,4,1,Serie A Enilive,80,https://ratings-images-prod.pulse.ea.com/FC25/full/player-portraits/p208268.png?padding=0.7,https://ratings-images-prod.pulse.ea.com/FC25/full/player-shields/en/208268.png?width=265,10,Center Defensive Midfielder,CDM,trait1_16,Precision Header,Performs headers with increased accuracy and power.,https://drop-assets.ea.com/images/3ync8fbblS4zLzF3p1VXmT/7752a5103c2ebd8be5cf1819379c66f4/Precision_Header.png,playStyle,Play Style,trait1_524288,Aerial Fortress,Performs higher jumps and has physical defensive presence before and during aerial duels,https://drop-assets.ea.com/images/3rsDbUXd3MZX39YTsk6lKe/404db89f2237eeb7466668a730c52a4b/Aerial_Fortress.png,playStyle,Play Style,,,,,,,,,,,,,0,Men's Football,27,Italy,https://drop-assets.ea.com/images/2WtjWPqYzT7xcMCbvajGZH/d06e9ec4734a0d43d88f65386cc3a484/f_27.png,52,AS Roma,https://drop-assets.ea.com/images/2ruQP0TDYcCmtVFKr9qMBI/5f53795056598b1faac31300900b8671/l52.png,false,14,CM,Center Midfielder,midfielder,Midfielder,53,0,62,0,78,0,89,0,78,0,78,0,58,0,79,0,82,0,70,0,68,0,78,0,79,0,75,0,75,0,68,0,66,0,3,0,5,0,3,0,3,0,5,0,76,0,76,0,83,0,78,0,52,0,78,0,68,0,81,0,76,0,79,0,74,0,82,0,83,0,74,0,52,0,80,0,80,0,72,0,,,,,,,,,,,,,,,,,,,,,,,,,,
231591,640,80,Javier,Galán Gil,Javi Galán,11/19/1994 12:00:00 AM,172,4,2,2,LALIGA EA SPORTS,70,https://ratings-images-prod.pulse.ea.com/FC25/full/player-portraits/p231591.png?padding=0.7,https://ratings-images-prod.pulse.ea.com/FC25/full/player-shields/en/231591.png?width=265,16,Left Midfielder,LM,trait1_131072,Anticipate,"Improved standing tackle success, possibility of stopping ball at feet",https://drop-assets.ea.com/images/4xPnUcL7thizFB7qmhlwUR/1ade7a0f77d5e875c2db869964540a35/Anticipate.png,playStyle,Play Style,,,,,,,,,,,,,,,,,,,0,Men's Football,45,Spain,https://drop-assets.ea.com/images/Kv8okAYMsDbB3ZKbxrAXw/9d30c88d16a4c85002f35c6af412c6f7/f_45.png,240,Atlético de Madrid,https://drop-assets.ea.com/images/vYcueolPvaGx8blMqhPZ5/5dc3479fc8b85d475fd980c53fc2056f/l240.png,false,7,LB,Left Back,defense,Defense,80,0,75,0,81,0,77,0,66,0,81,0,75,0,79,0,75,0,79,0,72,0,77,0,76,0,79,0,80,0,50,0,70,0,14,0,14,0,10,0,6,0,8,0,74,0,75,0,77,0,56,0,78,0,75,0,48,0,73,0,66,0,78,0,56,0,79,0,72,0,78,0,77,0,79,0,64,0,51,0,,,,,,,,,,,,,,,,,,,,,,,,,,
213655,641,80,Alex,Iwobi,,5/3/1996 12:00:00 AM,180,4,3,1,Premier League,75,https://ratings-images-prod.pulse.ea.com/FC25/full/player-portraits/p213655.png?padding=0.7,https://ratings-images-prod.pulse.ea.com/FC25/full/player-shields/en/213655.png?width=265,12,Right Midfielder,RM,trait1_128,Gamechanger,Fancy and Trivela shots are performed with improved accuracy.,https://drop-assets.ea.com/images/2v8I0GQrtREaEJzJcyStKe/e46d719e4e5ed88ac5a1f671c7448f4a/Gamechanger.png,playStyle,Play Style,trait1_256,Incisive Pass,"Accurate through passes, curvier swerve passes, faster precision passes",https://drop-assets.ea.com/images/2K5BYfVYRnrdjt8F3hwI04/62f147b6a436c107bfa3d042c1d5728d/Incisive_Pass.png,playStyle,Play Style,trait1_8192,Inventive,Fancy and Trivela passes are performed with improved accuracy.,https://drop-assets.ea.com/images/4fpo31RdL5T0vrzNqcSc4x/f82209bfd51270dcc447d4313b3e61f1/Inventive.png,playStyle,Play Style,trait1_1048576,Technical,"Faster Controlled Sprint, precise wide turns while dribbling",https://drop-assets.ea.com/images/5Esx7NK4YBU44O4bo07rvb/69ca9417da7fd07905f6c6956ad93f6d/Technical.png,playStyle,Play Style,0,Men's Football,133,Nigeria,https://drop-assets.ea.com/images/7pdYOUzcOpsSLsQJqx6jq9/ab9bec93f27d4c42a76f2617073a6cce/f_133.png,144,Fulham,https://drop-assets.ea.com/images/1YL8ULAZyOPtffpFGZcGe8/84ec5701079276f33aa349d253fa0321/l144.png,false,16,LM,Left Midfielder,midfielder,Midfielder,77,0,75,0,69,0,88,0,72,0,59,0,77,0,81,0,81,0,78,0,81,0,56,0,52,0,81,0,84,0,74,0,56,0,14,0,7,0,12,0,14,0,11,0,45,0,59,0,74,0,75,0,76,0,77,0,64,0,73,0,77,0,79,0,74,0,79,0,75,0,50,0,75,0,64,0,81,0,80,0,,27,Left Wing,LW,trait1_67108864,Relentless,"Increased half time fatigue recovery, longer teammate contain and press",https://drop-assets.ea.com/images/2vVuRxgvPNaAuFGqZZ9nDY/3e2505addd5a6b353becdeaf7173d187/Relentless.png,playStyle,Play Style,,,,,,,,,,,,,,,,
241508,642,80,Mikkel,Damsgaard,,7/3/2000 12:00:00 AM,180,4,3,1,Premier League,70,https://ratings-images-prod.pulse.ea.com/FC25/full/player-portraits/p241508.png?padding=0.7,https://ratings-images-prod.pulse.ea.com/FC25/full/player-shields/en/241508.png?width=265,14,Center Midfielder,CM,trait1_256,Incisive Pass,"Accurate through passes, curvier swerve passes, faster precision passes",https://drop-assets.ea.com/images/2K5BYfVYRnrdjt8F3hwI04/62f147b6a436c107bfa3d042c1d5728d/Incisive_Pass.png,playStyle,Play Style,trait1_512,Pinged Pass,Faster ground passes without affecting receiver's trapping,https://drop-assets.ea.com/images/1mXBWIBgJSpYoIa1C4r5FX/7220e78a4049530f4e9fa642b1656fa4/Pinged_Pass.png,playStyle,Play Style,trait1_4096,Whipped Pass,"Accurate, faster crosses with more curve",https://drop-assets.ea.com/images/FfTP29PWrRWZjEaiCCVoa/a1b345e4ae7023ed78b1efd68d28f392/Whipped_Pass.png,playStyle,Play Style,trait1_8192,Inventive,Fancy and Trivela passes are performed with improved accuracy.,https://drop-assets.ea.com/images/4fpo31RdL5T0vrzNqcSc4x/f82209bfd51270dcc447d4313b3e61f1/Inventive.png,playStyle,Play Style,0,Men's Football,13,Denmark,https://drop-assets.ea.com/images/6ueYG8kGNCY97fHWQ6LIZ7/9ad4b50beeb1d0d2a5d2bb5a8891336f/f_13.png,1925,Brentford,https://drop-assets.ea.com/images/3UCvZhjBB0odWNL0OPusuK/1de0f5b97a2e137201670df2cf09e1a5/l1925.png,false,18,CAM,Center Attacking Midfielder,midfielder,Midfielder,70,0,82,0,65,0,78,0,62,0,68,0,86,0,80,0,81,0,79,0,82,0,66,0,60,0,81,0,81,0,74,0,78,0,6,0,10,0,14,0,11,0,7,0,52,0,69,0,82,0,74,0,68,0,82,0,64,0,67,0,78,0,80,0,73,0,83,0,72,0,64,0,66,0,74,0,84,0,68,0,,,,,trait1_1048576,Technical,"Faster Controlled Sprint, precise wide turns while dribbling",https://drop-assets.ea.com/images/5Esx7NK4YBU44O4bo07rvb/69ca9417da7fd07905f6c6956ad93f6d/Technical.png,playStyle,Play Style,,,,,,,,,,,,,,,,
266127,644,80,Lewis,Hall,,9/8/2004 12:00:00 AM,179,2,3,2,Premier League,71,https://ratings-images-prod.pulse.ea.com/FC25/full/player-portraits/p266127.png?padding=0.7,https://ratings-images-prod.pulse.ea.com/FC25/full/player-shields/en/266127.png?width=265,,,,trait1_4096,Whipped Pass,"Accurate, faster crosses with more curve",https://drop-assets.ea.com/images/FfTP29PWrRWZjEaiCCVoa/a1b345e4ae7023ed78b1efd68d28f392/Whipped_Pass.png,playStyle,Play Style,trait1_32768,Block,Increased reach and success in blocking,https://drop-assets.ea.com/images/2Rlftzr8lqUdI29suCQVWe/43c6c36e8bd5fa26b88478d4354611a2/Block.png,playStyle,Play Style,trait1_16777216,Press Proven,"Close control at jog speed, shields ball more effectively",https://drop-assets.ea.com/images/5rUHwyLJRnvGV53Ba4Pj6M/9a3238695ae8103667ba02af391ac209/Press_Proven.png,playStyle,Play Style,,,,,,,0,Men's Football,14,England,https://drop-assets.ea.com/images/6ZM1OFXGUFeV0ZaYVKj2z/ae88ef17f8cb179fbc1c463f7e1e4bd8/f_14.png,13,Newcastle Utd,https://drop-assets.ea.com/images/69fXoaX4p9zFwKaZYoNtNX/14d86649a9b5a3f7e876cc3d46357b5d/l13.png,false,7,LB,Left Back,defense,Defense,78,0,80,0,71,0,80,0,56,0,60,0,85,0,79,0,75,0,83,0,81,0,77,0,77,0,79,0,79,0,60,0,70,0,14,0,8,0,9,0,8,0,14,0,64,0,77,0,76,0,62,0,77,0,78,0,55,0,64,0,68,0,79,0,62,0,78,0,65,0,80,0,76,0,79,0,77,0,62,0,,,,,,,,,,,,,,,,,,,,,,,,,,
201269,645,80,Frederik,Rønnow,,8/4/1992 12:00:00 AM,188,1,2,1,Bundesliga,81,https://ratings-images-prod.pulse.ea.com/FC25/full/player-portraits/p201269.png?padding=0.7,https://ratings-images-prod.pulse.ea.com/FC25/full/player-shields/en/201269.png?width=250,,,,trait2_4,Cross Claimer,"Unique punching animations, powerful punches, faster crosses coverage",https://drop-assets.ea.com/images/4Uvgm6UNiSz3say1zZqKDC/51837f53072d5e01063699f6d2b7401a/Cross_Claimer.png,playStyle,Play Style,,,,,,,,,,,,,,,,,,,0,Men's Football,13,Denmark,https://drop-assets.ea.com/images/6ueYG8kGNCY97fHWQ6LIZ7/9ad4b50beeb1d0d2a5d2bb5a8891336f/f_13.png,1831,Union Berlin,https://drop-assets.ea.com/images/32dPG6jDXuIAOhWKeTYmeG/8d2df657c666abfbf84baaa732140a2a/l1831.png,false,0,GK,Goalkeeper,defense,Defense,48,0,34,0,67,0,32,0,67,0,17,0,40,0,12,0,31,0,14,0,16,0,47,0,15,0,82,0,13,0,9,0,7,0,80,0,80,0,69,0,78,0,82,0,12,0,12,0,30,0,13,0,80,0,69,0,17,0,78,0,14,0,76,0,80,0,25,0,52,0,13,0,45,0,11,0,48,0,7,0,,,,,,,,,,,,,,,,,,,,,,,,,,
264697,646,80,Mohamed,Amoura,,5/9/2000 12:00:00 AM,170,4,3,1,Bundesliga,61,https://ratings-images-prod.pulse.ea.com/FC25/full/player-portraits/p264697.png?padding=0.7,https://ratings-images-prod.pulse.ea.com/FC25/full/player-shields/en/264697.png?width=265,27,Left Wing,LW,trait1_2,Chip Shot,"Faster, more accurate chip shots",https://drop-assets.ea.com/images/6Gl08kt7odn1fJNX74CS2P/984feac3cd8d99902f5cb5131d5fd26a/Chip_Shot.png,playStyle,Play Style,trait1_32,Acrobatic,"Perform volleys with increased accuracy, acrobatic volley animations",https://drop-assets.ea.com/images/2sRRBHcIe0zrDwYaRI2xG3/d02b8c8855de853470897009e030eb5d/Acrobatic.png,playStyle,Play Style,trait1_128,Gamechanger,Fancy and Trivela shots are performed with improved accuracy.,https://drop-assets.ea.com/images/2v8I0GQrtREaEJzJcyStKe/e46d719e4e5ed88ac5a1f671c7448f4a/Gamechanger.png,playStyle,Play Style,trait1_2097152,Rapid,"Higher sprint speed while dribbling, reduced error on knock-ons",https://drop-assets.ea.com/images/1aGsvwKyIFlRG1eoJSS0Ot/a4d3d661ff962795a632fe86439d2146/Rapid.png,playStyle,Play Style,0,Men's Football,97,Algeria,https://drop-assets.ea.com/images/7DBnvM9EEo73oK7xEvbWvJ/47a0a190f5a0092fef1bc40e7e74b8f9/f_97.png,175,VfL Wolfsburg,https://drop-assets.ea.com/images/4mw5u30yjPmzh9OVqKB0YV/ad59c24a84c9afb0a877046fadeb9c9e/l175.png,false,25,ST,Striker,attack,Attack,94,0,93,0,78,0,86,0,45,0,66,0,93,0,86,0,79,0,63,0,74,0,47,0,45,0,86,0,85,0,83,0,54,0,9,0,7,0,11,0,9,0,9,0,63,0,39,0,66,0,78,0,90,0,71,0,74,0,61,0,85,0,83,0,81,0,77,0,78,0,53,0,87,0,48,0,75,0,84,0,,16,Left Midfielder,LM,trait1_33554432,Quick Step,Faster acceleration during Explosive Sprint,https://drop-assets.ea.com/images/1xG25Zp3wvkLA5YewKiZah/f27f5fabd1e899fc0bbb817d2db233b1/Quick_Step.png,playStyle,Play Style,18,Center Attacking Midfielder,CAM,,,,,,,,,,,,,
73562,649,80,Bento Matheus,Krepski,Bento,6/10/1999 12:00:00 AM,190,1,2,1,ROSHN Saudi League,80,https://ratings-images-prod.pulse.ea.com/FC25/full/player-portraits/p73562.png?padding=0.7,https://ratings-images-prod.pulse.ea.com/FC25/full/player-shields/en/73562.png?width=250,,,,trait2_32,Deflector,"Unique deflection animations, powerful parries to safer areas",https://drop-assets.ea.com/images/6nb9RYWNVuvUaLZDskFao7/0ad930b0874e7c9454b31de942c0d3f1/Deflector.png,playStyle,Play Style,,,,,,,,,,,,,,,,,,,0,Men's Football,54,Brazil,https://drop-assets.ea.com/images/1zdNn1R9tRlfQ3lsbAOecD/a606f742789b6306363383a6e20dd003/f_54.png,112139,Al Nassr,https://drop-assets.ea.com/images/6oPkjdKPFc4aHfFp7UGXB7/262e529bd81a51c0b5f317e61b3f5985/l112139.png,false,0,GK,Goalkeeper,defense,Defense,39,0,34,0,61,0,19,0,58,0,22,0,34,0,16,0,30,0,11,0,14,0,39,0,5,0,83,0,9,0,5,0,13,0,79,0,76,0,77,0,81,0,83,0,13,0,9,0,23,0,9,0,79,0,77,0,15,0,81,0,6,0,77,0,76,0,17,0,58,0,10,0,40,0,13,0,69,0,9,0,,,,,,,,,,,,,,,,,,,,,,,,,,
220876,650,80,Franck,Honorat,,8/11/1996 12:00:00 AM,180,4,3,1,Bundesliga,70,https://ratings-images-prod.pulse.ea.com/FC25/full/player-portraits/p220876.png?padding=0.7,https://ratings-images-prod.pulse.ea.com/FC25/full/player-shields/en/220876.png?width=265,23,Right Wing,RW,trait1_4,Power Shot,Faster power shots with increased speed,https://drop-assets.ea.com/images/3ohVoKWSsvT44qgjabWqfV/e536ef26ad854c3c4cbf63ed7954b9cd/Power_Shot.png,playStyle,Play Style,trait1_4096,Whipped Pass,"Accurate, faster crosses with more curve",https://drop-assets.ea.com/images/FfTP29PWrRWZjEaiCCVoa/a1b345e4ae7023ed78b1efd68d28f392/Whipped_Pass.png,playStyle,Play Style,trait1_1048576,Technical,"Faster Controlled Sprint, precise wide turns while dribbling",https://drop-assets.ea.com/images/5Esx7NK4YBU44O4bo07rvb/69ca9417da7fd07905f6c6956ad93f6d/Technical.png,playStyle,Play Style,,,,,,,0,Men's Football,18,France,https://drop-assets.ea.com/images/3ECAQzhfgSLWRf9IIHB6G8/7e235a7b2f93c1f73db7f89dc03b3657/f_18.png,23,M'gladbach,https://drop-assets.ea.com/images/4eJmGBw11G3Rn334GUOKaV/7571515e89d9e3b02893855bbdb28dbb/l23.png,false,12,RM,Right Midfielder,midfielder,Midfielder,82,0,78,0,71,0,80,0,56,0,57,0,76,0,80,0,74,0,92,0,87,0,53,0,53,0,78,0,79,0,74,0,60,0,10,0,15,0,7,0,14,0,15,0,59,0,59,0,74,0,79,0,84,0,79,0,68,0,63,0,77,0,72,0,78,0,76,0,88,0,51,0,85,0,46,0,76,0,74,0,,3,Right Back,RB,,,,,,,,,,,,,,,,,,,,,,
234579,653,80,Julian,Quiñones,,3/24/1997 12:00:00 AM,180,4,3,1,ROSHN Saudi League,78,https://ratings-images-prod.pulse.ea.com/FC25/full/player-portraits/p234579.png?padding=0.7,https://ratings-images-prod.pulse.ea.com/FC25/full/player-shields/en/234579.png?width=265,27,Left Wing,LW,trait1_2,Chip Shot,"Faster, more accurate chip shots",https://drop-assets.ea.com/images/6Gl08kt7odn1fJNX74CS2P/984feac3cd8d99902f5cb5131d5fd26a/Chip_Shot.png,playStyle,Play Style,trait1_16,Precision Header,Performs headers with increased accuracy and power.,https://drop-assets.ea.com/images/3ync8fbblS4zLzF3p1VXmT/7752a5103c2ebd8be5cf1819379c66f4/Precision_Header.png,playStyle,Play Style,trait1_2097152,Rapid,"Higher sprint speed while dribbling, reduced error on knock-ons",https://drop-assets.ea.com/images/1aGsvwKyIFlRG1eoJSS0Ot/a4d3d661ff962795a632fe86439d2146/Rapid.png,playStyle,Play Style,,,,,,,0,Men's Football,83,Mexico,https://drop-assets.ea.com/images/3m4cwLXvHQdesnFwv0Glk6/4adea5e8e658a7ce798dd0ba1521cdda/f_83.png,112391,Al Qadsiah,https://drop-assets.ea.com/images/OQhve5ubflu5c5OXWRlUV/4874b82f2bab16f04e6702812ac521a6/l112391.png,false,25,ST,Striker,attack,Attack,89,0,82,0,95,0,87,0,89,0,60,0,68,0,78,0,67,0,58,0,53,0,36,0,25,0,79,0,82,0,83,0,66,0,8,0,12,0,11,0,8,0,12,0,78,0,21,0,69,0,71,0,88,0,70,0,78,0,83,0,79,0,72,0,79,0,74,0,80,0,28,0,88,0,46,0,81,0,71,0,,16,Left Midfielder,LM,,,,,,,,,,,,,,,,,,,,,,
190765,654,80,Pascal,Groß,,6/15/1991 12:00:00 AM,181,3,4,1,Bundesliga,78,https://ratings-images-prod.pulse.ea.com/FC25/full/player-portraits/p190765.png?padding=0.7,https://ratings-images-prod.pulse.ea.com/FC25/full/player-shields/en/190765.png?width=265,14,Center Midfielder,CM,trait1_8,Dead Ball,"Faster, accurate set pieces with longer trajectory preview",https://drop-assets.ea.com/images/1razu2wcM3XA82VvB7NyUm/eec6b07080e49d6bf2d7a7951a22375f/Dead_Ball.png,playStyle,Play Style,trait1_256,Incisive Pass,"Accurate through passes, curvier swerve passes, faster precision passes",https://drop-assets.ea.com/images/2K5BYfVYRnrdjt8F3hwI04/62f147b6a436c107bfa3d042c1d5728d/Incisive_Pass.png,playStyle,Play Style,trait1_1024,Long Ball Pass,"Accurate, faster Lob and Lofted Through Passes",https://drop-assets.ea.com/images/7jwRDD4zkOsqRpc821t73d/16d46d57a5dfc7dd5dd5f8de0fd26a99/Long_Ball_Pass.png,playStyle,Play Style,trait1_4096,Whipped Pass,"Accurate, faster crosses with more curve",https://drop-assets.ea.com/images/FfTP29PWrRWZjEaiCCVoa/a1b345e4ae7023ed78b1efd68d28f392/Whipped_Pass.png,playStyle,Play Style,0,Men's Football,21,Germany,https://drop-assets.ea.com/images/6IIMMGk0Uj1rcZ6DSHTpLL/93f95b602dc62594104f418c8f80ebb3/f_21.png,22,Borussia Dortmund,https://drop-assets.ea.com/images/TmqxUZk2FrbFXOK1kdE89/3dce225926ac7cfd9f283ecd731fa710/l22.png,false,10,CDM,Center Defensive Midfielder,midfielder,Midfielder,46,0,68,0,64,0,83,0,73,0,78,0,71,0,83,0,84,0,86,0,85,0,72,0,77,0,79,0,78,0,72,0,78,0,8,0,15,0,15,0,16,0,11,0,57,0,70,0,84,0,75,0,48,0,84,0,73,0,76,0,81,0,85,0,75,0,84,0,80,0,69,0,50,0,73,0,84,0,70,0,,,,,,,,,,,,,,,,,,,,,,,,,,
254796,655,80,Noni,Madueke,,3/10/2002 12:00:00 AM,182,4,3,2,Premier League,75,https://ratings-images-prod.pulse.ea.com/FC25/full/player-portraits/p254796.png?padding=0.7,https://ratings-images-prod.pulse.ea.com/FC25/full/player-shields/en/254796.png?width=265,12,Right Midfielder,RM,trait1_64,Low Driven Shot,"Enhances a player's ability to execute low driven shots with increased accuracy, faster ball travel, and quicker shot execution.",https://drop-assets.ea.com/images/1NfyWsEpQ7s9bhWWt92lbn/5b5dbeb0e55c2e9241cdc26c70ee2d2c/Low_Driven_Shot.png,playStyle,Play Style,trait1_1048576,Technical,"Faster Controlled Sprint, precise wide turns while dribbling",https://drop-assets.ea.com/images/5Esx7NK4YBU44O4bo07rvb/69ca9417da7fd07905f6c6956ad93f6d/Technical.png,playStyle,Play Style,trait1_33554432,Quick Step,Faster acceleration during Explosive Sprint,https://drop-assets.ea.com/images/1xG25Zp3wvkLA5YewKiZah/f27f5fabd1e899fc0bbb817d2db233b1/Quick_Step.png,playStyle,Play Style,,,,,,,0,Men's Football,14,England,https://drop-assets.ea.com/images/6ZM1OFXGUFeV0ZaYVKj2z/ae88ef17f8cb179fbc1c463f7e1e4bd8/f_14.png,1,Arsenal,https://drop-assets.ea.com/images/2ng99bvkwKaA228PJje39i/09d2df89a78377d3f8d3f78469cbadc9/l1.png,false,23,RW,Right Wing,attack,Attack,89,0,81,0,76,0,75,0,67,0,67,0,79,0,83,0,77,0,74,0,76,0,45,0,45,0,83,0,85,0,75,0,65,0,5,0,13,0,6,0,12,0,15,0,55,0,45,0,67,0,74,0,88,0,74,0,75,0,69,0,79,0,76,0,75,0,76,0,79,0,30,0,88,0,45,0,75,0,65,0,,,,,,,,,,,,,,,,,,,,,,,,,,
206517,657,80,Jack,Grealish,,9/10/1995 12:00:00 AM,180,4,3,1,Premier League,81,https://ratings-images-prod.pulse.ea.com/FC25/full/player-portraits/p206517.png?padding=0.7,https://ratings-images-prod.pulse.ea.com/FC25/full/player-shields/en/206517.png?width=265,16,Left Midfielder,LM,trait1_1,Finesse Shot,Faster finesse shots with more curve and accuracy,https://drop-assets.ea.com/images/468u1R1p2k1fA6WBHi0OEn/fb9d49ed2a8fb500cd5a184937b96b34/Finesse_Shot.png,playStyle,Play Style,trait1_8192,Inventive,Fancy and Trivela passes are performed with improved accuracy.,https://drop-assets.ea.com/images/4fpo31RdL5T0vrzNqcSc4x/f82209bfd51270dcc447d4313b3e61f1/Inventive.png,playStyle,Play Style,trait1_4194304,First Touch,"Reduced trapping error, faster dribbling transition",https://drop-assets.ea.com/images/3f727XsoDVLbT49oMk0HBu/2787568be8ccb2d5daa2d18fabacad97/First_Touch.png,playStyle,Play Style,icontrait1_16777216,Press Proven+,"Exceptional close control at jog speed, shields ball more effectively",https://drop-assets.ea.com/images/Z2otVfOlVmGuQSxqZYSjz/717d956dfebae4193e8d746e8f3d300a/Press_Proven_.png,playStylePlus,Play Style Plus,0,Men's Football,14,England,https://drop-assets.ea.com/images/6ZM1OFXGUFeV0ZaYVKj2z/ae88ef17f8cb179fbc1c463f7e1e4bd8/f_14.png,7,Everton,https://drop-assets.ea.com/images/6Cth6wtCt1i37ZjPMZKIm3/4c68def58bf71a34afa1870cad4d5cfe/l7.png,false,27,LW,Left Wing,attack,Attack,75,0,84,0,67,0,69,0,67,0,65,0,85,0,86,0,86,0,80,0,83,0,53,0,58,0,85,0,86,0,76,0,74,0,11,0,6,0,11,0,10,0,13,0,48,0,49,0,78,0,79,0,72,0,80,0,58,0,67,0,78,0,79,0,76,0,81,0,76,0,48,0,70,0,54,0,80,0,72,0,,,,,,,,,,,,,,,,,,,,,,,,,,
228579,658,80,Benjamin,Henrichs,,2/23/1997 12:00:00 AM,185,3,4,1,Bundesliga,84,https://ratings-images-prod.pulse.ea.com/FC25/full/player-portraits/p228579.png?padding=0.7,https://ratings-images-prod.pulse.ea.com/FC25/full/player-shields/en/228579.png?width=265,12,Right Midfielder,RM,trait1_256,Incisive Pass,"Accurate through passes, curvier swerve passes, faster precision passes",https://drop-assets.ea.com/images/2K5BYfVYRnrdjt8F3hwI04/62f147b6a436c107bfa3d042c1d5728d/Incisive_Pass.png,playStyle,Play Style,trait1_16384,Jockey,"Faster Sprint Jockey, better transition speed",https://drop-assets.ea.com/images/7lHjpOBSghE6Ywt1jgVv1C/21f9914d00f073d79d4b46cac71b9087/Jockey.png,playStyle,Play Style,trait1_32768,Block,Increased reach and success in blocking,https://drop-assets.ea.com/images/2Rlftzr8lqUdI29suCQVWe/43c6c36e8bd5fa26b88478d4354611a2/Block.png,playStyle,Play Style,trait1_262144,Slide Tackle,Stops ball at feet during slide tackles,https://drop-assets.ea.com/images/7mI1lrxE0pv9iJfQFki9OA/8c1ecac325f923e049be72231c8c968a/Slide_Tackle.png,playStyle,Play Style,0,Men's Football,21,Germany,https://drop-assets.ea.com/images/6IIMMGk0Uj1rcZ6DSHTpLL/93f95b602dc62594104f418c8f80ebb3/f_21.png,112172,RB Leipzig,https://drop-assets.ea.com/images/1EoW6b2VkhiP3S0vqikd9s/f181f899a2037360f70a9a8aba18af30/l112172.png,false,3,RB,Right Back,defense,Defense,74,0,75,0,77,0,73,0,74,0,72,0,69,0,78,0,78,0,79,0,74,0,78,0,78,0,78,0,79,0,50,0,60,0,8,0,9,0,13,0,12,0,14,0,66,0,77,0,72,0,51,0,73,0,76,0,59,0,74,0,70,0,79,0,54,0,80,0,62,0,84,0,73,0,81,0,74,0,53,0,,7,Left Back,LB,trait1_268435456,Bruiser,Stronger physical tackles,https://drop-assets.ea.com/images/7euMJ2jVypFrFPQesWuGGm/14019168b12faac1584a2920d5c2d5d9/Bruiser.png,playStyle,Play Style,,,,,,,,,,,,,,,,
262118,659,80,Tino,Livramento,,11/12/2002 12:00:00 AM,181,3,4,1,Premier League,71,https://ratings-images-prod.pulse.ea.com/FC25/full/player-portraits/p262118.png?padding=0.7,https://ratings-images-prod.pulse.ea.com/FC25/full/player-shields/en/262118.png?width=265,7,Left Back,LB,trait1_16384,Jockey,"Faster Sprint Jockey, better transition speed",https://drop-assets.ea.com/images/7lHjpOBSghE6Ywt1jgVv1C/21f9914d00f073d79d4b46cac71b9087/Jockey.png,playStyle,Play Style,,,,,,,,,,,,,,,,,,,0,Men's Football,14,England,https://drop-assets.ea.com/images/6ZM1OFXGUFeV0ZaYVKj2z/ae88ef17f8cb179fbc1c463f7e1e4bd8/f_14.png,13,Newcastle Utd,https://drop-assets.ea.com/images/69fXoaX4p9zFwKaZYoNtNX/14d86649a9b5a3f7e876cc3d46357b5d/l13.png,false,3,RB,Right Back,defense,Defense,80,0,76,0,75,0,80,0,71,0,74,0,79,0,78,0,79,0,79,0,80,0,76,0,77,0,78,0,79,0,49,0,51,0,10,0,12,0,8,0,13,0,13,0,56,0,78,0,62,0,46,0,82,0,72,0,41,0,74,0,71,0,78,0,51,0,77,0,61,0,78,0,84,0,80,0,68,0,41,0,,12,Right Midfielder,RM,,,,,,,,,,,,,,,,,,,,,,
239380,660,80,Noa,Lang,,6/17/1999 12:00:00 AM,179,5,3,1,Serie A Enilive,69,https://ratings-images-prod.pulse.ea.com/FC25/full/player-portraits/p239380.png?padding=0.7,https://ratings-images-prod.pulse.ea.com/FC25/full/player-shields/en/239380.png?width=265,16,Left Midfielder,LM,trait1_128,Gamechanger,Fancy and Trivela shots are performed with improved accuracy.,https://drop-assets.ea.com/images/2v8I0GQrtREaEJzJcyStKe/e46d719e4e5ed88ac5a1f671c7448f4a/Gamechanger.png,playStyle,Play Style,trait1_256,Incisive Pass,"Accurate through passes, curvier swerve passes, faster precision passes",https://drop-assets.ea.com/images/2K5BYfVYRnrdjt8F3hwI04/62f147b6a436c107bfa3d042c1d5728d/Incisive_Pass.png,playStyle,Play Style,trait1_1048576,Technical,"Faster Controlled Sprint, precise wide turns while dribbling",https://drop-assets.ea.com/images/5Esx7NK4YBU44O4bo07rvb/69ca9417da7fd07905f6c6956ad93f6d/Technical.png,playStyle,Play Style,trait1_4194304,First Touch,"Reduced trapping error, faster dribbling transition",https://drop-assets.ea.com/images/3f727XsoDVLbT49oMk0HBu/2787568be8ccb2d5daa2d18fabacad97/First_Touch.png,playStyle,Play Style,0,Men's Football,34,Holland,https://drop-assets.ea.com/images/7LmdSUm2Ge4fzqcz0NElvq/d272142c80713dcf0e5ec0a47232aeee/f_34.png,48,SSC Napoli,https://drop-assets.ea.com/images/2FIV26KpnSXl3Nv8Ar6jk3/d8461aa150da3d433fccc34bc80c978f/l48.png,false,27,LW,Left Wing,attack,Attack,84,0,87,0,68,0,78,0,60,0,74,0,83,0,84,0,83,0,69,0,75,0,50,0,47,0,84,0,84,0,80,0,57,0,13,0,7,0,13,0,12,0,12,0,49,0,57,0,68,0,76,0,80,0,73,0,73,0,68,0,75,0,82,0,77,0,77,0,74,0,43,0,76,0,51,0,77,0,80,0,,,,,trait1_33554432,Quick Step,Faster acceleration during Explosive Sprint,https://drop-assets.ea.com/images/1xG25Zp3wvkLA5YewKiZah/f27f5fabd1e899fc0bbb817d2db233b1/Quick_Step.png,playStyle,Play Style,,,,,,,,,,,,,,,,
260592,661,80,Benjamin,Šeško,,5/31/2003 12:00:00 AM,195,4,4,1,Premier League,86,https://ratings-images-prod.pulse.ea.com/FC25/full/player-portraits/p260592.png?padding=0.7,https://ratings-images-prod.pulse.ea.com/FC25/full/player-shields/en/260592.png?width=265,,,,trait1_4,Power Shot,Faster power shots with increased speed,https://drop-assets.ea.com/images/3ohVoKWSsvT44qgjabWqfV/e536ef26ad854c3c4cbf63ed7954b9cd/Power_Shot.png,playStyle,Play Style,trait1_16,Precision Header,Performs headers with increased accuracy and power.,https://drop-assets.ea.com/images/3ync8fbblS4zLzF3p1VXmT/7752a5103c2ebd8be5cf1819379c66f4/Precision_Header.png,playStyle,Play Style,trait1_32,Acrobatic,"Perform volleys with increased accuracy, acrobatic volley animations",https://drop-assets.ea.com/images/2sRRBHcIe0zrDwYaRI2xG3/d02b8c8855de853470897009e030eb5d/Acrobatic.png,playStyle,Play Style,trait1_128,Gamechanger,Fancy and Trivela shots are performed with improved accuracy.,https://drop-assets.ea.com/images/2v8I0GQrtREaEJzJcyStKe/e46d719e4e5ed88ac5a1f671c7448f4a/Gamechanger.png,playStyle,Play Style,0,Men's Football,44,Slovenia,https://drop-assets.ea.com/images/7g3QsAB4Ce0F2e92zozHCn/f34a8e91070d8151b1ce1330ca59b062/f_44.png,11,Man Utd,https://drop-assets.ea.com/images/5xxJeUfFY6FEQZEJyJK35/990979becf88b88ecb6461dc441c2ebf/l11.png,false,25,ST,Striker,attack,Attack,79,0,75,0,93,0,84,0,83,0,62,0,69,0,81,0,77,0,56,0,63,0,46,0,45,0,78,0,79,0,81,0,56,0,10,0,8,0,5,0,14,0,6,0,82,0,39,0,59,0,75,0,83,0,65,0,70,0,80,0,81,0,73,0,80,0,74,0,85,0,35,0,87,0,42,0,63,0,75,0,,,,,trait1_524288,Aerial Fortress,Performs higher jumps and has physical defensive presence before and during aerial duels,https://drop-assets.ea.com/images/3rsDbUXd3MZX39YTsk6lKe/404db89f2237eeb7466668a730c52a4b/Aerial_Fortress.png,playStyle,Play Style,,,,trait1_1048576,Technical,"Faster Controlled Sprint, precise wide turns while dribbling",https://drop-assets.ea.com/images/5Esx7NK4YBU44O4bo07rvb/69ca9417da7fd07905f6c6956ad93f6d/Technical.png,playStyle,Play Style,,,,,,,
269626,663,80,Đorđe,Petrović,,10/8/1999 12:00:00 AM,194,1,2,1,Premier League,89,https://ratings-images-prod.pulse.ea.com/FC25/full/player-portraits/p269626.png?padding=0.7,https://ratings-images-prod.pulse.ea.com/FC25/full/player-shields/en/269626.png?width=250,,,,trait2_2,Footwork,"Exclusive foot saves, better performance on low shots",https://drop-assets.ea.com/images/1s2muXoHUmP1T0vGYKXSl1/6d265b13804069371f16a58788703a33/Footwork.png,playStyle,Play Style,,,,,,,,,,,,,,,,,,,0,Men's Football,51,Serbia,https://drop-assets.ea.com/images/2GKu0zRZkrHdnQe5yZ5cSP/3ef9ea7c2fdd64aba769e1308bf133f0/f_51.png,1943,AFC Bournemouth,https://drop-assets.ea.com/images/5Z6J6MhqjuJVwE7SVnfr5E/6075ff3239d67bdf8258a067ed93ccdb/l1943.png,false,0,GK,Goalkeeper,defense,Defense,40,0,45,0,67,0,37,0,73,0,27,0,34,0,45,0,62,0,11,0,12,0,41,0,20,0,82,0,20,0,11,0,12,0,80,0,78,0,73,0,78,0,82,0,13,0,15,0,50,0,11,0,80,0,73,0,13,0,78,0,11,0,79,0,78,0,47,0,55,0,17,0,43,0,15,0,50,0,11,0,,,,,,,,,,,,,,,,,,,,,,,,,,
238616,666,80,Pedro,Lomba Neto,Pedro Neto,3/9/2000 12:00:00 AM,174,4,4,2,Premier League,62,https://ratings-images-prod.pulse.ea.com/FC25/full/player-portraits/p238616.png?padding=0.7,https://ratings-images-prod.pulse.ea.com/FC25/full/player-shields/en/238616.png?width=265,16,Left Midfielder,LM,trait1_2097152,Rapid,"Higher sprint speed while dribbling, reduced error on knock-ons",https://drop-assets.ea.com/images/1aGsvwKyIFlRG1eoJSS0Ot/a4d3d661ff962795a632fe86439d2146/Rapid.png,playStyle,Play Style,trait1_33554432,Quick Step,Faster acceleration during Explosive Sprint,https://drop-assets.ea.com/images/1xG25Zp3wvkLA5YewKiZah/f27f5fabd1e899fc0bbb817d2db233b1/Quick_Step.png,playStyle,Play Style,,,,,,,,,,,,,0,Men's Football,38,Portugal,https://drop-assets.ea.com/images/3CxRD7XqY2NSlZ3628fY4S/abf38470644ee334e6a425b9272f7767/f_38.png,5,Chelsea,https://drop-assets.ea.com/images/6T0vfhzb3y9R6YVtmVwYcD/b99723a87536e30979c7cbdb8bba9310/l5.png,false,12,RM,Right Midfielder,midfielder,Midfielder,92,0,88,0,74,0,73,0,65,0,68,0,88,0,81,0,76,0,78,0,77,0,40,0,40,0,82,0,82,0,75,0,72,0,6,0,13,0,7,0,12,0,6,0,50,0,40,0,63,0,75,0,91,0,74,0,65,0,68,0,77,0,75,0,76,0,76,0,80,0,25,0,90,0,40,0,76,0,73,0,,25,Striker,ST,,,,,,,23,Right Wing,RW,,,,,,,,,,,,,
241236,667,80,Antoine,Semenyo,,1/7/2000 12:00:00 AM,185,3,5,1,Premier League,79,https://ratings-images-prod.pulse.ea.com/FC25/full/player-portraits/p241236.png?padding=0.7,https://ratings-images-prod.pulse.ea.com/FC25/full/player-shields/en/241236.png?width=265,16,Left Midfielder,LM,trait1_64,Low Driven Shot,"Enhances a player's ability to execute low driven shots with increased accuracy, faster ball travel, and quicker shot execution.",https://drop-assets.ea.com/images/1NfyWsEpQ7s9bhWWt92lbn/5b5dbeb0e55c2e9241cdc26c70ee2d2c/Low_Driven_Shot.png,playStyle,Play Style,trait1_524288,Aerial Fortress,Performs higher jumps and has physical defensive presence before and during aerial duels,https://drop-assets.ea.com/images/3rsDbUXd3MZX39YTsk6lKe/404db89f2237eeb7466668a730c52a4b/Aerial_Fortress.png,playStyle,Play Style,trait1_134217728,Long Throw,Powerful throw-ins for greater distance,https://drop-assets.ea.com/images/51OlohNQvoEwW0aLhknAHh/58fa7d903d10f6d8cfa2622f62ba6b6f/Long_Throw.png,playStyle,Play Style,trait1_536870912,Enforcer,Performs dribble Shoulder Challenges and Shielding with increased effectiveness.,https://drop-assets.ea.com/images/2sNQz8b9dgV0hW8vl7oOvV/d7a503dbd4c73b232055b3ca06aa88eb/Enforcer.png,playStyle,Play Style,0,Men's Football,117,Ghana,https://drop-assets.ea.com/images/64fYElRtof03DcI6oxno1D/1a2b0686d9693e59b832c3d06a737109/f_117.png,1943,AFC Bournemouth,https://drop-assets.ea.com/images/5Z6J6MhqjuJVwE7SVnfr5E/6075ff3239d67bdf8258a067ed93ccdb/l1943.png,false,12,RM,Right Midfielder,midfielder,Midfielder,78,0,79,0,81,0,84,0,79,0,71,0,74,0,81,0,79,0,74,0,74,0,40,0,34,0,81,0,82,0,83,0,61,0,10,0,11,0,14,0,15,0,7,0,64,0,34,0,69,0,69,0,80,0,73,0,69,0,79,0,81,0,79,0,78,0,74,0,81,0,31,0,82,0,44,0,76,0,69,0,,23,Right Wing,RW,,,,,,,,,,,,,,,,,,,,,,
190674,670,80,Benjamin,André,,8/3/1990 12:00:00 AM,180,3,3,1,Ligue 1 McDonald's,76,https://ratings-images-prod.pulse.ea.com/FC25/full/player-portraits/p190674.png?padding=0.7,https://ratings-images-prod.pulse.ea.com/FC25/full/player-shields/en/190674.png?width=265,14,Center Midfielder,CM,trait1_16,Precision Header,Performs headers with increased accuracy and power.,https://drop-assets.ea.com/images/3ync8fbblS4zLzF3p1VXmT/7752a5103c2ebd8be5cf1819379c66f4/Precision_Header.png,playStyle,Play Style,trait1_1024,Long Ball Pass,"Accurate, faster Lob and Lofted Through Passes",https://drop-assets.ea.com/images/7jwRDD4zkOsqRpc821t73d/16d46d57a5dfc7dd5dd5f8de0fd26a99/Long_Ball_Pass.png,playStyle,Play Style,trait1_65536,Intercept,Increased reach and possession retention in interceptions,https://drop-assets.ea.com/images/5ysv7Iw8jDHl7sp1JXqIa7/d34004fed8c95bde083dcf8257391a70/Intercept.png,playStyle,Play Style,trait1_524288,Aerial Fortress,Performs higher jumps and has physical defensive presence before and during aerial duels,https://drop-assets.ea.com/images/3rsDbUXd3MZX39YTsk6lKe/404db89f2237eeb7466668a730c52a4b/Aerial_Fortress.png,playStyle,Play Style,0,Men's Football,18,France,https://drop-assets.ea.com/images/3ECAQzhfgSLWRf9IIHB6G8/7e235a7b2f93c1f73db7f89dc03b3657/f_18.png,65,LOSC Lille,https://drop-assets.ea.com/images/tfbRaZiFuJ9jTer1qcf0Z/95171efd06d2494735c0e8a7c5aa9df2/l65.png,false,10,CDM,Center Defensive Midfielder,midfielder,Midfielder,54,0,68,0,80,0,90,0,79,0,85,0,72,0,79,0,79,0,70,0,68,0,79,0,78,0,76,0,75,0,61,0,53,0,8,0,14,0,15,0,7,0,10,0,80,0,80,0,77,0,65,0,55,0,73,0,66,0,83,0,70,0,79,0,64,0,78,0,69,0,76,0,55,0,81,0,72,0,56,0,,,,,,,,,,,,,,,,,,,,,,,,,,
225953,671,80,Steven,Bergwijn,,10/8/1997 12:00:00 AM,171,4,1,1,ROSHN Saudi League,78,https://ratings-images-prod.pulse.ea.com/FC25/full/player-portraits/p225953.png?padding=0.7,https://ratings-images-prod.pulse.ea.com/FC25/full/player-shields/en/225953.png?width=265,27,Left Wing,LW,trait1_4,Power Shot,Faster power shots with increased speed,https://drop-assets.ea.com/images/3ohVoKWSsvT44qgjabWqfV/e536ef26ad854c3c4cbf63ed7954b9cd/Power_Shot.png,playStyle,Play Style,trait1_128,Gamechanger,Fancy and Trivela shots are performed with improved accuracy.,https://drop-assets.ea.com/images/2v8I0GQrtREaEJzJcyStKe/e46d719e4e5ed88ac5a1f671c7448f4a/Gamechanger.png,playStyle,Play Style,trait1_1048576,Technical,"Faster Controlled Sprint, precise wide turns while dribbling",https://drop-assets.ea.com/images/5Esx7NK4YBU44O4bo07rvb/69ca9417da7fd07905f6c6956ad93f6d/Technical.png,playStyle,Play Style,,,,,,,0,Men's Football,34,Holland,https://drop-assets.ea.com/images/7LmdSUm2Ge4fzqcz0NElvq/d272142c80713dcf0e5ec0a47232aeee/f_34.png,607,Al Ittihad,https://drop-assets.ea.com/images/21L35ZnVrrvEeFouMeqs8Q/b631b443b4d37e1712ed79f2487d850c/l607.png,false,16,LM,Left Midfielder,midfielder,Midfielder,82,0,76,0,74,0,65,0,79,0,57,0,90,0,83,0,77,0,76,0,81,0,41,0,47,0,84,0,86,0,76,0,65,0,11,0,14,0,12,0,14,0,13,0,60,0,33,0,66,0,77,0,80,0,76,0,74,0,71,0,79,0,82,0,78,0,81,0,83,0,32,0,79,0,36,0,78,0,75,0,,,,,,,,,,,,,,,,,,,,,,,,,,
230666,672,80,Gabriel,Fernando de Jesus,Gabriel Jesus,4/3/1997 12:00:00 AM,175,4,3,1,Premier League,73,https://ratings-images-prod.pulse.ea.com/FC25/full/player-portraits/p230666.png?padding=0.7,https://ratings-images-prod.pulse.ea.com/FC25/full/player-shields/en/230666.png?width=265,18,Center Attacking Midfielder,CAM,trait1_1048576,Technical,"Faster Controlled Sprint, precise wide turns while dribbling",https://drop-assets.ea.com/images/5Esx7NK4YBU44O4bo07rvb/69ca9417da7fd07905f6c6956ad93f6d/Technical.png,playStyle,Play Style,trait1_4194304,First Touch,"Reduced trapping error, faster dribbling transition",https://drop-assets.ea.com/images/3f727XsoDVLbT49oMk0HBu/2787568be8ccb2d5daa2d18fabacad97/First_Touch.png,playStyle,Play Style,trait1_67108864,Relentless,"Increased half time fatigue recovery, longer teammate contain and press",https://drop-assets.ea.com/images/2vVuRxgvPNaAuFGqZZ9nDY/3e2505addd5a6b353becdeaf7173d187/Relentless.png,playStyle,Play Style,,,,,,,0,Men's Football,54,Brazil,https://drop-assets.ea.com/images/1zdNn1R9tRlfQ3lsbAOecD/a606f742789b6306363383a6e20dd003/f_54.png,1,Arsenal,https://drop-assets.ea.com/images/2ng99bvkwKaA228PJje39i/09d2df89a78377d3f8d3f78469cbadc9/l1.png,false,25,ST,Striker,attack,Attack,85,0,88,0,85,0,66,0,67,0,82,0,89,0,84,0,78,0,73,0,75,0,39,0,45,0,86,0,87,0,79,0,54,0,13,0,8,0,6,0,6,0,15,0,76,0,32,0,66,0,75,0,81,0,74,0,75,0,71,0,81,0,80,0,79,0,79,0,82,0,28,0,78,0,30,0,78,0,77,0,,,,,,,,,,,,,,,,,,,,,,,,,,
234742,673,80,Harvey,Barnes,,12/9/1997 12:00:00 AM,185,3,4,1,Premier League,72,https://ratings-images-prod.pulse.ea.com/FC25/full/player-portraits/p234742.png?padding=0.7,https://ratings-images-prod.pulse.ea.com/FC25/full/player-shields/en/234742.png?width=265,16,Left Midfielder,LM,trait1_1,Finesse Shot,Faster finesse shots with more curve and accuracy,https://drop-assets.ea.com/images/468u1R1p2k1fA6WBHi0OEn/fb9d49ed2a8fb500cd5a184937b96b34/Finesse_Shot.png,playStyle,Play Style,,,,,,,,,,,,,,,,,,,0,Men's Football,14,England,https://drop-assets.ea.com/images/6ZM1OFXGUFeV0ZaYVKj2z/ae88ef17f8cb179fbc1c463f7e1e4bd8/f_14.png,13,Newcastle Utd,https://drop-assets.ea.com/images/69fXoaX4p9zFwKaZYoNtNX/14d86649a9b5a3f7e876cc3d46357b5d/l13.png,false,27,LW,Left Wing,attack,Attack,80,0,78,0,70,0,74,0,71,0,53,0,77,0,82,0,77,0,75,0,79,0,43,0,44,0,81,0,82,0,80,0,69,0,6,0,5,0,11,0,8,0,10,0,46,0,43,0,68,0,83,0,83,0,75,0,65,0,68,0,81,0,79,0,80,0,76,0,82,0,40,0,85,0,43,0,80,0,68,0,,,,,,,,,,,,,,,,,,,,,,,,,,
229880,677,80,Aaron,Wan-Bissaka,,11/26/1997 12:00:00 AM,183,3,2,1,Premier League,72,https://ratings-images-prod.pulse.ea.com/FC25/full/player-portraits/p229880.png?padding=0.7,https://ratings-images-prod.pulse.ea.com/FC25/full/player-shields/en/229880.png?width=265,12,Right Midfielder,RM,trait1_32768,Block,Increased reach and success in blocking,https://drop-assets.ea.com/images/2Rlftzr8lqUdI29suCQVWe/43c6c36e8bd5fa26b88478d4354611a2/Block.png,playStyle,Play Style,trait1_65536,Intercept,Increased reach and possession retention in interceptions,https://drop-assets.ea.com/images/5ysv7Iw8jDHl7sp1JXqIa7/d34004fed8c95bde083dcf8257391a70/Intercept.png,playStyle,Play Style,trait1_131072,Anticipate,"Improved standing tackle success, possibility of stopping ball at feet",https://drop-assets.ea.com/images/4xPnUcL7thizFB7qmhlwUR/1ade7a0f77d5e875c2db869964540a35/Anticipate.png,playStyle,Play Style,trait1_2097152,Rapid,"Higher sprint speed while dribbling, reduced error on knock-ons",https://drop-assets.ea.com/images/1aGsvwKyIFlRG1eoJSS0Ot/a4d3d661ff962795a632fe86439d2146/Rapid.png,playStyle,Play Style,0,Men's Football,110,Congo DR,https://drop-assets.ea.com/images/3lHYj8vXmZJ1fiQcwOOP10/805d2b639e27aac47f556048edbc2048/f_110.png,19,West Ham,https://drop-assets.ea.com/images/60X4vXPDgGISHaqyOdUGkg/c7def9840658d49d646e4895e9e04e94/l19.png,false,3,RB,Right Back,defense,Defense,79,0,77,0,75,0,75,0,71,0,73,0,70,0,74,0,78,0,72,0,74,0,78,0,78,0,77,0,79,0,46,0,45,0,9,0,8,0,6,0,8,0,8,0,57,0,81,0,58,0,44,0,80,0,69,0,44,0,73,0,72,0,79,0,51,0,75,0,70,0,89,0,80,0,80,0,68,0,43,0,,,,,icontrait1_262144,Slide Tackle+,"Greatly improved slide tackle coverage, stops ball at feet",https://drop-assets.ea.com/images/oMoLHfawtU6s08cupTpup/4c19ef50d267273c4495deb32a06c9eb/Slide_Tackle_.png,playStylePlus,Play Style Plus,,,,,,,,,,,,,,,,
255654,678,80,Pierre,Kalulu,,6/5/2000 12:00:00 AM,182,2,3,1,Serie A Enilive,80,https://ratings-images-prod.pulse.ea.com/FC25/full/player-portraits/p255654.png?padding=0.7,https://ratings-images-prod.pulse.ea.com/FC25/full/player-shields/en/255654.png?width=265,,,,trait1_32768,Block,Increased reach and success in blocking,https://drop-assets.ea.com/images/2Rlftzr8lqUdI29suCQVWe/43c6c36e8bd5fa26b88478d4354611a2/Block.png,playStyle,Play Style,,,,,,,,,,,,,,,,,,,0,Men's Football,18,France,https://drop-assets.ea.com/images/3ECAQzhfgSLWRf9IIHB6G8/7e235a7b2f93c1f73db7f89dc03b3657/f_18.png,45,Juventus,https://drop-assets.ea.com/images/6zWQmPATtK8lpsiXbKb3mY/6b2d1dab08ef14f63271a5cd70a0db0d/l45.png,true,5,CB,Center Back,defense,Defense,76,0,73,0,83,0,76,0,73,0,80,0,69,0,74,0,80,0,70,0,65,0,81,0,82,0,70,0,64,0,43,0,44,0,12,0,5,0,13,0,9,0,11,0,75,0,82,0,65,0,59,0,80,0,68,0,49,0,76,0,60,0,80,0,53,0,77,0,66,0,79,0,83,0,83,0,59,0,54,0,,,,,,,,,,,,,,,,,,,,,,,,,,
237712,679,80,Valentin,Castellanos,,10/3/1998 12:00:00 AM,178,3,3,1,Serie A Enilive,70,https://ratings-images-prod.pulse.ea.com/FC25/full/player-portraits/p237712.png?padding=0.7,https://ratings-images-prod.pulse.ea.com/FC25/full/player-shields/en/237712.png?width=265,,,,trait1_1,Finesse Shot,Faster finesse shots with more curve and accuracy,https://drop-assets.ea.com/images/468u1R1p2k1fA6WBHi0OEn/fb9d49ed2a8fb500cd5a184937b96b34/Finesse_Shot.png,playStyle,Play Style,trait1_256,Incisive Pass,"Accurate through passes, curvier swerve passes, faster precision passes",https://drop-assets.ea.com/images/2K5BYfVYRnrdjt8F3hwI04/62f147b6a436c107bfa3d042c1d5728d/Incisive_Pass.png,playStyle,Play Style,trait1_1048576,Technical,"Faster Controlled Sprint, precise wide turns while dribbling",https://drop-assets.ea.com/images/5Esx7NK4YBU44O4bo07rvb/69ca9417da7fd07905f6c6956ad93f6d/Technical.png,playStyle,Play Style,,,,,,,0,Men's Football,52,Argentina,https://drop-assets.ea.com/images/4xMXjEt7CFJ6JENYeG45Sk/836d733dc1642c5e4ab3338d91481436/f_52.png,115841,Latium,https://drop-assets.ea.com/images/APtVhL3q3cFDG9pkum0Q4/cbfe542e327cc69c0890b8b5a189fad7/l115841.png,false,25,ST,Striker,attack,Attack,78,0,77,0,85,0,85,0,65,0,84,0,74,0,83,0,81,0,58,0,65,0,45,0,43,0,81,0,82,0,84,0,65,0,15,0,6,0,10,0,12,0,8,0,83,0,39,0,66,0,74,0,75,0,71,0,73,0,75,0,83,0,79,0,80,0,79,0,79,0,39,0,73,0,40,0,79,0,76,0,,,,,,,,,,,,,,,,,,,,,,,,,,
226110,682,80,Nicolas,Pépé,,5/29/1995 12:00:00 AM,183,4,2,2,LALIGA EA SPORTS,73,https://ratings-images-prod.pulse.ea.com/FC25/full/player-portraits/p226110.png?padding=0.7,https://ratings-images-prod.pulse.ea.com/FC25/full/player-shields/en/226110.png?width=265,25,Striker,ST,trait1_1,Finesse Shot,Faster finesse shots with more curve and accuracy,https://drop-assets.ea.com/images/468u1R1p2k1fA6WBHi0OEn/fb9d49ed2a8fb500cd5a184937b96b34/Finesse_Shot.png,playStyle,Play Style,trait1_8192,Inventive,Fancy and Trivela passes are performed with improved accuracy.,https://drop-assets.ea.com/images/4fpo31RdL5T0vrzNqcSc4x/f82209bfd51270dcc447d4313b3e61f1/Inventive.png,playStyle,Play Style,trait1_1048576,Technical,"Faster Controlled Sprint, precise wide turns while dribbling",https://drop-assets.ea.com/images/5Esx7NK4YBU44O4bo07rvb/69ca9417da7fd07905f6c6956ad93f6d/Technical.png,playStyle,Play Style,,,,,,,0,Men's Football,108,Côte d'Ivoire,https://drop-assets.ea.com/images/6WOgIUFG0fMJWcKjih5i3K/8d09758d91059b879a2e5521f8d7e616/f_108.png,483,Villarreal CF,https://drop-assets.ea.com/images/xvk9pCQTX74mWG8EjcgYU/f631ffd2c7ac06bd43f2547fc44463c4/l483.png,false,12,RM,Right Midfielder,midfielder,Midfielder,87,0,91,0,79,0,69,0,74,0,43,0,75,0,82,0,75,0,75,0,81,0,36,0,36,0,82,0,83,0,76,0,79,0,11,0,14,0,11,0,6,0,8,0,57,0,33,0,69,0,74,0,88,0,76,0,85,0,67,0,76,0,78,0,77,0,79,0,82,0,30,0,88,0,34,0,74,0,70,0,,23,Right Wing,RW,,,,,,,,,,,,,,,,,,,,,,
246242,683,80,Boulaye,Dia,,11/16/1996 12:00:00 AM,180,3,4,1,Serie A Enilive,75,https://ratings-images-prod.pulse.ea.com/FC25/full/player-portraits/p246242.png?padding=0.7,https://ratings-images-prod.pulse.ea.com/FC25/full/player-shields/en/246242.png?width=265,18,Center Attacking Midfielder,CAM,trait1_64,Low Driven Shot,"Enhances a player's ability to execute low driven shots with increased accuracy, faster ball travel, and quicker shot execution.",https://drop-assets.ea.com/images/1NfyWsEpQ7s9bhWWt92lbn/5b5dbeb0e55c2e9241cdc26c70ee2d2c/Low_Driven_Shot.png,playStyle,Play Style,,,,,,,,,,,,,,,,,,,0,Men's Football,136,Senegal,https://drop-assets.ea.com/images/5YFW1KnsSwDBZwtoXH9mTj/690bf685246b53efaf24d6f2de696eb3/f_136.png,115841,Latium,https://drop-assets.ea.com/images/APtVhL3q3cFDG9pkum0Q4/cbfe542e327cc69c0890b8b5a189fad7/l115841.png,false,25,ST,Striker,attack,Attack,81,0,76,0,87,0,74,0,74,0,65,0,70,0,79,0,78,0,55,0,56,0,43,0,39,0,78,0,79,0,83,0,49,0,11,0,10,0,15,0,14,0,10,0,76,0,38,0,64,0,74,0,84,0,67,0,81,0,73,0,81,0,78,0,81,0,75,0,84,0,36,0,87,0,42,0,72,0,75,0,,,,,,,,,,,,,,,,,,,,,,,,,,
229668,684,80,Mario,Hermoso Canseco,Mario Hermoso,6/18/1995 12:00:00 AM,184,2,3,2,Serie A Enilive,76,https://ratings-images-prod.pulse.ea.com/FC25/full/player-portraits/p229668.png?padding=0.7,https://ratings-images-prod.pulse.ea.com/FC25/full/player-shields/en/229668.png?width=265,,,,trait1_1024,Long Ball Pass,"Accurate, faster Lob and Lofted Through Passes",https://drop-assets.ea.com/images/7jwRDD4zkOsqRpc821t73d/16d46d57a5dfc7dd5dd5f8de0fd26a99/Long_Ball_Pass.png,playStyle,Play Style,trait1_32768,Block,Increased reach and success in blocking,https://drop-assets.ea.com/images/2Rlftzr8lqUdI29suCQVWe/43c6c36e8bd5fa26b88478d4354611a2/Block.png,playStyle,Play Style,trait1_262144,Slide Tackle,Stops ball at feet during slide tackles,https://drop-assets.ea.com/images/7mI1lrxE0pv9iJfQFki9OA/8c1ecac325f923e049be72231c8c968a/Slide_Tackle.png,playStyle,Play Style,trait1_524288,Aerial Fortress,Performs higher jumps and has physical defensive presence before and during aerial duels,https://drop-assets.ea.com/images/3rsDbUXd3MZX39YTsk6lKe/404db89f2237eeb7466668a730c52a4b/Aerial_Fortress.png,playStyle,Play Style,0,Men's Football,45,Spain,https://drop-assets.ea.com/images/Kv8okAYMsDbB3ZKbxrAXw/9d30c88d16a4c85002f35c6af412c6f7/f_45.png,52,AS Roma,https://drop-assets.ea.com/images/2ruQP0TDYcCmtVFKr9qMBI/5f53795056598b1faac31300900b8671/l52.png,false,5,CB,Center Back,defense,Defense,71,0,70,0,88,0,72,0,80,0,83,0,61,0,76,0,77,0,71,0,68,0,80,0,78,0,71,0,67,0,42,0,55,0,13,0,8,0,10,0,5,0,8,0,83,0,79,0,76,0,47,0,72,0,73,0,45,0,79,0,63,0,77,0,49,0,79,0,66,0,80,0,73,0,81,0,66,0,41,0,,,,,,,,,,,,,,,,,,,,,,,,,,
234642,685,80,Édouard,Mendy,,3/1/1992 12:00:00 AM,197,1,2,1,ROSHN Saudi League,86,https://ratings-images-prod.pulse.ea.com/FC25/full/player-portraits/p234642.png?padding=0.7,https://ratings-images-prod.pulse.ea.com/FC25/full/player-shields/en/234642.png?width=250,,,,trait2_2,Footwork,"Exclusive foot saves, better performance on low shots",https://drop-assets.ea.com/images/1s2muXoHUmP1T0vGYKXSl1/6d265b13804069371f16a58788703a33/Footwork.png,playStyle,Play Style,trait2_4,Cross Claimer,"Unique punching animations, powerful punches, faster crosses coverage",https://drop-assets.ea.com/images/4Uvgm6UNiSz3say1zZqKDC/51837f53072d5e01063699f6d2b7401a/Cross_Claimer.png,playStyle,Play Style,,,,,,,,,,,,,0,Men's Football,136,Senegal,https://drop-assets.ea.com/images/5YFW1KnsSwDBZwtoXH9mTj/690bf685246b53efaf24d6f2de696eb3/f_136.png,112387,Al Ahli,https://drop-assets.ea.com/images/3lVk0osL7o6YMhHuK4YYD6/5e106847b59ce2a4f0bfb55988d812c3/l112387.png,false,0,GK,Goalkeeper,defense,Defense,33,0,50,0,64,0,36,0,72,0,22,0,33,0,31,0,57,0,10,0,13,0,34,0,10,0,81,0,18,0,5,0,14,0,78,0,77,0,75,0,79,0,81,0,10,0,13,0,54,0,9,0,78,0,75,0,13,0,79,0,6,0,80,0,77,0,54,0,56,0,13,0,36,0,11,0,50,0,9,0,,,,,,,,,,,,,,,,,,,,,,,,,,
238900,686,80,Ermedin,Demirović,,3/25/1998 12:00:00 AM,185,3,3,1,Bundesliga,84,https://ratings-images-prod.pulse.ea.com/FC25/full/player-portraits/p238900.png?padding=0.7,https://ratings-images-prod.pulse.ea.com/FC25/full/player-shields/en/238900.png?width=265,,,,trait1_1,Finesse Shot,Faster finesse shots with more curve and accuracy,https://drop-assets.ea.com/images/468u1R1p2k1fA6WBHi0OEn/fb9d49ed2a8fb500cd5a184937b96b34/Finesse_Shot.png,playStyle,Play Style,trait1_67108864,Relentless,"Increased half time fatigue recovery, longer teammate contain and press",https://drop-assets.ea.com/images/2vVuRxgvPNaAuFGqZZ9nDY/3e2505addd5a6b353becdeaf7173d187/Relentless.png,playStyle,Play Style,,,,,,,,,,,,,0,Men's Football,8,Bosnia and Herzegovina,https://drop-assets.ea.com/images/6bC2UfQHtDke2yP2reXu2h/80f6d623b8d0eb5519db30ae10f1c071/f_8.png,36,VfB Stuttgart,https://drop-assets.ea.com/images/5kfh9LrPvDQKbQNF6k7CSF/9a70e7082aaba3b46ea8bd1e699f62de/l36.png,false,25,ST,Striker,attack,Attack,68,0,70,0,80,0,80,0,77,0,77,0,71,0,81,0,73,0,69,0,73,0,42,0,38,0,78,0,78,0,84,0,53,0,9,0,8,0,9,0,7,0,6,0,71,0,36,0,66,0,78,0,72,0,73,0,62,0,78,0,83,0,82,0,81,0,79,0,85,0,42,0,75,0,39,0,78,0,76,0,,,,,,,,,,,,,,,,,,,,,,,,,,
241727,687,80,Predrag,Rajković,,10/31/1995 12:00:00 AM,191,1,2,1,ROSHN Saudi League,85,https://ratings-images-prod.pulse.ea.com/FC25/full/player-portraits/p241727.png?padding=0.7,https://ratings-images-prod.pulse.ea.com/FC25/full/player-shields/en/241727.png?width=250,,,,trait2_1,Far Throw,Unique goalkeeper throw animations with longer throw distance,https://drop-assets.ea.com/images/3CjCz29sjIt1xMZTRDi4vQ/8ecb201b0ae7d6d536d03c847a768ffa/Far_Throw.png,playStyle,Play Style,trait2_2,Footwork,"Exclusive foot saves, better performance on low shots",https://drop-assets.ea.com/images/1s2muXoHUmP1T0vGYKXSl1/6d265b13804069371f16a58788703a33/Footwork.png,playStyle,Play Style,,,,,,,,,,,,,0,Men's Football,51,Serbia,https://drop-assets.ea.com/images/2GKu0zRZkrHdnQe5yZ5cSP/3ef9ea7c2fdd64aba769e1308bf133f0/f_51.png,607,Al Ittihad,https://drop-assets.ea.com/images/21L35ZnVrrvEeFouMeqs8Q/b631b443b4d37e1712ed79f2487d850c/l607.png,false,0,GK,Goalkeeper,defense,Defense,33,0,32,0,62,0,26,0,66,0,25,0,29,0,18,0,32,0,13,0,14,0,29,0,11,0,84,0,8,0,9,0,10,0,78,0,78,0,76,0,79,0,84,0,13,0,10,0,42,0,10,0,78,0,76,0,20,0,79,0,4,0,73,0,78,0,31,0,57,0,10,0,22,0,10,0,43,0,8,0,,,,,,,,,,,,,,,,,,,,,,,,,,
243586,688,80,Ayoub,El Kaabi,,6/25/1993 12:00:00 AM,182,3,2,2,Hellas Liga,76,https://ratings-images-prod.pulse.ea.com/FC25/full/player-portraits/p243586.png?padding=0.7,https://ratings-images-prod.pulse.ea.com/FC25/full/player-shields/en/243586.png?width=265,,,,trait1_1,Finesse Shot,Faster finesse shots with more curve and accuracy,https://drop-assets.ea.com/images/468u1R1p2k1fA6WBHi0OEn/fb9d49ed2a8fb500cd5a184937b96b34/Finesse_Shot.png,playStyle,Play Style,trait1_2,Chip Shot,"Faster, more accurate chip shots",https://drop-assets.ea.com/images/6Gl08kt7odn1fJNX74CS2P/984feac3cd8d99902f5cb5131d5fd26a/Chip_Shot.png,playStyle,Play Style,,,,,,,,,,,,,0,Men's Football,129,Morocco,https://drop-assets.ea.com/images/47SGeQ7STCrJZQSKOVJaHA/1aa24a57a60f85051e34a5ad8205771d/f_129.png,280,Olympiacos FC,https://drop-assets.ea.com/images/2hyiQlv23Ipa7IOEtN7qAv/39a4514bd5a02d0d6db09d8eb2564c8f/l280.png,false,25,ST,Striker,attack,Attack,80,0,75,0,89,0,78,0,77,0,71,0,76,0,79,0,72,0,60,0,68,0,46,0,40,0,75,0,72,0,84,0,55,0,15,0,10,0,13,0,13,0,7,0,80,0,41,0,45,0,74,0,82,0,62,0,84,0,77,0,82,0,80,0,82,0,68,0,83,0,42,0,83,0,44,0,66,0,82,0,,,,,,,,,,,,,,,,,,,,,,,,,,
259197,689,80,Nicolas,Jackson,,6/20/2001 12:00:00 AM,187,3,3,1,Bundesliga,78,https://ratings-images-prod.pulse.ea.com/FC25/full/player-portraits/p259197.png?padding=0.7,https://ratings-images-prod.pulse.ea.com/FC25/full/player-shields/en/259197.png?width=265,,,,trait1_64,Low Driven Shot,"Enhances a player's ability to execute low driven shots with increased accuracy, faster ball travel, and quicker shot execution.",https://drop-assets.ea.com/images/1NfyWsEpQ7s9bhWWt92lbn/5b5dbeb0e55c2e9241cdc26c70ee2d2c/Low_Driven_Shot.png,playStyle,Play Style,trait1_128,Gamechanger,Fancy and Trivela shots are performed with improved accuracy.,https://drop-assets.ea.com/images/2v8I0GQrtREaEJzJcyStKe/e46d719e4e5ed88ac5a1f671c7448f4a/Gamechanger.png,playStyle,Play Style,trait1_1048576,Technical,"Faster Controlled Sprint, precise wide turns while dribbling",https://drop-assets.ea.com/images/5Esx7NK4YBU44O4bo07rvb/69ca9417da7fd07905f6c6956ad93f6d/Technical.png,playStyle,Play Style,,,,,,,0,Men's Football,136,Senegal,https://drop-assets.ea.com/images/5YFW1KnsSwDBZwtoXH9mTj/690bf685246b53efaf24d6f2de696eb3/f_136.png,21,FC Bayern München,https://drop-assets.ea.com/images/3p0dv1pGWIH6lGAKZssZKH/4f70d2c5a3c147f3e006c863e85e4993/l21.png,false,25,ST,Striker,attack,Attack,81,0,72,0,89,0,81,0,77,0,70,0,71,0,79,0,77,0,62,0,72,0,40,0,30,0,79,0,81,0,81,0,50,0,12,0,7,0,12,0,7,0,7,0,76,0,40,0,62,0,70,0,82,0,69,0,60,0,77,0,83,0,80,0,77,0,77,0,79,0,30,0,83,0,40,0,73,0,76,0,,,,,,,,,,,,,,,,,,,,,,,,,,
200155,691,80,Hans,Vanaken,,8/24/1992 12:00:00 AM,195,4,4,1,1A Pro League,77,https://ratings-images-prod.pulse.ea.com/FC25/full/player-portraits/p200155.png?padding=0.7,https://ratings-images-prod.pulse.ea.com/FC25/full/player-shields/en/200155.png?width=265,14,Center Midfielder,CM,trait1_16,Precision Header,Performs headers with increased accuracy and power.,https://drop-assets.ea.com/images/3ync8fbblS4zLzF3p1VXmT/7752a5103c2ebd8be5cf1819379c66f4/Precision_Header.png,playStyle,Play Style,trait1_256,Incisive Pass,"Accurate through passes, curvier swerve passes, faster precision passes",https://drop-assets.ea.com/images/2K5BYfVYRnrdjt8F3hwI04/62f147b6a436c107bfa3d042c1d5728d/Incisive_Pass.png,playStyle,Play Style,trait1_1024,Long Ball Pass,"Accurate, faster Lob and Lofted Through Passes",https://drop-assets.ea.com/images/7jwRDD4zkOsqRpc821t73d/16d46d57a5dfc7dd5dd5f8de0fd26a99/Long_Ball_Pass.png,playStyle,Play Style,trait1_8192,Inventive,Fancy and Trivela passes are performed with improved accuracy.,https://drop-assets.ea.com/images/4fpo31RdL5T0vrzNqcSc4x/f82209bfd51270dcc447d4313b3e61f1/Inventive.png,playStyle,Play Style,0,Men's Football,7,Belgium,https://drop-assets.ea.com/images/7eZLPoDDyxSlQoqcS4NVA2/6fc085dc7e85ccd7519be7ff2df875ee/f_7.png,231,Club Brugge,https://drop-assets.ea.com/images/7nHwlhyC2uPcLbb3LoBS82/08409177bc75126cfd7a9005fe3faa00/l231.png,false,18,CAM,Center Attacking Midfielder,midfielder,Midfielder,39,0,62,0,77,0,91,0,79,0,57,0,42,0,83,0,91,0,77,0,78,0,60,0,58,0,77,0,79,0,81,0,75,0,13,0,6,0,9,0,15,0,11,0,84,0,61,0,86,0,75,0,45,0,84,0,79,0,78,0,82,0,82,0,79,0,88,0,76,0,50,0,50,0,55,0,88,0,79,0,,,,,trait1_524288,Aerial Fortress,Performs higher jumps and has physical defensive presence before and during aerial duels,https://drop-assets.ea.com/images/3rsDbUXd3MZX39YTsk6lKe/404db89f2237eeb7466668a730c52a4b/Aerial_Fortress.png,playStyle,Play Style,,,,trait1_16777216,Press Proven,"Close control at jog speed, shields ball more effectively",https://drop-assets.ea.com/images/5rUHwyLJRnvGV53Ba4Pj6M/9a3238695ae8103667ba02af391ac209/Press_Proven.png,playStyle,Play Style,,,,,,,
277179,692,80,Fermín,López Marín,Fermín,5/11/2003 12:00:00 AM,174,3,4,1,LALIGA EA SPORTS,64,https://ratings-images-prod.pulse.ea.com/FC25/full/player-portraits/p277179.png?padding=0.7,https://ratings-images-prod.pulse.ea.com/FC25/full/player-shields/en/277179.png?width=265,14,Center Midfielder,CM,trait1_16,Precision Header,Performs headers with increased accuracy and power.,https://drop-assets.ea.com/images/3ync8fbblS4zLzF3p1VXmT/7752a5103c2ebd8be5cf1819379c66f4/Precision_Header.png,playStyle,Play Style,,,,,,,,,,,,,,,,,,,0,Men's Football,45,Spain,https://drop-assets.ea.com/images/Kv8okAYMsDbB3ZKbxrAXw/9d30c88d16a4c85002f35c6af412c6f7/f_45.png,241,FC Barcelona,https://drop-assets.ea.com/images/5VXhqALaBzgvb2YG8iJxlq/990024f3e3ecc9e6c37eae41ebef86bd/l241.png,true,18,CAM,Center Attacking Midfielder,midfielder,Midfielder,76,0,83,0,70,0,71,0,44,0,58,0,81,0,82,0,78,0,64,0,69,0,62,0,43,0,82,0,82,0,79,0,55,0,8,0,14,0,8,0,7,0,7,0,76,0,68,0,78,0,77,0,74,0,75,0,63,0,55,0,82,0,76,0,75,0,81,0,70,0,60,0,73,0,74,0,81,0,57,0,,27,Left Wing,LW,,,,,,,25,Striker,ST,,,,,,,,,,,,,
231677,693,80,Marcus,Rashford,,10/31/1997 12:00:00 AM,186,5,3,1,LALIGA EA SPORTS,70,https://ratings-images-prod.pulse.ea.com/FC25/full/player-portraits/p231677.png?padding=0.7,https://ratings-images-prod.pulse.ea.com/FC25/full/player-shields/en/231677.png?width=265,27,Left Wing,LW,trait1_4,Power Shot,Faster power shots with increased speed,https://drop-assets.ea.com/images/3ohVoKWSsvT44qgjabWqfV/e536ef26ad854c3c4cbf63ed7954b9cd/Power_Shot.png,playStyle,Play Style,trait1_2097152,Rapid,"Higher sprint speed while dribbling, reduced error on knock-ons",https://drop-assets.ea.com/images/1aGsvwKyIFlRG1eoJSS0Ot/a4d3d661ff962795a632fe86439d2146/Rapid.png,playStyle,Play Style,trait1_33554432,Quick Step,Faster acceleration during Explosive Sprint,https://drop-assets.ea.com/images/1xG25Zp3wvkLA5YewKiZah/f27f5fabd1e899fc0bbb817d2db233b1/Quick_Step.png,playStyle,Play Style,,,,,,,0,Men's Football,14,England,https://drop-assets.ea.com/images/6ZM1OFXGUFeV0ZaYVKj2z/ae88ef17f8cb179fbc1c463f7e1e4bd8/f_14.png,241,FC Barcelona,https://drop-assets.ea.com/images/5VXhqALaBzgvb2YG8iJxlq/990024f3e3ecc9e6c37eae41ebef86bd/l241.png,true,16,LM,Left Midfielder,midfielder,Midfielder,87,0,77,0,82,0,64,0,65,0,52,0,69,0,80,0,76,0,78,0,80,0,33,0,30,0,80,0,83,0,79,0,75,0,11,0,6,0,15,0,7,0,14,0,71,0,27,0,72,0,80,0,87,0,77,0,85,0,63,0,80,0,77,0,82,0,78,0,93,0,24,0,87,0,29,0,80,0,73,0,,25,Striker,ST,,,,,,,,,,,,,,,,,,,,,,
256948,694,80,Christos,Tzolis,,1/30/2002 12:00:00 AM,179,4,4,1,1A Pro League,73,https://ratings-images-prod.pulse.ea.com/FC25/full/player-portraits/p256948.png?padding=0.7,https://ratings-images-prod.pulse.ea.com/FC25/full/player-shields/en/256948.png?width=265,27,Left Wing,LW,trait1_1,Finesse Shot,Faster finesse shots with more curve and accuracy,https://drop-assets.ea.com/images/468u1R1p2k1fA6WBHi0OEn/fb9d49ed2a8fb500cd5a184937b96b34/Finesse_Shot.png,playStyle,Play Style,trait1_64,Low Driven Shot,"Enhances a player's ability to execute low driven shots with increased accuracy, faster ball travel, and quicker shot execution.",https://drop-assets.ea.com/images/1NfyWsEpQ7s9bhWWt92lbn/5b5dbeb0e55c2e9241cdc26c70ee2d2c/Low_Driven_Shot.png,playStyle,Play Style,trait1_256,Incisive Pass,"Accurate through passes, curvier swerve passes, faster precision passes",https://drop-assets.ea.com/images/2K5BYfVYRnrdjt8F3hwI04/62f147b6a436c107bfa3d042c1d5728d/Incisive_Pass.png,playStyle,Play Style,trait1_2097152,Rapid,"Higher sprint speed while dribbling, reduced error on knock-ons",https://drop-assets.ea.com/images/1aGsvwKyIFlRG1eoJSS0Ot/a4d3d661ff962795a632fe86439d2146/Rapid.png,playStyle,Play Style,0,Men's Football,22,Greece,https://drop-assets.ea.com/images/6zI3f01SVKRJFIel1ad4BC/f85935df3b415f4a3f7320e8f78e398f/f_22.png,231,Club Brugge,https://drop-assets.ea.com/images/7nHwlhyC2uPcLbb3LoBS82/08409177bc75126cfd7a9005fe3faa00/l231.png,false,16,LM,Left Midfielder,midfielder,Midfielder,85,0,84,0,78,0,85,0,63,0,70,0,85,0,81,0,78,0,72,0,75,0,38,0,33,0,83,0,84,0,78,0,66,0,15,0,10,0,12,0,6,0,10,0,68,0,29,0,74,0,77,0,78,0,75,0,68,0,71,0,79,0,77,0,77,0,78,0,78,0,38,0,72,0,39,0,78,0,76,0,,,,,trait1_33554432,Quick Step,Faster acceleration during Explosive Sprint,https://drop-assets.ea.com/images/1xG25Zp3wvkLA5YewKiZah/f27f5fabd1e899fc0bbb817d2db233b1/Quick_Step.png,playStyle,Play Style,,,,,,,,,,,,,,,,
203980,696,80,Konstantinos,Fortounis,,10/16/1992 12:00:00 AM,183,3,5,1,ROSHN Saudi League,70,https://ratings-images-prod.pulse.ea.com/FC25/full/player-portraits/p203980.png?padding=0.7,https://ratings-images-prod.pulse.ea.com/FC25/full/player-shields/en/203980.png?width=265,27,Left Wing,LW,trait1_256,Incisive Pass,"Accurate through passes, curvier swerve passes, faster precision passes",https://drop-assets.ea.com/images/2K5BYfVYRnrdjt8F3hwI04/62f147b6a436c107bfa3d042c1d5728d/Incisive_Pass.png,playStyle,Play Style,trait1_8192,Inventive,Fancy and Trivela passes are performed with improved accuracy.,https://drop-assets.ea.com/images/4fpo31RdL5T0vrzNqcSc4x/f82209bfd51270dcc447d4313b3e61f1/Inventive.png,playStyle,Play Style,trait1_1048576,Technical,"Faster Controlled Sprint, precise wide turns while dribbling",https://drop-assets.ea.com/images/5Esx7NK4YBU44O4bo07rvb/69ca9417da7fd07905f6c6956ad93f6d/Technical.png,playStyle,Play Style,trait1_4194304,First Touch,"Reduced trapping error, faster dribbling transition",https://drop-assets.ea.com/images/3f727XsoDVLbT49oMk0HBu/2787568be8ccb2d5daa2d18fabacad97/First_Touch.png,playStyle,Play Style,0,Men's Football,22,Greece,https://drop-assets.ea.com/images/6zI3f01SVKRJFIel1ad4BC/f85935df3b415f4a3f7320e8f78e398f/f_22.png,112883,Al Khaleej,https://drop-assets.ea.com/images/1RyALtBA51dh9V9jhV3XbV/a288ba6d75056f219d2b64d45b5054a7/l112883.png,false,18,CAM,Center Attacking Midfielder,midfielder,Midfielder,71,0,76,0,72,0,67,0,66,0,65,0,70,0,82,0,81,0,77,0,85,0,43,0,47,0,80,0,80,0,79,0,80,0,16,0,15,0,16,0,13,0,11,0,62,0,37,0,82,0,77,0,73,0,82,0,76,0,66,0,77,0,78,0,77,0,83,0,76,0,38,0,74,0,38,0,84,0,72,0,,23,Right Wing,RW,,,,,,,14,Center Midfielder,CM,,,,,,,,,,,,,
246420,697,80,Jérémy,Doku,,5/27/2002 12:00:00 AM,173,4,3,1,Premier League,66,https://ratings-images-prod.pulse.ea.com/FC25/full/player-portraits/p246420.png?padding=0.7,https://ratings-images-prod.pulse.ea.com/FC25/full/player-shields/en/246420.png?width=265,23,Right Wing,RW,trait1_8192,Inventive,Fancy and Trivela passes are performed with improved accuracy.,https://drop-assets.ea.com/images/4fpo31RdL5T0vrzNqcSc4x/f82209bfd51270dcc447d4313b3e61f1/Inventive.png,playStyle,Play Style,trait1_8388608,Trickster,Performs unique flick Skill Moves,https://drop-assets.ea.com/images/47Ygd5ri33RgjIYGiTAJpj/f0723e6f2f89a98fb6e8200c3659c6a9/Trickster.png,playStyle,Play Style,trait1_33554432,Quick Step,Faster acceleration during Explosive Sprint,https://drop-assets.ea.com/images/1xG25Zp3wvkLA5YewKiZah/f27f5fabd1e899fc0bbb817d2db233b1/Quick_Step.png,playStyle,Play Style,trait1_536870912,Enforcer,Performs dribble Shoulder Challenges and Shielding with increased effectiveness.,https://drop-assets.ea.com/images/2sNQz8b9dgV0hW8vl7oOvV/d7a503dbd4c73b232055b3ca06aa88eb/Enforcer.png,playStyle,Play Style,0,Men's Football,7,Belgium,https://drop-assets.ea.com/images/7eZLPoDDyxSlQoqcS4NVA2/6fc085dc7e85ccd7519be7ff2df875ee/f_7.png,10,Manchester City,https://drop-assets.ea.com/images/4asmNLic4aQn6cjlEg1t5u/88bea3ddd6c1f620bbf813041f248685/l10.png,false,27,LW,Left Wing,attack,Attack,95,0,93,0,73,0,63,0,73,0,62,0,92,0,81,0,75,0,70,0,72,0,32,0,40,0,87,0,91,0,72,0,55,0,11,0,10,0,8,0,9,0,12,0,40,0,20,0,69,0,70,0,91,0,72,0,55,0,68,0,76,0,75,0,71,0,76,0,77,0,25,0,88,0,30,0,74,0,60,0,,16,Left Midfielder,LM,icontrait1_2097152,Rapid+,"Even higher sprint speed while dribbling, reduced error on knock-ons",https://drop-assets.ea.com/images/3bouBLJaUvpDtluboKK8gC/6fc716d67e1a7e9da59e2a2022018c11/Rapid_.png,playStylePlus,Play Style Plus,,,,,,,,,,,,,,,,
271400,698,80,Igor Guilherme,Barbosa da Paixão,Igor Paixão,6/28/2000 12:00:00 AM,168,4,2,1,Ligue 1 McDonald's,63,https://ratings-images-prod.pulse.ea.com/FC25/full/player-portraits/p271400.png?padding=0.7,https://ratings-images-prod.pulse.ea.com/FC25/full/player-shields/en/271400.png?width=265,27,Left Wing,LW,trait1_128,Gamechanger,Fancy and Trivela shots are performed with improved accuracy.,https://drop-assets.ea.com/images/2v8I0GQrtREaEJzJcyStKe/e46d719e4e5ed88ac5a1f671c7448f4a/Gamechanger.png,playStyle,Play Style,trait1_4096,Whipped Pass,"Accurate, faster crosses with more curve",https://drop-assets.ea.com/images/FfTP29PWrRWZjEaiCCVoa/a1b345e4ae7023ed78b1efd68d28f392/Whipped_Pass.png,playStyle,Play Style,trait1_1048576,Technical,"Faster Controlled Sprint, precise wide turns while dribbling",https://drop-assets.ea.com/images/5Esx7NK4YBU44O4bo07rvb/69ca9417da7fd07905f6c6956ad93f6d/Technical.png,playStyle,Play Style,,,,,,,0,Men's Football,54,Brazil,https://drop-assets.ea.com/images/1zdNn1R9tRlfQ3lsbAOecD/a606f742789b6306363383a6e20dd003/f_54.png,219,OM,https://drop-assets.ea.com/images/3t06Qm41tT2gB8NqJYXdue/928373951a71a9a8565497e6481925d1/l219.png,false,16,LM,Left Midfielder,midfielder,Midfielder,83,0,81,0,90,0,76,0,68,0,62,0,89,0,80,0,74,0,75,0,79,0,32,0,21,0,81,0,82,0,80,0,67,0,8,0,13,0,11,0,12,0,9,0,75,0,22,0,72,0,82,0,83,0,75,0,64,0,70,0,79,0,79,0,80,0,76,0,82,0,29,0,83,0,37,0,75,0,72,0,,,,,,,,,,,,,,,,,,,,,,,,,,
235149,699,80,Jerdy,Schouten,,1/12/1997 12:00:00 AM,185,4,3,1,Eredivisie,74,https://ratings-images-prod.pulse.ea.com/FC25/full/player-portraits/p235149.png?padding=0.7,https://ratings-images-prod.pulse.ea.com/FC25/full/player-shields/en/235149.png?width=265,14,Center Midfielder,CM,trait1_512,Pinged Pass,Faster ground passes without affecting receiver's trapping,https://drop-assets.ea.com/images/1mXBWIBgJSpYoIa1C4r5FX/7220e78a4049530f4e9fa642b1656fa4/Pinged_Pass.png,playStyle,Play Style,trait1_8192,Inventive,Fancy and Trivela passes are performed with improved accuracy.,https://drop-assets.ea.com/images/4fpo31RdL5T0vrzNqcSc4x/f82209bfd51270dcc447d4313b3e61f1/Inventive.png,playStyle,Play Style,trait1_65536,Intercept,Increased reach and possession retention in interceptions,https://drop-assets.ea.com/images/5ysv7Iw8jDHl7sp1JXqIa7/d34004fed8c95bde083dcf8257391a70/Intercept.png,playStyle,Play Style,trait1_131072,Anticipate,"Improved standing tackle success, possibility of stopping ball at feet",https://drop-assets.ea.com/images/4xPnUcL7thizFB7qmhlwUR/1ade7a0f77d5e875c2db869964540a35/Anticipate.png,playStyle,Play Style,0,Men's Football,34,Holland,https://drop-assets.ea.com/images/7LmdSUm2Ge4fzqcz0NElvq/d272142c80713dcf0e5ec0a47232aeee/f_34.png,,,,,10,CDM,Center Defensive Midfielder,midfielder,Midfielder,60,0,66,0,73,0,71,0,75,0,70,0,77,0,79,0,83,0,59,0,56,0,80,0,82,0,76,0,75,0,58,0,36,0,11,0,7,0,6,0,5,0,14,0,66,0,83,0,79,0,58,0,60,0,72,0,58,0,73,0,62,0,78,0,59,0,81,0,65,0,79,0,60,0,80,0,78,0,52,0,,5,Center Back,CB,trait1_16777216,Press Proven,"Close control at jog speed, shields ball more effectively",https://drop-assets.ea.com/images/5rUHwyLJRnvGV53Ba4Pj6M/9a3238695ae8103667ba02af391ac209/Press_Proven.png,playStyle,Play Style,,,,,,,,,,,,,,,,
256903,700,80,Gonçalo Matias,Ramos,Gonçalo Ramos,6/20/2001 12:00:00 AM,185,2,4,1,Ligue 1 McDonald's,82,https://ratings-images-prod.pulse.ea.com/FC25/full/player-portraits/p256903.png?padding=0.7,https://ratings-images-prod.pulse.ea.com/FC25/full/player-shields/en/256903.png?width=265,,,,trait1_1,Finesse Shot,Faster finesse shots with more curve and accuracy,https://drop-assets.ea.com/images/468u1R1p2k1fA6WBHi0OEn/fb9d49ed2a8fb500cd5a184937b96b34/Finesse_Shot.png,playStyle,Play Style,trait1_16,Precision Header,Performs headers with increased accuracy and power.,https://drop-assets.ea.com/images/3ync8fbblS4zLzF3p1VXmT/7752a5103c2ebd8be5cf1819379c66f4/Precision_Header.png,playStyle,Play Style,trait1_64,Low Driven Shot,"Enhances a player's ability to execute low driven shots with increased accuracy, faster ball travel, and quicker shot execution.",https://drop-assets.ea.com/images/1NfyWsEpQ7s9bhWWt92lbn/5b5dbeb0e55c2e9241cdc26c70ee2d2c/Low_Driven_Shot.png,playStyle,Play Style,trait1_524288,Aerial Fortress,Performs higher jumps and has physical defensive presence before and during aerial duels,https://drop-assets.ea.com/images/3rsDbUXd3MZX39YTsk6lKe/404db89f2237eeb7466668a730c52a4b/Aerial_Fortress.png,playStyle,Play Style,0,Men's Football,38,Portugal,https://drop-assets.ea.com/images/3CxRD7XqY2NSlZ3628fY4S/abf38470644ee334e6a425b9272f7767/f_38.png,73,Paris SG,https://drop-assets.ea.com/images/2QwnhmHh5K7bjkfZAF7ZCi/7c53874542fb5c606ff810a4b1f6b88b/l73.png,true,25,ST,Striker,attack,Attack,73,0,77,0,89,0,79,0,79,0,78,0,71,0,78,0,75,0,58,0,64,0,48,0,43,0,77,0,76,0,82,0,48,0,15,0,9,0,7,0,7,0,15,0,83,0,44,0,63,0,68,0,73,0,64,0,75,0,79,0,85,0,81,0,79,0,72,0,82,0,34,0,73,0,47,0,63,0,75,0,,,,,trait1_16777216,Press Proven,"Close control at jog speed, shields ball more effectively",https://drop-assets.ea.com/images/5rUHwyLJRnvGV53Ba4Pj6M/9a3238695ae8103667ba02af391ac209/Press_Proven.png,playStyle,Play Style,,,,,,,,,,,,,,,,
225539,703,80,Dominic,Solanke,,9/14/1997 12:00:00 AM,187,3,2,1,Premier League,80,https://ratings-images-prod.pulse.ea.com/FC25/full/player-portraits/p225539.png?padding=0.7,https://ratings-images-prod.pulse.ea.com/FC25/full/player-shields/en/225539.png?width=265,,,,trait1_16,Precision Header,Performs headers with increased accuracy and power.,https://drop-assets.ea.com/images/3ync8fbblS4zLzF3p1VXmT/7752a5103c2ebd8be5cf1819379c66f4/Precision_Header.png,playStyle,Play Style,trait1_32,Acrobatic,"Perform volleys with increased accuracy, acrobatic volley animations",https://drop-assets.ea.com/images/2sRRBHcIe0zrDwYaRI2xG3/d02b8c8855de853470897009e030eb5d/Acrobatic.png,playStyle,Play Style,,,,,,,,,,,,,0,Men's Football,14,England,https://drop-assets.ea.com/images/6ZM1OFXGUFeV0ZaYVKj2z/ae88ef17f8cb179fbc1c463f7e1e4bd8/f_14.png,18,Spurs,https://drop-assets.ea.com/images/7kUcyCh5xGrzQlcjP2Q9NH/11aba507486f44765ee5938b1b5b097e/l18.png,false,25,ST,Striker,attack,Attack,68,0,67,0,88,0,87,0,84,0,75,0,68,0,79,0,78,0,55,0,57,0,42,0,40,0,77,0,78,0,81,0,48,0,9,0,15,0,14,0,9,0,10,0,83,0,43,0,60,0,73,0,71,0,66,0,82,0,83,0,83,0,80,0,80,0,77,0,82,0,22,0,74,0,35,0,70,0,77,0,,,,,,,,,,,,,,,,,,,,,,,,,,
189596,705,80,Thomas,Müller,,9/13/1989 12:00:00 AM,185,3,4,1,MLS,76,https://ratings-images-prod.pulse.ea.com/FC25/full/player-portraits/p189596.png?padding=0.7,https://ratings-images-prod.pulse.ea.com/FC25/full/player-shields/en/189596.png?width=265,25,Striker,ST,trait1_16,Precision Header,Performs headers with increased accuracy and power.,https://drop-assets.ea.com/images/3ync8fbblS4zLzF3p1VXmT/7752a5103c2ebd8be5cf1819379c66f4/Precision_Header.png,playStyle,Play Style,,,,,,,,,,,,,,,,,,,0,Men's Football,21,Germany,https://drop-assets.ea.com/images/6IIMMGk0Uj1rcZ6DSHTpLL/93f95b602dc62594104f418c8f80ebb3/f_21.png,101112,Whitecaps FC,https://drop-assets.ea.com/images/4B78Zk7BiGtY0lEDTDanGT/ba8604b69a6cab6fd0c668aefebc800c/l101112.png,false,18,CAM,Center Attacking Midfielder,midfielder,Midfielder,53,0,67,0,73,0,63,0,66,0,62,0,68,0,80,0,88,0,85,0,81,0,55,0,47,0,78,0,77,0,81,0,59,0,6,0,7,0,11,0,14,0,14,0,79,0,58,0,79,0,74,0,59,0,82,0,70,0,65,0,90,0,88,0,79,0,83,0,78,0,46,0,63,0,57,0,87,0,84,0,,12,Right Midfielder,RM,,,,,,,,,,,,,,,,,,,,,,
212096,706,80,Vincenzo,Grifo,,4/7/1993 12:00:00 AM,180,4,2,1,Bundesliga,80,https://ratings-images-prod.pulse.ea.com/FC25/full/player-portraits/p212096.png?padding=0.7,https://ratings-images-prod.pulse.ea.com/FC25/full/player-shields/en/212096.png?width=265,18,Center Attacking Midfielder,CAM,trait1_1,Finesse Shot,Faster finesse shots with more curve and accuracy,https://drop-assets.ea.com/images/468u1R1p2k1fA6WBHi0OEn/fb9d49ed2a8fb500cd5a184937b96b34/Finesse_Shot.png,playStyle,Play Style,trait1_128,Gamechanger,Fancy and Trivela shots are performed with improved accuracy.,https://drop-assets.ea.com/images/2v8I0GQrtREaEJzJcyStKe/e46d719e4e5ed88ac5a1f671c7448f4a/Gamechanger.png,playStyle,Play Style,trait1_256,Incisive Pass,"Accurate through passes, curvier swerve passes, faster precision passes",https://drop-assets.ea.com/images/2K5BYfVYRnrdjt8F3hwI04/62f147b6a436c107bfa3d042c1d5728d/Incisive_Pass.png,playStyle,Play Style,trait1_4096,Whipped Pass,"Accurate, faster crosses with more curve",https://drop-assets.ea.com/images/FfTP29PWrRWZjEaiCCVoa/a1b345e4ae7023ed78b1efd68d28f392/Whipped_Pass.png,playStyle,Play Style,0,Men's Football,27,Italy,https://drop-assets.ea.com/images/2WtjWPqYzT7xcMCbvajGZH/d06e9ec4734a0d43d88f65386cc3a484/f_27.png,25,SC Freiburg,https://drop-assets.ea.com/images/TnclXkBIoI1MtJBmRvObq/83167db02b49b274917cec5814510b79/l25.png,false,16,LM,Left Midfielder,midfielder,Midfielder,73,0,78,0,65,0,81,0,65,0,52,0,76,0,82,0,77,0,88,0,89,0,43,0,48,0,81,0,81,0,73,0,88,0,10,0,12,0,8,0,8,0,14,0,47,0,45,0,76,0,75,0,70,0,82,0,74,0,66,0,79,0,82,0,76,0,81,0,85,0,30,0,68,0,41,0,78,0,73,0,,27,Left Wing,LW,icontrait1_8,Dead Ball+,"Set pieces with max speed, curve, accuracy, and preview line",https://drop-assets.ea.com/images/3gnWRIayfhmIFIhhYCwsR6/bb49458fbb7f0d06890bde757190e1bc/Dead_Ball_.png,playStylePlus,Play Style Plus,,,,,,,,,,,,,,,,
243593,707,80,Armand,Laurienté,,12/4/1998 12:00:00 AM,171,4,3,1,Serie A Enilive,59,https://ratings-images-prod.pulse.ea.com/FC25/full/player-portraits/p243593.png?padding=0.7,https://ratings-images-prod.pulse.ea.com/FC25/full/player-shields/en/243593.png?width=265,16,Left Midfielder,LM,trait1_1,Finesse Shot,Faster finesse shots with more curve and accuracy,https://drop-assets.ea.com/images/468u1R1p2k1fA6WBHi0OEn/fb9d49ed2a8fb500cd5a184937b96b34/Finesse_Shot.png,playStyle,Play Style,trait1_128,Gamechanger,Fancy and Trivela shots are performed with improved accuracy.,https://drop-assets.ea.com/images/2v8I0GQrtREaEJzJcyStKe/e46d719e4e5ed88ac5a1f671c7448f4a/Gamechanger.png,playStyle,Play Style,trait1_256,Incisive Pass,"Accurate through passes, curvier swerve passes, faster precision passes",https://drop-assets.ea.com/images/2K5BYfVYRnrdjt8F3hwI04/62f147b6a436c107bfa3d042c1d5728d/Incisive_Pass.png,playStyle,Play Style,trait1_2097152,Rapid,"Higher sprint speed while dribbling, reduced error on knock-ons",https://drop-assets.ea.com/images/1aGsvwKyIFlRG1eoJSS0Ot/a4d3d661ff962795a632fe86439d2146/Rapid.png,playStyle,Play Style,0,Men's Football,18,France,https://drop-assets.ea.com/images/3ECAQzhfgSLWRf9IIHB6G8/7e235a7b2f93c1f73db7f89dc03b3657/f_18.png,111974,Sassuolo,https://drop-assets.ea.com/images/1XH03NyWoyYHO0EH69QYG4/fe0a0c7effe48754e97248d04e352f4e/l111974.png,false,27,LW,Left Wing,attack,Attack,93,0,91,0,64,0,82,0,48,0,48,0,92,0,80,0,76,0,74,0,81,0,36,0,30,0,83,0,84,0,76,0,85,0,13,0,13,0,8,0,14,0,15,0,45,0,32,0,66,0,79,0,91,0,74,0,56,0,57,0,79,0,76,0,77,0,76,0,81,0,38,0,89,0,40,0,74,0,74,0,,,,,trait1_8388608,Trickster,Performs unique flick Skill Moves,https://drop-assets.ea.com/images/47Ygd5ri33RgjIYGiTAJpj/f0723e6f2f89a98fb6e8200c3659c6a9/Trickster.png,playStyle,Play Style,,,,trait1_33554432,Quick Step,Faster acceleration during Explosive Sprint,https://drop-assets.ea.com/images/1xG25Zp3wvkLA5YewKiZah/f27f5fabd1e899fc0bbb817d2db233b1/Quick_Step.png,playStyle,Play Style,,,,,,,
210697,708,80,Christian,Nørgaard,,3/10/1994 12:00:00 AM,187,3,3,1,Premier League,77,https://ratings-images-prod.pulse.ea.com/FC25/full/player-portraits/p210697.png?padding=0.7,https://ratings-images-prod.pulse.ea.com/FC25/full/player-shields/en/210697.png?width=265,14,Center Midfielder,CM,trait1_16,Precision Header,Performs headers with increased accuracy and power.,https://drop-assets.ea.com/images/3ync8fbblS4zLzF3p1VXmT/7752a5103c2ebd8be5cf1819379c66f4/Precision_Header.png,playStyle,Play Style,trait1_65536,Intercept,Increased reach and possession retention in interceptions,https://drop-assets.ea.com/images/5ysv7Iw8jDHl7sp1JXqIa7/d34004fed8c95bde083dcf8257391a70/Intercept.png,playStyle,Play Style,trait1_524288,Aerial Fortress,Performs higher jumps and has physical defensive presence before and during aerial duels,https://drop-assets.ea.com/images/3rsDbUXd3MZX39YTsk6lKe/404db89f2237eeb7466668a730c52a4b/Aerial_Fortress.png,playStyle,Play Style,,,,,,,0,Men's Football,13,Denmark,https://drop-assets.ea.com/images/6ueYG8kGNCY97fHWQ6LIZ7/9ad4b50beeb1d0d2a5d2bb5a8891336f/f_13.png,1,Arsenal,https://drop-assets.ea.com/images/2ng99bvkwKaA228PJje39i/09d2df89a78377d3f8d3f78469cbadc9/l1.png,false,10,CDM,Center Defensive Midfielder,midfielder,Midfielder,52,0,61,0,72,0,82,0,78,0,80,0,67,0,76,0,77,0,68,0,74,0,79,0,77,0,71,0,69,0,63,0,65,0,11,0,9,0,13,0,14,0,11,0,69,0,84,0,80,0,64,0,49,0,74,0,62,0,79,0,66,0,80,0,65,0,79,0,72,0,79,0,47,0,80,0,70,0,51,0,,,,,,,,,,,,,,,,,,,,,,,,,,
262859,709,80,Levi,Colwill,,2/26/2003 12:00:00 AM,187,2,3,2,Premier League,83,https://ratings-images-prod.pulse.ea.com/FC25/full/player-portraits/p262859.png?padding=0.7,https://ratings-images-prod.pulse.ea.com/FC25/full/player-shields/en/262859.png?width=265,,,,trait1_32768,Block,Increased reach and success in blocking,https://drop-assets.ea.com/images/2Rlftzr8lqUdI29suCQVWe/43c6c36e8bd5fa26b88478d4354611a2/Block.png,playStyle,Play Style,,,,,,,,,,,,,,,,,,,0,Men's Football,14,England,https://drop-assets.ea.com/images/6ZM1OFXGUFeV0ZaYVKj2z/ae88ef17f8cb179fbc1c463f7e1e4bd8/f_14.png,5,Chelsea,https://drop-assets.ea.com/images/6T0vfhzb3y9R6YVtmVwYcD/b99723a87536e30979c7cbdb8bba9310/l5.png,false,5,CB,Center Back,defense,Defense,66,0,60,0,84,0,77,0,79,0,84,0,62,0,77,0,79,0,65,0,67,0,81,0,81,0,72,0,70,0,38,0,36,0,15,0,14,0,8,0,10,0,14,0,79,0,81,0,72,0,40,0,70,0,71,0,40,0,80,0,50,0,78,0,43,0,79,0,60,0,80,0,73,0,81,0,73,0,36,0,,,,,,,,,,,,,,,,,,,,,,,,,,
264862,712,80,Maghnes,Akliouche,,2/25/2002 12:00:00 AM,183,4,3,2,Ligue 1 McDonald's,63,https://ratings-images-prod.pulse.ea.com/FC25/full/player-portraits/p264862.png?padding=0.7,https://ratings-images-prod.pulse.ea.com/FC25/full/player-shields/en/264862.png?width=265,18,Center Attacking Midfielder,CAM,trait1_64,Low Driven Shot,"Enhances a player's ability to execute low driven shots with increased accuracy, faster ball travel, and quicker shot execution.",https://drop-assets.ea.com/images/1NfyWsEpQ7s9bhWWt92lbn/5b5dbeb0e55c2e9241cdc26c70ee2d2c/Low_Driven_Shot.png,playStyle,Play Style,trait1_8192,Inventive,Fancy and Trivela passes are performed with improved accuracy.,https://drop-assets.ea.com/images/4fpo31RdL5T0vrzNqcSc4x/f82209bfd51270dcc447d4313b3e61f1/Inventive.png,playStyle,Play Style,,,,,,,,,,,,,0,Men's Football,18,France,https://drop-assets.ea.com/images/3ECAQzhfgSLWRf9IIHB6G8/7e235a7b2f93c1f73db7f89dc03b3657/f_18.png,69,AS Monaco,https://drop-assets.ea.com/images/6XicH1VsjyR3WbTdpk99p3/8b11b6c53072e6c9c042eb77f3c6a8f4/l69.png,false,12,RM,Right Midfielder,midfielder,Midfielder,75,0,84,0,62,0,77,0,58,0,54,0,75,0,84,0,81,0,76,0,80,0,48,0,46,0,83,0,84,0,72,0,67,0,8,0,10,0,9,0,5,0,8,0,46,0,48,0,74,0,71,0,74,0,78,0,70,0,62,0,74,0,78,0,70,0,80,0,66,0,44,0,74,0,52,0,82,0,59,0,,23,Right Wing,RW,,,,,,,,,,,,,,,,,,,,,,
220834,713,80,Marco,Asensio Willemsen,Marco Asensio,1/21/1996 12:00:00 AM,182,4,3,2,Trendyol Süper Lig,76,https://ratings-images-prod.pulse.ea.com/FC25/full/player-portraits/p220834.png?padding=0.7,https://ratings-images-prod.pulse.ea.com/FC25/full/player-shields/en/220834.png?width=265,18,Center Attacking Midfielder,CAM,trait1_1,Finesse Shot,Faster finesse shots with more curve and accuracy,https://drop-assets.ea.com/images/468u1R1p2k1fA6WBHi0OEn/fb9d49ed2a8fb500cd5a184937b96b34/Finesse_Shot.png,playStyle,Play Style,trait1_256,Incisive Pass,"Accurate through passes, curvier swerve passes, faster precision passes",https://drop-assets.ea.com/images/2K5BYfVYRnrdjt8F3hwI04/62f147b6a436c107bfa3d042c1d5728d/Incisive_Pass.png,playStyle,Play Style,trait1_4096,Whipped Pass,"Accurate, faster crosses with more curve",https://drop-assets.ea.com/images/FfTP29PWrRWZjEaiCCVoa/a1b345e4ae7023ed78b1efd68d28f392/Whipped_Pass.png,playStyle,Play Style,,,,,,,0,Men's Football,45,Spain,https://drop-assets.ea.com/images/Kv8okAYMsDbB3ZKbxrAXw/9d30c88d16a4c85002f35c6af412c6f7/f_45.png,326,Fenerbahçe,https://drop-assets.ea.com/images/3sfoNHvqDPqhM1PsEE1sNM/b9dcc82d0e2fba3efc8e8d0ed4c216a6/l326.png,false,23,RW,Right Wing,attack,Attack,73,0,78,0,70,0,64,0,63,0,45,0,73,0,84,0,82,0,81,0,84,0,43,0,40,0,82,0,83,0,77,0,76,0,13,0,9,0,6,0,12,0,10,0,59,0,45,0,81,0,80,0,70,0,81,0,62,0,60,0,79,0,81,0,78,0,81,0,81,0,39,0,68,0,42,0,79,0,79,0,,25,Striker,ST,,,,,,,12,Right Midfielder,RM,,,,,,,,,,,,,
258580,714,80,Kerem,Aktürkoğlu,,10/21/1998 12:00:00 AM,173,4,3,1,Trendyol Süper Lig,68,https://ratings-images-prod.pulse.ea.com/FC25/full/player-portraits/p258580.png?padding=0.7,https://ratings-images-prod.pulse.ea.com/FC25/full/player-shields/en/258580.png?width=265,16,Left Midfielder,LM,trait1_1,Finesse Shot,Faster finesse shots with more curve and accuracy,https://drop-assets.ea.com/images/468u1R1p2k1fA6WBHi0OEn/fb9d49ed2a8fb500cd5a184937b96b34/Finesse_Shot.png,playStyle,Play Style,trait1_128,Gamechanger,Fancy and Trivela shots are performed with improved accuracy.,https://drop-assets.ea.com/images/2v8I0GQrtREaEJzJcyStKe/e46d719e4e5ed88ac5a1f671c7448f4a/Gamechanger.png,playStyle,Play Style,trait1_256,Incisive Pass,"Accurate through passes, curvier swerve passes, faster precision passes",https://drop-assets.ea.com/images/2K5BYfVYRnrdjt8F3hwI04/62f147b6a436c107bfa3d042c1d5728d/Incisive_Pass.png,playStyle,Play Style,trait1_2097152,Rapid,"Higher sprint speed while dribbling, reduced error on knock-ons",https://drop-assets.ea.com/images/1aGsvwKyIFlRG1eoJSS0Ot/a4d3d661ff962795a632fe86439d2146/Rapid.png,playStyle,Play Style,0,Men's Football,48,Turkey,https://drop-assets.ea.com/images/501PnaP87pzjR8dKEQ20OT/7f0fd5c896b732a094222cbf0560b4c2/f_48.png,326,Fenerbahçe,https://drop-assets.ea.com/images/3sfoNHvqDPqhM1PsEE1sNM/b9dcc82d0e2fba3efc8e8d0ed4c216a6/l326.png,false,27,LW,Left Wing,attack,Attack,87,0,88,0,62,0,86,0,44,0,57,0,81,0,79,0,75,0,72,0,77,0,41,0,38,0,81,0,81,0,78,0,78,0,11,0,7,0,12,0,9,0,8,0,52,0,36,0,66,0,77,0,85,0,74,0,64,0,58,0,82,0,81,0,75,0,74,0,72,0,41,0,84,0,43,0,79,0,55,0,,,,,trait1_33554432,Quick Step,Faster acceleration during Explosive Sprint,https://drop-assets.ea.com/images/1xG25Zp3wvkLA5YewKiZah/f27f5fabd1e899fc0bbb817d2db233b1/Quick_Step.png,playStyle,Play Style,,,,trait1_67108864,Relentless,"Increased half time fatigue recovery, longer teammate contain and press",https://drop-assets.ea.com/images/2vVuRxgvPNaAuFGqZZ9nDY/3e2505addd5a6b353becdeaf7173d187/Relentless.png,playStyle,Play Style,,,,,,,
258908,715,80,Jan Paul,van Hecke,,6/8/2000 12:00:00 AM,189,2,3,1,Premier League,79,https://ratings-images-prod.pulse.ea.com/FC25/full/player-portraits/p258908.png?padding=0.7,https://ratings-images-prod.pulse.ea.com/FC25/full/player-shields/en/258908.png?width=265,,,,trait1_1024,Long Ball Pass,"Accurate, faster Lob and Lofted Through Passes",https://drop-assets.ea.com/images/7jwRDD4zkOsqRpc821t73d/16d46d57a5dfc7dd5dd5f8de0fd26a99/Long_Ball_Pass.png,playStyle,Play Style,trait1_524288,Aerial Fortress,Performs higher jumps and has physical defensive presence before and during aerial duels,https://drop-assets.ea.com/images/3rsDbUXd3MZX39YTsk6lKe/404db89f2237eeb7466668a730c52a4b/Aerial_Fortress.png,playStyle,Play Style,,,,,,,,,,,,,0,Men's Football,34,Holland,https://drop-assets.ea.com/images/7LmdSUm2Ge4fzqcz0NElvq/d272142c80713dcf0e5ec0a47232aeee/f_34.png,1808,Brighton,https://drop-assets.ea.com/images/1mFLMjuFkxQjbRaTLKZ8Gm/277b9eb6d29d37064d1d82063b06f681/l1808.png,false,5,CB,Center Back,defense,Defense,66,0,55,0,90,0,70,0,79,0,83,0,60,0,73,0,78,0,50,0,70,0,80,0,80,0,70,0,70,0,35,0,65,0,11,0,9,0,8,0,7,0,5,0,77,0,79,0,80,0,50,0,67,0,72,0,55,0,78,0,35,0,79,0,46,0,80,0,70,0,83,0,68,0,80,0,74,0,30,0,,,,,,,,,,,,,,,,,,,,,,,,,,
216447,716,80,Álvaro,García Rivera,Álvaro García,10/27/1992 12:00:00 AM,167,3,3,2,LALIGA EA SPORTS,61,https://ratings-images-prod.pulse.ea.com/FC25/full/player-portraits/p216447.png?padding=0.7,https://ratings-images-prod.pulse.ea.com/FC25/full/player-shields/en/216447.png?width=265,27,Left Wing,LW,trait1_64,Low Driven Shot,"Enhances a player's ability to execute low driven shots with increased accuracy, faster ball travel, and quicker shot execution.",https://drop-assets.ea.com/images/1NfyWsEpQ7s9bhWWt92lbn/5b5dbeb0e55c2e9241cdc26c70ee2d2c/Low_Driven_Shot.png,playStyle,Play Style,trait1_65536,Intercept,Increased reach and possession retention in interceptions,https://drop-assets.ea.com/images/5ysv7Iw8jDHl7sp1JXqIa7/d34004fed8c95bde083dcf8257391a70/Intercept.png,playStyle,Play Style,trait1_33554432,Quick Step,Faster acceleration during Explosive Sprint,https://drop-assets.ea.com/images/1xG25Zp3wvkLA5YewKiZah/f27f5fabd1e899fc0bbb817d2db233b1/Quick_Step.png,playStyle,Play Style,,,,,,,0,Men's Football,45,Spain,https://drop-assets.ea.com/images/Kv8okAYMsDbB3ZKbxrAXw/9d30c88d16a4c85002f35c6af412c6f7/f_45.png,480,Rayo Vallecano,https://drop-assets.ea.com/images/3SSzCmmavBBvrdJVySdnrm/f51360f07320e2dba9520037d3789543/l480.png,false,16,LM,Left Midfielder,midfielder,Midfielder,90,0,87,0,58,0,75,0,34,0,34,0,93,0,79,0,77,0,82,0,78,0,51,0,55,0,81,0,80,0,74,0,50,0,11,0,8,0,10,0,10,0,14,0,49,0,64,0,75,0,65,0,88,0,77,0,55,0,45,0,77,0,77,0,70,0,78,0,71,0,32,0,87,0,45,0,77,0,65,0,,,,,,,,,,,,,,,,,,,,,,,,,,
244176,717,80,Deniz,Undav,,7/19/1996 12:00:00 AM,179,3,5,1,Bundesliga,86,https://ratings-images-prod.pulse.ea.com/FC25/full/player-portraits/p244176.png?padding=0.7,https://ratings-images-prod.pulse.ea.com/FC25/full/player-shields/en/244176.png?width=265,18,Center Attacking Midfielder,CAM,trait1_1,Finesse Shot,Faster finesse shots with more curve and accuracy,https://drop-assets.ea.com/images/468u1R1p2k1fA6WBHi0OEn/fb9d49ed2a8fb500cd5a184937b96b34/Finesse_Shot.png,playStyle,Play Style,trait1_2,Chip Shot,"Faster, more accurate chip shots",https://drop-assets.ea.com/images/6Gl08kt7odn1fJNX74CS2P/984feac3cd8d99902f5cb5131d5fd26a/Chip_Shot.png,playStyle,Play Style,trait1_32,Acrobatic,"Perform volleys with increased accuracy, acrobatic volley animations",https://drop-assets.ea.com/images/2sRRBHcIe0zrDwYaRI2xG3/d02b8c8855de853470897009e030eb5d/Acrobatic.png,playStyle,Play Style,trait1_64,Low Driven Shot,"Enhances a player's ability to execute low driven shots with increased accuracy, faster ball travel, and quicker shot execution.",https://drop-assets.ea.com/images/1NfyWsEpQ7s9bhWWt92lbn/5b5dbeb0e55c2e9241cdc26c70ee2d2c/Low_Driven_Shot.png,playStyle,Play Style,0,Men's Football,21,Germany,https://drop-assets.ea.com/images/6IIMMGk0Uj1rcZ6DSHTpLL/93f95b602dc62594104f418c8f80ebb3/f_21.png,36,VfB Stuttgart,https://drop-assets.ea.com/images/5kfh9LrPvDQKbQNF6k7CSF/9a70e7082aaba3b46ea8bd1e699f62de/l36.png,false,25,ST,Striker,attack,Attack,67,0,73,0,82,0,70,0,80,0,79,0,86,0,83,0,82,0,67,0,74,0,33,0,25,0,80,0,78,0,83,0,66,0,9,0,12,0,9,0,11,0,13,0,75,0,18,0,64,0,80,0,66,0,74,0,72,0,77,0,83,0,80,0,82,0,80,0,84,0,29,0,65,0,37,0,82,0,83,0,,,,,trait1_128,Gamechanger,Fancy and Trivela shots are performed with improved accuracy.,https://drop-assets.ea.com/images/2v8I0GQrtREaEJzJcyStKe/e46d719e4e5ed88ac5a1f671c7448f4a/Gamechanger.png,playStyle,Play Style,,,,trait1_256,Incisive Pass,"Accurate through passes, curvier swerve passes, faster precision passes",https://drop-assets.ea.com/images/2K5BYfVYRnrdjt8F3hwI04/62f147b6a436c107bfa3d042c1d5728d/Incisive_Pass.png,playStyle,Play Style,,,,,,,
246172,718,80,Samuel,Chukwueze,,5/22/1999 12:00:00 AM,172,4,2,2,Premier League,70,https://ratings-images-prod.pulse.ea.com/FC25/full/player-portraits/p246172.png?padding=0.7,https://ratings-images-prod.pulse.ea.com/FC25/full/player-shields/en/246172.png?width=265,12,Right Midfielder,RM,trait1_1,Finesse Shot,Faster finesse shots with more curve and accuracy,https://drop-assets.ea.com/images/468u1R1p2k1fA6WBHi0OEn/fb9d49ed2a8fb500cd5a184937b96b34/Finesse_Shot.png,playStyle,Play Style,trait1_2097152,Rapid,"Higher sprint speed while dribbling, reduced error on knock-ons",https://drop-assets.ea.com/images/1aGsvwKyIFlRG1eoJSS0Ot/a4d3d661ff962795a632fe86439d2146/Rapid.png,playStyle,Play Style,trait1_33554432,Quick Step,Faster acceleration during Explosive Sprint,https://drop-assets.ea.com/images/1xG25Zp3wvkLA5YewKiZah/f27f5fabd1e899fc0bbb817d2db233b1/Quick_Step.png,playStyle,Play Style,,,,,,,0,Men's Football,133,Nigeria,https://drop-assets.ea.com/images/7pdYOUzcOpsSLsQJqx6jq9/ab9bec93f27d4c42a76f2617073a6cce/f_133.png,144,Fulham,https://drop-assets.ea.com/images/1YL8ULAZyOPtffpFGZcGe8/84ec5701079276f33aa349d253fa0321/l144.png,false,23,RW,Right Wing,attack,Attack,91,0,85,0,66,0,62,0,58,0,47,0,82,0,82,0,72,0,76,0,73,0,36,0,40,0,83,0,86,0,75,0,58,0,13,0,7,0,9,0,7,0,6,0,44,0,33,0,66,0,72,0,88,0,74,0,55,0,57,0,78,0,77,0,74,0,77,0,78,0,33,0,86,0,32,0,76,0,70,0,,,,,,,,,,,,,,,,,,,,,,,,,,
262138,719,80,Castello,Lukeba,,12/17/2002 12:00:00 AM,183,2,2,2,Bundesliga,84,https://ratings-images-prod.pulse.ea.com/FC25/full/player-portraits/p262138.png?padding=0.7,https://ratings-images-prod.pulse.ea.com/FC25/full/player-shields/en/262138.png?width=250,7,Left Back,LB,,,,,,,,,,,,,,,,,,,,,,,,,0,Men's Football,18,France,https://drop-assets.ea.com/images/3ECAQzhfgSLWRf9IIHB6G8/7e235a7b2f93c1f73db7f89dc03b3657/f_18.png,112172,RB Leipzig,https://drop-assets.ea.com/images/1EoW6b2VkhiP3S0vqikd9s/f181f899a2037360f70a9a8aba18af30/l112172.png,false,5,CB,Center Back,defense,Defense,73,0,70,0,88,0,65,0,78,0,78,0,68,0,74,0,80,0,59,0,54,0,81,0,80,0,73,0,73,0,41,0,26,0,8,0,10,0,14,0,11,0,13,0,81,0,80,0,75,0,38,0,72,0,68,0,39,0,75,0,46,0,79,0,43,0,76,0,55,0,77,0,71,0,85,0,72,0,42,0,,,,,,,,,,,,,,,,,,,,,,,,,,
200145,720,80,Carlos Henrique,Venancio Casimiro,Casemiro,2/23/1992 12:00:00 AM,185,2,3,1,Premier League,84,https://ratings-images-prod.pulse.ea.com/FC25/full/player-portraits/p200145.png?padding=0.7,https://ratings-images-prod.pulse.ea.com/FC25/full/player-shields/en/200145.png?width=265,14,Center Midfielder,CM,trait1_1024,Long Ball Pass,"Accurate, faster Lob and Lofted Through Passes",https://drop-assets.ea.com/images/7jwRDD4zkOsqRpc821t73d/16d46d57a5dfc7dd5dd5f8de0fd26a99/Long_Ball_Pass.png,playStyle,Play Style,trait1_32768,Block,Increased reach and success in blocking,https://drop-assets.ea.com/images/2Rlftzr8lqUdI29suCQVWe/43c6c36e8bd5fa26b88478d4354611a2/Block.png,playStyle,Play Style,trait1_262144,Slide Tackle,Stops ball at feet during slide tackles,https://drop-assets.ea.com/images/7mI1lrxE0pv9iJfQFki9OA/8c1ecac325f923e049be72231c8c968a/Slide_Tackle.png,playStyle,Play Style,trait1_524288,Aerial Fortress,Performs higher jumps and has physical defensive presence before and during aerial duels,https://drop-assets.ea.com/images/3rsDbUXd3MZX39YTsk6lKe/404db89f2237eeb7466668a730c52a4b/Aerial_Fortress.png,playStyle,Play Style,0,Men's Football,54,Brazil,https://drop-assets.ea.com/images/1zdNn1R9tRlfQ3lsbAOecD/a606f742789b6306363383a6e20dd003/f_54.png,11,Man Utd,https://drop-assets.ea.com/images/5xxJeUfFY6FEQZEJyJK35/990979becf88b88ecb6461dc441c2ebf/l11.png,false,10,CDM,Center Defensive Midfielder,midfielder,Midfielder,35,0,48,0,75,0,54,0,81,0,90,0,51,0,77,0,77,0,68,0,75,0,80,0,78,0,69,0,68,0,69,0,70,0,13,0,14,0,16,0,12,0,12,0,80,0,77,0,80,0,78,0,36,0,76,0,66,0,76,0,71,0,79,0,74,0,79,0,82,0,83,0,36,0,83,0,76,0,77,0,,,,,trait1_268435456,Bruiser,Stronger physical tackles,https://drop-assets.ea.com/images/7euMJ2jVypFrFPQesWuGGm/14019168b12faac1584a2920d5c2d5d9/Bruiser.png,playStyle,Play Style,,,,,,,,,,,,,,,,
256612,721,80,F. Evanilson,de Lima Barbosa,Evanilson,10/6/1999 12:00:00 AM,183,3,4,1,Premier League,80,https://ratings-images-prod.pulse.ea.com/FC25/full/player-portraits/p256612.png?padding=0.7,https://ratings-images-prod.pulse.ea.com/FC25/full/player-shields/en/256612.png?width=250,,,,,,,,,,,,,,,,,,,,,,,,,,,,0,Men's Football,54,Brazil,https://drop-assets.ea.com/images/1zdNn1R9tRlfQ3lsbAOecD/a606f742789b6306363383a6e20dd003/f_54.png,1943,AFC Bournemouth,https://drop-assets.ea.com/images/5Z6J6MhqjuJVwE7SVnfr5E/6075ff3239d67bdf8258a067ed93ccdb/l1943.png,false,25,ST,Striker,attack,Attack,75,0,69,0,86,0,74,0,78,0,73,0,69,0,79,0,78,0,47,0,68,0,37,0,22,0,77,0,78,0,81,0,50,0,13,0,11,0,6,0,14,0,7,0,77,0,37,0,67,0,73,0,76,0,66,0,69,0,76,0,84,0,83,0,79,0,75,0,81,0,26,0,76,0,41,0,70,0,79,0,,,,,,,,,,,,,,,,,,,,,,,,,,
229905,722,80,Abdülkerim,Bardakcı,,9/7/1994 12:00:00 AM,185,2,2,2,Trendyol Süper Lig,80,https://ratings-images-prod.pulse.ea.com/FC25/full/player-portraits/p229905.png?padding=0.7,https://ratings-images-prod.pulse.ea.com/FC25/full/player-shields/en/229905.png?width=265,7,Left Back,LB,trait1_16,Precision Header,Performs headers with increased accuracy and power.,https://drop-assets.ea.com/images/3ync8fbblS4zLzF3p1VXmT/7752a5103c2ebd8be5cf1819379c66f4/Precision_Header.png,playStyle,Play Style,trait1_1024,Long Ball Pass,"Accurate, faster Lob and Lofted Through Passes",https://drop-assets.ea.com/images/7jwRDD4zkOsqRpc821t73d/16d46d57a5dfc7dd5dd5f8de0fd26a99/Long_Ball_Pass.png,playStyle,Play Style,trait1_65536,Intercept,Increased reach and possession retention in interceptions,https://drop-assets.ea.com/images/5ysv7Iw8jDHl7sp1JXqIa7/d34004fed8c95bde083dcf8257391a70/Intercept.png,playStyle,Play Style,trait1_131072,Anticipate,"Improved standing tackle success, possibility of stopping ball at feet",https://drop-assets.ea.com/images/4xPnUcL7thizFB7qmhlwUR/1ade7a0f77d5e875c2db869964540a35/Anticipate.png,playStyle,Play Style,0,Men's Football,48,Turkey,https://drop-assets.ea.com/images/501PnaP87pzjR8dKEQ20OT/7f0fd5c896b732a094222cbf0560b4c2/f_48.png,325,Galatasaray,https://drop-assets.ea.com/images/6P5sN0m3ZRE23vjlT8gh5q/f7f9acf3a7be5ea12f889d93dbdfd48f/l325.png,false,5,CB,Center Back,defense,Defense,58,0,62,0,86,0,82,0,87,0,84,0,64,0,72,0,76,0,74,0,67,0,81,0,83,0,69,0,68,0,38,0,35,0,13,0,7,0,12,0,7,0,15,0,82,0,78,0,75,0,34,0,59,0,70,0,48,0,85,0,68,0,75,0,46,0,74,0,66,0,81,0,60,0,80,0,67,0,70,0,,16,Left Midfielder,LM,trait1_262144,Slide Tackle,Stops ball at feet during slide tackles,https://drop-assets.ea.com/images/7mI1lrxE0pv9iJfQFki9OA/8c1ecac325f923e049be72231c8c968a/Slide_Tackle.png,playStyle,Play Style,,,,trait1_524288,Aerial Fortress,Performs higher jumps and has physical defensive presence before and during aerial duels,https://drop-assets.ea.com/images/3rsDbUXd3MZX39YTsk6lKe/404db89f2237eeb7466668a730c52a4b/Aerial_Fortress.png,playStyle,Play Style,,trait1_268435456,Bruiser,Stronger physical tackles,https://drop-assets.ea.com/images/7euMJ2jVypFrFPQesWuGGm/14019168b12faac1584a2920d5c2d5d9/Bruiser.png,playStyle,Play Style
257278,723,80,Arthur,Theate,,5/25/2000 12:00:00 AM,185,2,3,2,Bundesliga,78,https://ratings-images-prod.pulse.ea.com/FC25/full/player-portraits/p257278.png?padding=0.7,https://ratings-images-prod.pulse.ea.com/FC25/full/player-shields/en/257278.png?width=265,7,Left Back,LB,trait1_16,Precision Header,Performs headers with increased accuracy and power.,https://drop-assets.ea.com/images/3ync8fbblS4zLzF3p1VXmT/7752a5103c2ebd8be5cf1819379c66f4/Precision_Header.png,playStyle,Play Style,trait1_524288,Aerial Fortress,Performs higher jumps and has physical defensive presence before and during aerial duels,https://drop-assets.ea.com/images/3rsDbUXd3MZX39YTsk6lKe/404db89f2237eeb7466668a730c52a4b/Aerial_Fortress.png,playStyle,Play Style,,,,,,,,,,,,,0,Men's Football,7,Belgium,https://drop-assets.ea.com/images/7eZLPoDDyxSlQoqcS4NVA2/6fc085dc7e85ccd7519be7ff2df875ee/f_7.png,1824,Frankfurt,https://drop-assets.ea.com/images/3KK76lJIZtlRnPaAgbD85V/5614e02825eb0ed03b69a9d078e40db9/l1824.png,false,5,CB,Center Back,defense,Defense,66,0,64,0,82,0,82,0,82,0,82,0,56,0,75,0,77,0,68,0,53,0,80,0,81,0,71,0,70,0,23,0,37,0,7,0,6,0,12,0,11,0,10,0,75,0,83,0,76,0,58,0,67,0,70,0,32,0,82,0,29,0,80,0,40,0,77,0,70,0,77,0,68,0,81,0,70,0,24,0,,16,Left Midfielder,LM,,,,,,,,,,,,,,,,,,,,,,
233049,724,80,Jadon,Sancho,,3/25/2000 12:00:00 AM,180,5,3,1,Premier League,76,https://ratings-images-prod.pulse.ea.com/FC25/full/player-portraits/p233049.png?padding=0.7,https://ratings-images-prod.pulse.ea.com/FC25/full/player-shields/en/233049.png?width=265,23,Right Wing,RW,trait1_1,Finesse Shot,Faster finesse shots with more curve and accuracy,https://drop-assets.ea.com/images/468u1R1p2k1fA6WBHi0OEn/fb9d49ed2a8fb500cd5a184937b96b34/Finesse_Shot.png,playStyle,Play Style,trait1_8388608,Trickster,Performs unique flick Skill Moves,https://drop-assets.ea.com/images/47Ygd5ri33RgjIYGiTAJpj/f0723e6f2f89a98fb6e8200c3659c6a9/Trickster.png,playStyle,Play Style,,,,,,,,,,,,,0,Men's Football,14,England,https://drop-assets.ea.com/images/6ZM1OFXGUFeV0ZaYVKj2z/ae88ef17f8cb179fbc1c463f7e1e4bd8/f_14.png,2,Aston Villa,https://drop-assets.ea.com/images/57c0ppYsEA88xL0gxqce8K/99605df97c6a96ea3b6e8a424c217af0/l2.png,false,27,LW,Left Wing,attack,Attack,82,0,90,0,62,0,64,0,58,0,47,0,90,0,87,0,83,0,73,0,81,0,35,0,38,0,87,0,87,0,74,0,67,0,7,0,11,0,10,0,11,0,13,0,40,0,33,0,70,0,70,0,79,0,77,0,73,0,58,0,78,0,78,0,73,0,80,0,75,0,25,0,77,0,35,0,80,0,70,0,,16,Left Midfielder,LM,,,,,,,,,,,,,,,,,,,,,,
241464,726,80,Pau,Francisco Torres,Pau Torres,1/16/1997 12:00:00 AM,191,2,2,2,Premier League,80,https://ratings-images-prod.pulse.ea.com/FC25/full/player-portraits/p241464.png?padding=0.7,https://ratings-images-prod.pulse.ea.com/FC25/full/player-shields/en/241464.png?width=265,,,,trait1_512,Pinged Pass,Faster ground passes without affecting receiver's trapping,https://drop-assets.ea.com/images/1mXBWIBgJSpYoIa1C4r5FX/7220e78a4049530f4e9fa642b1656fa4/Pinged_Pass.png,playStyle,Play Style,,,,,,,,,,,,,,,,,,,0,Men's Football,45,Spain,https://drop-assets.ea.com/images/Kv8okAYMsDbB3ZKbxrAXw/9d30c88d16a4c85002f35c6af412c6f7/f_45.png,2,Aston Villa,https://drop-assets.ea.com/images/57c0ppYsEA88xL0gxqce8K/99605df97c6a96ea3b6e8a424c217af0/l2.png,false,5,CB,Center Back,defense,Defense,66,0,56,0,84,0,71,0,73,0,73,0,52,0,79,0,82,0,64,0,74,0,82,0,83,0,69,0,64,0,31,0,54,0,11,0,13,0,13,0,13,0,9,0,85,0,81,0,80,0,40,0,67,0,75,0,42,0,73,0,66,0,80,0,41,0,81,0,58,0,81,0,67,0,82,0,77,0,41,0,,,,,,,,,,,,,,,,,,,,,,,,,,
242816,727,80,Ricard,Puig Martí,Riqui Puig,8/13/1999 12:00:00 AM,169,3,3,1,MLS,56,https://ratings-images-prod.pulse.ea.com/FC25/full/player-portraits/p242816.png?padding=0.7,https://ratings-images-prod.pulse.ea.com/FC25/full/player-shields/en/242816.png?width=265,18,Center Attacking Midfielder,CAM,trait1_1,Finesse Shot,Faster finesse shots with more curve and accuracy,https://drop-assets.ea.com/images/468u1R1p2k1fA6WBHi0OEn/fb9d49ed2a8fb500cd5a184937b96b34/Finesse_Shot.png,playStyle,Play Style,trait1_256,Incisive Pass,"Accurate through passes, curvier swerve passes, faster precision passes",https://drop-assets.ea.com/images/2K5BYfVYRnrdjt8F3hwI04/62f147b6a436c107bfa3d042c1d5728d/Incisive_Pass.png,playStyle,Play Style,trait1_1024,Long Ball Pass,"Accurate, faster Lob and Lofted Through Passes",https://drop-assets.ea.com/images/7jwRDD4zkOsqRpc821t73d/16d46d57a5dfc7dd5dd5f8de0fd26a99/Long_Ball_Pass.png,playStyle,Play Style,trait1_8192,Inventive,Fancy and Trivela passes are performed with improved accuracy.,https://drop-assets.ea.com/images/4fpo31RdL5T0vrzNqcSc4x/f82209bfd51270dcc447d4313b3e61f1/Inventive.png,playStyle,Play Style,0,Men's Football,45,Spain,https://drop-assets.ea.com/images/Kv8okAYMsDbB3ZKbxrAXw/9d30c88d16a4c85002f35c6af412c6f7/f_45.png,697,LA Galaxy,https://drop-assets.ea.com/images/eGVllmGrNtxd7wDWFgngP/a1d4ff6c7bbfaaefe0b5ab8c641af314/l697.png,false,14,CM,Center Midfielder,midfielder,Midfielder,74,0,82,0,52,0,79,0,33,0,66,0,84,0,84,0,78,0,60,0,69,0,50,0,43,0,82,0,81,0,72,0,51,0,12,0,15,0,14,0,12,0,9,0,49,0,53,0,83,0,74,0,73,0,79,0,55,0,52,0,78,0,78,0,71,0,89,0,70,0,50,0,72,0,55,0,86,0,56,0,,10,Center Defensive Midfielder,CDM,trait1_4194304,First Touch,"Reduced trapping error, faster dribbling transition",https://drop-assets.ea.com/images/3f727XsoDVLbT49oMk0HBu/2787568be8ccb2d5daa2d18fabacad97/First_Touch.png,playStyle,Play Style,,,,,,,,,,,,,,,,
224179,728,80,Borja,Iglesias Quintás,Borja Iglesias,1/17/1993 12:00:00 AM,187,3,3,1,LALIGA EA SPORTS,86,https://ratings-images-prod.pulse.ea.com/FC25/full/player-portraits/p224179.png?padding=0.7,https://ratings-images-prod.pulse.ea.com/FC25/full/player-shields/en/224179.png?width=265,,,,trait1_536870912,Enforcer,Performs dribble Shoulder Challenges and Shielding with increased effectiveness.,https://drop-assets.ea.com/images/2sNQz8b9dgV0hW8vl7oOvV/d7a503dbd4c73b232055b3ca06aa88eb/Enforcer.png,playStyle,Play Style,,,,,,,,,,,,,,,,,,,0,Men's Football,45,Spain,https://drop-assets.ea.com/images/Kv8okAYMsDbB3ZKbxrAXw/9d30c88d16a4c85002f35c6af412c6f7/f_45.png,450,Celta,https://drop-assets.ea.com/images/3t0uDwxQg2iWoXop58je1a/d5c49ec269ace3a1ad2ded5fb2e8a9ec/l450.png,false,25,ST,Striker,attack,Attack,59,0,53,0,85,0,64,0,84,0,73,0,67,0,80,0,80,0,54,0,51,0,40,0,40,0,74,0,74,0,83,0,68,0,14,0,12,0,16,0,13,0,16,0,83,0,32,0,72,0,76,0,62,0,71,0,90,0,77,0,85,0,80,0,82,0,78,0,85,0,27,0,65,0,36,0,80,0,75,0,,,,,,,,,,,,,,,,,,,,,,,,,,
246875,729,80,Odilon,Kossounou,,1/4/2001 12:00:00 AM,191,2,3,1,Serie A Enilive,82,https://ratings-images-prod.pulse.ea.com/FC25/full/player-portraits/p246875.png?padding=0.7,https://ratings-images-prod.pulse.ea.com/FC25/full/player-shields/en/246875.png?width=250,,,,,,,,,,,,,,,,,,,,,,,,,,,,0,Men's Football,108,Côte d'Ivoire,https://drop-assets.ea.com/images/6WOgIUFG0fMJWcKjih5i3K/8d09758d91059b879a2e5521f8d7e616/f_108.png,115845,Bergamo Calcio,https://drop-assets.ea.com/images/19gWEcyonp2fvk02MNHZOA/83b82283fc62f7010b529a53a0724eee/l115845.png,false,5,CB,Center Back,defense,Defense,74,0,62,0,80,0,76,0,79,0,78,0,56,0,69,0,73,0,58,0,33,0,81,0,80,0,67,0,66,0,26,0,23,0,5,0,8,0,6,0,10,0,6,0,79,0,81,0,74,0,24,0,80,0,64,0,32,0,78,0,44,0,76,0,32,0,76,0,52,0,80,0,84,0,83,0,57,0,28,0,,,,,,,,,,,,,,,,,,,,,,,,,,
234569,730,80,Florentino,Morris Luís,Florentino,8/19/1999 12:00:00 AM,184,2,2,1,Premier League,76,https://ratings-images-prod.pulse.ea.com/FC25/full/player-portraits/p234569.png?padding=0.7,https://ratings-images-prod.pulse.ea.com/FC25/full/player-shields/en/234569.png?width=265,14,Center Midfielder,CM,trait1_16,Precision Header,Performs headers with increased accuracy and power.,https://drop-assets.ea.com/images/3ync8fbblS4zLzF3p1VXmT/7752a5103c2ebd8be5cf1819379c66f4/Precision_Header.png,playStyle,Play Style,trait1_512,Pinged Pass,Faster ground passes without affecting receiver's trapping,https://drop-assets.ea.com/images/1mXBWIBgJSpYoIa1C4r5FX/7220e78a4049530f4e9fa642b1656fa4/Pinged_Pass.png,playStyle,Play Style,trait1_65536,Intercept,Increased reach and possession retention in interceptions,https://drop-assets.ea.com/images/5ysv7Iw8jDHl7sp1JXqIa7/d34004fed8c95bde083dcf8257391a70/Intercept.png,playStyle,Play Style,trait1_131072,Anticipate,"Improved standing tackle success, possibility of stopping ball at feet",https://drop-assets.ea.com/images/4xPnUcL7thizFB7qmhlwUR/1ade7a0f77d5e875c2db869964540a35/Anticipate.png,playStyle,Play Style,0,Men's Football,38,Portugal,https://drop-assets.ea.com/images/3CxRD7XqY2NSlZ3628fY4S/abf38470644ee334e6a425b9272f7767/f_38.png,1796,Burnley,https://drop-assets.ea.com/images/6CqBvyQgjJzPA5vU64paT8/03d21bd0df65afa73b752f66ca5c1714/l1796.png,false,10,CDM,Center Defensive Midfielder,midfielder,Midfielder,55,0,73,0,73,0,85,0,78,0,78,0,68,0,74,0,75,0,41,0,44,0,81,0,81,0,73,0,72,0,35,0,44,0,6,0,14,0,14,0,10,0,14,0,67,0,84,0,76,0,58,0,55,0,65,0,38,0,80,0,67,0,76,0,47,0,77,0,65,0,81,0,55,0,82,0,69,0,36,0,,5,Center Back,CB,trait1_262144,Slide Tackle,Stops ball at feet during slide tackles,https://drop-assets.ea.com/images/7mI1lrxE0pv9iJfQFki9OA/8c1ecac325f923e049be72231c8c968a/Slide_Tackle.png,playStyle,Play Style,,,,trait1_16777216,Press Proven,"Close control at jog speed, shields ball more effectively",https://drop-assets.ea.com/images/5rUHwyLJRnvGV53Ba4Pj6M/9a3238695ae8103667ba02af391ac209/Press_Proven.png,playStyle,Play Style,,trait1_268435456,Bruiser,Stronger physical tackles,https://drop-assets.ea.com/images/7euMJ2jVypFrFPQesWuGGm/14019168b12faac1584a2920d5c2d5d9/Bruiser.png,playStyle,Play Style
259377,733,80,Yeremy Jesús,Pino Santos,Yeremy Pino,10/20/2002 12:00:00 AM,172,3,4,1,Premier League,65,https://ratings-images-prod.pulse.ea.com/FC25/full/player-portraits/p259377.png?padding=0.7,https://ratings-images-prod.pulse.ea.com/FC25/full/player-shields/en/259377.png?width=265,16,Left Midfielder,LM,trait1_2097152,Rapid,"Higher sprint speed while dribbling, reduced error on knock-ons",https://drop-assets.ea.com/images/1aGsvwKyIFlRG1eoJSS0Ot/a4d3d661ff962795a632fe86439d2146/Rapid.png,playStyle,Play Style,,,,,,,,,,,,,,,,,,,0,Men's Football,45,Spain,https://drop-assets.ea.com/images/Kv8okAYMsDbB3ZKbxrAXw/9d30c88d16a4c85002f35c6af412c6f7/f_45.png,1799,Crystal Palace,https://drop-assets.ea.com/images/6j7pLWl2t3yl13bu6Y9s5K/91a346d14011a610d95ec956816b6a38/l1799.png,false,12,RM,Right Midfielder,midfielder,Midfielder,78,0,80,0,58,0,69,0,45,0,53,0,80,0,81,0,68,0,79,0,76,0,38,0,31,0,81,0,82,0,76,0,60,0,9,0,7,0,14,0,6,0,9,0,46,0,29,0,76,0,69,0,77,0,78,0,54,0,53,0,81,0,78,0,73,0,81,0,73,0,41,0,77,0,48,0,78,0,67,0,,27,Left Wing,LW,,,,,,,23,Right Wing,RW,,,,,,,,,,,,,
189511,734,80,Sergio,Busquets Burgos,Sergio Busquets,7/16/1988 12:00:00 AM,189,3,3,1,MLS,74,https://ratings-images-prod.pulse.ea.com/FC25/full/player-portraits/p189511.png?padding=0.7,https://ratings-images-prod.pulse.ea.com/FC25/full/player-shields/en/189511.png?width=265,14,Center Midfielder,CM,trait1_256,Incisive Pass,"Accurate through passes, curvier swerve passes, faster precision passes",https://drop-assets.ea.com/images/2K5BYfVYRnrdjt8F3hwI04/62f147b6a436c107bfa3d042c1d5728d/Incisive_Pass.png,playStyle,Play Style,trait1_1024,Long Ball Pass,"Accurate, faster Lob and Lofted Through Passes",https://drop-assets.ea.com/images/7jwRDD4zkOsqRpc821t73d/16d46d57a5dfc7dd5dd5f8de0fd26a99/Long_Ball_Pass.png,playStyle,Play Style,trait1_131072,Anticipate,"Improved standing tackle success, possibility of stopping ball at feet",https://drop-assets.ea.com/images/4xPnUcL7thizFB7qmhlwUR/1ade7a0f77d5e875c2db869964540a35/Anticipate.png,playStyle,Play Style,trait1_16777216,Press Proven,"Close control at jog speed, shields ball more effectively",https://drop-assets.ea.com/images/5rUHwyLJRnvGV53Ba4Pj6M/9a3238695ae8103667ba02af391ac209/Press_Proven.png,playStyle,Play Style,0,Men's Football,45,Spain,https://drop-assets.ea.com/images/Kv8okAYMsDbB3ZKbxrAXw/9d30c88d16a4c85002f35c6af412c6f7/f_45.png,112893,Inter Miami CF,https://drop-assets.ea.com/images/3luAerlx8cliy5XNziWvOA/b7785fb1a6915d5044b4f954d83e4915/l112893.png,false,10,CDM,Center Defensive Midfielder,midfielder,Midfielder,34,0,64,0,64,0,75,0,72,0,76,0,50,0,79,0,83,0,59,0,66,0,77,0,78,0,77,0,80,0,65,0,68,0,5,0,8,0,13,0,9,0,13,0,68,0,78,0,81,0,54,0,35,0,76,0,60,0,73,0,73,0,76,0,61,0,83,0,61,0,75,0,35,0,80,0,79,0,50,0,,5,Center Back,CB,,,,,,,,,,,,,,,,,,,,,,
266872,735,80,Federico,Gatti,,6/24/1998 12:00:00 AM,190,2,3,1,Serie A Enilive,80,https://ratings-images-prod.pulse.ea.com/FC25/full/player-portraits/p266872.png?padding=0.7,https://ratings-images-prod.pulse.ea.com/FC25/full/player-shields/en/266872.png?width=265,,,,trait1_262144,Slide Tackle,Stops ball at feet during slide tackles,https://drop-assets.ea.com/images/7mI1lrxE0pv9iJfQFki9OA/8c1ecac325f923e049be72231c8c968a/Slide_Tackle.png,playStyle,Play Style,trait1_268435456,Bruiser,Stronger physical tackles,https://drop-assets.ea.com/images/7euMJ2jVypFrFPQesWuGGm/14019168b12faac1584a2920d5c2d5d9/Bruiser.png,playStyle,Play Style,,,,,,,,,,,,,0,Men's Football,27,Italy,https://drop-assets.ea.com/images/2WtjWPqYzT7xcMCbvajGZH/d06e9ec4734a0d43d88f65386cc3a484/f_27.png,45,Juventus,https://drop-assets.ea.com/images/6zWQmPATtK8lpsiXbKb3mY/6b2d1dab08ef14f63271a5cd70a0db0d/l45.png,true,5,CB,Center Back,defense,Defense,73,0,56,0,88,0,74,0,81,0,84,0,59,0,68,0,78,0,38,0,38,0,81,0,82,0,65,0,62,0,30,0,46,0,6,0,11,0,11,0,11,0,6,0,80,0,80,0,61,0,39,0,76,0,53,0,49,0,80,0,45,0,79,0,42,0,68,0,68,0,78,0,78,0,83,0,40,0,42,0,,,,,,,,,,,,,,,,,,,,,,,,,,
212602,736,80,Diego Javier,Llorente Ríos,Diego Llorente,8/16/1993 12:00:00 AM,186,2,3,1,LALIGA EA SPORTS,75,https://ratings-images-prod.pulse.ea.com/FC25/full/player-portraits/p212602.png?padding=0.7,https://ratings-images-prod.pulse.ea.com/FC25/full/player-shields/en/212602.png?width=250,,,,,,,,,,,,,,,,,,,,,,,,,,,,0,Men's Football,45,Spain,https://drop-assets.ea.com/images/Kv8okAYMsDbB3ZKbxrAXw/9d30c88d16a4c85002f35c6af412c6f7/f_45.png,449,Real Betis,https://drop-assets.ea.com/images/4rODtg2WvYGHhUGfPXxilW/e047163865b561a0ced87f9f593498c1/l449.png,false,5,CB,Center Back,defense,Defense,65,0,60,0,82,0,65,0,78,0,84,0,62,0,76,0,70,0,55,0,30,0,81,0,81,0,69,0,65,0,39,0,35,0,8,0,12,0,11,0,9,0,7,0,77,0,82,0,72,0,37,0,64,0,63,0,53,0,76,0,43,0,80,0,41,0,75,0,45,0,78,0,64,0,83,0,60,0,47,0,,,,,,,,,,,,,,,,,,,,,,,,,,
270531,738,80,Ousmane,Diomande,,12/4/2003 12:00:00 AM,190,2,3,1,Liga Portugal,93,https://ratings-images-prod.pulse.ea.com/FC25/full/player-portraits/p270531.png?padding=0.7,https://ratings-images-prod.pulse.ea.com/FC25/full/player-shields/en/270531.png?width=265,,,,trait1_16,Precision Header,Performs headers with increased accuracy and power.,https://drop-assets.ea.com/images/3ync8fbblS4zLzF3p1VXmT/7752a5103c2ebd8be5cf1819379c66f4/Precision_Header.png,playStyle,Play Style,trait1_1024,Long Ball Pass,"Accurate, faster Lob and Lofted Through Passes",https://drop-assets.ea.com/images/7jwRDD4zkOsqRpc821t73d/16d46d57a5dfc7dd5dd5f8de0fd26a99/Long_Ball_Pass.png,playStyle,Play Style,trait1_16384,Jockey,"Faster Sprint Jockey, better transition speed",https://drop-assets.ea.com/images/7lHjpOBSghE6Ywt1jgVv1C/21f9914d00f073d79d4b46cac71b9087/Jockey.png,playStyle,Play Style,trait1_32768,Block,Increased reach and success in blocking,https://drop-assets.ea.com/images/2Rlftzr8lqUdI29suCQVWe/43c6c36e8bd5fa26b88478d4354611a2/Block.png,playStyle,Play Style,0,Men's Football,108,Côte d'Ivoire,https://drop-assets.ea.com/images/6WOgIUFG0fMJWcKjih5i3K/8d09758d91059b879a2e5521f8d7e616/f_108.png,237,Sporting CP,https://drop-assets.ea.com/images/2bL9oGApMvbYE1o0Byl8KB/c914cde8141f11124f026cb198a0eb00/l237.png,false,5,CB,Center Back,defense,Defense,78,0,63,0,93,0,80,0,90,0,83,0,66,0,69,0,74,0,28,0,25,0,79,0,79,0,70,0,71,0,20,0,24,0,8,0,6,0,15,0,6,0,6,0,79,0,76,0,73,0,22,0,80,0,51,0,39,0,86,0,24,0,73,0,26,0,71,0,40,0,76,0,82,0,82,0,38,0,24,0,,,,,trait1_524288,Aerial Fortress,Performs higher jumps and has physical defensive presence before and during aerial duels,https://drop-assets.ea.com/images/3rsDbUXd3MZX39YTsk6lKe/404db89f2237eeb7466668a730c52a4b/Aerial_Fortress.png,playStyle,Play Style,,,,trait1_268435456,Bruiser,Stronger physical tackles,https://drop-assets.ea.com/images/7euMJ2jVypFrFPQesWuGGm/14019168b12faac1584a2920d5c2d5d9/Bruiser.png,playStyle,Play Style,,,,,,,
220440,739,80,Clément,Lenglet,,6/17/1995 12:00:00 AM,186,2,4,2,LALIGA EA SPORTS,81,https://ratings-images-prod.pulse.ea.com/FC25/full/player-portraits/p220440.png?padding=0.7,https://ratings-images-prod.pulse.ea.com/FC25/full/player-shields/en/220440.png?width=250,,,,,,,,,,,,,,,,,,,,,,,,,,,,0,Men's Football,18,France,https://drop-assets.ea.com/images/3ECAQzhfgSLWRf9IIHB6G8/7e235a7b2f93c1f73db7f89dc03b3657/f_18.png,240,Atlético de Madrid,https://drop-assets.ea.com/images/vYcueolPvaGx8blMqhPZ5/5dc3479fc8b85d475fd980c53fc2056f/l240.png,false,5,CB,Center Back,defense,Defense,52,0,60,0,79,0,71,0,79,0,75,0,58,0,73,0,77,0,55,0,59,0,82,0,83,0,64,0,57,0,39,0,31,0,10,0,10,0,9,0,12,0,7,0,80,0,83,0,75,0,46,0,54,0,69,0,49,0,76,0,54,0,82,0,45,0,81,0,58,0,80,0,56,0,82,0,69,0,37,0,,,,,,,,,,,,,,,,,,,,,,,,,,
203263,741,80,Harry,Maguire,,3/5/1993 12:00:00 AM,193,2,3,1,Premier League,100,https://ratings-images-prod.pulse.ea.com/FC25/full/player-portraits/p203263.png?padding=0.7,https://ratings-images-prod.pulse.ea.com/FC25/full/player-shields/en/203263.png?width=265,,,,trait1_524288,Aerial Fortress,Performs higher jumps and has physical defensive presence before and during aerial duels,https://drop-assets.ea.com/images/3rsDbUXd3MZX39YTsk6lKe/404db89f2237eeb7466668a730c52a4b/Aerial_Fortress.png,playStyle,Play Style,,,,,,,,,,,,,,,,,,,0,Men's Football,14,England,https://drop-assets.ea.com/images/6ZM1OFXGUFeV0ZaYVKj2z/ae88ef17f8cb179fbc1c463f7e1e4bd8/f_14.png,11,Man Utd,https://drop-assets.ea.com/images/5xxJeUfFY6FEQZEJyJK35/990979becf88b88ecb6461dc441c2ebf/l11.png,false,5,CB,Center Back,defense,Defense,37,0,33,0,80,0,66,0,89,0,84,0,33,0,71,0,79,0,51,0,67,0,80,0,80,0,65,0,68,0,48,0,46,0,14,0,16,0,9,0,14,0,9,0,84,0,82,0,82,0,50,0,35,0,70,0,68,0,82,0,61,0,78,0,57,0,79,0,82,0,75,0,34,0,80,0,69,0,49,0,,,,,,,,,,,,,,,,,,,,,,,,,,
269493,742,80,Alexsandro,de Souza Ribeiro,Alexsandro,8/9/1999 12:00:00 AM,191,2,5,2,Ligue 1 McDonald's,92,https://ratings-images-prod.pulse.ea.com/FC25/full/player-portraits/p269493.png?padding=0.7,https://ratings-images-prod.pulse.ea.com/FC25/full/player-shields/en/269493.png?width=265,,,,trait1_32768,Block,Increased reach and success in blocking,https://drop-assets.ea.com/images/2Rlftzr8lqUdI29suCQVWe/43c6c36e8bd5fa26b88478d4354611a2/Block.png,playStyle,Play Style,trait1_65536,Intercept,Increased reach and possession retention in interceptions,https://drop-assets.ea.com/images/5ysv7Iw8jDHl7sp1JXqIa7/d34004fed8c95bde083dcf8257391a70/Intercept.png,playStyle,Play Style,trait1_131072,Anticipate,"Improved standing tackle success, possibility of stopping ball at feet",https://drop-assets.ea.com/images/4xPnUcL7thizFB7qmhlwUR/1ade7a0f77d5e875c2db869964540a35/Anticipate.png,playStyle,Play Style,trait1_524288,Aerial Fortress,Performs higher jumps and has physical defensive presence before and during aerial duels,https://drop-assets.ea.com/images/3rsDbUXd3MZX39YTsk6lKe/404db89f2237eeb7466668a730c52a4b/Aerial_Fortress.png,playStyle,Play Style,0,Men's Football,54,Brazil,https://drop-assets.ea.com/images/1zdNn1R9tRlfQ3lsbAOecD/a606f742789b6306363383a6e20dd003/f_54.png,65,LOSC Lille,https://drop-assets.ea.com/images/tfbRaZiFuJ9jTer1qcf0Z/95171efd06d2494735c0e8a7c5aa9df2/l65.png,false,5,CB,Center Back,defense,Defense,56,0,38,0,83,0,72,0,84,0,82,0,35,0,68,0,77,0,44,0,51,0,80,0,79,0,59,0,56,0,34,0,34,0,14,0,15,0,9,0,11,0,7,0,80,0,80,0,72,0,37,0,66,0,63,0,48,0,81,0,15,0,79,0,40,0,75,0,62,0,76,0,74,0,82,0,64,0,32,0,,,,,,,,,,,,,,,,,,,,,,,,,,
213661,743,80,Andreas,Christensen,,4/10/1996 12:00:00 AM,187,2,3,1,LALIGA EA SPORTS,82,https://ratings-images-prod.pulse.ea.com/FC25/full/player-portraits/p213661.png?padding=0.7,https://ratings-images-prod.pulse.ea.com/FC25/full/player-shields/en/213661.png?width=250,14,Center Midfielder,CM,,,,,,,,,,,,,,,,,,,,,,,,,0,Men's Football,13,Denmark,https://drop-assets.ea.com/images/6ueYG8kGNCY97fHWQ6LIZ7/9ad4b50beeb1d0d2a5d2bb5a8891336f/f_13.png,241,FC Barcelona,https://drop-assets.ea.com/images/5VXhqALaBzgvb2YG8iJxlq/990024f3e3ecc9e6c37eae41ebef86bd/l241.png,true,5,CB,Center Back,defense,Defense,52,0,60,0,78,0,67,0,78,0,73,0,61,0,77,0,79,0,51,0,41,0,81,0,82,0,70,0,67,0,36,0,39,0,10,0,12,0,8,0,6,0,8,0,78,0,82,0,79,0,20,0,64,0,67,0,36,0,74,0,32,0,80,0,32,0,81,0,37,0,80,0,73,0,82,0,62,0,25,0,,,,,,,,,,,,,,,,,,,,,,,,,,
202695,745,80,James,Tarkowski,,11/19/1992 12:00:00 AM,188,2,4,1,Premier League,81,https://ratings-images-prod.pulse.ea.com/FC25/full/player-portraits/p202695.png?padding=0.7,https://ratings-images-prod.pulse.ea.com/FC25/full/player-shields/en/202695.png?width=265,,,,trait1_1024,Long Ball Pass,"Accurate, faster Lob and Lofted Through Passes",https://drop-assets.ea.com/images/7jwRDD4zkOsqRpc821t73d/16d46d57a5dfc7dd5dd5f8de0fd26a99/Long_Ball_Pass.png,playStyle,Play Style,trait1_32768,Block,Increased reach and success in blocking,https://drop-assets.ea.com/images/2Rlftzr8lqUdI29suCQVWe/43c6c36e8bd5fa26b88478d4354611a2/Block.png,playStyle,Play Style,trait1_65536,Intercept,Increased reach and possession retention in interceptions,https://drop-assets.ea.com/images/5ysv7Iw8jDHl7sp1JXqIa7/d34004fed8c95bde083dcf8257391a70/Intercept.png,playStyle,Play Style,trait1_524288,Aerial Fortress,Performs higher jumps and has physical defensive presence before and during aerial duels,https://drop-assets.ea.com/images/3rsDbUXd3MZX39YTsk6lKe/404db89f2237eeb7466668a730c52a4b/Aerial_Fortress.png,playStyle,Play Style,0,Men's Football,14,England,https://drop-assets.ea.com/images/6ZM1OFXGUFeV0ZaYVKj2z/ae88ef17f8cb179fbc1c463f7e1e4bd8/f_14.png,7,Everton,https://drop-assets.ea.com/images/6Cth6wtCt1i37ZjPMZKIm3/4c68def58bf71a34afa1870cad4d5cfe/l7.png,false,5,CB,Center Back,defense,Defense,41,0,52,0,80,0,68,0,86,0,89,0,47,0,64,0,75,0,59,0,54,0,81,0,81,0,59,0,55,0,40,0,53,0,14,0,8,0,12,0,9,0,7,0,82,0,78,0,73,0,38,0,45,0,64,0,52,0,82,0,43,0,79,0,47,0,66,0,69,0,84,0,49,0,83,0,62,0,50,0,,,,,,,,,,,,,,,,,,,,,,,,,,
189881,747,80,Chris,Smalling,,11/22/1989 12:00:00 AM,194,2,3,1,ROSHN Saudi League,81,https://ratings-images-prod.pulse.ea.com/FC25/full/player-portraits/p189881.png?padding=0.7,https://ratings-images-prod.pulse.ea.com/FC25/full/player-shields/en/189881.png?width=265,,,,trait1_16384,Jockey,"Faster Sprint Jockey, better transition speed",https://drop-assets.ea.com/images/7lHjpOBSghE6Ywt1jgVv1C/21f9914d00f073d79d4b46cac71b9087/Jockey.png,playStyle,Play Style,,,,,,,,,,,,,,,,,,,0,Men's Football,14,England,https://drop-assets.ea.com/images/6ZM1OFXGUFeV0ZaYVKj2z/ae88ef17f8cb179fbc1c463f7e1e4bd8/f_14.png,113057,Al Fayha,https://drop-assets.ea.com/images/3u5Hyla3Uqp1SDvPyS2X5x/78a5bea18628d97e18761d19113d5cec/l113057.png,false,5,CB,Center Back,defense,Defense,34,0,37,0,78,0,64,0,83,0,77,0,36,0,64,0,79,0,52,0,49,0,83,0,83,0,59,0,58,0,54,0,22,0,10,0,15,0,16,0,15,0,15,0,85,0,82,0,62,0,35,0,45,0,57,0,52,0,77,0,51,0,78,0,47,0,63,0,42,0,81,0,54,0,82,0,58,0,49,0,,,,,,,,,,,,,,,,,,,,,,,,,,
262881,748,79,Richard,Ríos,,6/2/2000 12:00:00 AM,187,3,3,1,Liga Portugal,77,https://ratings-images-prod.pulse.ea.com/FC25/full/player-portraits/p262881.png?padding=0.7,https://ratings-images-prod.pulse.ea.com/FC25/full/player-shields/en/262881.png?width=265,10,Center Defensive Midfielder,CDM,trait1_32768,Block,Increased reach and success in blocking,https://drop-assets.ea.com/images/2Rlftzr8lqUdI29suCQVWe/43c6c36e8bd5fa26b88478d4354611a2/Block.png,playStyle,Play Style,trait1_4194304,First Touch,"Reduced trapping error, faster dribbling transition",https://drop-assets.ea.com/images/3f727XsoDVLbT49oMk0HBu/2787568be8ccb2d5daa2d18fabacad97/First_Touch.png,playStyle,Play Style,trait1_16777216,Press Proven,"Close control at jog speed, shields ball more effectively",https://drop-assets.ea.com/images/5rUHwyLJRnvGV53Ba4Pj6M/9a3238695ae8103667ba02af391ac209/Press_Proven.png,playStyle,Play Style,trait1_67108864,Relentless,"Increased half time fatigue recovery, longer teammate contain and press",https://drop-assets.ea.com/images/2vVuRxgvPNaAuFGqZZ9nDY/3e2505addd5a6b353becdeaf7173d187/Relentless.png,playStyle,Play Style,0,Men's Football,56,Colombia,https://drop-assets.ea.com/images/JphMzcFrWU7Uo2jq6GSep/d909b5b6000d5bf7515600d2c6db6375/f_56.png,234,SL Benfica,https://drop-assets.ea.com/images/2DamHkQ1ZP1CYVjFPp6ofg/3e07292021842fdadb7aaaa84e7473aa/l234.png,false,14,CM,Center Midfielder,midfielder,Midfielder,83,0,84,0,78,0,88,0,79,0,85,0,79,0,83,0,80,0,74,0,73,0,72,0,74,0,82,0,82,0,67,0,72,0,9,0,10,0,14,0,6,0,10,0,52,0,68,0,78,0,75,0,81,0,77,0,53,0,82,0,62,0,83,0,70,0,80,0,78,0,71,0,80,0,79,0,78,0,70,0,,,,,trait1_536870912,Enforcer,Performs dribble Shoulder Challenges and Shielding with increased effectiveness.,https://drop-assets.ea.com/images/2sNQz8b9dgV0hW8vl7oOvV/d7a503dbd4c73b232055b3ca06aa88eb/Enforcer.png,playStyle,Play Style,,,,,,,,,,,,,,,,
211093,750,79,Callum,McGregor,,6/14/1993 12:00:00 AM,178,4,4,2,Scottish Prem,74,https://ratings-images-prod.pulse.ea.com/FC25/full/player-portraits/p211093.png?padding=0.7,https://ratings-images-prod.pulse.ea.com/FC25/full/player-shields/en/211093.png?width=265,14,Center Midfielder,CM,trait1_4,Power Shot,Faster power shots with increased speed,https://drop-assets.ea.com/images/3ohVoKWSsvT44qgjabWqfV/e536ef26ad854c3c4cbf63ed7954b9cd/Power_Shot.png,playStyle,Play Style,trait1_512,Pinged Pass,Faster ground passes without affecting receiver's trapping,https://drop-assets.ea.com/images/1mXBWIBgJSpYoIa1C4r5FX/7220e78a4049530f4e9fa642b1656fa4/Pinged_Pass.png,playStyle,Play Style,trait1_1024,Long Ball Pass,"Accurate, faster Lob and Lofted Through Passes",https://drop-assets.ea.com/images/7jwRDD4zkOsqRpc821t73d/16d46d57a5dfc7dd5dd5f8de0fd26a99/Long_Ball_Pass.png,playStyle,Play Style,trait1_16777216,Press Proven,"Close control at jog speed, shields ball more effectively",https://drop-assets.ea.com/images/5rUHwyLJRnvGV53Ba4Pj6M/9a3238695ae8103667ba02af391ac209/Press_Proven.png,playStyle,Play Style,0,Men's Football,42,Scotland,https://drop-assets.ea.com/images/3LfmKqyBykOGZyfdSpENTr/ec3733dfa9526c8f6da96bf0f8c7448e/f_42.png,78,Celtic,https://drop-assets.ea.com/images/16GwjVn0vBxAdBx5F4uW0q/6a96b7c86f98010e0b9cd943dc48d4ca/l78.png,false,10,CDM,Center Defensive Midfielder,midfielder,Midfielder,80,0,83,0,72,0,93,0,69,0,81,0,86,0,83,0,83,0,68,0,75,0,72,0,76,0,80,0,76,0,74,0,61,0,15,0,10,0,8,0,8,0,13,0,54,0,71,0,79,0,79,0,77,0,78,0,66,0,78,0,78,0,80,0,76,0,84,0,80,0,72,0,75,0,74,0,80,0,75,0,,,,,trait1_67108864,Relentless,"Increased half time fatigue recovery, longer teammate contain and press",https://drop-assets.ea.com/images/2vVuRxgvPNaAuFGqZZ9nDY/3e2505addd5a6b353becdeaf7173d187/Relentless.png,playStyle,Play Style,,,,,,,,,,,,,,,,
246321,751,79,Daizen,Maeda,,10/20/1997 12:00:00 AM,173,2,4,1,Scottish Prem,68,https://ratings-images-prod.pulse.ea.com/FC25/full/player-portraits/p246321.png?padding=0.7,https://ratings-images-prod.pulse.ea.com/FC25/full/player-shields/en/246321.png?width=265,25,Striker,ST,trait1_16,Precision Header,Performs headers with increased accuracy and power.,https://drop-assets.ea.com/images/3ync8fbblS4zLzF3p1VXmT/7752a5103c2ebd8be5cf1819379c66f4/Precision_Header.png,playStyle,Play Style,trait1_32,Acrobatic,"Perform volleys with increased accuracy, acrobatic volley animations",https://drop-assets.ea.com/images/2sRRBHcIe0zrDwYaRI2xG3/d02b8c8855de853470897009e030eb5d/Acrobatic.png,playStyle,Play Style,trait1_128,Gamechanger,Fancy and Trivela shots are performed with improved accuracy.,https://drop-assets.ea.com/images/2v8I0GQrtREaEJzJcyStKe/e46d719e4e5ed88ac5a1f671c7448f4a/Gamechanger.png,playStyle,Play Style,trait1_2097152,Rapid,"Higher sprint speed while dribbling, reduced error on knock-ons",https://drop-assets.ea.com/images/1aGsvwKyIFlRG1eoJSS0Ot/a4d3d661ff962795a632fe86439d2146/Rapid.png,playStyle,Play Style,0,Men's Football,163,Japan,https://drop-assets.ea.com/images/1aoxCwnRS4A6LGlyhrUllt/b5b0cd61a299b9996821c16cc324cc3b/f_163.png,78,Celtic,https://drop-assets.ea.com/images/16GwjVn0vBxAdBx5F4uW0q/6a96b7c86f98010e0b9cd943dc48d4ca/l78.png,false,27,LW,Left Wing,attack,Attack,94,0,92,0,88,0,95,0,67,0,85,0,88,0,71,0,76,0,69,0,75,0,65,0,65,0,76,0,73,0,82,0,57,0,5,0,9,0,5,0,9,0,12,0,77,0,62,0,57,0,75,0,92,0,70,0,64,0,79,0,84,0,85,0,79,0,74,0,78,0,59,0,91,0,64,0,76,0,79,0,,23,Right Wing,RW,trait1_33554432,Quick Step,Faster acceleration during Explosive Sprint,https://drop-assets.ea.com/images/1xG25Zp3wvkLA5YewKiZah/f27f5fabd1e899fc0bbb817d2db233b1/Quick_Step.png,playStyle,Play Style,16,Left Midfielder,LM,icontrait1_67108864,Relentless+,"Max half time fatigue recovery, longer teammate contain and press",https://drop-assets.ea.com/images/3hFTQQe2XXOx9eQjAFTAPF/48efd1569027da6e1c5e65259211febb/Relentless_.png,playStylePlus,Play Style Plus,,,,,,,
250723,752,79,Kouadio Manu,Koné,,5/17/2001 12:00:00 AM,185,4,3,1,Serie A Enilive,80,https://ratings-images-prod.pulse.ea.com/FC25/full/player-portraits/p250723.png?padding=0.7,https://ratings-images-prod.pulse.ea.com/FC25/full/player-shields/en/250723.png?width=265,,,,trait1_4,Power Shot,Faster power shots with increased speed,https://drop-assets.ea.com/images/3ohVoKWSsvT44qgjabWqfV/e536ef26ad854c3c4cbf63ed7954b9cd/Power_Shot.png,playStyle,Play Style,trait1_512,Pinged Pass,Faster ground passes without affecting receiver's trapping,https://drop-assets.ea.com/images/1mXBWIBgJSpYoIa1C4r5FX/7220e78a4049530f4e9fa642b1656fa4/Pinged_Pass.png,playStyle,Play Style,trait1_1048576,Technical,"Faster Controlled Sprint, precise wide turns while dribbling",https://drop-assets.ea.com/images/5Esx7NK4YBU44O4bo07rvb/69ca9417da7fd07905f6c6956ad93f6d/Technical.png,playStyle,Play Style,trait1_67108864,Relentless,"Increased half time fatigue recovery, longer teammate contain and press",https://drop-assets.ea.com/images/2vVuRxgvPNaAuFGqZZ9nDY/3e2505addd5a6b353becdeaf7173d187/Relentless.png,playStyle,Play Style,0,Men's Football,18,France,https://drop-assets.ea.com/images/3ECAQzhfgSLWRf9IIHB6G8/7e235a7b2f93c1f73db7f89dc03b3657/f_18.png,52,AS Roma,https://drop-assets.ea.com/images/2ruQP0TDYcCmtVFKr9qMBI/5f53795056598b1faac31300900b8671/l52.png,false,14,CM,Center Midfielder,midfielder,Midfielder,77,0,79,0,83,0,82,0,82,0,82,0,72,0,83,0,75,0,70,0,70,0,74,0,69,0,81,0,82,0,71,0,53,0,11,0,10,0,11,0,9,0,10,0,68,0,76,0,76,0,76,0,74,0,75,0,54,0,82,0,75,0,79,0,74,0,80,0,86,0,71,0,72,0,79,0,75,0,55,0,,,,,,,,,,,,,,,,,,,,,,,,,,
251377,753,79,Rodrigo,Zalazar,,8/12/1999 12:00:00 AM,178,3,4,1,Liga Portugal,70,https://ratings-images-prod.pulse.ea.com/FC25/full/player-portraits/p251377.png?padding=0.7,https://ratings-images-prod.pulse.ea.com/FC25/full/player-shields/en/251377.png?width=265,14,Center Midfielder,CM,trait1_1,Finesse Shot,Faster finesse shots with more curve and accuracy,https://drop-assets.ea.com/images/468u1R1p2k1fA6WBHi0OEn/fb9d49ed2a8fb500cd5a184937b96b34/Finesse_Shot.png,playStyle,Play Style,trait1_4,Power Shot,Faster power shots with increased speed,https://drop-assets.ea.com/images/3ohVoKWSsvT44qgjabWqfV/e536ef26ad854c3c4cbf63ed7954b9cd/Power_Shot.png,playStyle,Play Style,trait1_128,Gamechanger,Fancy and Trivela shots are performed with improved accuracy.,https://drop-assets.ea.com/images/2v8I0GQrtREaEJzJcyStKe/e46d719e4e5ed88ac5a1f671c7448f4a/Gamechanger.png,playStyle,Play Style,trait1_256,Incisive Pass,"Accurate through passes, curvier swerve passes, faster precision passes",https://drop-assets.ea.com/images/2K5BYfVYRnrdjt8F3hwI04/62f147b6a436c107bfa3d042c1d5728d/Incisive_Pass.png,playStyle,Play Style,0,Men's Football,60,Uruguay,https://drop-assets.ea.com/images/GRwJwZ17RfDveZX4N4L78/25beda9babb2d93a8ff7bb5487eb263b/f_60.png,1896,SC Braga,https://drop-assets.ea.com/images/4qjtfL57Y3CxvssFaOwnJT/08cfda01d445741b93fd0f8163a4b267/l1896.png,false,18,CAM,Center Attacking Midfielder,midfielder,Midfielder,77,0,85,0,71,0,84,0,68,0,79,0,77,0,81,0,78,0,74,0,83,0,67,0,67,0,78,0,75,0,80,0,76,0,7,0,7,0,9,0,5,0,12,0,54,0,72,0,81,0,84,0,80,0,79,0,67,0,74,0,78,0,75,0,81,0,80,0,88,0,62,0,82,0,69,0,80,0,70,0,,12,Right Midfielder,RM,trait1_4096,Whipped Pass,"Accurate, faster crosses with more curve",https://drop-assets.ea.com/images/FfTP29PWrRWZjEaiCCVoa/a1b345e4ae7023ed78b1efd68d28f392/Whipped_Pass.png,playStyle,Play Style,,,,trait1_524288,Aerial Fortress,Performs higher jumps and has physical defensive presence before and during aerial duels,https://drop-assets.ea.com/images/3rsDbUXd3MZX39YTsk6lKe/404db89f2237eeb7466668a730c52a4b/Aerial_Fortress.png,playStyle,Play Style,,trait1_1048576,Technical,"Faster Controlled Sprint, precise wide turns while dribbling",https://drop-assets.ea.com/images/5Esx7NK4YBU44O4bo07rvb/69ca9417da7fd07905f6c6956ad93f6d/Technical.png,playStyle,Play Style
253124,754,79,Matheus,Luiz Nunes,Matheus Nunes,8/27/1998 12:00:00 AM,184,3,3,1,Premier League,78,https://ratings-images-prod.pulse.ea.com/FC25/full/player-portraits/p253124.png?padding=0.7,https://ratings-images-prod.pulse.ea.com/FC25/full/player-shields/en/253124.png?width=265,14,Center Midfielder,CM,trait1_16777216,Press Proven,"Close control at jog speed, shields ball more effectively",https://drop-assets.ea.com/images/5rUHwyLJRnvGV53Ba4Pj6M/9a3238695ae8103667ba02af391ac209/Press_Proven.png,playStyle,Play Style,,,,,,,,,,,,,,,,,,,0,Men's Football,38,Portugal,https://drop-assets.ea.com/images/3CxRD7XqY2NSlZ3628fY4S/abf38470644ee334e6a425b9272f7767/f_38.png,10,Manchester City,https://drop-assets.ea.com/images/4asmNLic4aQn6cjlEg1t5u/88bea3ddd6c1f620bbf813041f248685/l10.png,false,3,RB,Right Back,defense,Defense,78,0,78,0,74,0,79,0,74,0,76,0,71,0,80,0,75,0,73,0,74,0,73,0,74,0,79,0,79,0,69,0,58,0,13,0,10,0,12,0,12,0,13,0,53,0,78,0,79,0,68,0,85,0,76,0,62,0,76,0,75,0,78,0,70,0,80,0,77,0,74,0,91,0,75,0,77,0,59,0,,12,Right Midfielder,RM,,,,,,,,,,,,,,,,,,,,,,
212811,755,79,Mario,Lemina,,9/1/1993 12:00:00 AM,184,3,4,1,Trendyol Süper Lig,85,https://ratings-images-prod.pulse.ea.com/FC25/full/player-portraits/p212811.png?padding=0.7,https://ratings-images-prod.pulse.ea.com/FC25/full/player-shields/en/212811.png?width=265,14,Center Midfielder,CM,trait1_1024,Long Ball Pass,"Accurate, faster Lob and Lofted Through Passes",https://drop-assets.ea.com/images/7jwRDD4zkOsqRpc821t73d/16d46d57a5dfc7dd5dd5f8de0fd26a99/Long_Ball_Pass.png,playStyle,Play Style,trait1_8192,Inventive,Fancy and Trivela passes are performed with improved accuracy.,https://drop-assets.ea.com/images/4fpo31RdL5T0vrzNqcSc4x/f82209bfd51270dcc447d4313b3e61f1/Inventive.png,playStyle,Play Style,trait1_65536,Intercept,Increased reach and possession retention in interceptions,https://drop-assets.ea.com/images/5ysv7Iw8jDHl7sp1JXqIa7/d34004fed8c95bde083dcf8257391a70/Intercept.png,playStyle,Play Style,trait1_1048576,Technical,"Faster Controlled Sprint, precise wide turns while dribbling",https://drop-assets.ea.com/images/5Esx7NK4YBU44O4bo07rvb/69ca9417da7fd07905f6c6956ad93f6d/Technical.png,playStyle,Play Style,0,Men's Football,115,Gabon,https://drop-assets.ea.com/images/55GT4qTlxAxrNcuMpjjWV5/a4515bb031e39a8429c665b0d321810f/f_115.png,325,Galatasaray,https://drop-assets.ea.com/images/6P5sN0m3ZRE23vjlT8gh5q/f7f9acf3a7be5ea12f889d93dbdfd48f/l325.png,false,10,CDM,Center Defensive Midfielder,midfielder,Midfielder,76,0,77,0,91,0,83,0,83,0,82,0,75,0,76,0,80,0,71,0,77,0,78,0,77,0,76,0,76,0,59,0,66,0,12,0,9,0,15,0,8,0,16,0,80,0,79,0,78,0,73,0,79,0,75,0,68,0,83,0,68,0,79,0,67,0,78,0,80,0,75,0,81,0,77,0,75,0,66,0,,,,,trait1_67108864,Relentless,"Increased half time fatigue recovery, longer teammate contain and press",https://drop-assets.ea.com/images/2vVuRxgvPNaAuFGqZZ9nDY/3e2505addd5a6b353becdeaf7173d187/Relentless.png,playStyle,Play Style,,,,,,,,,,,,,,,,
227890,756,79,Nuno Miguel,Gomes dos Santos,Nuno Santos,2/13/1995 12:00:00 AM,177,5,2,2,Liga Portugal,71,https://ratings-images-prod.pulse.ea.com/FC25/full/player-portraits/p227890.png?padding=0.7,https://ratings-images-prod.pulse.ea.com/FC25/full/player-shields/en/227890.png?width=265,7,Left Back,LB,trait1_2,Chip Shot,"Faster, more accurate chip shots",https://drop-assets.ea.com/images/6Gl08kt7odn1fJNX74CS2P/984feac3cd8d99902f5cb5131d5fd26a/Chip_Shot.png,playStyle,Play Style,trait1_4,Power Shot,Faster power shots with increased speed,https://drop-assets.ea.com/images/3ohVoKWSsvT44qgjabWqfV/e536ef26ad854c3c4cbf63ed7954b9cd/Power_Shot.png,playStyle,Play Style,trait1_128,Gamechanger,Fancy and Trivela shots are performed with improved accuracy.,https://drop-assets.ea.com/images/2v8I0GQrtREaEJzJcyStKe/e46d719e4e5ed88ac5a1f671c7448f4a/Gamechanger.png,playStyle,Play Style,trait1_4096,Whipped Pass,"Accurate, faster crosses with more curve",https://drop-assets.ea.com/images/FfTP29PWrRWZjEaiCCVoa/a1b345e4ae7023ed78b1efd68d28f392/Whipped_Pass.png,playStyle,Play Style,0,Men's Football,38,Portugal,https://drop-assets.ea.com/images/3CxRD7XqY2NSlZ3628fY4S/abf38470644ee334e6a425b9272f7767/f_38.png,237,Sporting CP,https://drop-assets.ea.com/images/2bL9oGApMvbYE1o0Byl8KB/c914cde8141f11124f026cb198a0eb00/l237.png,false,16,LM,Left Midfielder,midfielder,Midfielder,81,0,76,0,75,0,77,0,69,0,79,0,71,0,80,0,74,0,79,0,79,0,69,0,73,0,79,0,80,0,79,0,78,0,14,0,7,0,8,0,9,0,15,0,59,0,70,0,73,0,81,0,79,0,76,0,71,0,73,0,80,0,78,0,81,0,75,0,86,0,64,0,78,0,70,0,76,0,84,0,,27,Left Wing,LW,trait1_4194304,First Touch,"Reduced trapping error, faster dribbling transition",https://drop-assets.ea.com/images/3f727XsoDVLbT49oMk0HBu/2787568be8ccb2d5daa2d18fabacad97/First_Touch.png,playStyle,Play Style,,,,trait1_67108864,Relentless,"Increased half time fatigue recovery, longer teammate contain and press",https://drop-assets.ea.com/images/2vVuRxgvPNaAuFGqZZ9nDY/3e2505addd5a6b353becdeaf7173d187/Relentless.png,playStyle,Play Style,,,,,,,
183512,757,79,Yuri,Berchiche Izeta,Yuri Berchiche,2/10/1990 12:00:00 AM,181,3,3,2,LALIGA EA SPORTS,80,https://ratings-images-prod.pulse.ea.com/FC25/full/player-portraits/p183512.png?padding=0.7,https://ratings-images-prod.pulse.ea.com/FC25/full/player-shields/en/183512.png?width=265,16,Left Midfielder,LM,trait1_262144,Slide Tackle,Stops ball at feet during slide tackles,https://drop-assets.ea.com/images/7mI1lrxE0pv9iJfQFki9OA/8c1ecac325f923e049be72231c8c968a/Slide_Tackle.png,playStyle,Play Style,,,,,,,,,,,,,,,,,,,0,Men's Football,45,Spain,https://drop-assets.ea.com/images/Kv8okAYMsDbB3ZKbxrAXw/9d30c88d16a4c85002f35c6af412c6f7/f_45.png,448,Athletic Club,https://drop-assets.ea.com/images/5lGGXYvaOCdAYlo8xWPzQb/7092243785809519c68b482ad21b2c41/l448.png,false,7,LB,Left Back,defense,Defense,81,0,74,0,88,0,79,0,81,0,85,0,81,0,76,0,78,0,77,0,80,0,77,0,77,0,75,0,72,0,61,0,55,0,12,0,13,0,9,0,8,0,11,0,73,0,77,0,72,0,76,0,79,0,74,0,59,0,82,0,62,0,80,0,68,0,77,0,82,0,73,0,77,0,78,0,71,0,65,0,,,,,,,,,,,,,,,,,,,,,,,,,,
234574,758,79,José Diogo,Dalot Teixeira,Diogo Dalot,3/18/1999 12:00:00 AM,183,4,4,1,Premier League,76,https://ratings-images-prod.pulse.ea.com/FC25/full/player-portraits/p234574.png?padding=0.7,https://ratings-images-prod.pulse.ea.com/FC25/full/player-shields/en/234574.png?width=265,7,Left Back,LB,trait1_1024,Long Ball Pass,"Accurate, faster Lob and Lofted Through Passes",https://drop-assets.ea.com/images/7jwRDD4zkOsqRpc821t73d/16d46d57a5dfc7dd5dd5f8de0fd26a99/Long_Ball_Pass.png,playStyle,Play Style,trait1_65536,Intercept,Increased reach and possession retention in interceptions,https://drop-assets.ea.com/images/5ysv7Iw8jDHl7sp1JXqIa7/d34004fed8c95bde083dcf8257391a70/Intercept.png,playStyle,Play Style,trait1_262144,Slide Tackle,Stops ball at feet during slide tackles,https://drop-assets.ea.com/images/7mI1lrxE0pv9iJfQFki9OA/8c1ecac325f923e049be72231c8c968a/Slide_Tackle.png,playStyle,Play Style,trait1_134217728,Long Throw,Powerful throw-ins for greater distance,https://drop-assets.ea.com/images/51OlohNQvoEwW0aLhknAHh/58fa7d903d10f6d8cfa2622f62ba6b6f/Long_Throw.png,playStyle,Play Style,0,Men's Football,38,Portugal,https://drop-assets.ea.com/images/3CxRD7XqY2NSlZ3628fY4S/abf38470644ee334e6a425b9272f7767/f_38.png,11,Man Utd,https://drop-assets.ea.com/images/5xxJeUfFY6FEQZEJyJK35/990979becf88b88ecb6461dc441c2ebf/l11.png,false,3,RB,Right Back,defense,Defense,84,0,74,0,85,0,81,0,74,0,82,0,74,0,76,0,76,0,75,0,79,0,76,0,74,0,77,0,78,0,54,0,52,0,10,0,6,0,10,0,6,0,8,0,71,0,78,0,74,0,69,0,85,0,74,0,47,0,78,0,75,0,75,0,63,0,76,0,81,0,78,0,86,0,76,0,75,0,44,0,,12,Right Midfielder,RM,,,,,,,,,,,,,,,,,,,,,,
200159,760,79,Stefan,Ortega,,11/6/1992 12:00:00 AM,185,1,4,1,Premier League,88,https://ratings-images-prod.pulse.ea.com/FC25/full/player-portraits/p200159.png?padding=0.7,https://ratings-images-prod.pulse.ea.com/FC25/full/player-shields/en/200159.png?width=250,,,,trait2_2,Footwork,"Exclusive foot saves, better performance on low shots",https://drop-assets.ea.com/images/1s2muXoHUmP1T0vGYKXSl1/6d265b13804069371f16a58788703a33/Footwork.png,playStyle,Play Style,trait2_16,Far Reach,"Unique far dive animations, better long shot saves",https://drop-assets.ea.com/images/7zbtymM2pCbANuM7wKFYZU/698e8ece65867df97e61189ac6666463/Far_Reach.png,playStyle,Play Style,,,,,,,,,,,,,0,Men's Football,21,Germany,https://drop-assets.ea.com/images/6IIMMGk0Uj1rcZ6DSHTpLL/93f95b602dc62594104f418c8f80ebb3/f_21.png,10,Manchester City,https://drop-assets.ea.com/images/4asmNLic4aQn6cjlEg1t5u/88bea3ddd6c1f620bbf813041f248685/l10.png,false,0,GK,Goalkeeper,defense,Defense,51,0,42,0,73,0,33,0,73,0,29,0,54,0,41,0,56,0,18,0,30,0,52,0,29,0,81,0,26,0,15,0,12,0,78,0,77,0,85,0,78,0,81,0,20,0,27,0,60,0,12,0,78,0,85,0,24,0,78,0,10,0,75,0,77,0,50,0,64,0,15,0,53,0,12,0,66,0,13,0,,,,,,,,,,,,,,,,,,,,,,,,,,
205186,761,79,Paulo,Gazzaniga,,1/2/1992 12:00:00 AM,196,1,3,1,LALIGA EA SPORTS,90,https://ratings-images-prod.pulse.ea.com/FC25/full/player-portraits/p205186.png?padding=0.7,https://ratings-images-prod.pulse.ea.com/FC25/full/player-shields/en/205186.png?width=250,,,,trait2_2,Footwork,"Exclusive foot saves, better performance on low shots",https://drop-assets.ea.com/images/1s2muXoHUmP1T0vGYKXSl1/6d265b13804069371f16a58788703a33/Footwork.png,playStyle,Play Style,trait2_4,Cross Claimer,"Unique punching animations, powerful punches, faster crosses coverage",https://drop-assets.ea.com/images/4Uvgm6UNiSz3say1zZqKDC/51837f53072d5e01063699f6d2b7401a/Cross_Claimer.png,playStyle,Play Style,,,,,,,,,,,,,0,Men's Football,52,Argentina,https://drop-assets.ea.com/images/4xMXjEt7CFJ6JENYeG45Sk/836d733dc1642c5e4ab3338d91481436/f_52.png,110062,Girona FC,https://drop-assets.ea.com/images/40lM20ITshJSKsZtWMGQ8m/3f11cea65b14635cc29654b6ba13c0b6/l110062.png,false,0,GK,Goalkeeper,defense,Defense,57,0,65,0,66,0,42,0,55,0,40,0,60,0,31,0,61,0,23,0,31,0,57,0,23,0,78,0,20,0,12,0,21,0,79,0,78,0,81,0,78,0,78,0,14,0,19,0,52,0,19,0,79,0,81,0,40,0,78,0,15,0,77,0,78,0,49,0,61,0,14,0,56,0,21,0,64,0,13,0,,,,,,,,,,,,,,,,,,,,,,,,,,
188377,762,79,Kyle,Walker,,5/28/1990 12:00:00 AM,183,3,2,1,Premier League,83,https://ratings-images-prod.pulse.ea.com/FC25/full/player-portraits/p188377.png?padding=0.7,https://ratings-images-prod.pulse.ea.com/FC25/full/player-shields/en/188377.png?width=265,12,Right Midfielder,RM,trait1_4,Power Shot,Faster power shots with increased speed,https://drop-assets.ea.com/images/3ohVoKWSsvT44qgjabWqfV/e536ef26ad854c3c4cbf63ed7954b9cd/Power_Shot.png,playStyle,Play Style,trait1_16384,Jockey,"Faster Sprint Jockey, better transition speed",https://drop-assets.ea.com/images/7lHjpOBSghE6Ywt1jgVv1C/21f9914d00f073d79d4b46cac71b9087/Jockey.png,playStyle,Play Style,trait1_2097152,Rapid,"Higher sprint speed while dribbling, reduced error on knock-ons",https://drop-assets.ea.com/images/1aGsvwKyIFlRG1eoJSS0Ot/a4d3d661ff962795a632fe86439d2146/Rapid.png,playStyle,Play Style,trait1_134217728,Long Throw,Powerful throw-ins for greater distance,https://drop-assets.ea.com/images/51OlohNQvoEwW0aLhknAHh/58fa7d903d10f6d8cfa2622f62ba6b6f/Long_Throw.png,playStyle,Play Style,0,Men's Football,14,England,https://drop-assets.ea.com/images/6ZM1OFXGUFeV0ZaYVKj2z/ae88ef17f8cb179fbc1c463f7e1e4bd8/f_14.png,1796,Burnley,https://drop-assets.ea.com/images/6CqBvyQgjJzPA5vU64paT8/03d21bd0df65afa73b752f66ca5c1714/l1796.png,false,3,RB,Right Back,defense,Defense,78,0,66,0,85,0,72,0,77,0,84,0,66,0,78,0,75,0,76,0,76,0,77,0,75,0,76,0,78,0,51,0,71,0,12,0,6,0,16,0,15,0,8,0,72,0,77,0,78,0,69,0,80,0,75,0,63,0,78,0,68,0,78,0,64,0,78,0,87,0,80,0,81,0,79,0,69,0,57,0,,,,,,,,,,,,,,,,,,,,,,,,,,
