id,rank,overallRating,firstName,lastName,commonName,birthdate,height,skillMoves,weakFootAbility,preferredFoot,leagueName,weight,avatarUrl,shieldUrl,alternatePositions/0/id,alternatePositions/0/label,alternatePositions/0/shortLabel,playerAbilities/0/id,playerAbilities/0/label,playerAbilities/0/description,playerAbilities/0/imageUrl,playerAbilities/0/type/id,playerAbilities/0/type/label,playerAbilities/1/id,playerAbilities/1/label,playerAbilities/1/description,playerAbilities/1/imageUrl,playerAbilities/1/type/id,playerAbilities/1/type/label,playerAbilities/2/id,playerAbilities/2/label,playerAbilities/2/description,playerAbilities/2/imageUrl,playerAbilities/2/type/id,playerAbilities/2/type/label,gender/id,gender/label,nationality/id,nationality/label,nationality/imageUrl,team/id,team/label,team/imageUrl,team/isPopular,position/id,position/shortLabel,position/label,position/positionType/id,position/positionType/name,stats/acceleration/value,stats/acceleration/diff,stats/agility/value,stats/agility/diff,stats/jumping/value,stats/jumping/diff,stats/stamina/value,stats/stamina/diff,stats/strength/value,stats/strength/diff,stats/aggression/value,stats/aggression/diff,stats/balance/value,stats/balance/diff,stats/ballControl/value,stats/ballControl/diff,stats/composure/value,stats/composure/diff,stats/crossing/value,stats/crossing/diff,stats/curve/value,stats/curve/diff,stats/def/value,stats/def/diff,stats/defensiveAwareness/value,stats/defensiveAwareness/diff,stats/dri/value,stats/dri/diff,stats/dribbling/value,stats/dribbling/diff,stats/finishing/value,stats/finishing/diff,stats/freeKickAccuracy/value,stats/freeKickAccuracy/diff,stats/gkDiving/value,stats/gkDiving/diff,stats/gkHandling/value,stats/gkHandling/diff,stats/gkKicking/value,stats/gkKicking/diff,stats/gkPositioning/value,stats/gkPositioning/diff,stats/gkReflexes/value,stats/gkReflexes/diff,stats/headingAccuracy/value,stats/headingAccuracy/diff,stats/interceptions/value,stats/interceptions/diff,stats/longPassing/value,stats/longPassing/diff,stats/longShots/value,stats/longShots/diff,stats/pac/value,stats/pac/diff,stats/pas/value,stats/pas/diff,stats/penalties/value,stats/penalties/diff,stats/phy/value,stats/phy/diff,stats/positioning/value,stats/positioning/diff,stats/reactions/value,stats/reactions/diff,stats/sho/value,stats/sho/diff,stats/shortPassing/value,stats/shortPassing/diff,stats/shotPower/value,stats/shotPower/diff,stats/slidingTackle/value,stats/slidingTackle/diff,stats/sprintSpeed/value,stats/sprintSpeed/diff,stats/standingTackle/value,stats/standingTackle/diff,stats/vision/value,stats/vision/diff,stats/volleys/value,stats/volleys/diff,alternatePositions/0,playerAbilities/3/id,playerAbilities/3/label,playerAbilities/3/description,playerAbilities/3/imageUrl,playerAbilities/3/type/id,playerAbilities/3/type/label,alternatePositions/1/id,alternatePositions/1/label,alternatePositions/1/shortLabel,alternatePositions/2/id,alternatePositions/2/label,alternatePositions/2/shortLabel,playerAbilities/4/id,playerAbilities/4/label,playerAbilities/4/description,playerAbilities/4/imageUrl,playerAbilities/4/type/id,playerAbilities/4/type/label,playerAbilities/5/id,playerAbilities/5/label,playerAbilities/5/description,playerAbilities/5/imageUrl,playerAbilities/5/type/id,playerAbilities/5/type/label,playerAbilities/6/id,playerAbilities/6/label,playerAbilities/6/description,playerAbilities/6/imageUrl,playerAbilities/6/type/id,playerAbilities/6/type/label,team
208418,478,81,Yannick,Carrasco,,9/4/1993 12:00:00 AM,181,4,4,1,ROSHN Saudi League,73,https://ratings-images-prod.pulse.ea.com/FC25/full/player-portraits/p208418.png?padding=0.7,https://ratings-images-prod.pulse.ea.com/FC25/full/player-shields/en/208418.png?width=265,16,Left Midfielder,LM,trait1_128,Gamechanger,Fancy and Trivela shots are performed with improved accuracy.,https://drop-assets.ea.com/images/2v8I0GQrtREaEJzJcyStKe/e46d719e4e5ed88ac5a1f671c7448f4a/Gamechanger.png,playStyle,Play Style,trait1_4096,Whipped Pass,"Accurate, faster crosses with more curve",https://drop-assets.ea.com/images/FfTP29PWrRWZjEaiCCVoa/a1b345e4ae7023ed78b1efd68d28f392/Whipped_Pass.png,playStyle,Play Style,trait1_1048576,Technical,"Faster Controlled Sprint, precise wide turns while dribbling",https://drop-assets.ea.com/images/5Esx7NK4YBU44O4bo07rvb/69ca9417da7fd07905f6c6956ad93f6d/Technical.png,playStyle,Play Style,0,Men's Football,7,Belgium,https://drop-assets.ea.com/images/7eZLPoDDyxSlQoqcS4NVA2/6fc085dc7e85ccd7519be7ff2df875ee/f_7.png,111674,Al Shabab,https://drop-assets.ea.com/images/VTUgGrOQD2Ao8gd3KhDfS/d43f1f7d0af58701cce9229eb9771652/l111674.png,false,27,LW,Left Wing,attack,Attack,86,0,87,0,74,0,76,0,63,0,65,0,70,0,83,0,82,0,79,0,86,0,58,0,54,0,85,0,88,0,77,0,80,0,9,0,11,0,9,0,10,0,10,0,56,0,57,0,72,0,83,0,87,0,77,0,79,0,67,0,77,0,76,0,80,0,77,0,84,0,61,0,87,0,63,0,77,0,73,0,,,,,,,,,,,,,,,,,,,,,,,,,,,,,,,,
233306,479,81,Dean,Henderson,,3/12/1997 12:00:00 AM,188,1,3,1,Premier League,85,https://ratings-images-prod.pulse.ea.com/FC25/full/player-portraits/p233306.png?padding=0.7,https://ratings-images-prod.pulse.ea.com/FC25/full/player-shields/en/233306.png?width=250,,,,trait2_2,Footwork,"Exclusive foot saves, better performance on low shots",https://drop-assets.ea.com/images/1s2muXoHUmP1T0vGYKXSl1/6d265b13804069371f16a58788703a33/Footwork.png,playStyle,Play Style,,,,,,,,,,,,,0,Men's Football,14,England,https://drop-assets.ea.com/images/6ZM1OFXGUFeV0ZaYVKj2z/ae88ef17f8cb179fbc1c463f7e1e4bd8/f_14.png,1799,Crystal Palace,https://drop-assets.ea.com/images/6j7pLWl2t3yl13bu6Y9s5K/91a346d14011a610d95ec956816b6a38/l1799.png,false,0,GK,Goalkeeper,defense,Defense,55,0,61,0,69,0,32,0,64,0,35,0,56,0,35,0,60,0,14,0,13,0,55,0,15,0,82,0,13,0,9,0,10,0,82,0,78,0,77,0,80,0,82,0,13,0,11,0,48,0,6,0,82,0,77,0,16,0,80,0,8,0,81,0,78,0,45,0,58,0,14,0,56,0,14,0,55,0,5,0,,,,,,,,,,,,,,,,,,,,,,,,,,,,,,,,
237646,481,81,Daniel,Muñoz,,5/26/1996 12:00:00 AM,181,3,3,1,Premier League,73,https://ratings-images-prod.pulse.ea.com/FC25/full/player-portraits/p237646.png?padding=0.7,https://ratings-images-prod.pulse.ea.com/FC25/full/player-shields/en/237646.png?width=265,12,Right Midfielder,RM,trait1_16384,Jockey,"Faster Sprint Jockey, better transition speed",https://drop-assets.ea.com/images/7lHjpOBSghE6Ywt1jgVv1C/21f9914d00f073d79d4b46cac71b9087/Jockey.png,playStyle,Play Style,trait1_131072,Anticipate,"Improved standing tackle success, possibility of stopping ball at feet",https://drop-assets.ea.com/images/4xPnUcL7thizFB7qmhlwUR/1ade7a0f77d5e875c2db869964540a35/Anticipate.png,playStyle,Play Style,trait1_2097152,Rapid,"Higher sprint speed while dribbling, reduced error on knock-ons",https://drop-assets.ea.com/images/1aGsvwKyIFlRG1eoJSS0Ot/a4d3d661ff962795a632fe86439d2146/Rapid.png,playStyle,Play Style,0,Men's Football,56,Colombia,https://drop-assets.ea.com/images/JphMzcFrWU7Uo2jq6GSep/d909b5b6000d5bf7515600d2c6db6375/f_56.png,1799,Crystal Palace,https://drop-assets.ea.com/images/6j7pLWl2t3yl13bu6Y9s5K/91a346d14011a610d95ec956816b6a38/l1799.png,false,3,RB,Right Back,defense,Defense,76,0,74,0,85,0,88,0,74,0,88,0,78,0,77,0,76,0,77,0,66,0,79,0,75,0,76,0,76,0,72,0,34,0,7,0,14,0,12,0,7,0,6,0,78,0,77,0,72,0,52,0,75,0,72,0,58,0,81,0,76,0,80,0,69,0,77,0,77,0,82,0,74,0,82,0,69,0,73,0,,trait1_67108864,Relentless,"Increased half time fatigue recovery, longer teammate contain and press",https://drop-assets.ea.com/images/2vVuRxgvPNaAuFGqZZ9nDY/3e2505addd5a6b353becdeaf7173d187/Relentless.png,playStyle,Play Style,,,,,,,,,,,,,,,,,,,,,,,,,
208461,482,81,Marten,de Roon,,3/29/1991 12:00:00 AM,186,3,3,1,Serie A Enilive,76,https://ratings-images-prod.pulse.ea.com/FC25/full/player-portraits/p208461.png?padding=0.7,https://ratings-images-prod.pulse.ea.com/FC25/full/player-shields/en/208461.png?width=265,10,Center Defensive Midfielder,CDM,trait1_1024,Long Ball Pass,"Accurate, faster Lob and Lofted Through Passes",https://drop-assets.ea.com/images/7jwRDD4zkOsqRpc821t73d/16d46d57a5dfc7dd5dd5f8de0fd26a99/Long_Ball_Pass.png,playStyle,Play Style,trait1_65536,Intercept,Increased reach and possession retention in interceptions,https://drop-assets.ea.com/images/5ysv7Iw8jDHl7sp1JXqIa7/d34004fed8c95bde083dcf8257391a70/Intercept.png,playStyle,Play Style,trait1_524288,Aerial Fortress,Performs higher jumps and has physical defensive presence before and during aerial duels,https://drop-assets.ea.com/images/3rsDbUXd3MZX39YTsk6lKe/404db89f2237eeb7466668a730c52a4b/Aerial_Fortress.png,playStyle,Play Style,0,Men's Football,34,Holland,https://drop-assets.ea.com/images/7LmdSUm2Ge4fzqcz0NElvq/d272142c80713dcf0e5ec0a47232aeee/f_34.png,115845,Bergamo Calcio,https://drop-assets.ea.com/images/19gWEcyonp2fvk02MNHZOA/83b82283fc62f7010b529a53a0724eee/l115845.png,false,14,CM,Center Midfielder,midfielder,Midfielder,53,0,59,0,74,0,90,0,73,0,86,0,69,0,81,0,83,0,70,0,61,0,83,0,82,0,76,0,77,0,70,0,54,0,14,0,15,0,7,0,12,0,12,0,75,0,83,0,84,0,78,0,61,0,77,0,80,0,80,0,70,0,78,0,74,0,85,0,79,0,79,0,67,0,88,0,74,0,65,0,,trait1_67108864,Relentless,"Increased half time fatigue recovery, longer teammate contain and press",https://drop-assets.ea.com/images/2vVuRxgvPNaAuFGqZZ9nDY/3e2505addd5a6b353becdeaf7173d187/Relentless.png,playStyle,Play Style,,,,,,,,,,,,,,,,,,,,,,,,,
216352,483,81,Marcelo,Brozović,,11/16/1992 12:00:00 AM,181,3,4,1,ROSHN Saudi League,72,https://ratings-images-prod.pulse.ea.com/FC25/full/player-portraits/p216352.png?padding=0.7,https://ratings-images-prod.pulse.ea.com/FC25/full/player-shields/en/216352.png?width=265,14,Center Midfielder,CM,trait1_1024,Long Ball Pass,"Accurate, faster Lob and Lofted Through Passes",https://drop-assets.ea.com/images/7jwRDD4zkOsqRpc821t73d/16d46d57a5dfc7dd5dd5f8de0fd26a99/Long_Ball_Pass.png,playStyle,Play Style,trait1_16777216,Press Proven,"Close control at jog speed, shields ball more effectively",https://drop-assets.ea.com/images/5rUHwyLJRnvGV53Ba4Pj6M/9a3238695ae8103667ba02af391ac209/Press_Proven.png,playStyle,Play Style,trait1_67108864,Relentless,"Increased half time fatigue recovery, longer teammate contain and press",https://drop-assets.ea.com/images/2vVuRxgvPNaAuFGqZZ9nDY/3e2505addd5a6b353becdeaf7173d187/Relentless.png,playStyle,Play Style,0,Men's Football,10,Croatia,https://drop-assets.ea.com/images/4ZYNK06L8ZkJTrdtSby4NW/eb42cc852fc74ea3d3f5b8904fb5194f/f_10.png,112139,Al Nassr,https://drop-assets.ea.com/images/6oPkjdKPFc4aHfFp7UGXB7/262e529bd81a51c0b5f317e61b3f5985/l112139.png,false,10,CDM,Center Defensive Midfielder,midfielder,Midfielder,62,0,79,0,73,0,93,0,72,0,85,0,84,0,82,0,82,0,73,0,79,0,78,0,75,0,79,0,77,0,68,0,74,0,8,0,8,0,15,0,11,0,8,0,70,0,79,0,80,0,83,0,63,0,78,0,69,0,80,0,65,0,75,0,73,0,81,0,80,0,81,0,64,0,83,0,79,0,65,0,,,,,,,,,,,,,,,,,,,,,,,,,,,,,,,,
235944,484,81,Brais,Méndez Portela,Brais Méndez,1/7/1997 12:00:00 AM,187,4,3,2,LALIGA EA SPORTS,76,https://ratings-images-prod.pulse.ea.com/FC25/full/player-portraits/p235944.png?padding=0.7,https://ratings-images-prod.pulse.ea.com/FC25/full/player-shields/en/235944.png?width=265,12,Right Midfielder,RM,trait1_1,Finesse Shot,Faster finesse shots with more curve and accuracy,https://drop-assets.ea.com/images/468u1R1p2k1fA6WBHi0OEn/fb9d49ed2a8fb500cd5a184937b96b34/Finesse_Shot.png,playStyle,Play Style,trait1_8,Dead Ball,"Faster, accurate set pieces with longer trajectory preview",https://drop-assets.ea.com/images/1razu2wcM3XA82VvB7NyUm/eec6b07080e49d6bf2d7a7951a22375f/Dead_Ball.png,playStyle,Play Style,trait1_2048,Tiki Taka,Accurate first-time Ground Passes,https://drop-assets.ea.com/images/2tvHC5JQ2sXrN8wUTJWLEA/94b0f6a78d1a9e1348a33c9772f23afd/Tiki_Taka.png,playStyle,Play Style,0,Men's Football,45,Spain,https://drop-assets.ea.com/images/Kv8okAYMsDbB3ZKbxrAXw/9d30c88d16a4c85002f35c6af412c6f7/f_45.png,457,Real Sociedad,https://drop-assets.ea.com/images/2ohvULVVtNoXptjhNS2dLq/08d0f2d7ecfd9e0f43ce837a4e73d139/l457.png,false,14,CM,Center Midfielder,midfielder,Midfielder,72,0,75,0,80,0,71,0,73,0,74,0,56,0,84,0,80,0,79,0,77,0,65,0,63,0,81,0,83,0,82,0,78,0,10,0,5,0,10,0,12,0,8,0,71,0,62,0,82,0,80,0,70,0,82,0,76,0,73,0,81,0,82,0,80,0,84,0,81,0,61,0,69,0,69,0,84,0,69,0,,trait1_1048576,Technical,"Faster Controlled Sprint, precise wide turns while dribbling",https://drop-assets.ea.com/images/5Esx7NK4YBU44O4bo07rvb/69ca9417da7fd07905f6c6956ad93f6d/Technical.png,playStyle,Play Style,18,Center Attacking Midfielder,CAM,,,,,,,,,,,,,,,,,,,,,,
259516,485,81,João Lucas,de Souza Cardoso,Johnny Cardoso,9/20/2001 12:00:00 AM,185,3,2,1,LALIGA EA SPORTS,83,https://ratings-images-prod.pulse.ea.com/FC25/full/player-portraits/p259516.png?padding=0.7,https://ratings-images-prod.pulse.ea.com/FC25/full/player-shields/en/259516.png?width=265,14,Center Midfielder,CM,trait1_16,Precision Header,Performs headers with increased accuracy and power.,https://drop-assets.ea.com/images/3ync8fbblS4zLzF3p1VXmT/7752a5103c2ebd8be5cf1819379c66f4/Precision_Header.png,playStyle,Play Style,trait1_65536,Intercept,Increased reach and possession retention in interceptions,https://drop-assets.ea.com/images/5ysv7Iw8jDHl7sp1JXqIa7/d34004fed8c95bde083dcf8257391a70/Intercept.png,playStyle,Play Style,trait1_524288,Aerial Fortress,Performs higher jumps and has physical defensive presence before and during aerial duels,https://drop-assets.ea.com/images/3rsDbUXd3MZX39YTsk6lKe/404db89f2237eeb7466668a730c52a4b/Aerial_Fortress.png,playStyle,Play Style,0,Men's Football,95,United States,https://drop-assets.ea.com/images/7ZVadlJQIutRH5P85wr76/c2456a2d76146d19f98c2c3071136dcf/f_95.png,240,Atlético de Madrid,https://drop-assets.ea.com/images/vYcueolPvaGx8blMqhPZ5/5dc3479fc8b85d475fd980c53fc2056f/l240.png,false,10,CDM,Center Defensive Midfielder,midfielder,Midfielder,74,0,78,0,83,0,77,0,77,0,75,0,57,0,82,0,75,0,65,0,69,0,80,0,78,0,78,0,77,0,63,0,66,0,10,0,14,0,8,0,12,0,7,0,75,0,82,0,81,0,68,0,72,0,76,0,62,0,77,0,74,0,77,0,67,0,82,0,74,0,79,0,71,0,81,0,76,0,62,0,,,,,,,,,,,,,,,,,,,,,,,,,,,,,,,,
223885,487,81,Alexander,Nübel,,9/30/1996 12:00:00 AM,193,1,4,1,Bundesliga,86,https://ratings-images-prod.pulse.ea.com/FC25/full/player-portraits/p223885.png?padding=0.7,https://ratings-images-prod.pulse.ea.com/FC25/full/player-shields/en/223885.png?width=250,,,,trait2_2,Footwork,"Exclusive foot saves, better performance on low shots",https://drop-assets.ea.com/images/1s2muXoHUmP1T0vGYKXSl1/6d265b13804069371f16a58788703a33/Footwork.png,playStyle,Play Style,trait2_32,Deflector,"Unique deflection animations, powerful parries to safer areas",https://drop-assets.ea.com/images/6nb9RYWNVuvUaLZDskFao7/0ad930b0874e7c9454b31de942c0d3f1/Deflector.png,playStyle,Play Style,,,,,,,0,Men's Football,21,Germany,https://drop-assets.ea.com/images/6IIMMGk0Uj1rcZ6DSHTpLL/93f95b602dc62594104f418c8f80ebb3/f_21.png,36,VfB Stuttgart,https://drop-assets.ea.com/images/5kfh9LrPvDQKbQNF6k7CSF/9a70e7082aaba3b46ea8bd1e699f62de/l36.png,false,0,GK,Goalkeeper,defense,Defense,49,0,34,0,71,0,39,0,74,0,23,0,58,0,41,0,69,0,15,0,20,0,48,0,23,0,82,0,26,0,18,0,20,0,81,0,76,0,84,0,78,0,82,0,13,0,20,0,48,0,18,0,81,0,84,0,16,0,78,0,10,0,81,0,76,0,55,0,63,0,13,0,46,0,14,0,65,0,13,0,,,,,,,,,,,,,,,,,,,,,,,,,,,,,,,,
206085,488,81,Jacob,Murphy,,2/24/1995 12:00:00 AM,179,3,4,1,Premier League,74,https://ratings-images-prod.pulse.ea.com/FC25/full/player-portraits/p206085.png?padding=0.7,https://ratings-images-prod.pulse.ea.com/FC25/full/player-shields/en/206085.png?width=265,12,Right Midfielder,RM,trait1_4096,Whipped Pass,"Accurate, faster crosses with more curve",https://drop-assets.ea.com/images/FfTP29PWrRWZjEaiCCVoa/a1b345e4ae7023ed78b1efd68d28f392/Whipped_Pass.png,playStyle,Play Style,,,,,,,,,,,,,0,Men's Football,14,England,https://drop-assets.ea.com/images/6ZM1OFXGUFeV0ZaYVKj2z/ae88ef17f8cb179fbc1c463f7e1e4bd8/f_14.png,13,Newcastle Utd,https://drop-assets.ea.com/images/69fXoaX4p9zFwKaZYoNtNX/14d86649a9b5a3f7e876cc3d46357b5d/l13.png,false,23,RW,Right Wing,attack,Attack,80,0,74,0,68,0,82,0,69,0,56,0,75,0,80,0,78,0,84,0,83,0,61,0,61,0,80,0,82,0,80,0,68,0,13,0,16,0,13,0,10,0,6,0,45,0,65,0,67,0,74,0,82,0,78,0,66,0,70,0,80,0,81,0,77,0,79,0,84,0,55,0,83,0,66,0,82,0,51,0,,,,,,,,,,,,,,,,,,,,,,,,,,,,,,,,
193747,494,81,Jorge,Resurrección,Koke,1/8/1992 12:00:00 AM,176,3,4,1,LALIGA EA SPORTS,75,https://ratings-images-prod.pulse.ea.com/FC25/full/player-portraits/p193747.png?padding=0.7,https://ratings-images-prod.pulse.ea.com/FC25/full/player-shields/en/193747.png?width=265,10,Center Defensive Midfielder,CDM,trait1_1024,Long Ball Pass,"Accurate, faster Lob and Lofted Through Passes",https://drop-assets.ea.com/images/7jwRDD4zkOsqRpc821t73d/16d46d57a5dfc7dd5dd5f8de0fd26a99/Long_Ball_Pass.png,playStyle,Play Style,trait1_67108864,Relentless,"Increased half time fatigue recovery, longer teammate contain and press",https://drop-assets.ea.com/images/2vVuRxgvPNaAuFGqZZ9nDY/3e2505addd5a6b353becdeaf7173d187/Relentless.png,playStyle,Play Style,,,,,,,0,Men's Football,45,Spain,https://drop-assets.ea.com/images/Kv8okAYMsDbB3ZKbxrAXw/9d30c88d16a4c85002f35c6af412c6f7/f_45.png,240,Atlético de Madrid,https://drop-assets.ea.com/images/vYcueolPvaGx8blMqhPZ5/5dc3479fc8b85d475fd980c53fc2056f/l240.png,false,14,CM,Center Midfielder,midfielder,Midfielder,62,0,68,0,72,0,83,0,75,0,78,0,81,0,81,0,84,0,85,0,84,0,76,0,78,0,78,0,77,0,69,0,77,0,14,0,12,0,5,0,10,0,13,0,61,0,80,0,81,0,75,0,61,0,83,0,67,0,77,0,76,0,80,0,72,0,83,0,82,0,70,0,60,0,79,0,83,0,57,0,,,,,,,,,,,,,,,,,,,,,,,,,,,,,,,,
212242,495,81,Robert,Andrich,,9/22/1994 12:00:00 AM,186,2,4,1,Bundesliga,85,https://ratings-images-prod.pulse.ea.com/FC25/full/player-portraits/p212242.png?padding=0.7,https://ratings-images-prod.pulse.ea.com/FC25/full/player-shields/en/212242.png?width=265,14,Center Midfielder,CM,trait1_4,Power Shot,Faster power shots with increased speed,https://drop-assets.ea.com/images/3ohVoKWSsvT44qgjabWqfV/e536ef26ad854c3c4cbf63ed7954b9cd/Power_Shot.png,playStyle,Play Style,trait1_67108864,Relentless,"Increased half time fatigue recovery, longer teammate contain and press",https://drop-assets.ea.com/images/2vVuRxgvPNaAuFGqZZ9nDY/3e2505addd5a6b353becdeaf7173d187/Relentless.png,playStyle,Play Style,trait1_268435456,Bruiser,Stronger physical tackles,https://drop-assets.ea.com/images/7euMJ2jVypFrFPQesWuGGm/14019168b12faac1584a2920d5c2d5d9/Bruiser.png,playStyle,Play Style,0,Men's Football,21,Germany,https://drop-assets.ea.com/images/6IIMMGk0Uj1rcZ6DSHTpLL/93f95b602dc62594104f418c8f80ebb3/f_21.png,32,Leverkusen,https://drop-assets.ea.com/images/mGqQw1um1ucUAshcK0Eop/9c7fe656f526c98b217ff2a052377b5c/l32.png,false,10,CDM,Center Defensive Midfielder,midfielder,Midfielder,59,0,63,0,80,0,67,0,84,0,91,0,59,0,76,0,75,0,71,0,80,0,83,0,85,0,73,0,74,0,74,0,76,0,7,0,9,0,10,0,13,0,15,0,74,0,85,0,78,0,85,0,57,0,76,0,62,0,81,0,68,0,82,0,77,0,79,0,84,0,77,0,56,0,83,0,73,0,70,0,,,,,,,,5,Center Back,CB,,,,,,,,,,,,,,,,,,,,,,
245630,498,81,Youssouf,Fofana,,1/10/1999 12:00:00 AM,181,3,3,1,Serie A Enilive,75,https://ratings-images-prod.pulse.ea.com/FC25/full/player-portraits/p245630.png?padding=0.7,https://ratings-images-prod.pulse.ea.com/FC25/full/player-shields/en/245630.png?width=265,14,Center Midfielder,CM,trait1_256,Incisive Pass,"Accurate through passes, curvier swerve passes, faster precision passes",https://drop-assets.ea.com/images/2K5BYfVYRnrdjt8F3hwI04/62f147b6a436c107bfa3d042c1d5728d/Incisive_Pass.png,playStyle,Play Style,trait1_16384,Jockey,"Faster Sprint Jockey, better transition speed",https://drop-assets.ea.com/images/7lHjpOBSghE6Ywt1jgVv1C/21f9914d00f073d79d4b46cac71b9087/Jockey.png,playStyle,Play Style,trait1_131072,Anticipate,"Improved standing tackle success, possibility of stopping ball at feet",https://drop-assets.ea.com/images/4xPnUcL7thizFB7qmhlwUR/1ade7a0f77d5e875c2db869964540a35/Anticipate.png,playStyle,Play Style,0,Men's Football,18,France,https://drop-assets.ea.com/images/3ECAQzhfgSLWRf9IIHB6G8/7e235a7b2f93c1f73db7f89dc03b3657/f_18.png,131681,Milano FC,https://drop-assets.ea.com/images/6D3s1RlLRER3UOunC4Lofv/ec87a4178160a87521b0b7c688e7638e/l131681.png,false,10,CDM,Center Defensive Midfielder,midfielder,Midfielder,67,0,70,0,73,0,85,0,73,0,80,0,76,0,80,0,78,0,66,0,66,0,79,0,80,0,78,0,78,0,66,0,56,0,12,0,7,0,12,0,5,0,9,0,63,0,81,0,79,0,70,0,68,0,75,0,64,0,77,0,74,0,80,0,68,0,81,0,76,0,74,0,69,0,83,0,78,0,46,0,,trait1_67108864,Relentless,"Increased half time fatigue recovery, longer teammate contain and press",https://drop-assets.ea.com/images/2vVuRxgvPNaAuFGqZZ9nDY/3e2505addd5a6b353becdeaf7173d187/Relentless.png,playStyle,Play Style,,,,,,,,,,,,,,,,,,,,,,,,,
242641,499,81,Rayan,Aït-Nouri,,6/6/2001 12:00:00 AM,180,5,3,2,Premier League,70,https://ratings-images-prod.pulse.ea.com/FC25/full/player-portraits/p242641.png?padding=0.7,https://ratings-images-prod.pulse.ea.com/FC25/full/player-shields/en/242641.png?width=265,16,Left Midfielder,LM,trait1_16384,Jockey,"Faster Sprint Jockey, better transition speed",https://drop-assets.ea.com/images/7lHjpOBSghE6Ywt1jgVv1C/21f9914d00f073d79d4b46cac71b9087/Jockey.png,playStyle,Play Style,trait1_4194304,First Touch,"Reduced trapping error, faster dribbling transition",https://drop-assets.ea.com/images/3f727XsoDVLbT49oMk0HBu/2787568be8ccb2d5daa2d18fabacad97/First_Touch.png,playStyle,Play Style,trait1_8388608,Trickster,Performs unique flick Skill Moves,https://drop-assets.ea.com/images/47Ygd5ri33RgjIYGiTAJpj/f0723e6f2f89a98fb6e8200c3659c6a9/Trickster.png,playStyle,Play Style,0,Men's Football,97,Algeria,https://drop-assets.ea.com/images/7DBnvM9EEo73oK7xEvbWvJ/47a0a190f5a0092fef1bc40e7e74b8f9/f_97.png,10,Manchester City,https://drop-assets.ea.com/images/4asmNLic4aQn6cjlEg1t5u/88bea3ddd6c1f620bbf813041f248685/l10.png,false,7,LB,Left Back,defense,Defense,85,0,81,0,78,0,80,0,65,0,69,0,77,0,84,0,80,0,80,0,72,0,77,0,77,0,84,0,87,0,50,0,58,0,15,0,11,0,8,0,14,0,12,0,66,0,78,0,72,0,48,0,84,0,76,0,42,0,70,0,75,0,80,0,53,0,79,0,61,0,80,0,84,0,78,0,75,0,48,0,,,,,,,,,,,,,,,,,,,,,,,,,,,,,,,,
211688,501,81,José Luís,Gayà Peña,Gayà,5/25/1995 12:00:00 AM,172,4,3,2,LALIGA EA SPORTS,66,https://ratings-images-prod.pulse.ea.com/FC25/full/player-portraits/p211688.png?padding=0.7,https://ratings-images-prod.pulse.ea.com/FC25/full/player-shields/en/211688.png?width=265,16,Left Midfielder,LM,trait1_131072,Anticipate,"Improved standing tackle success, possibility of stopping ball at feet",https://drop-assets.ea.com/images/4xPnUcL7thizFB7qmhlwUR/1ade7a0f77d5e875c2db869964540a35/Anticipate.png,playStyle,Play Style,trait1_1048576,Technical,"Faster Controlled Sprint, precise wide turns while dribbling",https://drop-assets.ea.com/images/5Esx7NK4YBU44O4bo07rvb/69ca9417da7fd07905f6c6956ad93f6d/Technical.png,playStyle,Play Style,,,,,,,0,Men's Football,45,Spain,https://drop-assets.ea.com/images/Kv8okAYMsDbB3ZKbxrAXw/9d30c88d16a4c85002f35c6af412c6f7/f_45.png,461,Valencia CF,https://drop-assets.ea.com/images/3rBiULK7uv6Uim0qpaPGXG/123be59c7edf775fa3df08effc267f43/l461.png,false,7,LB,Left Back,defense,Defense,79,0,82,0,73,0,80,0,66,0,77,0,80,0,78,0,75,0,80,0,80,0,77,0,77,0,77,0,75,0,61,0,49,0,13,0,10,0,9,0,12,0,9,0,58,0,80,0,75,0,59,0,80,0,76,0,60,0,72,0,75,0,82,0,61,0,78,0,62,0,81,0,81,0,79,0,74,0,58,0,,,,,,,,,,,,,,,,,,,,,,,,,,,,,,,,
251566,502,81,Gabriel Teodoro,Martinelli Silva,Gabriel Martinelli,6/18/2001 12:00:00 AM,178,4,3,1,Premier League,75,https://ratings-images-prod.pulse.ea.com/FC25/full/player-portraits/p251566.png?padding=0.7,https://ratings-images-prod.pulse.ea.com/FC25/full/player-shields/en/251566.png?width=265,16,Left Midfielder,LM,trait1_1,Finesse Shot,Faster finesse shots with more curve and accuracy,https://drop-assets.ea.com/images/468u1R1p2k1fA6WBHi0OEn/fb9d49ed2a8fb500cd5a184937b96b34/Finesse_Shot.png,playStyle,Play Style,trait1_8192,Inventive,Fancy and Trivela passes are performed with improved accuracy.,https://drop-assets.ea.com/images/4fpo31RdL5T0vrzNqcSc4x/f82209bfd51270dcc447d4313b3e61f1/Inventive.png,playStyle,Play Style,trait1_33554432,Quick Step,Faster acceleration during Explosive Sprint,https://drop-assets.ea.com/images/1xG25Zp3wvkLA5YewKiZah/f27f5fabd1e899fc0bbb817d2db233b1/Quick_Step.png,playStyle,Play Style,0,Men's Football,54,Brazil,https://drop-assets.ea.com/images/1zdNn1R9tRlfQ3lsbAOecD/a606f742789b6306363383a6e20dd003/f_54.png,1,Arsenal,https://drop-assets.ea.com/images/2ng99bvkwKaA228PJje39i/09d2df89a78377d3f8d3f78469cbadc9/l1.png,false,27,LW,Left Wing,attack,Attack,92,0,87,0,83,0,82,0,63,0,80,0,81,0,82,0,79,0,77,0,74,0,46,0,44,0,83,0,85,0,79,0,68,0,10,0,6,0,7,0,6,0,6,0,72,0,39,0,65,0,73,0,90,0,75,0,62,0,72,0,80,0,78,0,77,0,77,0,77,0,43,0,89,0,44,0,77,0,81,0,,,,,,,,,,,,,,,,,,,,,,,,,,,,,,,,
253396,503,81,Giuliano,Simeone,,12/18/2002 12:00:00 AM,173,3,3,1,LALIGA EA SPORTS,75,https://ratings-images-prod.pulse.ea.com/FC25/full/player-portraits/p253396.png?padding=0.7,https://ratings-images-prod.pulse.ea.com/FC25/full/player-shields/en/253396.png?width=265,25,Striker,ST,trait1_2097152,Rapid,"Higher sprint speed while dribbling, reduced error on knock-ons",https://drop-assets.ea.com/images/1aGsvwKyIFlRG1eoJSS0Ot/a4d3d661ff962795a632fe86439d2146/Rapid.png,playStyle,Play Style,,,,,,,,,,,,,0,Men's Football,52,Argentina,https://drop-assets.ea.com/images/4xMXjEt7CFJ6JENYeG45Sk/836d733dc1642c5e4ab3338d91481436/f_52.png,240,Atlético de Madrid,https://drop-assets.ea.com/images/vYcueolPvaGx8blMqhPZ5/5dc3479fc8b85d475fd980c53fc2056f/l240.png,false,12,RM,Right Midfielder,midfielder,Midfielder,92,0,85,0,87,0,84,0,79,0,81,0,83,0,78,0,77,0,76,0,56,0,45,0,42,0,81,0,82,0,76,0,46,0,8,0,14,0,7,0,14,0,12,0,69,0,44,0,66,0,66,0,91,0,72,0,62,0,81,0,78,0,79,0,73,0,77,0,76,0,39,0,91,0,43,0,76,0,62,0,,,,,,,,16,Left Midfielder,LM,23,Right Wing,RW,,,,,,,,,,,,,,,,,,,
188943,504,81,Kevin,Trapp,,7/8/1990 12:00:00 AM,189,1,4,1,Ligue 1 McDonald's,84,https://ratings-images-prod.pulse.ea.com/FC25/full/player-portraits/p188943.png?padding=0.7,https://ratings-images-prod.pulse.ea.com/FC25/full/player-shields/en/188943.png?width=250,,,,trait2_1,Far Throw,Unique goalkeeper throw animations with longer throw distance,https://drop-assets.ea.com/images/3CjCz29sjIt1xMZTRDi4vQ/8ecb201b0ae7d6d536d03c847a768ffa/Far_Throw.png,playStyle,Play Style,trait2_2,Footwork,"Exclusive foot saves, better performance on low shots",https://drop-assets.ea.com/images/1s2muXoHUmP1T0vGYKXSl1/6d265b13804069371f16a58788703a33/Footwork.png,playStyle,Play Style,,,,,,,0,Men's Football,21,Germany,https://drop-assets.ea.com/images/6IIMMGk0Uj1rcZ6DSHTpLL/93f95b602dc62594104f418c8f80ebb3/f_21.png,111817,Paris FC,https://drop-assets.ea.com/images/3q4gMefpvBrGdVOPMxk1dD/d310abcaf71d2a45ee4362b169469a93/l111817.png,false,0,GK,Goalkeeper,defense,Defense,43,0,42,0,68,0,45,0,75,0,30,0,37,0,24,0,65,0,13,0,14,0,46,0,15,0,84,0,10,0,13,0,12,0,82,0,80,0,74,0,76,0,84,0,11,0,22,0,14,0,13,0,82,0,74,0,17,0,76,0,12,0,82,0,80,0,25,0,56,0,10,0,50,0,14,0,48,0,12,0,,,,,,,,,,,,,,,,,,,,,,,,,,,,,,,,
212523,505,81,Anderson,Souza Conceição,Anderson Talisca,2/1/1994 12:00:00 AM,191,4,4,2,Trendyol Süper Lig,75,https://ratings-images-prod.pulse.ea.com/FC25/full/player-portraits/p212523.png?padding=0.7,https://ratings-images-prod.pulse.ea.com/FC25/full/player-shields/en/212523.png?width=265,25,Striker,ST,trait1_1,Finesse Shot,Faster finesse shots with more curve and accuracy,https://drop-assets.ea.com/images/468u1R1p2k1fA6WBHi0OEn/fb9d49ed2a8fb500cd5a184937b96b34/Finesse_Shot.png,playStyle,Play Style,trait1_16,Precision Header,Performs headers with increased accuracy and power.,https://drop-assets.ea.com/images/3ync8fbblS4zLzF3p1VXmT/7752a5103c2ebd8be5cf1819379c66f4/Precision_Header.png,playStyle,Play Style,trait1_32,Acrobatic,"Perform volleys with increased accuracy, acrobatic volley animations",https://drop-assets.ea.com/images/2sRRBHcIe0zrDwYaRI2xG3/d02b8c8855de853470897009e030eb5d/Acrobatic.png,playStyle,Play Style,0,Men's Football,54,Brazil,https://drop-assets.ea.com/images/1zdNn1R9tRlfQ3lsbAOecD/a606f742789b6306363383a6e20dd003/f_54.png,326,Fenerbahçe,https://drop-assets.ea.com/images/3sfoNHvqDPqhM1PsEE1sNM/b9dcc82d0e2fba3efc8e8d0ed4c216a6/l326.png,false,18,CAM,Center Attacking Midfielder,midfielder,Midfielder,78,0,79,0,80,0,73,0,75,0,72,0,58,0,85,0,77,0,78,0,89,0,45,0,38,0,81,0,82,0,85,0,88,0,13,0,11,0,13,0,12,0,10,0,80,0,41,0,79,0,88,0,76,0,80,0,80,0,74,0,82,0,78,0,86,0,80,0,88,0,38,0,75,0,45,0,77,0,84,0,,icontrait1_128,Gamechanger+,Fancy and Trivela shots are performed with greatly improved accuracy.,https://drop-assets.ea.com/images/4weDkEpJXhmum7QkyBkRFC/42c3b090cd6842f23c00f9057edaef3c/Gamechanger_.png,playStylePlus,Play Style Plus,23,Right Wing,RW,14,Center Midfielder,CM,,,,,,,,,,,,,,,,,,,
225309,506,81,Nadiem,Amiri,,10/27/1996 12:00:00 AM,180,4,3,1,Bundesliga,76,https://ratings-images-prod.pulse.ea.com/FC25/full/player-portraits/p225309.png?padding=0.7,https://ratings-images-prod.pulse.ea.com/FC25/full/player-shields/en/225309.png?width=265,18,Center Attacking Midfielder,CAM,trait1_1,Finesse Shot,Faster finesse shots with more curve and accuracy,https://drop-assets.ea.com/images/468u1R1p2k1fA6WBHi0OEn/fb9d49ed2a8fb500cd5a184937b96b34/Finesse_Shot.png,playStyle,Play Style,trait1_8,Dead Ball,"Faster, accurate set pieces with longer trajectory preview",https://drop-assets.ea.com/images/1razu2wcM3XA82VvB7NyUm/eec6b07080e49d6bf2d7a7951a22375f/Dead_Ball.png,playStyle,Play Style,trait1_128,Gamechanger,Fancy and Trivela shots are performed with improved accuracy.,https://drop-assets.ea.com/images/2v8I0GQrtREaEJzJcyStKe/e46d719e4e5ed88ac5a1f671c7448f4a/Gamechanger.png,playStyle,Play Style,0,Men's Football,21,Germany,https://drop-assets.ea.com/images/6IIMMGk0Uj1rcZ6DSHTpLL/93f95b602dc62594104f418c8f80ebb3/f_21.png,169,1. FSV Mainz 05,https://drop-assets.ea.com/images/4QO9B5tBI7mcWhzDDO3b6N/f70a1fd45fb4a6dd80ceea61a3e91c4d/l169.png,false,14,CM,Center Midfielder,midfielder,Midfielder,76,0,83,0,65,0,78,0,68,0,74,0,80,0,82,0,81,0,79,0,81,0,62,0,67,0,82,0,83,0,77,0,79,0,12,0,12,0,14,0,12,0,10,0,42,0,69,0,80,0,84,0,65,0,82,0,67,0,72,0,82,0,83,0,79,0,82,0,83,0,44,0,56,0,65,0,85,0,70,0,,trait1_512,Pinged Pass,Faster ground passes without affecting receiver's trapping,https://drop-assets.ea.com/images/1mXBWIBgJSpYoIa1C4r5FX/7220e78a4049530f4e9fa642b1656fa4/Pinged_Pass.png,playStyle,Play Style,,,,,,,trait1_1048576,Technical,"Faster Controlled Sprint, precise wide turns while dribbling",https://drop-assets.ea.com/images/5Esx7NK4YBU44O4bo07rvb/69ca9417da7fd07905f6c6956ad93f6d/Technical.png,playStyle,Play Style,,,,,,,,,,,,,
203841,513,81,Nick,Pope,,4/19/1992 12:00:00 AM,199,1,3,1,Premier League,90,https://ratings-images-prod.pulse.ea.com/FC25/full/player-portraits/p203841.png?padding=0.7,https://ratings-images-prod.pulse.ea.com/FC25/full/player-shields/en/203841.png?width=250,,,,trait2_2,Footwork,"Exclusive foot saves, better performance on low shots",https://drop-assets.ea.com/images/1s2muXoHUmP1T0vGYKXSl1/6d265b13804069371f16a58788703a33/Footwork.png,playStyle,Play Style,,,,,,,,,,,,,0,Men's Football,14,England,https://drop-assets.ea.com/images/6ZM1OFXGUFeV0ZaYVKj2z/ae88ef17f8cb179fbc1c463f7e1e4bd8/f_14.png,13,Newcastle Utd,https://drop-assets.ea.com/images/69fXoaX4p9zFwKaZYoNtNX/14d86649a9b5a3f7e876cc3d46357b5d/l13.png,false,0,GK,Goalkeeper,defense,Defense,50,0,36,0,71,0,35,0,75,0,36,0,42,0,25,0,63,0,11,0,13,0,49,0,19,0,82,0,15,0,14,0,12,0,81,0,81,0,68,0,78,0,82,0,11,0,23,0,52,0,15,0,81,0,68,0,22,0,78,0,13,0,78,0,81,0,42,0,51,0,14,0,47,0,15,0,50,0,14,0,,,,,,,,,,,,,,,,,,,,,,,,,,,,,,,,
212228,514,81,Ivan,Toney,,3/16/1996 12:00:00 AM,187,3,3,1,ROSHN Saudi League,76,https://ratings-images-prod.pulse.ea.com/FC25/full/player-portraits/p212228.png?padding=0.7,https://ratings-images-prod.pulse.ea.com/FC25/full/player-shields/en/212228.png?width=265,,,,trait1_268435456,Bruiser,Stronger physical tackles,https://drop-assets.ea.com/images/7euMJ2jVypFrFPQesWuGGm/14019168b12faac1584a2920d5c2d5d9/Bruiser.png,playStyle,Play Style,,,,,,,,,,,,,0,Men's Football,14,England,https://drop-assets.ea.com/images/6ZM1OFXGUFeV0ZaYVKj2z/ae88ef17f8cb179fbc1c463f7e1e4bd8/f_14.png,112387,Al Ahli,https://drop-assets.ea.com/images/3lVk0osL7o6YMhHuK4YYD6/5e106847b59ce2a4f0bfb55988d812c3/l112387.png,false,25,ST,Striker,attack,Attack,76,0,74,0,91,0,76,0,81,0,83,0,67,0,79,0,80,0,63,0,65,0,51,0,45,0,75,0,73,0,85,0,73,0,16,0,8,0,8,0,7,0,8,0,83,0,52,0,65,0,73,0,78,0,71,0,93,0,81,0,82,0,79,0,82,0,76,0,84,0,39,0,79,0,51,0,74,0,79,0,,,,,,,,,,,,,,,,,,,,,,,,,,,,,,,,
223952,516,81,David,Soria Solís,David Soria,4/4/1993 12:00:00 AM,192,1,3,1,LALIGA EA SPORTS,85,https://ratings-images-prod.pulse.ea.com/FC25/full/player-portraits/p223952.png?padding=0.7,https://ratings-images-prod.pulse.ea.com/FC25/full/player-shields/en/223952.png?width=265,,,,trait1_1024,Long Ball Pass,"Accurate, faster Lob and Lofted Through Passes",https://drop-assets.ea.com/images/7jwRDD4zkOsqRpc821t73d/16d46d57a5dfc7dd5dd5f8de0fd26a99/Long_Ball_Pass.png,playStyle,Play Style,trait2_2,Footwork,"Exclusive foot saves, better performance on low shots",https://drop-assets.ea.com/images/1s2muXoHUmP1T0vGYKXSl1/6d265b13804069371f16a58788703a33/Footwork.png,playStyle,Play Style,,,,,,,0,Men's Football,45,Spain,https://drop-assets.ea.com/images/Kv8okAYMsDbB3ZKbxrAXw/9d30c88d16a4c85002f35c6af412c6f7/f_45.png,1860,Getafe CF,https://drop-assets.ea.com/images/44YMNWepTyO6Bq40e9JFvy/a282461a849f13c104c8163cd2253e2a/l1860.png,false,0,GK,Goalkeeper,defense,Defense,46,0,48,0,74,0,43,0,76,0,26,0,40,0,20,0,61,0,15,0,23,0,41,0,22,0,82,0,16,0,19,0,11,0,81,0,79,0,74,0,80,0,82,0,23,0,21,0,33,0,18,0,81,0,74,0,23,0,80,0,12,0,79,0,79,0,30,0,56,0,13,0,34,0,13,0,51,0,19,0,,,,,,,,,,,,,,,,,,,,,,,,,,,,,,,,
235805,517,81,Federico,Chiesa,,10/25/1997 12:00:00 AM,175,4,4,1,Premier League,70,https://ratings-images-prod.pulse.ea.com/FC25/full/player-portraits/p235805.png?padding=0.7,https://ratings-images-prod.pulse.ea.com/FC25/full/player-shields/en/235805.png?width=265,16,Left Midfielder,LM,trait1_1,Finesse Shot,Faster finesse shots with more curve and accuracy,https://drop-assets.ea.com/images/468u1R1p2k1fA6WBHi0OEn/fb9d49ed2a8fb500cd5a184937b96b34/Finesse_Shot.png,playStyle,Play Style,trait1_2097152,Rapid,"Higher sprint speed while dribbling, reduced error on knock-ons",https://drop-assets.ea.com/images/1aGsvwKyIFlRG1eoJSS0Ot/a4d3d661ff962795a632fe86439d2146/Rapid.png,playStyle,Play Style,trait1_33554432,Quick Step,Faster acceleration during Explosive Sprint,https://drop-assets.ea.com/images/1xG25Zp3wvkLA5YewKiZah/f27f5fabd1e899fc0bbb817d2db233b1/Quick_Step.png,playStyle,Play Style,0,Men's Football,27,Italy,https://drop-assets.ea.com/images/2WtjWPqYzT7xcMCbvajGZH/d06e9ec4734a0d43d88f65386cc3a484/f_27.png,9,Liverpool,https://drop-assets.ea.com/images/3mmzooNXBDCKuCy6kWcGQo/2e332a30fe2a7225a88fcb1898f48bbf/l9.png,false,12,RM,Right Midfielder,midfielder,Midfielder,88,0,89,0,74,0,63,0,67,0,74,0,84,0,81,0,80,0,75,0,78,0,44,0,42,0,83,0,84,0,80,0,62,0,6,0,7,0,8,0,9,0,7,0,53,0,46,0,74,0,79,0,87,0,75,0,62,0,68,0,81,0,80,0,80,0,77,0,84,0,39,0,87,0,44,0,77,0,78,0,,,,,,,,25,Striker,ST,23,Right Wing,RW,,,,,,,,,,,,,,,,,,,
239301,518,81,Lisandro,Martínez,,1/18/1998 12:00:00 AM,178,3,3,2,Premier League,77,https://ratings-images-prod.pulse.ea.com/FC25/full/player-portraits/p239301.png?padding=0.7,https://ratings-images-prod.pulse.ea.com/FC25/full/player-shields/en/239301.png?width=265,,,,trait1_65536,Intercept,Increased reach and possession retention in interceptions,https://drop-assets.ea.com/images/5ysv7Iw8jDHl7sp1JXqIa7/d34004fed8c95bde083dcf8257391a70/Intercept.png,playStyle,Play Style,trait1_262144,Slide Tackle,Stops ball at feet during slide tackles,https://drop-assets.ea.com/images/7mI1lrxE0pv9iJfQFki9OA/8c1ecac325f923e049be72231c8c968a/Slide_Tackle.png,playStyle,Play Style,trait1_268435456,Bruiser,Stronger physical tackles,https://drop-assets.ea.com/images/7euMJ2jVypFrFPQesWuGGm/14019168b12faac1584a2920d5c2d5d9/Bruiser.png,playStyle,Play Style,0,Men's Football,52,Argentina,https://drop-assets.ea.com/images/4xMXjEt7CFJ6JENYeG45Sk/836d733dc1642c5e4ab3338d91481436/f_52.png,11,Man Utd,https://drop-assets.ea.com/images/5xxJeUfFY6FEQZEJyJK35/990979becf88b88ecb6461dc441c2ebf/l11.png,false,5,CB,Center Back,defense,Defense,70,0,69,0,88,0,73,0,77,0,92,0,75,0,77,0,79,0,72,0,74,0,81,0,81,0,75,0,74,0,52,0,55,0,6,0,14,0,13,0,14,0,8,0,75,0,84,0,76,0,64,0,67,0,75,0,55,0,80,0,62,0,80,0,59,0,79,0,73,0,84,0,65,0,81,0,76,0,56,0,,,,,,,,,,,,,,,,,,,,,,,,,,,,,,,,
239482,520,81,Wenderson,Nascimento Galeno,Galeno,10/22/1997 12:00:00 AM,179,4,3,1,ROSHN Saudi League,62,https://ratings-images-prod.pulse.ea.com/FC25/full/player-portraits/p239482.png?padding=0.7,https://ratings-images-prod.pulse.ea.com/FC25/full/player-shields/en/239482.png?width=265,27,Left Wing,LW,trait1_2097152,Rapid,"Higher sprint speed while dribbling, reduced error on knock-ons",https://drop-assets.ea.com/images/1aGsvwKyIFlRG1eoJSS0Ot/a4d3d661ff962795a632fe86439d2146/Rapid.png,playStyle,Play Style,trait1_4194304,First Touch,"Reduced trapping error, faster dribbling transition",https://drop-assets.ea.com/images/3f727XsoDVLbT49oMk0HBu/2787568be8ccb2d5daa2d18fabacad97/First_Touch.png,playStyle,Play Style,trait1_33554432,Quick Step,Faster acceleration during Explosive Sprint,https://drop-assets.ea.com/images/1xG25Zp3wvkLA5YewKiZah/f27f5fabd1e899fc0bbb817d2db233b1/Quick_Step.png,playStyle,Play Style,0,Men's Football,54,Brazil,https://drop-assets.ea.com/images/1zdNn1R9tRlfQ3lsbAOecD/a606f742789b6306363383a6e20dd003/f_54.png,112387,Al Ahli,https://drop-assets.ea.com/images/3lVk0osL7o6YMhHuK4YYD6/5e106847b59ce2a4f0bfb55988d812c3/l112387.png,false,16,LM,Left Midfielder,midfielder,Midfielder,92,0,89,0,69,0,84,0,66,0,56,0,73,0,80,0,83,0,71,0,78,0,45,0,44,0,83,0,84,0,78,0,70,0,13,0,6,0,13,0,11,0,15,0,41,0,51,0,64,0,74,0,93,0,71,0,59,0,69,0,81,0,82,0,75,0,75,0,75,0,38,0,94,0,46,0,70,0,65,0,,trait1_67108864,Relentless,"Increased half time fatigue recovery, longer teammate contain and press",https://drop-assets.ea.com/images/2vVuRxgvPNaAuFGqZZ9nDY/3e2505addd5a6b353becdeaf7173d187/Relentless.png,playStyle,Play Style,,,,,,,,,,,,,,,,,,,,,,,,,
243952,521,81,Andriy,Lunin,,2/11/1999 12:00:00 AM,191,1,3,1,LALIGA EA SPORTS,78,https://ratings-images-prod.pulse.ea.com/FC25/full/player-portraits/p243952.png?padding=0.7,https://ratings-images-prod.pulse.ea.com/FC25/full/player-shields/en/243952.png?width=250,,,,trait2_2,Footwork,"Exclusive foot saves, better performance on low shots",https://drop-assets.ea.com/images/1s2muXoHUmP1T0vGYKXSl1/6d265b13804069371f16a58788703a33/Footwork.png,playStyle,Play Style,,,,,,,,,,,,,0,Men's Football,49,Ukraine,https://drop-assets.ea.com/images/6qDmsmOUdD4va3zMohbKhb/0074f5347b6d5908bf7c36de17f1e512/f_49.png,243,Real Madrid,https://drop-assets.ea.com/images/Pk8nYrWuRt895RlhJx8jI/445d98b711f413a3a1e70c41b19b0f95/l243.png,true,0,GK,Goalkeeper,defense,Defense,39,0,36,0,62,0,32,0,61,0,22,0,25,0,15,0,56,0,15,0,14,0,37,0,22,0,82,0,11,0,8,0,15,0,80,0,78,0,79,0,80,0,82,0,12,0,19,0,26,0,7,0,80,0,79,0,19,0,80,0,11,0,80,0,78,0,25,0,59,0,11,0,35,0,13,0,60,0,12,0,,,,,,,,,,,,,,,,,,,,,,,,,,,,,,,,
255475,522,81,Antony,Matheus dos Santos,Antony,2/24/2000 12:00:00 AM,172,5,1,2,LALIGA EA SPORTS,63,https://ratings-images-prod.pulse.ea.com/FC25/full/player-portraits/p255475.png?padding=0.7,https://ratings-images-prod.pulse.ea.com/FC25/full/player-shields/en/255475.png?width=265,12,Right Midfielder,RM,trait1_1,Finesse Shot,Faster finesse shots with more curve and accuracy,https://drop-assets.ea.com/images/468u1R1p2k1fA6WBHi0OEn/fb9d49ed2a8fb500cd5a184937b96b34/Finesse_Shot.png,playStyle,Play Style,trait1_1048576,Technical,"Faster Controlled Sprint, precise wide turns while dribbling",https://drop-assets.ea.com/images/5Esx7NK4YBU44O4bo07rvb/69ca9417da7fd07905f6c6956ad93f6d/Technical.png,playStyle,Play Style,trait1_8388608,Trickster,Performs unique flick Skill Moves,https://drop-assets.ea.com/images/47Ygd5ri33RgjIYGiTAJpj/f0723e6f2f89a98fb6e8200c3659c6a9/Trickster.png,playStyle,Play Style,0,Men's Football,54,Brazil,https://drop-assets.ea.com/images/1zdNn1R9tRlfQ3lsbAOecD/a606f742789b6306363383a6e20dd003/f_54.png,449,Real Betis,https://drop-assets.ea.com/images/4rODtg2WvYGHhUGfPXxilW/e047163865b561a0ced87f9f593498c1/l449.png,false,23,RW,Right Wing,attack,Attack,85,0,90,0,68,0,75,0,61,0,86,0,91,0,83,0,78,0,80,0,84,0,43,0,40,0,83,0,82,0,77,0,70,0,9,0,10,0,14,0,8,0,13,0,45,0,50,0,71,0,78,0,84,0,78,0,66,0,70,0,79,0,78,0,78,0,80,0,83,0,28,0,83,0,45,0,79,0,75,0,,,,,,,,,,,,,,,,,,,,,,,,,,,,,,,,
184392,523,81,Matteo,Darmian,,12/2/1989 12:00:00 AM,182,3,4,1,Serie A Enilive,70,https://ratings-images-prod.pulse.ea.com/FC25/full/player-portraits/p184392.png?padding=0.7,https://ratings-images-prod.pulse.ea.com/FC25/full/player-shields/en/184392.png?width=250,5,Center Back,CB,,,,,,,,,,,,,,,,,,,0,Men's Football,27,Italy,https://drop-assets.ea.com/images/2WtjWPqYzT7xcMCbvajGZH/d06e9ec4734a0d43d88f65386cc3a484/f_27.png,131682,Lombardia FC,https://drop-assets.ea.com/images/1thPMvXN97JgFvt6ASWr4c/d2ca0a691a98c344305bc0975ab70314/l131682.png,false,3,RB,Right Back,defense,Defense,68,0,79,0,77,0,75,0,64,0,84,0,75,0,79,0,79,0,74,0,75,0,81,0,83,0,76,0,72,0,60,0,40,0,6,0,7,0,7,0,12,0,7,0,76,0,79,0,74,0,60,0,71,0,74,0,49,0,71,0,78,0,83,0,62,0,81,0,69,0,79,0,74,0,84,0,70,0,65,0,,,,,,,,12,Right Midfielder,RM,,,,,,,,,,,,,,,,,,,,,,
216409,524,81,Matteo,Politano,,8/3/1993 12:00:00 AM,171,4,4,2,Serie A Enilive,65,https://ratings-images-prod.pulse.ea.com/FC25/full/player-portraits/p216409.png?padding=0.7,https://ratings-images-prod.pulse.ea.com/FC25/full/player-shields/en/216409.png?width=265,12,Right Midfielder,RM,trait1_8,Dead Ball,"Faster, accurate set pieces with longer trajectory preview",https://drop-assets.ea.com/images/1razu2wcM3XA82VvB7NyUm/eec6b07080e49d6bf2d7a7951a22375f/Dead_Ball.png,playStyle,Play Style,trait1_128,Gamechanger,Fancy and Trivela shots are performed with improved accuracy.,https://drop-assets.ea.com/images/2v8I0GQrtREaEJzJcyStKe/e46d719e4e5ed88ac5a1f671c7448f4a/Gamechanger.png,playStyle,Play Style,trait1_1024,Long Ball Pass,"Accurate, faster Lob and Lofted Through Passes",https://drop-assets.ea.com/images/7jwRDD4zkOsqRpc821t73d/16d46d57a5dfc7dd5dd5f8de0fd26a99/Long_Ball_Pass.png,playStyle,Play Style,0,Men's Football,27,Italy,https://drop-assets.ea.com/images/2WtjWPqYzT7xcMCbvajGZH/d06e9ec4734a0d43d88f65386cc3a484/f_27.png,48,SSC Napoli,https://drop-assets.ea.com/images/2FIV26KpnSXl3Nv8Ar6jk3/d8461aa150da3d433fccc34bc80c978f/l48.png,false,23,RW,Right Wing,attack,Attack,81,0,90,0,53,0,78,0,39,0,66,0,88,0,83,0,80,0,80,0,79,0,59,0,66,0,83,0,82,0,78,0,77,0,11,0,12,0,6,0,8,0,11,0,40,0,66,0,76,0,80,0,80,0,80,0,70,0,55,0,79,0,82,0,78,0,82,0,78,0,50,0,79,0,58,0,80,0,75,0,,trait1_4096,Whipped Pass,"Accurate, faster crosses with more curve",https://drop-assets.ea.com/images/FfTP29PWrRWZjEaiCCVoa/a1b345e4ae7023ed78b1efd68d28f392/Whipped_Pass.png,playStyle,Play Style,,,,,,,trait1_8192,Inventive,Fancy and Trivela passes are performed with improved accuracy.,https://drop-assets.ea.com/images/4fpo31RdL5T0vrzNqcSc4x/f82209bfd51270dcc447d4313b3e61f1/Inventive.png,playStyle,Play Style,trait1_1048576,Technical,"Faster Controlled Sprint, precise wide turns while dribbling",https://drop-assets.ea.com/images/5Esx7NK4YBU44O4bo07rvb/69ca9417da7fd07905f6c6956ad93f6d/Technical.png,playStyle,Play Style,,,,,,,
230670,525,81,Lucas,Estella Perri,Lucas Perri,12/10/1997 12:00:00 AM,197,1,2,1,Premier League,98,https://ratings-images-prod.pulse.ea.com/FC25/full/player-portraits/p230670.png?padding=0.7,https://ratings-images-prod.pulse.ea.com/FC25/full/player-shields/en/230670.png?width=250,,,,trait2_1,Far Throw,Unique goalkeeper throw animations with longer throw distance,https://drop-assets.ea.com/images/3CjCz29sjIt1xMZTRDi4vQ/8ecb201b0ae7d6d536d03c847a768ffa/Far_Throw.png,playStyle,Play Style,,,,,,,,,,,,,0,Men's Football,54,Brazil,https://drop-assets.ea.com/images/1zdNn1R9tRlfQ3lsbAOecD/a606f742789b6306363383a6e20dd003/f_54.png,8,Leeds United,https://drop-assets.ea.com/images/4GwGagnihmCNc321tRi8qB/07ddd8a7768922d58f01c2b6f2964a18/l8.png,false,0,GK,Goalkeeper,defense,Defense,32,0,37,0,69,0,38,0,83,0,35,0,27,0,14,0,44,0,19,0,22,0,35,0,10,0,82,0,18,0,11,0,20,0,80,0,79,0,79,0,80,0,82,0,13,0,25,0,48,0,13,0,80,0,79,0,19,0,80,0,12,0,77,0,79,0,45,0,59,0,14,0,39,0,18,0,65,0,15,0,,,,,,,,,,,,,,,,,,,,,,,,,,,,,,,,
202024,527,81,Remo,Freuler,,4/15/1992 12:00:00 AM,180,4,3,1,Serie A Enilive,80,https://ratings-images-prod.pulse.ea.com/FC25/full/player-portraits/p202024.png?padding=0.7,https://ratings-images-prod.pulse.ea.com/FC25/full/player-shields/en/202024.png?width=265,14,Center Midfielder,CM,trait1_32768,Block,Increased reach and success in blocking,https://drop-assets.ea.com/images/2Rlftzr8lqUdI29suCQVWe/43c6c36e8bd5fa26b88478d4354611a2/Block.png,playStyle,Play Style,trait1_65536,Intercept,Increased reach and possession retention in interceptions,https://drop-assets.ea.com/images/5ysv7Iw8jDHl7sp1JXqIa7/d34004fed8c95bde083dcf8257391a70/Intercept.png,playStyle,Play Style,trait1_131072,Anticipate,"Improved standing tackle success, possibility of stopping ball at feet",https://drop-assets.ea.com/images/4xPnUcL7thizFB7qmhlwUR/1ade7a0f77d5e875c2db869964540a35/Anticipate.png,playStyle,Play Style,0,Men's Football,47,Switzerland,https://drop-assets.ea.com/images/4CseD8PxDZqObA1huFIws0/f30914625e329de69ffdd60f3c334a88/f_47.png,189,Bologna,https://drop-assets.ea.com/images/46WRpnCKdCAJlQHuRwlxXF/a7ac6606d8a808d382d4dd5c484eb60e/l189.png,false,10,CDM,Center Defensive Midfielder,midfielder,Midfielder,63,0,67,0,62,0,91,0,67,0,71,0,65,0,83,0,83,0,65,0,61,0,77,0,80,0,77,0,76,0,70,0,70,0,12,0,8,0,9,0,14,0,13,0,48,0,79,0,78,0,74,0,58,0,76,0,61,0,74,0,78,0,82,0,72,0,83,0,75,0,75,0,53,0,84,0,78,0,68,0,,trait1_67108864,Relentless,"Increased half time fatigue recovery, longer teammate contain and press",https://drop-assets.ea.com/images/2vVuRxgvPNaAuFGqZZ9nDY/3e2505addd5a6b353becdeaf7173d187/Relentless.png,playStyle,Play Style,,,,,,,,,,,,,,,,,,,,,,,,,
213516,528,81,Ricardo Jorge,da Luz Horta,Ricardo Horta,9/15/1994 12:00:00 AM,173,3,4,1,Liga Portugal,63,https://ratings-images-prod.pulse.ea.com/FC25/full/player-portraits/p213516.png?padding=0.7,https://ratings-images-prod.pulse.ea.com/FC25/full/player-shields/en/213516.png?width=265,16,Left Midfielder,LM,trait1_1,Finesse Shot,Faster finesse shots with more curve and accuracy,https://drop-assets.ea.com/images/468u1R1p2k1fA6WBHi0OEn/fb9d49ed2a8fb500cd5a184937b96b34/Finesse_Shot.png,playStyle,Play Style,trait1_4,Power Shot,Faster power shots with increased speed,https://drop-assets.ea.com/images/3ohVoKWSsvT44qgjabWqfV/e536ef26ad854c3c4cbf63ed7954b9cd/Power_Shot.png,playStyle,Play Style,trait1_512,Pinged Pass,Faster ground passes without affecting receiver's trapping,https://drop-assets.ea.com/images/1mXBWIBgJSpYoIa1C4r5FX/7220e78a4049530f4e9fa642b1656fa4/Pinged_Pass.png,playStyle,Play Style,0,Men's Football,38,Portugal,https://drop-assets.ea.com/images/3CxRD7XqY2NSlZ3628fY4S/abf38470644ee334e6a425b9272f7767/f_38.png,1896,SC Braga,https://drop-assets.ea.com/images/4qjtfL57Y3CxvssFaOwnJT/08cfda01d445741b93fd0f8163a4b267/l1896.png,false,18,CAM,Center Attacking Midfielder,midfielder,Midfielder,78,0,83,0,70,0,83,0,62,0,69,0,85,0,81,0,83,0,78,0,81,0,43,0,32,0,82,0,81,0,80,0,80,0,7,0,9,0,10,0,8,0,13,0,55,0,55,0,76,0,84,0,78,0,81,0,77,0,69,0,80,0,82,0,81,0,82,0,82,0,35,0,78,0,44,0,84,0,82,0,,trait1_2048,Tiki Taka,Accurate first-time Ground Passes,https://drop-assets.ea.com/images/2tvHC5JQ2sXrN8wUTJWLEA/94b0f6a78d1a9e1348a33c9772f23afd/Tiki_Taka.png,playStyle,Play Style,12,Right Midfielder,RM,14,Center Midfielder,CM,trait1_4194304,First Touch,"Reduced trapping error, faster dribbling transition",https://drop-assets.ea.com/images/3f727XsoDVLbT49oMk0HBu/2787568be8ccb2d5daa2d18fabacad97/First_Touch.png,playStyle,Play Style,,,,,,,,,,,,,
208093,530,81,Gerard,Moreno Balagueró,Gerard Moreno,4/7/1992 12:00:00 AM,180,3,4,2,LALIGA EA SPORTS,77,https://ratings-images-prod.pulse.ea.com/FC25/full/player-portraits/p208093.png?padding=0.7,https://ratings-images-prod.pulse.ea.com/FC25/full/player-shields/en/208093.png?width=265,23,Right Wing,RW,trait1_1,Finesse Shot,Faster finesse shots with more curve and accuracy,https://drop-assets.ea.com/images/468u1R1p2k1fA6WBHi0OEn/fb9d49ed2a8fb500cd5a184937b96b34/Finesse_Shot.png,playStyle,Play Style,trait1_4,Power Shot,Faster power shots with increased speed,https://drop-assets.ea.com/images/3ohVoKWSsvT44qgjabWqfV/e536ef26ad854c3c4cbf63ed7954b9cd/Power_Shot.png,playStyle,Play Style,,,,,,,0,Men's Football,45,Spain,https://drop-assets.ea.com/images/Kv8okAYMsDbB3ZKbxrAXw/9d30c88d16a4c85002f35c6af412c6f7/f_45.png,483,Villarreal CF,https://drop-assets.ea.com/images/xvk9pCQTX74mWG8EjcgYU/f631ffd2c7ac06bd43f2547fc44463c4/l483.png,false,25,ST,Striker,attack,Attack,77,0,76,0,85,0,76,0,72,0,61,0,72,0,81,0,78,0,77,0,77,0,46,0,44,0,80,0,81,0,83,0,62,0,15,0,12,0,7,0,12,0,10,0,78,0,42,0,75,0,81,0,77,0,77,0,85,0,71,0,82,0,80,0,82,0,79,0,82,0,41,0,77,0,41,0,77,0,79,0,,,,,,,,18,Center Attacking Midfielder,CAM,,,,,,,,,,,,,,,,,,,,,,
210385,531,81,Rui Tiago,Dantas da Silva,Rui Silva,2/7/1994 12:00:00 AM,191,1,3,2,Liga Portugal,91,https://ratings-images-prod.pulse.ea.com/FC25/full/player-portraits/p210385.png?padding=0.7,https://ratings-images-prod.pulse.ea.com/FC25/full/player-shields/en/210385.png?width=250,,,,trait2_2,Footwork,"Exclusive foot saves, better performance on low shots",https://drop-assets.ea.com/images/1s2muXoHUmP1T0vGYKXSl1/6d265b13804069371f16a58788703a33/Footwork.png,playStyle,Play Style,trait2_32,Deflector,"Unique deflection animations, powerful parries to safer areas",https://drop-assets.ea.com/images/6nb9RYWNVuvUaLZDskFao7/0ad930b0874e7c9454b31de942c0d3f1/Deflector.png,playStyle,Play Style,,,,,,,0,Men's Football,38,Portugal,https://drop-assets.ea.com/images/3CxRD7XqY2NSlZ3628fY4S/abf38470644ee334e6a425b9272f7767/f_38.png,237,Sporting CP,https://drop-assets.ea.com/images/2bL9oGApMvbYE1o0Byl8KB/c914cde8141f11124f026cb198a0eb00/l237.png,false,0,GK,Goalkeeper,defense,Defense,31,0,34,0,67,0,27,0,76,0,19,0,24,0,24,0,49,0,13,0,19,0,31,0,25,0,84,0,18,0,20,0,20,0,82,0,78,0,77,0,81,0,84,0,14,0,27,0,30,0,14,0,82,0,77,0,30,0,81,0,20,0,73,0,78,0,29,0,58,0,19,0,30,0,10,0,55,0,20,0,,,,,,,,,,,,,,,,,,,,,,,,,,,,,,,,
222509,532,81,Daniel,Ceballos Fernández,Dani Ceballos,8/7/1996 12:00:00 AM,179,4,3,1,LALIGA EA SPORTS,70,https://ratings-images-prod.pulse.ea.com/FC25/full/player-portraits/p222509.png?padding=0.7,https://ratings-images-prod.pulse.ea.com/FC25/full/player-shields/en/222509.png?width=265,10,Center Defensive Midfielder,CDM,trait1_4096,Whipped Pass,"Accurate, faster crosses with more curve",https://drop-assets.ea.com/images/FfTP29PWrRWZjEaiCCVoa/a1b345e4ae7023ed78b1efd68d28f392/Whipped_Pass.png,playStyle,Play Style,trait1_16384,Jockey,"Faster Sprint Jockey, better transition speed",https://drop-assets.ea.com/images/7lHjpOBSghE6Ywt1jgVv1C/21f9914d00f073d79d4b46cac71b9087/Jockey.png,playStyle,Play Style,trait1_65536,Intercept,Increased reach and possession retention in interceptions,https://drop-assets.ea.com/images/5ysv7Iw8jDHl7sp1JXqIa7/d34004fed8c95bde083dcf8257391a70/Intercept.png,playStyle,Play Style,0,Men's Football,45,Spain,https://drop-assets.ea.com/images/Kv8okAYMsDbB3ZKbxrAXw/9d30c88d16a4c85002f35c6af412c6f7/f_45.png,243,Real Madrid,https://drop-assets.ea.com/images/Pk8nYrWuRt895RlhJx8jI/445d98b711f413a3a1e70c41b19b0f95/l243.png,true,14,CM,Center Midfielder,midfielder,Midfielder,65,0,77,0,57,0,76,0,61,0,75,0,78,0,84,0,81,0,74,0,77,0,72,0,75,0,82,0,83,0,69,0,67,0,12,0,15,0,16,0,7,0,13,0,41,0,78,0,81,0,76,0,61,0,80,0,55,0,67,0,78,0,78,0,71,0,84,0,76,0,70,0,57,0,76,0,81,0,62,0,,trait1_1048576,Technical,"Faster Controlled Sprint, precise wide turns while dribbling",https://drop-assets.ea.com/images/5Esx7NK4YBU44O4bo07rvb/69ca9417da7fd07905f6c6956ad93f6d/Technical.png,playStyle,Play Style,,,,,,,,,,,,,,,,,,,,,,,,,
247263,535,81,Edmond,Tapsoba,,2/2/1999 12:00:00 AM,192,2,4,1,Bundesliga,84,https://ratings-images-prod.pulse.ea.com/FC25/full/player-portraits/p247263.png?padding=0.7,https://ratings-images-prod.pulse.ea.com/FC25/full/player-shields/en/247263.png?width=265,,,,trait1_16,Precision Header,Performs headers with increased accuracy and power.,https://drop-assets.ea.com/images/3ync8fbblS4zLzF3p1VXmT/7752a5103c2ebd8be5cf1819379c66f4/Precision_Header.png,playStyle,Play Style,trait1_512,Pinged Pass,Faster ground passes without affecting receiver's trapping,https://drop-assets.ea.com/images/1mXBWIBgJSpYoIa1C4r5FX/7220e78a4049530f4e9fa642b1656fa4/Pinged_Pass.png,playStyle,Play Style,trait1_1024,Long Ball Pass,"Accurate, faster Lob and Lofted Through Passes",https://drop-assets.ea.com/images/7jwRDD4zkOsqRpc821t73d/16d46d57a5dfc7dd5dd5f8de0fd26a99/Long_Ball_Pass.png,playStyle,Play Style,0,Men's Football,101,Burkina Faso,https://drop-assets.ea.com/images/2Jtk8YxuTUGG31cPVY8Wok/ab673b55d605f29f0408257588ee4ec4/f_101.png,32,Leverkusen,https://drop-assets.ea.com/images/mGqQw1um1ucUAshcK0Eop/9c7fe656f526c98b217ff2a052377b5c/l32.png,false,5,CB,Center Back,defense,Defense,73,0,66,0,84,0,74,0,83,0,77,0,64,0,74,0,78,0,39,0,54,0,82,0,82,0,70,0,66,0,56,0,32,0,5,0,10,0,13,0,7,0,15,0,84,0,85,0,82,0,33,0,75,0,68,0,77,0,80,0,34,0,81,0,56,0,83,0,86,0,79,0,76,0,81,0,74,0,33,0,,,,,,,,,,,,,,,,,,,,,,,,,,,,,,,,
251852,536,81,Karim,Adeyemi,,1/18/2002 12:00:00 AM,180,4,4,2,Bundesliga,77,https://ratings-images-prod.pulse.ea.com/FC25/full/player-portraits/p251852.png?padding=0.7,https://ratings-images-prod.pulse.ea.com/FC25/full/player-shields/en/251852.png?width=265,27,Left Wing,LW,trait1_2097152,Rapid,"Higher sprint speed while dribbling, reduced error on knock-ons",https://drop-assets.ea.com/images/1aGsvwKyIFlRG1eoJSS0Ot/a4d3d661ff962795a632fe86439d2146/Rapid.png,playStyle,Play Style,icontrait1_33554432,Quick Step+,Significantly faster acceleration during Explosive Sprint,https://drop-assets.ea.com/images/44zHnq7IqO4ItY3NPzXNEC/d7fc408baa76e8ba053cd69e0a1a51c4/Quick_Step_.png,playStylePlus,Play Style Plus,,,,,,,0,Men's Football,21,Germany,https://drop-assets.ea.com/images/6IIMMGk0Uj1rcZ6DSHTpLL/93f95b602dc62594104f418c8f80ebb3/f_21.png,22,Borussia Dortmund,https://drop-assets.ea.com/images/TmqxUZk2FrbFXOK1kdE89/3dce225926ac7cfd9f283ecd731fa710/l22.png,false,12,RM,Right Midfielder,midfielder,Midfielder,96,0,86,0,92,0,77,0,67,0,59,0,81,0,79,0,76,0,71,0,67,0,36,0,25,0,82,0,84,0,77,0,62,0,12,0,12,0,7,0,12,0,7,0,71,0,31,0,69,0,73,0,96,0,72,0,70,0,69,0,79,0,81,0,76,0,74,0,79,0,49,0,96,0,34,0,73,0,71,0,,,,,,,,18,Center Attacking Midfielder,CAM,23,Right Wing,RW,,,,,,,,,,,,,,,,,,,
257470,537,81,Anthony,Elanga,,4/27/2002 12:00:00 AM,178,3,5,1,Premier League,70,https://ratings-images-prod.pulse.ea.com/FC25/full/player-portraits/p257470.png?padding=0.7,https://ratings-images-prod.pulse.ea.com/FC25/full/player-shields/en/257470.png?width=265,12,Right Midfielder,RM,trait1_64,Low Driven Shot,"Enhances a player's ability to execute low driven shots with increased accuracy, faster ball travel, and quicker shot execution.",https://drop-assets.ea.com/images/1NfyWsEpQ7s9bhWWt92lbn/5b5dbeb0e55c2e9241cdc26c70ee2d2c/Low_Driven_Shot.png,playStyle,Play Style,trait1_2097152,Rapid,"Higher sprint speed while dribbling, reduced error on knock-ons",https://drop-assets.ea.com/images/1aGsvwKyIFlRG1eoJSS0Ot/a4d3d661ff962795a632fe86439d2146/Rapid.png,playStyle,Play Style,trait1_33554432,Quick Step,Faster acceleration during Explosive Sprint,https://drop-assets.ea.com/images/1xG25Zp3wvkLA5YewKiZah/f27f5fabd1e899fc0bbb817d2db233b1/Quick_Step.png,playStyle,Play Style,0,Men's Football,46,Sweden,https://drop-assets.ea.com/images/4ts7Tmr55hzylhHNBA5xsw/073e32f2c968ae9d531bb1d013a350a0/f_46.png,13,Newcastle Utd,https://drop-assets.ea.com/images/69fXoaX4p9zFwKaZYoNtNX/14d86649a9b5a3f7e876cc3d46357b5d/l13.png,false,23,RW,Right Wing,attack,Attack,93,0,85,0,84,0,75,0,72,0,55,0,79,0,81,0,79,0,80,0,79,0,39,0,38,0,82,0,83,0,77,0,66,0,13,0,5,0,13,0,8,0,10,0,67,0,31,0,66,0,67,0,92,0,76,0,56,0,70,0,80,0,79,0,72,0,76,0,72,0,33,0,91,0,38,0,79,0,64,0,,trait1_536870912,Enforcer,Performs dribble Shoulder Challenges and Shielding with increased effectiveness.,https://drop-assets.ea.com/images/2sNQz8b9dgV0hW8vl7oOvV/d7a503dbd4c73b232055b3ca06aa88eb/Enforcer.png,playStyle,Play Style,,,,,,,,,,,,,,,,,,,,,,,,,
190941,539,81,Lukáš,Hrádecký,,11/24/1989 12:00:00 AM,192,1,3,1,Ligue 1 McDonald's,85,https://ratings-images-prod.pulse.ea.com/FC25/full/player-portraits/p190941.png?padding=0.7,https://ratings-images-prod.pulse.ea.com/FC25/full/player-shields/en/190941.png?width=250,,,,trait2_2,Footwork,"Exclusive foot saves, better performance on low shots",https://drop-assets.ea.com/images/1s2muXoHUmP1T0vGYKXSl1/6d265b13804069371f16a58788703a33/Footwork.png,playStyle,Play Style,,,,,,,,,,,,,0,Men's Football,17,Finland,https://drop-assets.ea.com/images/6Sccg41DmGVfVmfToj3cf0/d27da9e8cf989a5a7783cf7ea6c3c868/f_17.png,69,AS Monaco,https://drop-assets.ea.com/images/6XicH1VsjyR3WbTdpk99p3/8b11b6c53072e6c9c042eb77f3c6a8f4/l69.png,false,0,GK,Goalkeeper,defense,Defense,38,0,43,0,59,0,34,0,55,0,31,0,39,0,20,0,45,0,11,0,11,0,40,0,10,0,83,0,10,0,11,0,15,0,83,0,79,0,64,0,81,0,83,0,11,0,18,0,33,0,14,0,83,0,64,0,20,0,81,0,9,0,80,0,79,0,30,0,48,0,13,0,44,0,10,0,53,0,9,0,,,,,,,,,,,,,,,,,,,,,,,,,,,,,,,,
236632,540,81,David,Neres Campos,David Neres,3/3/1997 12:00:00 AM,175,5,3,2,Serie A Enilive,69,https://ratings-images-prod.pulse.ea.com/FC25/full/player-portraits/p236632.png?padding=0.7,https://ratings-images-prod.pulse.ea.com/FC25/full/player-shields/en/236632.png?width=265,16,Left Midfielder,LM,trait1_4,Power Shot,Faster power shots with increased speed,https://drop-assets.ea.com/images/3ohVoKWSsvT44qgjabWqfV/e536ef26ad854c3c4cbf63ed7954b9cd/Power_Shot.png,playStyle,Play Style,trait1_128,Gamechanger,Fancy and Trivela shots are performed with improved accuracy.,https://drop-assets.ea.com/images/2v8I0GQrtREaEJzJcyStKe/e46d719e4e5ed88ac5a1f671c7448f4a/Gamechanger.png,playStyle,Play Style,trait1_4096,Whipped Pass,"Accurate, faster crosses with more curve",https://drop-assets.ea.com/images/FfTP29PWrRWZjEaiCCVoa/a1b345e4ae7023ed78b1efd68d28f392/Whipped_Pass.png,playStyle,Play Style,0,Men's Football,54,Brazil,https://drop-assets.ea.com/images/1zdNn1R9tRlfQ3lsbAOecD/a606f742789b6306363383a6e20dd003/f_54.png,48,SSC Napoli,https://drop-assets.ea.com/images/2FIV26KpnSXl3Nv8Ar6jk3/d8461aa150da3d433fccc34bc80c978f/l48.png,false,27,LW,Left Wing,attack,Attack,87,0,92,0,67,0,69,0,59,0,53,0,82,0,85,0,85,0,74,0,79,0,46,0,48,0,86,0,86,0,76,0,52,0,14,0,10,0,5,0,13,0,6,0,45,0,48,0,69,0,75,0,86,0,75,0,69,0,61,0,78,0,80,0,76,0,78,0,79,0,38,0,85,0,45,0,79,0,74,0,,trait1_8192,Inventive,Fancy and Trivela passes are performed with improved accuracy.,https://drop-assets.ea.com/images/4fpo31RdL5T0vrzNqcSc4x/f82209bfd51270dcc447d4313b3e61f1/Inventive.png,playStyle,Play Style,,,,,,,trait1_1048576,Technical,"Faster Controlled Sprint, precise wide turns while dribbling",https://drop-assets.ea.com/images/5Esx7NK4YBU44O4bo07rvb/69ca9417da7fd07905f6c6956ad93f6d/Technical.png,playStyle,Play Style,trait1_8388608,Trickster,Performs unique flick Skill Moves,https://drop-assets.ea.com/images/47Ygd5ri33RgjIYGiTAJpj/f0723e6f2f89a98fb6e8200c3659c6a9/Trickster.png,playStyle,Play Style,trait1_33554432,Quick Step,Faster acceleration during Explosive Sprint,https://drop-assets.ea.com/images/1xG25Zp3wvkLA5YewKiZah/f27f5fabd1e899fc0bbb817d2db233b1/Quick_Step.png,playStyle,Play Style,
236403,541,81,Evan,Ndicka,,8/20/1999 12:00:00 AM,192,2,3,2,Serie A Enilive,82,https://ratings-images-prod.pulse.ea.com/FC25/full/player-portraits/p236403.png?padding=0.7,https://ratings-images-prod.pulse.ea.com/FC25/full/player-shields/en/236403.png?width=265,,,,trait1_32768,Block,Increased reach and success in blocking,https://drop-assets.ea.com/images/2Rlftzr8lqUdI29suCQVWe/43c6c36e8bd5fa26b88478d4354611a2/Block.png,playStyle,Play Style,trait1_262144,Slide Tackle,Stops ball at feet during slide tackles,https://drop-assets.ea.com/images/7mI1lrxE0pv9iJfQFki9OA/8c1ecac325f923e049be72231c8c968a/Slide_Tackle.png,playStyle,Play Style,trait1_268435456,Bruiser,Stronger physical tackles,https://drop-assets.ea.com/images/7euMJ2jVypFrFPQesWuGGm/14019168b12faac1584a2920d5c2d5d9/Bruiser.png,playStyle,Play Style,0,Men's Football,108,Côte d'Ivoire,https://drop-assets.ea.com/images/6WOgIUFG0fMJWcKjih5i3K/8d09758d91059b879a2e5521f8d7e616/f_108.png,52,AS Roma,https://drop-assets.ea.com/images/2ruQP0TDYcCmtVFKr9qMBI/5f53795056598b1faac31300900b8671/l52.png,false,5,CB,Center Back,defense,Defense,69,0,50,0,85,0,83,0,81,0,81,0,55,0,75,0,80,0,68,0,59,0,81,0,81,0,69,0,69,0,49,0,30,0,13,0,8,0,7,0,8,0,8,0,79,0,80,0,74,0,54,0,74,0,69,0,33,0,82,0,68,0,81,0,53,0,78,0,65,0,76,0,78,0,85,0,64,0,43,0,,,,,,,,,,,,,,,,,,,,,,,,,,,,,,,,
232498,543,81,Isaac,Palazón Camacho,Isi,12/27/1994 12:00:00 AM,169,3,3,2,LALIGA EA SPORTS,71,https://ratings-images-prod.pulse.ea.com/FC25/full/player-portraits/p232498.png?padding=0.7,https://ratings-images-prod.pulse.ea.com/FC25/full/player-shields/en/232498.png?width=265,12,Right Midfielder,RM,trait1_2097152,Rapid,"Higher sprint speed while dribbling, reduced error on knock-ons",https://drop-assets.ea.com/images/1aGsvwKyIFlRG1eoJSS0Ot/a4d3d661ff962795a632fe86439d2146/Rapid.png,playStyle,Play Style,trait1_4194304,First Touch,"Reduced trapping error, faster dribbling transition",https://drop-assets.ea.com/images/3f727XsoDVLbT49oMk0HBu/2787568be8ccb2d5daa2d18fabacad97/First_Touch.png,playStyle,Play Style,,,,,,,0,Men's Football,45,Spain,https://drop-assets.ea.com/images/Kv8okAYMsDbB3ZKbxrAXw/9d30c88d16a4c85002f35c6af412c6f7/f_45.png,480,Rayo Vallecano,https://drop-assets.ea.com/images/3SSzCmmavBBvrdJVySdnrm/f51360f07320e2dba9520037d3789543/l480.png,false,18,CAM,Center Attacking Midfielder,midfielder,Midfielder,85,0,86,0,64,0,75,0,64,0,55,0,81,0,82,0,78,0,82,0,77,0,39,0,39,0,82,0,82,0,75,0,76,0,11,0,8,0,10,0,13,0,15,0,35,0,41,0,78,0,81,0,84,0,80,0,78,0,65,0,77,0,77,0,77,0,81,0,78,0,37,0,84,0,41,0,81,0,68,0,,,,,,,,25,Striker,ST,14,Center Midfielder,CM,,,,,,,,,,,,,,,,,,,
210676,545,81,Wladimiro,Falcone,,4/12/1995 12:00:00 AM,196,1,2,1,Serie A Enilive,85,https://ratings-images-prod.pulse.ea.com/FC25/full/player-portraits/p210676.png?padding=0.7,https://ratings-images-prod.pulse.ea.com/FC25/full/player-shields/en/210676.png?width=250,,,,trait2_2,Footwork,"Exclusive foot saves, better performance on low shots",https://drop-assets.ea.com/images/1s2muXoHUmP1T0vGYKXSl1/6d265b13804069371f16a58788703a33/Footwork.png,playStyle,Play Style,trait2_8,Rush Out,"Unique reflex saves, better close shot reads, faster rush",https://drop-assets.ea.com/images/4wwnzFkg1zLTAc4QSsXiWO/5fa897cf739a93bddf3556e2323f9b8b/1v1_Close_Down.png,playStyle,Play Style,,,,,,,0,Men's Football,27,Italy,https://drop-assets.ea.com/images/2WtjWPqYzT7xcMCbvajGZH/d06e9ec4734a0d43d88f65386cc3a484/f_27.png,347,Lecce,https://drop-assets.ea.com/images/24tjxIlBXF6g0puyjqRqqx/04aa5e48c5938944bee35b1893c0d0fa/l347.png,false,0,GK,Goalkeeper,defense,Defense,26,0,33,0,59,0,28,0,62,0,15,0,34,0,20,0,44,0,17,0,16,0,27,0,6,0,84,0,13,0,19,0,12,0,83,0,81,0,75,0,76,0,84,0,13,0,8,0,26,0,20,0,83,0,75,0,29,0,76,0,5,0,73,0,81,0,25,0,56,0,18,0,28,0,13,0,45,0,13,0,,,,,,,,,,,,,,,,,,,,,,,,,,,,,,,,
220814,546,81,Lucas,Hernández,,2/14/1996 12:00:00 AM,184,2,2,2,Ligue 1 McDonald's,79,https://ratings-images-prod.pulse.ea.com/FC25/full/player-portraits/p220814.png?padding=0.7,https://ratings-images-prod.pulse.ea.com/FC25/full/player-shields/en/220814.png?width=265,7,Left Back,LB,trait1_262144,Slide Tackle,Stops ball at feet during slide tackles,https://drop-assets.ea.com/images/7mI1lrxE0pv9iJfQFki9OA/8c1ecac325f923e049be72231c8c968a/Slide_Tackle.png,playStyle,Play Style,trait1_268435456,Bruiser,Stronger physical tackles,https://drop-assets.ea.com/images/7euMJ2jVypFrFPQesWuGGm/14019168b12faac1584a2920d5c2d5d9/Bruiser.png,playStyle,Play Style,,,,,,,0,Men's Football,18,France,https://drop-assets.ea.com/images/3ECAQzhfgSLWRf9IIHB6G8/7e235a7b2f93c1f73db7f89dc03b3657/f_18.png,73,Paris SG,https://drop-assets.ea.com/images/2QwnhmHh5K7bjkfZAF7ZCi/7c53874542fb5c606ff810a4b1f6b88b/l73.png,true,5,CB,Center Back,defense,Defense,68,0,69,0,84,0,65,0,78,0,89,0,69,0,76,0,80,0,78,0,59,0,82,0,82,0,70,0,65,0,53,0,39,0,10,0,7,0,8,0,14,0,10,0,80,0,80,0,66,0,51,0,71,0,72,0,42,0,77,0,66,0,81,0,54,0,78,0,62,0,82,0,74,0,84,0,71,0,46,0,,,,,,,,16,Left Midfielder,LM,,,,,,,,,,,,,,,,,,,,,,
237679,547,81,Randal,Kolo Muani,,12/5/1998 12:00:00 AM,187,3,4,1,Premier League,73,https://ratings-images-prod.pulse.ea.com/FC25/full/player-portraits/p237679.png?padding=0.7,https://ratings-images-prod.pulse.ea.com/FC25/full/player-shields/en/237679.png?width=265,,,,trait1_1,Finesse Shot,Faster finesse shots with more curve and accuracy,https://drop-assets.ea.com/images/468u1R1p2k1fA6WBHi0OEn/fb9d49ed2a8fb500cd5a184937b96b34/Finesse_Shot.png,playStyle,Play Style,trait1_1048576,Technical,"Faster Controlled Sprint, precise wide turns while dribbling",https://drop-assets.ea.com/images/5Esx7NK4YBU44O4bo07rvb/69ca9417da7fd07905f6c6956ad93f6d/Technical.png,playStyle,Play Style,trait1_2097152,Rapid,"Higher sprint speed while dribbling, reduced error on knock-ons",https://drop-assets.ea.com/images/1aGsvwKyIFlRG1eoJSS0Ot/a4d3d661ff962795a632fe86439d2146/Rapid.png,playStyle,Play Style,0,Men's Football,18,France,https://drop-assets.ea.com/images/3ECAQzhfgSLWRf9IIHB6G8/7e235a7b2f93c1f73db7f89dc03b3657/f_18.png,18,Spurs,https://drop-assets.ea.com/images/7kUcyCh5xGrzQlcjP2Q9NH/11aba507486f44765ee5938b1b5b097e/l18.png,false,25,ST,Striker,attack,Attack,90,0,84,0,88,0,74,0,69,0,36,0,71,0,81,0,79,0,64,0,70,0,38,0,32,0,80,0,80,0,81,0,62,0,7,0,14,0,15,0,8,0,5,0,80,0,38,0,62,0,73,0,90,0,71,0,70,0,65,0,82,0,78,0,79,0,77,0,83,0,32,0,90,0,33,0,77,0,80,0,,trait1_33554432,Quick Step,Faster acceleration during Explosive Sprint,https://drop-assets.ea.com/images/1xG25Zp3wvkLA5YewKiZah/f27f5fabd1e899fc0bbb817d2db233b1/Quick_Step.png,playStyle,Play Style,,,,,,,,,,,,,,,,,,,,,,,,,
201153,548,81,Álvaro Borja,Morata Martín,Morata,10/23/1992 12:00:00 AM,190,3,4,1,Serie A Enilive,84,https://ratings-images-prod.pulse.ea.com/FC25/full/player-portraits/p201153.png?padding=0.7,https://ratings-images-prod.pulse.ea.com/FC25/full/player-shields/en/201153.png?width=265,18,Center Attacking Midfielder,CAM,trait1_1,Finesse Shot,Faster finesse shots with more curve and accuracy,https://drop-assets.ea.com/images/468u1R1p2k1fA6WBHi0OEn/fb9d49ed2a8fb500cd5a184937b96b34/Finesse_Shot.png,playStyle,Play Style,trait1_2097152,Rapid,"Higher sprint speed while dribbling, reduced error on knock-ons",https://drop-assets.ea.com/images/1aGsvwKyIFlRG1eoJSS0Ot/a4d3d661ff962795a632fe86439d2146/Rapid.png,playStyle,Play Style,trait1_67108864,Relentless,"Increased half time fatigue recovery, longer teammate contain and press",https://drop-assets.ea.com/images/2vVuRxgvPNaAuFGqZZ9nDY/3e2505addd5a6b353becdeaf7173d187/Relentless.png,playStyle,Play Style,0,Men's Football,45,Spain,https://drop-assets.ea.com/images/Kv8okAYMsDbB3ZKbxrAXw/9d30c88d16a4c85002f35c6af412c6f7/f_45.png,1745,Como,https://drop-assets.ea.com/images/3y8mulzaICjwfi7inFVld2/ec9c71566982f8df59f26e81745143ec/l1745.png,false,25,ST,Striker,attack,Attack,79,0,76,0,91,0,79,0,79,0,69,0,63,0,83,0,79,0,72,0,78,0,31,0,37,0,80,0,80,0,82,0,52,0,4,0,5,0,4,0,4,0,5,0,84,0,26,0,72,0,76,0,78,0,74,0,75,0,78,0,84,0,81,0,81,0,77,0,82,0,20,0,78,0,14,0,77,0,82,0,,trait1_536870912,Enforcer,Performs dribble Shoulder Challenges and Shielding with increased effectiveness.,https://drop-assets.ea.com/images/2sNQz8b9dgV0hW8vl7oOvV/d7a503dbd4c73b232055b3ca06aa88eb/Enforcer.png,playStyle,Play Style,,,,,,,,,,,,,,,,,,,,,,,,,
257179,551,81,Gonçalo,Bernardo Inácio,Gonçalo Inácio,8/25/2001 12:00:00 AM,185,2,2,2,Liga Portugal,81,https://ratings-images-prod.pulse.ea.com/FC25/full/player-portraits/p257179.png?padding=0.7,https://ratings-images-prod.pulse.ea.com/FC25/full/player-shields/en/257179.png?width=265,,,,trait1_512,Pinged Pass,Faster ground passes without affecting receiver's trapping,https://drop-assets.ea.com/images/1mXBWIBgJSpYoIa1C4r5FX/7220e78a4049530f4e9fa642b1656fa4/Pinged_Pass.png,playStyle,Play Style,trait1_1024,Long Ball Pass,"Accurate, faster Lob and Lofted Through Passes",https://drop-assets.ea.com/images/7jwRDD4zkOsqRpc821t73d/16d46d57a5dfc7dd5dd5f8de0fd26a99/Long_Ball_Pass.png,playStyle,Play Style,trait1_16384,Jockey,"Faster Sprint Jockey, better transition speed",https://drop-assets.ea.com/images/7lHjpOBSghE6Ywt1jgVv1C/21f9914d00f073d79d4b46cac71b9087/Jockey.png,playStyle,Play Style,0,Men's Football,38,Portugal,https://drop-assets.ea.com/images/3CxRD7XqY2NSlZ3628fY4S/abf38470644ee334e6a425b9272f7767/f_38.png,237,Sporting CP,https://drop-assets.ea.com/images/2bL9oGApMvbYE1o0Byl8KB/c914cde8141f11124f026cb198a0eb00/l237.png,false,5,CB,Center Back,defense,Defense,79,0,76,0,85,0,82,0,82,0,78,0,65,0,75,0,77,0,52,0,64,0,82,0,82,0,73,0,72,0,23,0,27,0,6,0,6,0,7,0,10,0,7,0,83,0,82,0,85,0,28,0,77,0,71,0,40,0,81,0,64,0,76,0,37,0,81,0,67,0,79,0,76,0,82,0,75,0,45,0,,,,,,,,,,,,,,,,,,,,,,,,,,,,,,,,
242835,554,81,Leonardo,Balerdi,,1/26/1999 12:00:00 AM,187,2,3,1,Ligue 1 McDonald's,85,https://ratings-images-prod.pulse.ea.com/FC25/full/player-portraits/p242835.png?padding=0.7,https://ratings-images-prod.pulse.ea.com/FC25/full/player-shields/en/242835.png?width=265,,,,trait1_16384,Jockey,"Faster Sprint Jockey, better transition speed",https://drop-assets.ea.com/images/7lHjpOBSghE6Ywt1jgVv1C/21f9914d00f073d79d4b46cac71b9087/Jockey.png,playStyle,Play Style,trait1_65536,Intercept,Increased reach and possession retention in interceptions,https://drop-assets.ea.com/images/5ysv7Iw8jDHl7sp1JXqIa7/d34004fed8c95bde083dcf8257391a70/Intercept.png,playStyle,Play Style,trait1_131072,Anticipate,"Improved standing tackle success, possibility of stopping ball at feet",https://drop-assets.ea.com/images/4xPnUcL7thizFB7qmhlwUR/1ade7a0f77d5e875c2db869964540a35/Anticipate.png,playStyle,Play Style,0,Men's Football,52,Argentina,https://drop-assets.ea.com/images/4xMXjEt7CFJ6JENYeG45Sk/836d733dc1642c5e4ab3338d91481436/f_52.png,219,OM,https://drop-assets.ea.com/images/3t06Qm41tT2gB8NqJYXdue/928373951a71a9a8565497e6481925d1/l219.png,false,5,CB,Center Back,defense,Defense,69,0,62,0,85,0,69,0,81,0,84,0,56,0,77,0,76,0,42,0,39,0,82,0,84,0,69,0,66,0,34,0,32,0,6,0,8,0,15,0,15,0,14,0,77,0,82,0,81,0,56,0,77,0,65,0,57,0,79,0,48,0,75,0,46,0,77,0,64,0,79,0,83,0,82,0,70,0,29,0,,trait1_524288,Aerial Fortress,Performs higher jumps and has physical defensive presence before and during aerial duels,https://drop-assets.ea.com/images/3rsDbUXd3MZX39YTsk6lKe/404db89f2237eeb7466668a730c52a4b/Aerial_Fortress.png,playStyle,Play Style,,,,,,,,,,,,,,,,,,,,,,,,,
216354,556,81,Andrej,Kramarić,,6/19/1991 12:00:00 AM,177,4,4,1,Bundesliga,73,https://ratings-images-prod.pulse.ea.com/FC25/full/player-portraits/p216354.png?padding=0.7,https://ratings-images-prod.pulse.ea.com/FC25/full/player-shields/en/216354.png?width=265,14,Center Midfielder,CM,trait1_1,Finesse Shot,Faster finesse shots with more curve and accuracy,https://drop-assets.ea.com/images/468u1R1p2k1fA6WBHi0OEn/fb9d49ed2a8fb500cd5a184937b96b34/Finesse_Shot.png,playStyle,Play Style,trait1_2,Chip Shot,"Faster, more accurate chip shots",https://drop-assets.ea.com/images/6Gl08kt7odn1fJNX74CS2P/984feac3cd8d99902f5cb5131d5fd26a/Chip_Shot.png,playStyle,Play Style,trait1_128,Gamechanger,Fancy and Trivela shots are performed with improved accuracy.,https://drop-assets.ea.com/images/2v8I0GQrtREaEJzJcyStKe/e46d719e4e5ed88ac5a1f671c7448f4a/Gamechanger.png,playStyle,Play Style,0,Men's Football,10,Croatia,https://drop-assets.ea.com/images/4ZYNK06L8ZkJTrdtSby4NW/eb42cc852fc74ea3d3f5b8904fb5194f/f_10.png,10029,TSG Hoffenheim,https://drop-assets.ea.com/images/1ylwMQ1ia5SGcXYoIKhtdK/b24a8fed6fb30e01ea3fd15184b0046c/l10029.png,false,18,CAM,Center Attacking Midfielder,midfielder,Midfielder,70,0,80,0,73,0,85,0,68,0,71,0,84,0,85,0,82,0,73,0,82,0,33,0,35,0,84,0,84,0,83,0,77,0,8,0,14,0,14,0,7,0,15,0,69,0,29,0,73,0,79,0,67,0,78,0,92,0,73,0,84,0,83,0,82,0,82,0,82,0,26,0,65,0,25,0,81,0,81,0,,trait1_256,Incisive Pass,"Accurate through passes, curvier swerve passes, faster precision passes",https://drop-assets.ea.com/images/2K5BYfVYRnrdjt8F3hwI04/62f147b6a436c107bfa3d042c1d5728d/Incisive_Pass.png,playStyle,Play Style,,,,,,,trait1_1048576,Technical,"Faster Controlled Sprint, precise wide turns while dribbling",https://drop-assets.ea.com/images/5Esx7NK4YBU44O4bo07rvb/69ca9417da7fd07905f6c6956ad93f6d/Technical.png,playStyle,Play Style,trait1_4194304,First Touch,"Reduced trapping error, faster dribbling transition",https://drop-assets.ea.com/images/3f727XsoDVLbT49oMk0HBu/2787568be8ccb2d5daa2d18fabacad97/First_Touch.png,playStyle,Play Style,,,,,,,
232411,557,81,Christopher,Nkunku,,11/14/1997 12:00:00 AM,177,5,3,1,Serie A Enilive,68,https://ratings-images-prod.pulse.ea.com/FC25/full/player-portraits/p232411.png?padding=0.7,https://ratings-images-prod.pulse.ea.com/FC25/full/player-shields/en/232411.png?width=265,16,Left Midfielder,LM,trait1_1,Finesse Shot,Faster finesse shots with more curve and accuracy,https://drop-assets.ea.com/images/468u1R1p2k1fA6WBHi0OEn/fb9d49ed2a8fb500cd5a184937b96b34/Finesse_Shot.png,playStyle,Play Style,trait1_1048576,Technical,"Faster Controlled Sprint, precise wide turns while dribbling",https://drop-assets.ea.com/images/5Esx7NK4YBU44O4bo07rvb/69ca9417da7fd07905f6c6956ad93f6d/Technical.png,playStyle,Play Style,trait1_4194304,First Touch,"Reduced trapping error, faster dribbling transition",https://drop-assets.ea.com/images/3f727XsoDVLbT49oMk0HBu/2787568be8ccb2d5daa2d18fabacad97/First_Touch.png,playStyle,Play Style,0,Men's Football,18,France,https://drop-assets.ea.com/images/3ECAQzhfgSLWRf9IIHB6G8/7e235a7b2f93c1f73db7f89dc03b3657/f_18.png,131681,Milano FC,https://drop-assets.ea.com/images/6D3s1RlLRER3UOunC4Lofv/ec87a4178160a87521b0b7c688e7638e/l131681.png,false,18,CAM,Center Attacking Midfielder,midfielder,Midfielder,77,0,82,0,74,0,65,0,63,0,40,0,80,0,83,0,78,0,78,0,80,0,40,0,40,0,82,0,82,0,80,0,78,0,5,0,6,0,10,0,15,0,7,0,65,0,40,0,78,0,78,0,77,0,80,0,83,0,59,0,81,0,79,0,79,0,82,0,80,0,30,0,77,0,35,0,80,0,70,0,,,,,,,,25,Striker,ST,14,Center Midfielder,CM,,,,,,,,,,,,,,,,,,,
243854,558,81,Mohamed,Simakan,,5/3/2000 12:00:00 AM,187,2,3,1,ROSHN Saudi League,82,https://ratings-images-prod.pulse.ea.com/FC25/full/player-portraits/p243854.png?padding=0.7,https://ratings-images-prod.pulse.ea.com/FC25/full/player-shields/en/243854.png?width=265,3,Right Back,RB,trait1_16384,Jockey,"Faster Sprint Jockey, better transition speed",https://drop-assets.ea.com/images/7lHjpOBSghE6Ywt1jgVv1C/21f9914d00f073d79d4b46cac71b9087/Jockey.png,playStyle,Play Style,trait1_268435456,Bruiser,Stronger physical tackles,https://drop-assets.ea.com/images/7euMJ2jVypFrFPQesWuGGm/14019168b12faac1584a2920d5c2d5d9/Bruiser.png,playStyle,Play Style,,,,,,,0,Men's Football,18,France,https://drop-assets.ea.com/images/3ECAQzhfgSLWRf9IIHB6G8/7e235a7b2f93c1f73db7f89dc03b3657/f_18.png,112139,Al Nassr,https://drop-assets.ea.com/images/6oPkjdKPFc4aHfFp7UGXB7/262e529bd81a51c0b5f317e61b3f5985/l112139.png,false,5,CB,Center Back,defense,Defense,74,0,64,0,89,0,79,0,83,0,79,0,64,0,71,0,76,0,60,0,55,0,82,0,80,0,69,0,67,0,39,0,32,0,8,0,6,0,6,0,11,0,15,0,80,0,82,0,70,0,33,0,76,0,65,0,47,0,82,0,54,0,78,0,43,0,74,0,61,0,77,0,78,0,85,0,63,0,31,0,,,,,,,,,,,,,,,,,,,,,,,,,,,,,,,,
200888,559,81,Danilo Luís,Hélio Pereira,Danilo Pereira,9/9/1991 12:00:00 AM,188,3,3,1,ROSHN Saudi League,83,https://ratings-images-prod.pulse.ea.com/FC25/full/player-portraits/p200888.png?padding=0.7,https://ratings-images-prod.pulse.ea.com/FC25/full/player-shields/en/200888.png?width=265,,,,trait1_16,Precision Header,Performs headers with increased accuracy and power.,https://drop-assets.ea.com/images/3ync8fbblS4zLzF3p1VXmT/7752a5103c2ebd8be5cf1819379c66f4/Precision_Header.png,playStyle,Play Style,trait1_512,Pinged Pass,Faster ground passes without affecting receiver's trapping,https://drop-assets.ea.com/images/1mXBWIBgJSpYoIa1C4r5FX/7220e78a4049530f4e9fa642b1656fa4/Pinged_Pass.png,playStyle,Play Style,trait1_1024,Long Ball Pass,"Accurate, faster Lob and Lofted Through Passes",https://drop-assets.ea.com/images/7jwRDD4zkOsqRpc821t73d/16d46d57a5dfc7dd5dd5f8de0fd26a99/Long_Ball_Pass.png,playStyle,Play Style,0,Men's Football,38,Portugal,https://drop-assets.ea.com/images/3CxRD7XqY2NSlZ3628fY4S/abf38470644ee334e6a425b9272f7767/f_38.png,607,Al Ittihad,https://drop-assets.ea.com/images/21L35ZnVrrvEeFouMeqs8Q/b631b443b4d37e1712ed79f2487d850c/l607.png,false,5,CB,Center Back,defense,Defense,39,0,51,0,80,0,78,0,88,0,81,0,48,0,76,0,78,0,56,0,54,0,82,0,82,0,71,0,72,0,58,0,53,0,9,0,7,0,13,0,14,0,15,0,84,0,84,0,70,0,67,0,47,0,68,0,58,0,84,0,71,0,82,0,64,0,76,0,75,0,80,0,54,0,81,0,70,0,55,0,,trait1_65536,Intercept,Increased reach and possession retention in interceptions,https://drop-assets.ea.com/images/5ysv7Iw8jDHl7sp1JXqIa7/d34004fed8c95bde083dcf8257391a70/Intercept.png,playStyle,Play Style,,,,,,,trait1_268435456,Bruiser,Stronger physical tackles,https://drop-assets.ea.com/images/7euMJ2jVypFrFPQesWuGGm/14019168b12faac1584a2920d5c2d5d9/Bruiser.png,playStyle,Play Style,,,,,,,,,,,,,
264309,560,81,Arda,Güler,,2/25/2005 12:00:00 AM,175,4,3,2,LALIGA EA SPORTS,70,https://ratings-images-prod.pulse.ea.com/FC25/full/player-portraits/p264309.png?padding=0.7,https://ratings-images-prod.pulse.ea.com/FC25/full/player-shields/en/264309.png?width=265,18,Center Attacking Midfielder,CAM,trait1_1,Finesse Shot,Faster finesse shots with more curve and accuracy,https://drop-assets.ea.com/images/468u1R1p2k1fA6WBHi0OEn/fb9d49ed2a8fb500cd5a184937b96b34/Finesse_Shot.png,playStyle,Play Style,trait1_256,Incisive Pass,"Accurate through passes, curvier swerve passes, faster precision passes",https://drop-assets.ea.com/images/2K5BYfVYRnrdjt8F3hwI04/62f147b6a436c107bfa3d042c1d5728d/Incisive_Pass.png,playStyle,Play Style,trait1_4096,Whipped Pass,"Accurate, faster crosses with more curve",https://drop-assets.ea.com/images/FfTP29PWrRWZjEaiCCVoa/a1b345e4ae7023ed78b1efd68d28f392/Whipped_Pass.png,playStyle,Play Style,0,Men's Football,48,Turkey,https://drop-assets.ea.com/images/501PnaP87pzjR8dKEQ20OT/7f0fd5c896b732a094222cbf0560b4c2/f_48.png,243,Real Madrid,https://drop-assets.ea.com/images/Pk8nYrWuRt895RlhJx8jI/445d98b711f413a3a1e70c41b19b0f95/l243.png,true,12,RM,Right Midfielder,midfielder,Midfielder,73,0,81,0,51,0,70,0,43,0,42,0,85,0,83,0,77,0,82,0,85,0,52,0,52,0,83,0,84,0,76,0,77,0,13,0,10,0,11,0,14,0,10,0,41,0,55,0,82,0,81,0,70,0,83,0,71,0,50,0,79,0,76,0,77,0,84,0,78,0,46,0,68,0,57,0,84,0,70,0,,trait1_8192,Inventive,Fancy and Trivela passes are performed with improved accuracy.,https://drop-assets.ea.com/images/4fpo31RdL5T0vrzNqcSc4x/f82209bfd51270dcc447d4313b3e61f1/Inventive.png,playStyle,Play Style,23,Right Wing,RW,,,,trait1_1048576,Technical,"Faster Controlled Sprint, precise wide turns while dribbling",https://drop-assets.ea.com/images/5Esx7NK4YBU44O4bo07rvb/69ca9417da7fd07905f6c6956ad93f6d/Technical.png,playStyle,Play Style,,,,,,,,,,,,,
188567,561,81,Pierre-Emerick,Aubameyang,,6/18/1989 12:00:00 AM,187,4,4,1,Ligue 1 McDonald's,80,https://ratings-images-prod.pulse.ea.com/FC25/full/player-portraits/p188567.png?padding=0.7,https://ratings-images-prod.pulse.ea.com/FC25/full/player-shields/en/188567.png?width=265,,,,trait1_1,Finesse Shot,Faster finesse shots with more curve and accuracy,https://drop-assets.ea.com/images/468u1R1p2k1fA6WBHi0OEn/fb9d49ed2a8fb500cd5a184937b96b34/Finesse_Shot.png,playStyle,Play Style,trait1_2,Chip Shot,"Faster, more accurate chip shots",https://drop-assets.ea.com/images/6Gl08kt7odn1fJNX74CS2P/984feac3cd8d99902f5cb5131d5fd26a/Chip_Shot.png,playStyle,Play Style,trait1_16,Precision Header,Performs headers with increased accuracy and power.,https://drop-assets.ea.com/images/3ync8fbblS4zLzF3p1VXmT/7752a5103c2ebd8be5cf1819379c66f4/Precision_Header.png,playStyle,Play Style,0,Men's Football,115,Gabon,https://drop-assets.ea.com/images/55GT4qTlxAxrNcuMpjjWV5/a4515bb031e39a8429c665b0d321810f/f_115.png,219,OM,https://drop-assets.ea.com/images/3t06Qm41tT2gB8NqJYXdue/928373951a71a9a8565497e6481925d1/l219.png,false,25,ST,Striker,attack,Attack,76,0,70,0,82,0,61,0,70,0,43,0,67,0,82,0,79,0,72,0,80,0,36,0,22,0,78,0,78,0,85,0,76,0,6,0,9,0,15,0,9,0,9,0,76,0,44,0,64,0,79,0,82,0,72,0,81,0,63,0,88,0,83,0,83,0,74,0,82,0,29,0,87,0,35,0,71,0,80,0,,trait1_2097152,Rapid,"Higher sprint speed while dribbling, reduced error on knock-ons",https://drop-assets.ea.com/images/1aGsvwKyIFlRG1eoJSS0Ot/a4d3d661ff962795a632fe86439d2146/Rapid.png,playStyle,Play Style,,,,,,,,,,,,,,,,,,,,,,,,,
214096,562,81,Tim,Kleindienst,,8/31/1995 12:00:00 AM,194,2,5,2,Bundesliga,85,https://ratings-images-prod.pulse.ea.com/FC25/full/player-portraits/p214096.png?padding=0.7,https://ratings-images-prod.pulse.ea.com/FC25/full/player-shields/en/214096.png?width=265,,,,trait1_16,Precision Header,Performs headers with increased accuracy and power.,https://drop-assets.ea.com/images/3ync8fbblS4zLzF3p1VXmT/7752a5103c2ebd8be5cf1819379c66f4/Precision_Header.png,playStyle,Play Style,trait1_524288,Aerial Fortress,Performs higher jumps and has physical defensive presence before and during aerial duels,https://drop-assets.ea.com/images/3rsDbUXd3MZX39YTsk6lKe/404db89f2237eeb7466668a730c52a4b/Aerial_Fortress.png,playStyle,Play Style,trait1_67108864,Relentless,"Increased half time fatigue recovery, longer teammate contain and press",https://drop-assets.ea.com/images/2vVuRxgvPNaAuFGqZZ9nDY/3e2505addd5a6b353becdeaf7173d187/Relentless.png,playStyle,Play Style,0,Men's Football,21,Germany,https://drop-assets.ea.com/images/6IIMMGk0Uj1rcZ6DSHTpLL/93f95b602dc62594104f418c8f80ebb3/f_21.png,23,M'gladbach,https://drop-assets.ea.com/images/4eJmGBw11G3Rn334GUOKaV/7571515e89d9e3b02893855bbdb28dbb/l23.png,false,25,ST,Striker,attack,Attack,59,0,51,0,89,0,92,0,87,0,84,0,52,0,79,0,85,0,50,0,54,0,45,0,36,0,70,0,68,0,83,0,53,0,7,0,8,0,12,0,7,0,14,0,91,0,52,0,63,0,77,0,67,0,62,0,70,0,88,0,86,0,81,0,82,0,68,0,84,0,25,0,74,0,39,0,65,0,85,0,,icontrait1_536870912,Enforcer+,Performs dribble Shoulder Challenges and Shielding with increased effectiveness.,https://drop-assets.ea.com/images/57s159kdUl4cgq97ETlO2s/78feee8fc6fdf4478e98aac7598690ea/Enforcer_.png,playStylePlus,Play Style Plus,,,,,,,,,,,,,,,,,,,,,,,,,
231652,563,81,Simon,Banza,,8/13/1996 12:00:00 AM,189,3,3,1,Liga Portugal,77,https://ratings-images-prod.pulse.ea.com/FC25/full/player-portraits/p231652.png?padding=0.7,https://ratings-images-prod.pulse.ea.com/FC25/full/player-shields/en/231652.png?width=265,,,,trait1_32,Acrobatic,"Perform volleys with increased accuracy, acrobatic volley animations",https://drop-assets.ea.com/images/2sRRBHcIe0zrDwYaRI2xG3/d02b8c8855de853470897009e030eb5d/Acrobatic.png,playStyle,Play Style,trait1_524288,Aerial Fortress,Performs higher jumps and has physical defensive presence before and during aerial duels,https://drop-assets.ea.com/images/3rsDbUXd3MZX39YTsk6lKe/404db89f2237eeb7466668a730c52a4b/Aerial_Fortress.png,playStyle,Play Style,trait1_4194304,First Touch,"Reduced trapping error, faster dribbling transition",https://drop-assets.ea.com/images/3f727XsoDVLbT49oMk0HBu/2787568be8ccb2d5daa2d18fabacad97/First_Touch.png,playStyle,Play Style,0,Men's Football,110,Congo DR,https://drop-assets.ea.com/images/3lHYj8vXmZJ1fiQcwOOP10/805d2b639e27aac47f556048edbc2048/f_110.png,1896,SC Braga,https://drop-assets.ea.com/images/4qjtfL57Y3CxvssFaOwnJT/08cfda01d445741b93fd0f8163a4b267/l1896.png,false,25,ST,Striker,attack,Attack,76,0,71,0,92,0,77,0,83,0,70,0,66,0,82,0,78,0,60,0,66,0,36,0,42,0,77,0,76,0,84,0,52,0,8,0,7,0,9,0,5,0,6,0,85,0,30,0,52,0,74,0,79,0,62,0,76,0,79,0,85,0,81,0,81,0,65,0,82,0,18,0,81,0,23,0,66,0,76,0,,trait1_16777216,Press Proven,"Close control at jog speed, shields ball more effectively",https://drop-assets.ea.com/images/5rUHwyLJRnvGV53Ba4Pj6M/9a3238695ae8103667ba02af391ac209/Press_Proven.png,playStyle,Play Style,,,,,,,,,,,,,,,,,,,,,,,,,
244749,564,81,Nayef,Aguerd,,3/30/1996 12:00:00 AM,190,2,3,2,Ligue 1 McDonald's,76,https://ratings-images-prod.pulse.ea.com/FC25/full/player-portraits/p244749.png?padding=0.7,https://ratings-images-prod.pulse.ea.com/FC25/full/player-shields/en/244749.png?width=265,,,,trait1_16,Precision Header,Performs headers with increased accuracy and power.,https://drop-assets.ea.com/images/3ync8fbblS4zLzF3p1VXmT/7752a5103c2ebd8be5cf1819379c66f4/Precision_Header.png,playStyle,Play Style,trait1_1024,Long Ball Pass,"Accurate, faster Lob and Lofted Through Passes",https://drop-assets.ea.com/images/7jwRDD4zkOsqRpc821t73d/16d46d57a5dfc7dd5dd5f8de0fd26a99/Long_Ball_Pass.png,playStyle,Play Style,trait1_131072,Anticipate,"Improved standing tackle success, possibility of stopping ball at feet",https://drop-assets.ea.com/images/4xPnUcL7thizFB7qmhlwUR/1ade7a0f77d5e875c2db869964540a35/Anticipate.png,playStyle,Play Style,0,Men's Football,129,Morocco,https://drop-assets.ea.com/images/47SGeQ7STCrJZQSKOVJaHA/1aa24a57a60f85051e34a5ad8205771d/f_129.png,219,OM,https://drop-assets.ea.com/images/3t06Qm41tT2gB8NqJYXdue/928373951a71a9a8565497e6481925d1/l219.png,false,5,CB,Center Back,defense,Defense,65,0,54,0,84,0,72,0,78,0,81,0,49,0,75,0,74,0,48,0,55,0,82,0,82,0,65,0,60,0,40,0,41,0,7,0,15,0,9,0,14,0,6,0,81,0,82,0,76,0,54,0,72,0,67,0,48,0,77,0,52,0,80,0,50,0,78,0,69,0,80,0,78,0,83,0,68,0,41,0,,,,,,,,,,,,,,,,,,,,,,,,,,,,,,,,
247679,565,81,Victor,Boniface,,12/23/2000 12:00:00 AM,190,4,3,1,Bundesliga,91,https://ratings-images-prod.pulse.ea.com/FC25/full/player-portraits/p247679.png?padding=0.7,https://ratings-images-prod.pulse.ea.com/FC25/full/player-shields/en/247679.png?width=265,,,,trait1_4,Power Shot,Faster power shots with increased speed,https://drop-assets.ea.com/images/3ohVoKWSsvT44qgjabWqfV/e536ef26ad854c3c4cbf63ed7954b9cd/Power_Shot.png,playStyle,Play Style,trait1_524288,Aerial Fortress,Performs higher jumps and has physical defensive presence before and during aerial duels,https://drop-assets.ea.com/images/3rsDbUXd3MZX39YTsk6lKe/404db89f2237eeb7466668a730c52a4b/Aerial_Fortress.png,playStyle,Play Style,trait1_536870912,Enforcer,Performs dribble Shoulder Challenges and Shielding with increased effectiveness.,https://drop-assets.ea.com/images/2sNQz8b9dgV0hW8vl7oOvV/d7a503dbd4c73b232055b3ca06aa88eb/Enforcer.png,playStyle,Play Style,0,Men's Football,133,Nigeria,https://drop-assets.ea.com/images/7pdYOUzcOpsSLsQJqx6jq9/ab9bec93f27d4c42a76f2617073a6cce/f_133.png,38,SV Werder Bremen,https://drop-assets.ea.com/images/5UE88g3Vfeo6kFu8lh1s26/cfc99dce8f7c7dc22a8a39920383cf3d/l38.png,false,25,ST,Striker,attack,Attack,65,0,68,0,87,0,55,0,90,0,79,0,60,0,82,0,78,0,48,0,70,0,38,0,38,0,80,0,84,0,82,0,58,0,14,0,5,0,7,0,7,0,12,0,78,0,33,0,60,0,79,0,67,0,66,0,72,0,79,0,84,0,78,0,83,0,75,0,91,0,26,0,69,0,31,0,74,0,79,0,,,,,,,,,,,,,,,,,,,,,,,,,,,,,,,,
201399,566,81,Mauro,Icardi,,2/19/1993 12:00:00 AM,181,3,4,1,Trendyol Süper Lig,79,https://ratings-images-prod.pulse.ea.com/FC25/full/player-portraits/p201399.png?padding=0.7,https://ratings-images-prod.pulse.ea.com/FC25/full/player-shields/en/201399.png?width=265,,,,trait1_64,Low Driven Shot,"Enhances a player's ability to execute low driven shots with increased accuracy, faster ball travel, and quicker shot execution.",https://drop-assets.ea.com/images/1NfyWsEpQ7s9bhWWt92lbn/5b5dbeb0e55c2e9241cdc26c70ee2d2c/Low_Driven_Shot.png,playStyle,Play Style,trait1_128,Gamechanger,Fancy and Trivela shots are performed with improved accuracy.,https://drop-assets.ea.com/images/2v8I0GQrtREaEJzJcyStKe/e46d719e4e5ed88ac5a1f671c7448f4a/Gamechanger.png,playStyle,Play Style,trait1_256,Incisive Pass,"Accurate through passes, curvier swerve passes, faster precision passes",https://drop-assets.ea.com/images/2K5BYfVYRnrdjt8F3hwI04/62f147b6a436c107bfa3d042c1d5728d/Incisive_Pass.png,playStyle,Play Style,0,Men's Football,52,Argentina,https://drop-assets.ea.com/images/4xMXjEt7CFJ6JENYeG45Sk/836d733dc1642c5e4ab3338d91481436/f_52.png,325,Galatasaray,https://drop-assets.ea.com/images/6P5sN0m3ZRE23vjlT8gh5q/f7f9acf3a7be5ea12f889d93dbdfd48f/l325.png,false,25,ST,Striker,attack,Attack,65,0,68,0,87,0,71,0,76,0,65,0,74,0,81,0,85,0,51,0,75,0,40,0,40,0,76,0,72,0,86,0,52,0,13,0,9,0,5,0,7,0,9,0,90,0,29,0,69,0,72,0,67,0,71,0,81,0,73,0,87,0,82,0,82,0,79,0,84,0,20,0,68,0,37,0,80,0,82,0,,trait1_524288,Aerial Fortress,Performs higher jumps and has physical defensive presence before and during aerial duels,https://drop-assets.ea.com/images/3rsDbUXd3MZX39YTsk6lKe/404db89f2237eeb7466668a730c52a4b/Aerial_Fortress.png,playStyle,Play Style,,,,,,,icontrait1_2,Chip Shot+,Quicker chip shots with exceptional accuracy,https://drop-assets.ea.com/images/4dubNf6b2DxdV1MvuUmd14/d4bbc70640a199b15745946057572ff1/Chip_Shot_.png,playStylePlus,Play Style Plus,,,,,,,,,,,,,
232756,567,81,Fikayo,Tomori,,12/19/1997 12:00:00 AM,185,2,4,1,Serie A Enilive,79,https://ratings-images-prod.pulse.ea.com/FC25/full/player-portraits/p232756.png?padding=0.7,https://ratings-images-prod.pulse.ea.com/FC25/full/player-shields/en/232756.png?width=265,,,,trait1_268435456,Bruiser,Stronger physical tackles,https://drop-assets.ea.com/images/7euMJ2jVypFrFPQesWuGGm/14019168b12faac1584a2920d5c2d5d9/Bruiser.png,playStyle,Play Style,,,,,,,,,,,,,0,Men's Football,14,England,https://drop-assets.ea.com/images/6ZM1OFXGUFeV0ZaYVKj2z/ae88ef17f8cb179fbc1c463f7e1e4bd8/f_14.png,131681,Milano FC,https://drop-assets.ea.com/images/6D3s1RlLRER3UOunC4Lofv/ec87a4178160a87521b0b7c688e7638e/l131681.png,false,5,CB,Center Back,defense,Defense,78,0,74,0,88,0,74,0,76,0,86,0,67,0,70,0,81,0,53,0,38,0,82,0,81,0,67,0,61,0,33,0,40,0,10,0,13,0,10,0,11,0,7,0,80,0,81,0,65,0,45,0,81,0,60,0,27,0,78,0,37,0,83,0,40,0,75,0,56,0,78,0,84,0,86,0,48,0,32,0,,,,,,,,,,,,,,,,,,,,,,,,,,,,,,,,
212190,568,81,Niklas,Süle,,9/3/1995 12:00:00 AM,195,3,3,1,Bundesliga,99,https://ratings-images-prod.pulse.ea.com/FC25/full/player-portraits/p212190.png?padding=0.7,https://ratings-images-prod.pulse.ea.com/FC25/full/player-shields/en/212190.png?width=265,3,Right Back,RB,trait1_512,Pinged Pass,Faster ground passes without affecting receiver's trapping,https://drop-assets.ea.com/images/1mXBWIBgJSpYoIa1C4r5FX/7220e78a4049530f4e9fa642b1656fa4/Pinged_Pass.png,playStyle,Play Style,trait1_1024,Long Ball Pass,"Accurate, faster Lob and Lofted Through Passes",https://drop-assets.ea.com/images/7jwRDD4zkOsqRpc821t73d/16d46d57a5dfc7dd5dd5f8de0fd26a99/Long_Ball_Pass.png,playStyle,Play Style,trait1_65536,Intercept,Increased reach and possession retention in interceptions,https://drop-assets.ea.com/images/5ysv7Iw8jDHl7sp1JXqIa7/d34004fed8c95bde083dcf8257391a70/Intercept.png,playStyle,Play Style,0,Men's Football,21,Germany,https://drop-assets.ea.com/images/6IIMMGk0Uj1rcZ6DSHTpLL/93f95b602dc62594104f418c8f80ebb3/f_21.png,22,Borussia Dortmund,https://drop-assets.ea.com/images/TmqxUZk2FrbFXOK1kdE89/3dce225926ac7cfd9f283ecd731fa710/l22.png,false,5,CB,Center Back,defense,Defense,45,0,34,0,72,0,52,0,93,0,79,0,44,0,72,0,84,0,54,0,43,0,81,0,81,0,67,0,69,0,36,0,40,0,15,0,7,0,14,0,7,0,15,0,75,0,82,0,82,0,64,0,61,0,68,0,32,0,79,0,42,0,81,0,51,0,78,0,78,0,83,0,74,0,82,0,66,0,59,0,,trait1_131072,Anticipate,"Improved standing tackle success, possibility of stopping ball at feet",https://drop-assets.ea.com/images/4xPnUcL7thizFB7qmhlwUR/1ade7a0f77d5e875c2db869964540a35/Anticipate.png,playStyle,Play Style,12,Right Midfielder,RM,,,,trait1_262144,Slide Tackle,Stops ball at feet during slide tackles,https://drop-assets.ea.com/images/7mI1lrxE0pv9iJfQFki9OA/8c1ecac325f923e049be72231c8c968a/Slide_Tackle.png,playStyle,Play Style,trait1_268435456,Bruiser,Stronger physical tackles,https://drop-assets.ea.com/images/7euMJ2jVypFrFPQesWuGGm/14019168b12faac1584a2920d5c2d5d9/Bruiser.png,playStyle,Play Style,,,,,,,
251570,569,81,Rayan,Cherki,,8/17/2003 12:00:00 AM,177,5,5,2,Premier League,71,https://ratings-images-prod.pulse.ea.com/FC25/full/player-portraits/p251570.png?padding=0.7,https://ratings-images-prod.pulse.ea.com/FC25/full/player-shields/en/251570.png?width=265,12,Right Midfielder,RM,trait1_2,Chip Shot,"Faster, more accurate chip shots",https://drop-assets.ea.com/images/6Gl08kt7odn1fJNX74CS2P/984feac3cd8d99902f5cb5131d5fd26a/Chip_Shot.png,playStyle,Play Style,trait1_64,Low Driven Shot,"Enhances a player's ability to execute low driven shots with increased accuracy, faster ball travel, and quicker shot execution.",https://drop-assets.ea.com/images/1NfyWsEpQ7s9bhWWt92lbn/5b5dbeb0e55c2e9241cdc26c70ee2d2c/Low_Driven_Shot.png,playStyle,Play Style,trait1_256,Incisive Pass,"Accurate through passes, curvier swerve passes, faster precision passes",https://drop-assets.ea.com/images/2K5BYfVYRnrdjt8F3hwI04/62f147b6a436c107bfa3d042c1d5728d/Incisive_Pass.png,playStyle,Play Style,0,Men's Football,18,France,https://drop-assets.ea.com/images/3ECAQzhfgSLWRf9IIHB6G8/7e235a7b2f93c1f73db7f89dc03b3657/f_18.png,10,Manchester City,https://drop-assets.ea.com/images/4asmNLic4aQn6cjlEg1t5u/88bea3ddd6c1f620bbf813041f248685/l10.png,false,23,RW,Right Wing,attack,Attack,75,0,81,0,59,0,68,0,67,0,59,0,86,0,88,0,86,0,76,0,80,0,21,0,19,0,88,0,91,0,75,0,73,0,7,0,14,0,6,0,8,0,8,0,28,0,22,0,76,0,75,0,75,0,80,0,66,0,65,0,73,0,78,0,75,0,82,0,80,0,15,0,75,0,23,0,86,0,71,0,,trait1_8192,Inventive,Fancy and Trivela passes are performed with improved accuracy.,https://drop-assets.ea.com/images/4fpo31RdL5T0vrzNqcSc4x/f82209bfd51270dcc447d4313b3e61f1/Inventive.png,playStyle,Play Style,18,Center Attacking Midfielder,CAM,,,,trait1_1048576,Technical,"Faster Controlled Sprint, precise wide turns while dribbling",https://drop-assets.ea.com/images/5Esx7NK4YBU44O4bo07rvb/69ca9417da7fd07905f6c6956ad93f6d/Technical.png,playStyle,Play Style,trait1_4194304,First Touch,"Reduced trapping error, faster dribbling transition",https://drop-assets.ea.com/images/3f727XsoDVLbT49oMk0HBu/2787568be8ccb2d5daa2d18fabacad97/First_Touch.png,playStyle,Play Style,icontrait1_8388608,Trickster+,"More unique ground and flick Skill Moves, quicker strafe dribbling",https://drop-assets.ea.com/images/1exGiL699HqMQSIVKZ4gUV/734cdbdedc7971032ee3ac62c07a6542/Trickster_.png,playStylePlus,Play Style Plus,
180930,571,81,Edin,Džeko,,3/17/1986 12:00:00 AM,193,3,5,1,Serie A Enilive,80,https://ratings-images-prod.pulse.ea.com/FC25/full/player-portraits/p180930.png?padding=0.7,https://ratings-images-prod.pulse.ea.com/FC25/full/player-shields/en/180930.png?width=265,,,,trait1_1,Finesse Shot,Faster finesse shots with more curve and accuracy,https://drop-assets.ea.com/images/468u1R1p2k1fA6WBHi0OEn/fb9d49ed2a8fb500cd5a184937b96b34/Finesse_Shot.png,playStyle,Play Style,trait1_64,Low Driven Shot,"Enhances a player's ability to execute low driven shots with increased accuracy, faster ball travel, and quicker shot execution.",https://drop-assets.ea.com/images/1NfyWsEpQ7s9bhWWt92lbn/5b5dbeb0e55c2e9241cdc26c70ee2d2c/Low_Driven_Shot.png,playStyle,Play Style,trait1_256,Incisive Pass,"Accurate through passes, curvier swerve passes, faster precision passes",https://drop-assets.ea.com/images/2K5BYfVYRnrdjt8F3hwI04/62f147b6a436c107bfa3d042c1d5728d/Incisive_Pass.png,playStyle,Play Style,0,Men's Football,8,Bosnia and Herzegovina,https://drop-assets.ea.com/images/6bC2UfQHtDke2yP2reXu2h/80f6d623b8d0eb5519db30ae10f1c071/f_8.png,110374,Fiorentina,https://drop-assets.ea.com/images/j2Zuc19dll43zq88V7CgZ/d2e748909a451985aed5a26b122a4d8f/l110374.png,false,25,ST,Striker,attack,Attack,53,0,62,0,75,0,68,0,77,0,65,0,55,0,82,0,87,0,67,0,67,0,40,0,39,0,77,0,77,0,84,0,54,0,9,0,11,0,13,0,15,0,15,0,86,0,50,0,75,0,77,0,55,0,74,0,67,0,72,0,83,0,80,0,82,0,79,0,85,0,16,0,57,0,28,0,77,0,84,0,,trait1_1048576,Technical,"Faster Controlled Sprint, precise wide turns while dribbling",https://drop-assets.ea.com/images/5Esx7NK4YBU44O4bo07rvb/69ca9417da7fd07905f6c6956ad93f6d/Technical.png,playStyle,Play Style,,,,,,,,,,,,,,,,,,,,,,,,,
232363,572,81,Milan,Škriniar,,2/11/1995 12:00:00 AM,188,2,2,1,Trendyol Süper Lig,80,https://ratings-images-prod.pulse.ea.com/FC25/full/player-portraits/p232363.png?padding=0.7,https://ratings-images-prod.pulse.ea.com/FC25/full/player-shields/en/232363.png?width=265,,,,trait1_16384,Jockey,"Faster Sprint Jockey, better transition speed",https://drop-assets.ea.com/images/7lHjpOBSghE6Ywt1jgVv1C/21f9914d00f073d79d4b46cac71b9087/Jockey.png,playStyle,Play Style,trait1_268435456,Bruiser,Stronger physical tackles,https://drop-assets.ea.com/images/7euMJ2jVypFrFPQesWuGGm/14019168b12faac1584a2920d5c2d5d9/Bruiser.png,playStyle,Play Style,,,,,,,0,Men's Football,43,Slovakia,https://drop-assets.ea.com/images/2cEMaB5jOYRIFsJQCycahY/6156324301f1c5f425d6c65141ced57b/f_43.png,326,Fenerbahçe,https://drop-assets.ea.com/images/3sfoNHvqDPqhM1PsEE1sNM/b9dcc82d0e2fba3efc8e8d0ed4c216a6/l326.png,false,5,CB,Center Back,defense,Defense,53,0,47,0,84,0,68,0,88,0,81,0,56,0,70,0,78,0,43,0,47,0,83,0,84,0,65,0,64,0,52,0,30,0,10,0,13,0,12,0,8,0,12,0,82,0,82,0,71,0,39,0,57,0,60,0,56,0,81,0,49,0,80,0,52,0,73,0,68,0,79,0,61,0,84,0,57,0,40,0,,,,,,,,,,,,,,,,,,,,,,,,,,,,,,,,
228805,577,81,Antonio José,Raíllo Arenas,Raíllo,10/8/1991 12:00:00 AM,187,2,3,1,LALIGA EA SPORTS,80,https://ratings-images-prod.pulse.ea.com/FC25/full/player-portraits/p228805.png?padding=0.7,https://ratings-images-prod.pulse.ea.com/FC25/full/player-shields/en/228805.png?width=265,,,,trait1_16,Precision Header,Performs headers with increased accuracy and power.,https://drop-assets.ea.com/images/3ync8fbblS4zLzF3p1VXmT/7752a5103c2ebd8be5cf1819379c66f4/Precision_Header.png,playStyle,Play Style,trait1_65536,Intercept,Increased reach and possession retention in interceptions,https://drop-assets.ea.com/images/5ysv7Iw8jDHl7sp1JXqIa7/d34004fed8c95bde083dcf8257391a70/Intercept.png,playStyle,Play Style,trait1_524288,Aerial Fortress,Performs higher jumps and has physical defensive presence before and during aerial duels,https://drop-assets.ea.com/images/3rsDbUXd3MZX39YTsk6lKe/404db89f2237eeb7466668a730c52a4b/Aerial_Fortress.png,playStyle,Play Style,0,Men's Football,45,Spain,https://drop-assets.ea.com/images/Kv8okAYMsDbB3ZKbxrAXw/9d30c88d16a4c85002f35c6af412c6f7/f_45.png,453,RCD Mallorca,https://drop-assets.ea.com/images/3M8ak3PmmUDRXsH9mryxH9/54d5da4b609ccf51bd0564abad99cc0e/l453.png,false,5,CB,Center Back,defense,Defense,41,0,32,0,79,0,89,0,81,0,85,0,49,0,70,0,66,0,29,0,42,0,83,0,84,0,62,0,63,0,25,0,36,0,10,0,15,0,15,0,15,0,14,0,85,0,81,0,69,0,39,0,41,0,59,0,43,0,84,0,51,0,80,0,36,0,79,0,54,0,81,0,41,0,82,0,56,0,37,0,,,,,,,,,,,,,,,,,,,,,,,,,,,,,,,,
263205,578,80,Barış Alper,Yılmaz,,5/23/2000 12:00:00 AM,186,4,3,1,Trendyol Süper Lig,80,https://ratings-images-prod.pulse.ea.com/FC25/full/player-portraits/p263205.png?padding=0.7,https://ratings-images-prod.pulse.ea.com/FC25/full/player-shields/en/263205.png?width=265,12,Right Midfielder,RM,trait1_64,Low Driven Shot,"Enhances a player's ability to execute low driven shots with increased accuracy, faster ball travel, and quicker shot execution.",https://drop-assets.ea.com/images/1NfyWsEpQ7s9bhWWt92lbn/5b5dbeb0e55c2e9241cdc26c70ee2d2c/Low_Driven_Shot.png,playStyle,Play Style,trait1_524288,Aerial Fortress,Performs higher jumps and has physical defensive presence before and during aerial duels,https://drop-assets.ea.com/images/3rsDbUXd3MZX39YTsk6lKe/404db89f2237eeb7466668a730c52a4b/Aerial_Fortress.png,playStyle,Play Style,trait1_2097152,Rapid,"Higher sprint speed while dribbling, reduced error on knock-ons",https://drop-assets.ea.com/images/1aGsvwKyIFlRG1eoJSS0Ot/a4d3d661ff962795a632fe86439d2146/Rapid.png,playStyle,Play Style,0,Men's Football,48,Turkey,https://drop-assets.ea.com/images/501PnaP87pzjR8dKEQ20OT/7f0fd5c896b732a094222cbf0560b4c2/f_48.png,325,Galatasaray,https://drop-assets.ea.com/images/6P5sN0m3ZRE23vjlT8gh5q/f7f9acf3a7be5ea12f889d93dbdfd48f/l325.png,false,16,LM,Left Midfielder,midfielder,Midfielder,92,0,85,0,92,0,93,0,90,0,86,0,81,0,79,0,72,0,71,0,71,0,69,0,71,0,79,0,77,0,76,0,50,0,13,0,9,0,11,0,13,0,8,0,70,0,67,0,69,0,74,0,93,0,72,0,58,0,90,0,81,0,80,0,77,0,75,0,86,0,64,0,93,0,68,0,78,0,77,0,,trait1_33554432,Quick Step,Faster acceleration during Explosive Sprint,https://drop-assets.ea.com/images/1xG25Zp3wvkLA5YewKiZah/f27f5fabd1e899fc0bbb817d2db233b1/Quick_Step.png,playStyle,Play Style,27,Left Wing,LW,,,,trait1_67108864,Relentless,"Increased half time fatigue recovery, longer teammate contain and press",https://drop-assets.ea.com/images/2vVuRxgvPNaAuFGqZZ9nDY/3e2505addd5a6b353becdeaf7173d187/Relentless.png,playStyle,Play Style,trait1_268435456,Bruiser,Stronger physical tackles,https://drop-assets.ea.com/images/7euMJ2jVypFrFPQesWuGGm/14019168b12faac1584a2920d5c2d5d9/Bruiser.png,playStyle,Play Style,trait1_536870912,Enforcer,Performs dribble Shoulder Challenges and Shielding with increased effectiveness.,https://drop-assets.ea.com/images/2sNQz8b9dgV0hW8vl7oOvV/d7a503dbd4c73b232055b3ca06aa88eb/Enforcer.png,playStyle,Play Style,
213666,579,80,Ruben,Loftus-Cheek,,1/23/1996 12:00:00 AM,191,4,4,1,Serie A Enilive,88,https://ratings-images-prod.pulse.ea.com/FC25/full/player-portraits/p213666.png?padding=0.7,https://ratings-images-prod.pulse.ea.com/FC25/full/player-shields/en/213666.png?width=265,18,Center Attacking Midfielder,CAM,trait1_524288,Aerial Fortress,Performs higher jumps and has physical defensive presence before and during aerial duels,https://drop-assets.ea.com/images/3rsDbUXd3MZX39YTsk6lKe/404db89f2237eeb7466668a730c52a4b/Aerial_Fortress.png,playStyle,Play Style,trait1_16777216,Press Proven,"Close control at jog speed, shields ball more effectively",https://drop-assets.ea.com/images/5rUHwyLJRnvGV53Ba4Pj6M/9a3238695ae8103667ba02af391ac209/Press_Proven.png,playStyle,Play Style,trait1_536870912,Enforcer,Performs dribble Shoulder Challenges and Shielding with increased effectiveness.,https://drop-assets.ea.com/images/2sNQz8b9dgV0hW8vl7oOvV/d7a503dbd4c73b232055b3ca06aa88eb/Enforcer.png,playStyle,Play Style,0,Men's Football,14,England,https://drop-assets.ea.com/images/6ZM1OFXGUFeV0ZaYVKj2z/ae88ef17f8cb179fbc1c463f7e1e4bd8/f_14.png,131681,Milano FC,https://drop-assets.ea.com/images/6D3s1RlLRER3UOunC4Lofv/ec87a4178160a87521b0b7c688e7638e/l131681.png,false,14,CM,Center Midfielder,midfielder,Midfielder,78,0,75,0,94,0,72,0,85,0,75,0,60,0,83,0,82,0,75,0,70,0,76,0,75,0,80,0,81,0,76,0,57,0,11,0,7,0,12,0,15,0,13,0,85,0,76,0,80,0,75,0,81,0,79,0,56,0,80,0,83,0,79,0,76,0,84,0,82,0,70,0,84,0,76,0,79,0,60,0,,,,,,,,10,Center Defensive Midfielder,CDM,,,,,,,,,,,,,,,,,,,,,,
230938,580,80,Franck Yannick,Kessié,,12/19/1996 12:00:00 AM,183,3,4,1,ROSHN Saudi League,74,https://ratings-images-prod.pulse.ea.com/FC25/full/player-portraits/p230938.png?padding=0.7,https://ratings-images-prod.pulse.ea.com/FC25/full/player-shields/en/230938.png?width=265,14,Center Midfielder,CM,trait1_4,Power Shot,Faster power shots with increased speed,https://drop-assets.ea.com/images/3ohVoKWSsvT44qgjabWqfV/e536ef26ad854c3c4cbf63ed7954b9cd/Power_Shot.png,playStyle,Play Style,trait1_16777216,Press Proven,"Close control at jog speed, shields ball more effectively",https://drop-assets.ea.com/images/5rUHwyLJRnvGV53Ba4Pj6M/9a3238695ae8103667ba02af391ac209/Press_Proven.png,playStyle,Play Style,trait1_67108864,Relentless,"Increased half time fatigue recovery, longer teammate contain and press",https://drop-assets.ea.com/images/2vVuRxgvPNaAuFGqZZ9nDY/3e2505addd5a6b353becdeaf7173d187/Relentless.png,playStyle,Play Style,0,Men's Football,108,Côte d'Ivoire,https://drop-assets.ea.com/images/6WOgIUFG0fMJWcKjih5i3K/8d09758d91059b879a2e5521f8d7e616/f_108.png,112387,Al Ahli,https://drop-assets.ea.com/images/3lVk0osL7o6YMhHuK4YYD6/5e106847b59ce2a4f0bfb55988d812c3/l112387.png,false,10,CDM,Center Defensive Midfielder,midfielder,Midfielder,77,0,70,0,85,0,92,0,87,0,78,0,77,0,80,0,83,0,66,0,61,0,78,0,80,0,78,0,77,0,75,0,54,0,9,0,11,0,12,0,12,0,10,0,68,0,79,0,73,0,78,0,78,0,73,0,88,0,86,0,76,0,77,0,77,0,80,0,84,0,76,0,79,0,80,0,74,0,60,0,,,,,,,,5,Center Back,CB,,,,,,,,,,,,,,,,,,,,,,
251806,581,80,Quinten,Timber,,6/17/2001 12:00:00 AM,179,3,3,1,Eredivisie,71,https://ratings-images-prod.pulse.ea.com/FC25/full/player-portraits/p251806.png?padding=0.7,https://ratings-images-prod.pulse.ea.com/FC25/full/player-shields/en/251806.png?width=265,10,Center Defensive Midfielder,CDM,trait1_4,Power Shot,Faster power shots with increased speed,https://drop-assets.ea.com/images/3ohVoKWSsvT44qgjabWqfV/e536ef26ad854c3c4cbf63ed7954b9cd/Power_Shot.png,playStyle,Play Style,trait1_256,Incisive Pass,"Accurate through passes, curvier swerve passes, faster precision passes",https://drop-assets.ea.com/images/2K5BYfVYRnrdjt8F3hwI04/62f147b6a436c107bfa3d042c1d5728d/Incisive_Pass.png,playStyle,Play Style,trait1_1048576,Technical,"Faster Controlled Sprint, precise wide turns while dribbling",https://drop-assets.ea.com/images/5Esx7NK4YBU44O4bo07rvb/69ca9417da7fd07905f6c6956ad93f6d/Technical.png,playStyle,Play Style,0,Men's Football,34,Holland,https://drop-assets.ea.com/images/7LmdSUm2Ge4fzqcz0NElvq/d272142c80713dcf0e5ec0a47232aeee/f_34.png,,,,,14,CM,Center Midfielder,midfielder,Midfielder,86,0,81,0,87,0,79,0,85,0,80,0,82,0,81,0,79,0,67,0,72,0,74,0,74,0,80,0,79,0,75,0,58,0,5,0,8,0,12,0,11,0,8,0,65,0,78,0,78,0,83,0,77,0,76,0,60,0,83,0,78,0,82,0,78,0,82,0,85,0,70,0,69,0,76,0,78,0,65,0,,trait1_268435456,Bruiser,Stronger physical tackles,https://drop-assets.ea.com/images/7euMJ2jVypFrFPQesWuGGm/14019168b12faac1584a2920d5c2d5d9/Bruiser.png,playStyle,Play Style,18,Center Attacking Midfielder,CAM,,,,,,,,,,,,,,,,,,,,,,
204923,582,80,Marcel,Sabitzer,,3/17/1994 12:00:00 AM,178,3,4,1,Bundesliga,76,https://ratings-images-prod.pulse.ea.com/FC25/full/player-portraits/p204923.png?padding=0.7,https://ratings-images-prod.pulse.ea.com/FC25/full/player-shields/en/204923.png?width=265,14,Center Midfielder,CM,trait1_4,Power Shot,Faster power shots with increased speed,https://drop-assets.ea.com/images/3ohVoKWSsvT44qgjabWqfV/e536ef26ad854c3c4cbf63ed7954b9cd/Power_Shot.png,playStyle,Play Style,trait1_512,Pinged Pass,Faster ground passes without affecting receiver's trapping,https://drop-assets.ea.com/images/1mXBWIBgJSpYoIa1C4r5FX/7220e78a4049530f4e9fa642b1656fa4/Pinged_Pass.png,playStyle,Play Style,,,,,,,0,Men's Football,4,Austria,https://drop-assets.ea.com/images/2nTz63NpDfuBGFbmXrDg0N/eaa6fc81bfd7bd77d76886d479841ebb/f_4.png,22,Borussia Dortmund,https://drop-assets.ea.com/images/TmqxUZk2FrbFXOK1kdE89/3dce225926ac7cfd9f283ecd731fa710/l22.png,false,10,CDM,Center Defensive Midfielder,midfielder,Midfielder,76,0,77,0,71,0,78,0,75,0,79,0,78,0,82,0,83,0,77,0,77,0,76,0,79,0,80,0,78,0,76,0,78,0,11,0,13,0,14,0,15,0,13,0,62,0,80,0,80,0,83,0,74,0,80,0,80,0,76,0,78,0,83,0,80,0,82,0,87,0,77,0,72,0,75,0,79,0,83,0,,,,,,,,,,,,,,,,,,,,,,,,,,,,,,,,
226753,583,80,André,Onana,,4/2/1996 12:00:00 AM,190,1,3,1,Premier League,93,https://ratings-images-prod.pulse.ea.com/FC25/full/player-portraits/p226753.png?padding=0.7,https://ratings-images-prod.pulse.ea.com/FC25/full/player-shields/en/226753.png?width=250,,,,trait2_8,Rush Out,"Unique reflex saves, better close shot reads, faster rush",https://drop-assets.ea.com/images/4wwnzFkg1zLTAc4QSsXiWO/5fa897cf739a93bddf3556e2323f9b8b/1v1_Close_Down.png,playStyle,Play Style,,,,,,,,,,,,,0,Men's Football,103,Cameroon,https://drop-assets.ea.com/images/1X9lne9BeFIWKbnondoRf3/d4a22aaa4909432d273d31dac141f250/f_103.png,11,Man Utd,https://drop-assets.ea.com/images/5xxJeUfFY6FEQZEJyJK35/990979becf88b88ecb6461dc441c2ebf/l11.png,false,0,GK,Goalkeeper,defense,Defense,62,0,66,0,79,0,40,0,78,0,38,0,53,0,40,0,65,0,15,0,30,0,61,0,12,0,83,0,26,0,12,0,17,0,81,0,75,0,85,0,77,0,83,0,20,0,15,0,58,0,17,0,81,0,85,0,27,0,77,0,11,0,76,0,75,0,57,0,64,0,14,0,60,0,18,0,68,0,13,0,,,,,,,,,,,,,,,,,,,,,,,,,,,,,,,,
231913,584,80,Fredrik,Aursnes,,12/10/1995 12:00:00 AM,179,3,3,1,Liga Portugal,71,https://ratings-images-prod.pulse.ea.com/FC25/full/player-portraits/p231913.png?padding=0.7,https://ratings-images-prod.pulse.ea.com/FC25/full/player-shields/en/231913.png?width=265,3,Right Back,RB,trait1_64,Low Driven Shot,"Enhances a player's ability to execute low driven shots with increased accuracy, faster ball travel, and quicker shot execution.",https://drop-assets.ea.com/images/1NfyWsEpQ7s9bhWWt92lbn/5b5dbeb0e55c2e9241cdc26c70ee2d2c/Low_Driven_Shot.png,playStyle,Play Style,trait1_131072,Anticipate,"Improved standing tackle success, possibility of stopping ball at feet",https://drop-assets.ea.com/images/4xPnUcL7thizFB7qmhlwUR/1ade7a0f77d5e875c2db869964540a35/Anticipate.png,playStyle,Play Style,trait1_4194304,First Touch,"Reduced trapping error, faster dribbling transition",https://drop-assets.ea.com/images/3f727XsoDVLbT49oMk0HBu/2787568be8ccb2d5daa2d18fabacad97/First_Touch.png,playStyle,Play Style,0,Men's Football,36,Norway,https://drop-assets.ea.com/images/kyD8KeqfkpF4AODggVj9z/999272a9ed21faa0d79c9ed626b89ec2/f_36.png,234,SL Benfica,https://drop-assets.ea.com/images/2DamHkQ1ZP1CYVjFPp6ofg/3e07292021842fdadb7aaaa84e7473aa/l234.png,false,14,CM,Center Midfielder,midfielder,Midfielder,73,0,80,0,80,0,92,0,78,0,80,0,80,0,82,0,82,0,76,0,72,0,77,0,78,0,80,0,78,0,71,0,63,0,12,0,14,0,14,0,8,0,13,0,68,0,78,0,79,0,68,0,74,0,78,0,66,0,82,0,79,0,83,0,71,0,80,0,74,0,75,0,75,0,78,0,79,0,59,0,,trait1_16777216,Press Proven,"Close control at jog speed, shields ball more effectively",https://drop-assets.ea.com/images/5rUHwyLJRnvGV53Ba4Pj6M/9a3238695ae8103667ba02af391ac209/Press_Proven.png,playStyle,Play Style,12,Right Midfielder,RM,18,Center Attacking Midfielder,CAM,trait1_67108864,Relentless,"Increased half time fatigue recovery, longer teammate contain and press",https://drop-assets.ea.com/images/2vVuRxgvPNaAuFGqZZ9nDY/3e2505addd5a6b353becdeaf7173d187/Relentless.png,playStyle,Play Style,,,,,,,,,,,,,
226754,585,80,Ismaël,Bennacer,,12/1/1997 12:00:00 AM,175,3,3,2,Liga Hrvatska,70,https://ratings-images-prod.pulse.ea.com/FC25/full/player-portraits/p226754.png?padding=0.7,https://ratings-images-prod.pulse.ea.com/FC25/full/player-shields/en/226754.png?width=265,14,Center Midfielder,CM,trait1_256,Incisive Pass,"Accurate through passes, curvier swerve passes, faster precision passes",https://drop-assets.ea.com/images/2K5BYfVYRnrdjt8F3hwI04/62f147b6a436c107bfa3d042c1d5728d/Incisive_Pass.png,playStyle,Play Style,trait1_2048,Tiki Taka,Accurate first-time Ground Passes,https://drop-assets.ea.com/images/2tvHC5JQ2sXrN8wUTJWLEA/94b0f6a78d1a9e1348a33c9772f23afd/Tiki_Taka.png,playStyle,Play Style,trait1_1048576,Technical,"Faster Controlled Sprint, precise wide turns while dribbling",https://drop-assets.ea.com/images/5Esx7NK4YBU44O4bo07rvb/69ca9417da7fd07905f6c6956ad93f6d/Technical.png,playStyle,Play Style,0,Men's Football,97,Algeria,https://drop-assets.ea.com/images/7DBnvM9EEo73oK7xEvbWvJ/47a0a190f5a0092fef1bc40e7e74b8f9/f_97.png,211,Dinamo Zagreb,https://drop-assets.ea.com/images/2xEcSelhmWxCdUWZosWED0/a0ddc6b9cc62ea75de64dc65762a827d/l211.png,false,10,CDM,Center Defensive Midfielder,midfielder,Midfielder,79,0,86,0,76,0,78,0,69,0,83,0,84,0,82,0,83,0,78,0,79,0,76,0,75,0,83,0,83,0,67,0,75,0,9,0,12,0,10,0,16,0,15,0,62,0,76,0,82,0,74,0,76,0,80,0,72,0,74,0,71,0,80,0,72,0,84,0,82,0,76,0,73,0,81,0,77,0,64,0,,,,,,,,,,,,,,,,,,,,,,,,,,,,,,,,
209297,587,80,Frederico,de Paula Santos,Fred,3/5/1993 12:00:00 AM,169,4,4,2,Trendyol Süper Lig,62,https://ratings-images-prod.pulse.ea.com/FC25/full/player-portraits/p209297.png?padding=0.7,https://ratings-images-prod.pulse.ea.com/FC25/full/player-shields/en/209297.png?width=265,10,Center Defensive Midfielder,CDM,trait1_8192,Inventive,Fancy and Trivela passes are performed with improved accuracy.,https://drop-assets.ea.com/images/4fpo31RdL5T0vrzNqcSc4x/f82209bfd51270dcc447d4313b3e61f1/Inventive.png,playStyle,Play Style,icontrait1_67108864,Relentless+,"Max half time fatigue recovery, longer teammate contain and press",https://drop-assets.ea.com/images/3hFTQQe2XXOx9eQjAFTAPF/48efd1569027da6e1c5e65259211febb/Relentless_.png,playStylePlus,Play Style Plus,,,,,,,0,Men's Football,54,Brazil,https://drop-assets.ea.com/images/1zdNn1R9tRlfQ3lsbAOecD/a606f742789b6306363383a6e20dd003/f_54.png,326,Fenerbahçe,https://drop-assets.ea.com/images/3sfoNHvqDPqhM1PsEE1sNM/b9dcc82d0e2fba3efc8e8d0ed4c216a6/l326.png,false,14,CM,Center Midfielder,midfielder,Midfielder,79,0,89,0,73,0,83,0,68,0,85,0,88,0,81,0,76,0,75,0,79,0,76,0,75,0,82,0,80,0,67,0,74,0,7,0,16,0,15,0,11,0,15,0,56,0,82,0,78,0,74,0,77,0,78,0,64,0,75,0,79,0,84,0,71,0,80,0,79,0,74,0,75,0,80,0,79,0,68,0,,,,,,,,18,Center Attacking Midfielder,CAM,,,,,,,,,,,,,,,,,,,,,,
228251,589,80,Lorenzo,Pellegrini,,6/19/1996 12:00:00 AM,186,3,4,1,Serie A Enilive,77,https://ratings-images-prod.pulse.ea.com/FC25/full/player-portraits/p228251.png?padding=0.7,https://ratings-images-prod.pulse.ea.com/FC25/full/player-shields/en/228251.png?width=265,14,Center Midfielder,CM,trait1_1,Finesse Shot,Faster finesse shots with more curve and accuracy,https://drop-assets.ea.com/images/468u1R1p2k1fA6WBHi0OEn/fb9d49ed2a8fb500cd5a184937b96b34/Finesse_Shot.png,playStyle,Play Style,trait1_16777216,Press Proven,"Close control at jog speed, shields ball more effectively",https://drop-assets.ea.com/images/5rUHwyLJRnvGV53Ba4Pj6M/9a3238695ae8103667ba02af391ac209/Press_Proven.png,playStyle,Play Style,,,,,,,0,Men's Football,27,Italy,https://drop-assets.ea.com/images/2WtjWPqYzT7xcMCbvajGZH/d06e9ec4734a0d43d88f65386cc3a484/f_27.png,52,AS Roma,https://drop-assets.ea.com/images/2ruQP0TDYcCmtVFKr9qMBI/5f53795056598b1faac31300900b8671/l52.png,false,18,CAM,Center Attacking Midfielder,midfielder,Midfielder,76,0,79,0,81,0,77,0,70,0,74,0,72,0,84,0,78,0,74,0,74,0,73,0,73,0,80,0,78,0,76,0,79,0,12,0,7,0,10,0,13,0,11,0,74,0,69,0,80,0,76,0,75,0,80,0,80,0,73,0,77,0,79,0,77,0,84,0,79,0,72,0,74,0,74,0,83,0,74,0,,,,,,,,,,,,,,,,,,,,,,,,,,,,,,,,
251479,590,80,Maxim,De Cuyper,,12/22/2000 12:00:00 AM,183,2,4,2,Premier League,72,https://ratings-images-prod.pulse.ea.com/FC25/full/player-portraits/p251479.png?padding=0.7,https://ratings-images-prod.pulse.ea.com/FC25/full/player-shields/en/251479.png?width=265,3,Right Back,RB,trait1_1024,Long Ball Pass,"Accurate, faster Lob and Lofted Through Passes",https://drop-assets.ea.com/images/7jwRDD4zkOsqRpc821t73d/16d46d57a5dfc7dd5dd5f8de0fd26a99/Long_Ball_Pass.png,playStyle,Play Style,trait1_4096,Whipped Pass,"Accurate, faster crosses with more curve",https://drop-assets.ea.com/images/FfTP29PWrRWZjEaiCCVoa/a1b345e4ae7023ed78b1efd68d28f392/Whipped_Pass.png,playStyle,Play Style,trait1_16384,Jockey,"Faster Sprint Jockey, better transition speed",https://drop-assets.ea.com/images/7lHjpOBSghE6Ywt1jgVv1C/21f9914d00f073d79d4b46cac71b9087/Jockey.png,playStyle,Play Style,0,Men's Football,7,Belgium,https://drop-assets.ea.com/images/7eZLPoDDyxSlQoqcS4NVA2/6fc085dc7e85ccd7519be7ff2df875ee/f_7.png,1808,Brighton,https://drop-assets.ea.com/images/1mFLMjuFkxQjbRaTLKZ8Gm/277b9eb6d29d37064d1d82063b06f681/l1808.png,false,7,LB,Left Back,defense,Defense,78,0,79,0,76,0,87,0,67,0,79,0,78,0,80,0,82,0,85,0,78,0,75,0,76,0,79,0,78,0,70,0,73,0,11,0,8,0,7,0,7,0,8,0,65,0,75,0,79,0,74,0,76,0,80,0,78,0,75,0,75,0,77,0,73,0,78,0,78,0,75,0,75,0,76,0,81,0,68,0,,trait1_16777216,Press Proven,"Close control at jog speed, shields ball more effectively",https://drop-assets.ea.com/images/5rUHwyLJRnvGV53Ba4Pj6M/9a3238695ae8103667ba02af391ac209/Press_Proven.png,playStyle,Play Style,16,Left Midfielder,LM,,,,,,,,,,,,,,,,,,,,,,
259583,591,80,Destiny,Udogie,,11/28/2002 12:00:00 AM,186,3,3,2,Premier League,73,https://ratings-images-prod.pulse.ea.com/FC25/full/player-portraits/p259583.png?padding=0.7,https://ratings-images-prod.pulse.ea.com/FC25/full/player-shields/en/259583.png?width=265,,,,trait1_4096,Whipped Pass,"Accurate, faster crosses with more curve",https://drop-assets.ea.com/images/FfTP29PWrRWZjEaiCCVoa/a1b345e4ae7023ed78b1efd68d28f392/Whipped_Pass.png,playStyle,Play Style,trait1_32768,Block,Increased reach and success in blocking,https://drop-assets.ea.com/images/2Rlftzr8lqUdI29suCQVWe/43c6c36e8bd5fa26b88478d4354611a2/Block.png,playStyle,Play Style,trait1_33554432,Quick Step,Faster acceleration during Explosive Sprint,https://drop-assets.ea.com/images/1xG25Zp3wvkLA5YewKiZah/f27f5fabd1e899fc0bbb817d2db233b1/Quick_Step.png,playStyle,Play Style,0,Men's Football,27,Italy,https://drop-assets.ea.com/images/2WtjWPqYzT7xcMCbvajGZH/d06e9ec4734a0d43d88f65386cc3a484/f_27.png,18,Spurs,https://drop-assets.ea.com/images/7kUcyCh5xGrzQlcjP2Q9NH/11aba507486f44765ee5938b1b5b097e/l18.png,false,7,LB,Left Back,defense,Defense,86,0,74,0,85,0,79,0,77,0,81,0,70,0,79,0,78,0,80,0,64,0,76,0,77,0,78,0,80,0,64,0,51,0,8,0,14,0,11,0,10,0,14,0,68,0,79,0,65,0,59,0,88,0,73,0,46,0,79,0,76,0,78,0,64,0,77,0,74,0,74,0,89,0,77,0,75,0,58,0,,,,,,,,,,,,,,,,,,,,,,,,,,,,,,,,
245155,592,80,Mohammed,Kudus,,8/2/2000 12:00:00 AM,177,4,3,2,Premier League,70,https://ratings-images-prod.pulse.ea.com/FC25/full/player-portraits/p245155.png?padding=0.7,https://ratings-images-prod.pulse.ea.com/FC25/full/player-shields/en/245155.png?width=265,27,Left Wing,LW,trait1_4194304,First Touch,"Reduced trapping error, faster dribbling transition",https://drop-assets.ea.com/images/3f727XsoDVLbT49oMk0HBu/2787568be8ccb2d5daa2d18fabacad97/First_Touch.png,playStyle,Play Style,,,,,,,,,,,,,0,Men's Football,117,Ghana,https://drop-assets.ea.com/images/64fYElRtof03DcI6oxno1D/1a2b0686d9693e59b832c3d06a737109/f_117.png,18,Spurs,https://drop-assets.ea.com/images/7kUcyCh5xGrzQlcjP2Q9NH/11aba507486f44765ee5938b1b5b097e/l18.png,false,23,RW,Right Wing,attack,Attack,91,0,86,0,74,0,73,0,76,0,68,0,92,0,83,0,80,0,70,0,67,0,60,0,60,0,86,0,88,0,76,0,49,0,6,0,12,0,7,0,7,0,10,0,55,0,59,0,68,0,74,0,89,0,72,0,64,0,74,0,77,0,77,0,76,0,76,0,81,0,46,0,88,0,66,0,75,0,76,0,,,,,,,,25,Striker,ST,12,Right Midfielder,RM,,,,,,,,,,,,,,,,,,,
268889,593,80,Álvaro,Fernández Carreras,Álvaro Carreras,3/23/2003 12:00:00 AM,186,3,4,2,LALIGA EA SPORTS,78,https://ratings-images-prod.pulse.ea.com/FC25/full/player-portraits/p268889.png?padding=0.7,https://ratings-images-prod.pulse.ea.com/FC25/full/player-shields/en/268889.png?width=265,16,Left Midfielder,LM,trait1_1024,Long Ball Pass,"Accurate, faster Lob and Lofted Through Passes",https://drop-assets.ea.com/images/7jwRDD4zkOsqRpc821t73d/16d46d57a5dfc7dd5dd5f8de0fd26a99/Long_Ball_Pass.png,playStyle,Play Style,trait1_67108864,Relentless,"Increased half time fatigue recovery, longer teammate contain and press",https://drop-assets.ea.com/images/2vVuRxgvPNaAuFGqZZ9nDY/3e2505addd5a6b353becdeaf7173d187/Relentless.png,playStyle,Play Style,,,,,,,0,Men's Football,45,Spain,https://drop-assets.ea.com/images/Kv8okAYMsDbB3ZKbxrAXw/9d30c88d16a4c85002f35c6af412c6f7/f_45.png,243,Real Madrid,https://drop-assets.ea.com/images/Pk8nYrWuRt895RlhJx8jI/445d98b711f413a3a1e70c41b19b0f95/l243.png,true,7,LB,Left Back,defense,Defense,84,0,80,0,79,0,89,0,76,0,81,0,74,0,80,0,76,0,78,0,77,0,73,0,72,0,79,0,79,0,65,0,45,0,6,0,7,0,11,0,8,0,14,0,55,0,78,0,76,0,60,0,85,0,75,0,43,0,80,0,76,0,79,0,65,0,76,0,75,0,75,0,86,0,76,0,76,0,48,0,,,,,,,,,,,,,,,,,,,,,,,,,,,,,,,,
270571,595,80,Gabriel Davi,Gomes Sara,Gabriel Sara,6/26/1999 12:00:00 AM,177,4,4,2,Trendyol Süper Lig,79,https://ratings-images-prod.pulse.ea.com/FC25/full/player-portraits/p270571.png?padding=0.7,https://ratings-images-prod.pulse.ea.com/FC25/full/player-shields/en/270571.png?width=265,18,Center Attacking Midfielder,CAM,trait1_4,Power Shot,Faster power shots with increased speed,https://drop-assets.ea.com/images/3ohVoKWSsvT44qgjabWqfV/e536ef26ad854c3c4cbf63ed7954b9cd/Power_Shot.png,playStyle,Play Style,trait1_8,Dead Ball,"Faster, accurate set pieces with longer trajectory preview",https://drop-assets.ea.com/images/1razu2wcM3XA82VvB7NyUm/eec6b07080e49d6bf2d7a7951a22375f/Dead_Ball.png,playStyle,Play Style,trait1_256,Incisive Pass,"Accurate through passes, curvier swerve passes, faster precision passes",https://drop-assets.ea.com/images/2K5BYfVYRnrdjt8F3hwI04/62f147b6a436c107bfa3d042c1d5728d/Incisive_Pass.png,playStyle,Play Style,0,Men's Football,54,Brazil,https://drop-assets.ea.com/images/1zdNn1R9tRlfQ3lsbAOecD/a606f742789b6306363383a6e20dd003/f_54.png,325,Galatasaray,https://drop-assets.ea.com/images/6P5sN0m3ZRE23vjlT8gh5q/f7f9acf3a7be5ea12f889d93dbdfd48f/l325.png,false,14,CM,Center Midfielder,midfielder,Midfielder,75,0,77,0,79,0,81,0,75,0,79,0,76,0,81,0,80,0,82,0,84,0,68,0,69,0,79,0,79,0,73,0,81,0,14,0,14,0,10,0,6,0,9,0,68,0,65,0,84,0,75,0,74,0,83,0,50,0,78,0,77,0,80,0,74,0,83,0,83,0,65,0,74,0,70,0,83,0,67,0,,trait1_1024,Long Ball Pass,"Accurate, faster Lob and Lofted Through Passes",https://drop-assets.ea.com/images/7jwRDD4zkOsqRpc821t73d/16d46d57a5dfc7dd5dd5f8de0fd26a99/Long_Ball_Pass.png,playStyle,Play Style,12,Right Midfielder,RM,,,,trait1_8192,Inventive,Fancy and Trivela passes are performed with improved accuracy.,https://drop-assets.ea.com/images/4fpo31RdL5T0vrzNqcSc4x/f82209bfd51270dcc447d4313b3e61f1/Inventive.png,playStyle,Play Style,,,,,,,,,,,,,
270673,596,80,Warren,Zaïre-Emery,,3/8/2006 12:00:00 AM,178,3,4,1,Ligue 1 McDonald's,68,https://ratings-images-prod.pulse.ea.com/FC25/full/player-portraits/p270673.png?padding=0.7,https://ratings-images-prod.pulse.ea.com/FC25/full/player-shields/en/270673.png?width=265,10,Center Defensive Midfielder,CDM,trait1_2048,Tiki Taka,Accurate first-time Ground Passes,https://drop-assets.ea.com/images/2tvHC5JQ2sXrN8wUTJWLEA/94b0f6a78d1a9e1348a33c9772f23afd/Tiki_Taka.png,playStyle,Play Style,trait1_4194304,First Touch,"Reduced trapping error, faster dribbling transition",https://drop-assets.ea.com/images/3f727XsoDVLbT49oMk0HBu/2787568be8ccb2d5daa2d18fabacad97/First_Touch.png,playStyle,Play Style,trait1_16777216,Press Proven,"Close control at jog speed, shields ball more effectively",https://drop-assets.ea.com/images/5rUHwyLJRnvGV53Ba4Pj6M/9a3238695ae8103667ba02af391ac209/Press_Proven.png,playStyle,Play Style,0,Men's Football,18,France,https://drop-assets.ea.com/images/3ECAQzhfgSLWRf9IIHB6G8/7e235a7b2f93c1f73db7f89dc03b3657/f_18.png,73,Paris SG,https://drop-assets.ea.com/images/2QwnhmHh5K7bjkfZAF7ZCi/7c53874542fb5c606ff810a4b1f6b88b/l73.png,true,14,CM,Center Midfielder,midfielder,Midfielder,80,0,74,0,80,0,88,0,75,0,76,0,84,0,81,0,78,0,68,0,66,0,75,0,71,0,79,0,78,0,66,0,53,0,14,0,11,0,7,0,8,0,15,0,66,0,79,0,81,0,69,0,79,0,76,0,59,0,79,0,76,0,79,0,68,0,82,0,76,0,73,0,78,0,80,0,79,0,49,0,,trait1_33554432,Quick Step,Faster acceleration during Explosive Sprint,https://drop-assets.ea.com/images/1xG25Zp3wvkLA5YewKiZah/f27f5fabd1e899fc0bbb817d2db233b1/Quick_Step.png,playStyle,Play Style,18,Center Attacking Midfielder,CAM,,,,trait1_67108864,Relentless,"Increased half time fatigue recovery, longer teammate contain and press",https://drop-assets.ea.com/images/2vVuRxgvPNaAuFGqZZ9nDY/3e2505addd5a6b353becdeaf7173d187/Relentless.png,playStyle,Play Style,,,,,,,,,,,,,
232665,597,80,Mauro,Arambarri,,9/30/1995 12:00:00 AM,175,3,3,1,LALIGA EA SPORTS,74,https://ratings-images-prod.pulse.ea.com/FC25/full/player-portraits/p232665.png?padding=0.7,https://ratings-images-prod.pulse.ea.com/FC25/full/player-shields/en/232665.png?width=265,10,Center Defensive Midfielder,CDM,trait1_16,Precision Header,Performs headers with increased accuracy and power.,https://drop-assets.ea.com/images/3ync8fbblS4zLzF3p1VXmT/7752a5103c2ebd8be5cf1819379c66f4/Precision_Header.png,playStyle,Play Style,trait1_524288,Aerial Fortress,Performs higher jumps and has physical defensive presence before and during aerial duels,https://drop-assets.ea.com/images/3rsDbUXd3MZX39YTsk6lKe/404db89f2237eeb7466668a730c52a4b/Aerial_Fortress.png,playStyle,Play Style,,,,,,,0,Men's Football,60,Uruguay,https://drop-assets.ea.com/images/GRwJwZ17RfDveZX4N4L78/25beda9babb2d93a8ff7bb5487eb263b/f_60.png,1860,Getafe CF,https://drop-assets.ea.com/images/44YMNWepTyO6Bq40e9JFvy/a282461a849f13c104c8163cd2253e2a/l1860.png,false,14,CM,Center Midfielder,midfielder,Midfielder,75,0,67,0,78,0,84,0,76,0,82,0,77,0,79,0,74,0,64,0,77,0,79,0,82,0,77,0,78,0,82,0,71,0,7,0,13,0,13,0,15,0,7,0,62,0,80,0,78,0,79,0,65,0,76,0,61,0,79,0,80,0,79,0,79,0,81,0,83,0,79,0,57,0,80,0,79,0,62,0,,,,,,,,,,,,,,,,,,,,,,,,,,,,,,,,
242434,598,80,Curtis,Jones,,1/30/2001 12:00:00 AM,185,4,4,1,Premier League,75,https://ratings-images-prod.pulse.ea.com/FC25/full/player-portraits/p242434.png?padding=0.7,https://ratings-images-prod.pulse.ea.com/FC25/full/player-shields/en/242434.png?width=265,14,Center Midfielder,CM,trait1_1,Finesse Shot,Faster finesse shots with more curve and accuracy,https://drop-assets.ea.com/images/468u1R1p2k1fA6WBHi0OEn/fb9d49ed2a8fb500cd5a184937b96b34/Finesse_Shot.png,playStyle,Play Style,trait1_16777216,Press Proven,"Close control at jog speed, shields ball more effectively",https://drop-assets.ea.com/images/5rUHwyLJRnvGV53Ba4Pj6M/9a3238695ae8103667ba02af391ac209/Press_Proven.png,playStyle,Play Style,,,,,,,0,Men's Football,14,England,https://drop-assets.ea.com/images/6ZM1OFXGUFeV0ZaYVKj2z/ae88ef17f8cb179fbc1c463f7e1e4bd8/f_14.png,9,Liverpool,https://drop-assets.ea.com/images/3mmzooNXBDCKuCy6kWcGQo/2e332a30fe2a7225a88fcb1898f48bbf/l9.png,false,18,CAM,Center Attacking Midfielder,midfielder,Midfielder,68,0,74,0,71,0,83,0,74,0,74,0,73,0,82,0,82,0,67,0,75,0,72,0,72,0,82,0,84,0,75,0,51,0,6,0,13,0,7,0,11,0,7,0,55,0,71,0,79,0,73,0,74,0,76,0,60,0,76,0,79,0,80,0,74,0,83,0,77,0,71,0,79,0,77,0,79,0,69,0,,,,,,,,10,Center Defensive Midfielder,CDM,,,,,,,,,,,,,,,,,,,,,,
254243,599,80,Elliot,Anderson,,11/6/2002 12:00:00 AM,179,3,4,1,Premier League,71,https://ratings-images-prod.pulse.ea.com/FC25/full/player-portraits/p254243.png?padding=0.7,https://ratings-images-prod.pulse.ea.com/FC25/full/player-shields/en/254243.png?width=265,14,Center Midfielder,CM,trait1_32768,Block,Increased reach and success in blocking,https://drop-assets.ea.com/images/2Rlftzr8lqUdI29suCQVWe/43c6c36e8bd5fa26b88478d4354611a2/Block.png,playStyle,Play Style,trait1_524288,Aerial Fortress,Performs higher jumps and has physical defensive presence before and during aerial duels,https://drop-assets.ea.com/images/3rsDbUXd3MZX39YTsk6lKe/404db89f2237eeb7466668a730c52a4b/Aerial_Fortress.png,playStyle,Play Style,trait1_1048576,Technical,"Faster Controlled Sprint, precise wide turns while dribbling",https://drop-assets.ea.com/images/5Esx7NK4YBU44O4bo07rvb/69ca9417da7fd07905f6c6956ad93f6d/Technical.png,playStyle,Play Style,0,Men's Football,14,England,https://drop-assets.ea.com/images/6ZM1OFXGUFeV0ZaYVKj2z/ae88ef17f8cb179fbc1c463f7e1e4bd8/f_14.png,14,Nott'm Forest,https://drop-assets.ea.com/images/60CgBQCMt7Dtcjip9xUxg8/5fa49387c380bf4772138b215ef4fd85/l14.png,false,10,CDM,Center Defensive Midfielder,midfielder,Midfielder,75,0,76,0,84,0,86,0,73,0,77,0,84,0,81,0,80,0,77,0,78,0,77,0,75,0,81,0,82,0,66,0,57,0,6,0,12,0,5,0,10,0,7,0,76,0,78,0,79,0,64,0,71,0,79,0,65,0,78,0,76,0,80,0,68,0,82,0,74,0,77,0,68,0,79,0,79,0,63,0,,,,,,,,,,,,,,,,,,,,,,,,,,,,,,,,
233927,601,80,Lucas Tolentino,Coelho de Lima,Lucas Paquetá,8/27/1997 12:00:00 AM,180,5,4,2,Premier League,72,https://ratings-images-prod.pulse.ea.com/FC25/full/player-portraits/p233927.png?padding=0.7,https://ratings-images-prod.pulse.ea.com/FC25/full/player-shields/en/233927.png?width=265,16,Left Midfielder,LM,trait1_1024,Long Ball Pass,"Accurate, faster Lob and Lofted Through Passes",https://drop-assets.ea.com/images/7jwRDD4zkOsqRpc821t73d/16d46d57a5dfc7dd5dd5f8de0fd26a99/Long_Ball_Pass.png,playStyle,Play Style,trait1_524288,Aerial Fortress,Performs higher jumps and has physical defensive presence before and during aerial duels,https://drop-assets.ea.com/images/3rsDbUXd3MZX39YTsk6lKe/404db89f2237eeb7466668a730c52a4b/Aerial_Fortress.png,playStyle,Play Style,trait1_1048576,Technical,"Faster Controlled Sprint, precise wide turns while dribbling",https://drop-assets.ea.com/images/5Esx7NK4YBU44O4bo07rvb/69ca9417da7fd07905f6c6956ad93f6d/Technical.png,playStyle,Play Style,0,Men's Football,54,Brazil,https://drop-assets.ea.com/images/1zdNn1R9tRlfQ3lsbAOecD/a606f742789b6306363383a6e20dd003/f_54.png,19,West Ham,https://drop-assets.ea.com/images/60X4vXPDgGISHaqyOdUGkg/c7def9840658d49d646e4895e9e04e94/l19.png,false,14,CM,Center Midfielder,midfielder,Midfielder,69,0,75,0,75,0,76,0,73,0,78,0,76,0,85,0,86,0,74,0,77,0,69,0,67,0,84,0,86,0,78,0,74,0,14,0,9,0,12,0,11,0,11,0,68,0,71,0,80,0,77,0,68,0,78,0,82,0,75,0,77,0,79,0,78,0,80,0,77,0,63,0,67,0,73,0,80,0,74,0,,trait1_4194304,First Touch,"Reduced trapping error, faster dribbling transition",https://drop-assets.ea.com/images/3f727XsoDVLbT49oMk0HBu/2787568be8ccb2d5daa2d18fabacad97/First_Touch.png,playStyle,Play Style,18,Center Attacking Midfielder,CAM,,,,,,,,,,,,,,,,,,,,,,
259694,602,80,Óscar,Mingueza García,Mingueza,5/13/1999 12:00:00 AM,184,2,3,1,LALIGA EA SPORTS,75,https://ratings-images-prod.pulse.ea.com/FC25/full/player-portraits/p259694.png?padding=0.7,https://ratings-images-prod.pulse.ea.com/FC25/full/player-shields/en/259694.png?width=265,12,Right Midfielder,RM,trait1_1024,Long Ball Pass,"Accurate, faster Lob and Lofted Through Passes",https://drop-assets.ea.com/images/7jwRDD4zkOsqRpc821t73d/16d46d57a5dfc7dd5dd5f8de0fd26a99/Long_Ball_Pass.png,playStyle,Play Style,trait1_134217728,Long Throw,Powerful throw-ins for greater distance,https://drop-assets.ea.com/images/51OlohNQvoEwW0aLhknAHh/58fa7d903d10f6d8cfa2622f62ba6b6f/Long_Throw.png,playStyle,Play Style,trait1_268435456,Bruiser,Stronger physical tackles,https://drop-assets.ea.com/images/7euMJ2jVypFrFPQesWuGGm/14019168b12faac1584a2920d5c2d5d9/Bruiser.png,playStyle,Play Style,0,Men's Football,45,Spain,https://drop-assets.ea.com/images/Kv8okAYMsDbB3ZKbxrAXw/9d30c88d16a4c85002f35c6af412c6f7/f_45.png,450,Celta,https://drop-assets.ea.com/images/3t0uDwxQg2iWoXop58je1a/d5c49ec269ace3a1ad2ded5fb2e8a9ec/l450.png,false,3,RB,Right Back,defense,Defense,78,0,75,0,84,0,82,0,73,0,75,0,62,0,79,0,77,0,79,0,78,0,76,0,76,0,77,0,77,0,62,0,70,0,9,0,10,0,15,0,8,0,13,0,75,0,77,0,76,0,70,0,80,0,77,0,55,0,76,0,75,0,80,0,66,0,79,0,73,0,75,0,82,0,76,0,76,0,53,0,,,,,,,,16,Left Midfielder,LM,,,,,,,,,,,,,,,,,,,,,,
273018,604,80,Andrey,N. dos Santos,Andrey Santos,5/3/2004 12:00:00 AM,180,3,3,1,Premier League,75,https://ratings-images-prod.pulse.ea.com/FC25/full/player-portraits/p273018.png?padding=0.7,https://ratings-images-prod.pulse.ea.com/FC25/full/player-shields/en/273018.png?width=265,10,Center Defensive Midfielder,CDM,trait1_16,Precision Header,Performs headers with increased accuracy and power.,https://drop-assets.ea.com/images/3ync8fbblS4zLzF3p1VXmT/7752a5103c2ebd8be5cf1819379c66f4/Precision_Header.png,playStyle,Play Style,trait1_2048,Tiki Taka,Accurate first-time Ground Passes,https://drop-assets.ea.com/images/2tvHC5JQ2sXrN8wUTJWLEA/94b0f6a78d1a9e1348a33c9772f23afd/Tiki_Taka.png,playStyle,Play Style,trait1_262144,Slide Tackle,Stops ball at feet during slide tackles,https://drop-assets.ea.com/images/7mI1lrxE0pv9iJfQFki9OA/8c1ecac325f923e049be72231c8c968a/Slide_Tackle.png,playStyle,Play Style,0,Men's Football,54,Brazil,https://drop-assets.ea.com/images/1zdNn1R9tRlfQ3lsbAOecD/a606f742789b6306363383a6e20dd003/f_54.png,5,Chelsea,https://drop-assets.ea.com/images/6T0vfhzb3y9R6YVtmVwYcD/b99723a87536e30979c7cbdb8bba9310/l5.png,false,14,CM,Center Midfielder,midfielder,Midfielder,77,0,77,0,88,0,91,0,75,0,78,0,69,0,80,0,80,0,56,0,68,0,77,0,69,0,78,0,77,0,69,0,52,0,5,0,10,0,15,0,12,0,8,0,81,0,78,0,79,0,72,0,74,0,74,0,54,0,80,0,77,0,79,0,69,0,82,0,73,0,81,0,71,0,81,0,79,0,53,0,,trait1_524288,Aerial Fortress,Performs higher jumps and has physical defensive presence before and during aerial duels,https://drop-assets.ea.com/images/3rsDbUXd3MZX39YTsk6lKe/404db89f2237eeb7466668a730c52a4b/Aerial_Fortress.png,playStyle,Play Style,,,,,,,,,,,,,,,,,,,,,,,,,
204883,605,80,Brice,Samba,,4/25/1994 12:00:00 AM,187,1,3,2,Ligue 1 McDonald's,90,https://ratings-images-prod.pulse.ea.com/FC25/full/player-portraits/p204883.png?padding=0.7,https://ratings-images-prod.pulse.ea.com/FC25/full/player-shields/en/204883.png?width=265,,,,trait1_1024,Long Ball Pass,"Accurate, faster Lob and Lofted Through Passes",https://drop-assets.ea.com/images/7jwRDD4zkOsqRpc821t73d/16d46d57a5dfc7dd5dd5f8de0fd26a99/Long_Ball_Pass.png,playStyle,Play Style,trait2_2,Footwork,"Exclusive foot saves, better performance on low shots",https://drop-assets.ea.com/images/1s2muXoHUmP1T0vGYKXSl1/6d265b13804069371f16a58788703a33/Footwork.png,playStyle,Play Style,,,,,,,0,Men's Football,18,France,https://drop-assets.ea.com/images/3ECAQzhfgSLWRf9IIHB6G8/7e235a7b2f93c1f73db7f89dc03b3657/f_18.png,74,Stade Rennais FC,https://drop-assets.ea.com/images/7CHlTnryGZyOatI2WOFXiP/def56f5b08c456e671d09d3a47cc327b/l74.png,false,0,GK,Goalkeeper,defense,Defense,49,0,39,0,73,0,37,0,78,0,26,0,54,0,36,0,66,0,10,0,14,0,53,0,12,0,80,0,14,0,9,0,13,0,78,0,80,0,80,0,80,0,80,0,15,0,18,0,45,0,10,0,78,0,80,0,15,0,80,0,11,0,78,0,80,0,48,0,60,0,12,0,60,0,14,0,48,0,13,0,,,,,,,,,,,,,,,,,,,,,,,,,,,,,,,,
224656,607,80,Ola,Aina,,10/8/1996 12:00:00 AM,184,3,4,1,Premier League,82,https://ratings-images-prod.pulse.ea.com/FC25/full/player-portraits/p224656.png?padding=0.7,https://ratings-images-prod.pulse.ea.com/FC25/full/player-shields/en/224656.png?width=265,7,Left Back,LB,trait1_33554432,Quick Step,Faster acceleration during Explosive Sprint,https://drop-assets.ea.com/images/1xG25Zp3wvkLA5YewKiZah/f27f5fabd1e899fc0bbb817d2db233b1/Quick_Step.png,playStyle,Play Style,trait1_134217728,Long Throw,Powerful throw-ins for greater distance,https://drop-assets.ea.com/images/51OlohNQvoEwW0aLhknAHh/58fa7d903d10f6d8cfa2622f62ba6b6f/Long_Throw.png,playStyle,Play Style,,,,,,,0,Men's Football,133,Nigeria,https://drop-assets.ea.com/images/7pdYOUzcOpsSLsQJqx6jq9/ab9bec93f27d4c42a76f2617073a6cce/f_133.png,14,Nott'm Forest,https://drop-assets.ea.com/images/60CgBQCMt7Dtcjip9xUxg8/5fa49387c380bf4772138b215ef4fd85/l14.png,false,3,RB,Right Back,defense,Defense,89,0,71,0,84,0,77,0,75,0,72,0,77,0,74,0,74,0,77,0,60,0,78,0,79,0,75,0,76,0,54,0,48,0,7,0,14,0,10,0,10,0,9,0,68,0,78,0,67,0,73,0,88,0,71,0,49,0,75,0,68,0,78,0,63,0,74,0,77,0,79,0,87,0,79,0,70,0,52,0,,,,,,,,12,Right Midfielder,RM,,,,,,,,,,,,,,,,,,,,,,
239093,608,80,Jonathan,Clauss,,9/25/1992 12:00:00 AM,178,3,3,1,Ligue 1 McDonald's,69,https://ratings-images-prod.pulse.ea.com/FC25/full/player-portraits/p239093.png?padding=0.7,https://ratings-images-prod.pulse.ea.com/FC25/full/player-shields/en/239093.png?width=265,12,Right Midfielder,RM,trait1_8,Dead Ball,"Faster, accurate set pieces with longer trajectory preview",https://drop-assets.ea.com/images/1razu2wcM3XA82VvB7NyUm/eec6b07080e49d6bf2d7a7951a22375f/Dead_Ball.png,playStyle,Play Style,trait1_4096,Whipped Pass,"Accurate, faster crosses with more curve",https://drop-assets.ea.com/images/FfTP29PWrRWZjEaiCCVoa/a1b345e4ae7023ed78b1efd68d28f392/Whipped_Pass.png,playStyle,Play Style,trait1_65536,Intercept,Increased reach and possession retention in interceptions,https://drop-assets.ea.com/images/5ysv7Iw8jDHl7sp1JXqIa7/d34004fed8c95bde083dcf8257391a70/Intercept.png,playStyle,Play Style,0,Men's Football,18,France,https://drop-assets.ea.com/images/3ECAQzhfgSLWRf9IIHB6G8/7e235a7b2f93c1f73db7f89dc03b3657/f_18.png,72,OGC Nice,https://drop-assets.ea.com/images/zByYanPvcCULBfC8OITvN/a262863aa77bfb1551a403f5f9b49f28/l72.png,false,3,RB,Right Back,defense,Defense,81,0,83,0,75,0,82,0,63,0,67,0,77,0,79,0,77,0,84,0,77,0,73,0,72,0,78,0,76,0,68,0,76,0,15,0,14,0,15,0,8,0,15,0,62,0,74,0,67,0,68,0,85,0,76,0,52,0,69,0,75,0,82,0,69,0,76,0,77,0,74,0,88,0,76,0,75,0,56,0,,trait1_131072,Anticipate,"Improved standing tackle success, possibility of stopping ball at feet",https://drop-assets.ea.com/images/4xPnUcL7thizFB7qmhlwUR/1ade7a0f77d5e875c2db869964540a35/Anticipate.png,playStyle,Play Style,,,,,,,trait1_67108864,Relentless,"Increased half time fatigue recovery, longer teammate contain and press",https://drop-assets.ea.com/images/2vVuRxgvPNaAuFGqZZ9nDY/3e2505addd5a6b353becdeaf7173d187/Relentless.png,playStyle,Play Style,trait1_134217728,Long Throw,Powerful throw-ins for greater distance,https://drop-assets.ea.com/images/51OlohNQvoEwW0aLhknAHh/58fa7d903d10f6d8cfa2622f62ba6b6f/Long_Throw.png,playStyle,Play Style,,,,,,,
192563,609,80,Bernd,Leno,,3/4/1992 12:00:00 AM,189,1,3,1,Premier League,83,https://ratings-images-prod.pulse.ea.com/FC25/full/player-portraits/p192563.png?padding=0.7,https://ratings-images-prod.pulse.ea.com/FC25/full/player-shields/en/192563.png?width=250,,,,trait2_2,Footwork,"Exclusive foot saves, better performance on low shots",https://drop-assets.ea.com/images/1s2muXoHUmP1T0vGYKXSl1/6d265b13804069371f16a58788703a33/Footwork.png,playStyle,Play Style,trait2_8,Rush Out,"Unique reflex saves, better close shot reads, faster rush",https://drop-assets.ea.com/images/4wwnzFkg1zLTAc4QSsXiWO/5fa897cf739a93bddf3556e2323f9b8b/1v1_Close_Down.png,playStyle,Play Style,,,,,,,0,Men's Football,21,Germany,https://drop-assets.ea.com/images/6IIMMGk0Uj1rcZ6DSHTpLL/93f95b602dc62594104f418c8f80ebb3/f_21.png,144,Fulham,https://drop-assets.ea.com/images/1YL8ULAZyOPtffpFGZcGe8/84ec5701079276f33aa349d253fa0321/l144.png,false,0,GK,Goalkeeper,defense,Defense,54,0,51,0,70,0,44,0,70,0,28,0,44,0,35,0,63,0,9,0,9,0,53,0,27,0,81,0,16,0,9,0,8,0,80,0,79,0,76,0,80,0,81,0,13,0,25,0,48,0,14,0,80,0,76,0,23,0,80,0,7,0,77,0,79,0,50,0,57,0,18,0,51,0,15,0,53,0,10,0,,,,,,,,,,,,,,,,,,,,,,,,,,,,,,,,
223697,610,80,Robin,Gosens,,7/5/1994 12:00:00 AM,183,3,3,2,Serie A Enilive,76,https://ratings-images-prod.pulse.ea.com/FC25/full/player-portraits/p223697.png?padding=0.7,https://ratings-images-prod.pulse.ea.com/FC25/full/player-shields/en/223697.png?width=250,16,Left Midfielder,LM,,,,,,,,,,,,,,,,,,,0,Men's Football,21,Germany,https://drop-assets.ea.com/images/6IIMMGk0Uj1rcZ6DSHTpLL/93f95b602dc62594104f418c8f80ebb3/f_21.png,110374,Fiorentina,https://drop-assets.ea.com/images/j2Zuc19dll43zq88V7CgZ/d2e748909a451985aed5a26b122a4d8f/l110374.png,false,7,LB,Left Back,defense,Defense,76,0,71,0,87,0,86,0,71,0,80,0,67,0,78,0,77,0,76,0,69,0,77,0,74,0,76,0,76,0,78,0,58,0,7,0,16,0,15,0,16,0,10,0,82,0,77,0,75,0,68,0,72,0,73,0,55,0,77,0,80,0,79,0,74,0,77,0,76,0,80,0,69,0,78,0,67,0,69,0,,,,,,,,,,,,,,,,,,,,,,,,,,,,,,,,
236499,611,80,Douglas Luiz,Soares de Paulo,Douglas Luiz,5/9/1998 12:00:00 AM,175,3,2,1,Premier League,66,https://ratings-images-prod.pulse.ea.com/FC25/full/player-portraits/p236499.png?padding=0.7,https://ratings-images-prod.pulse.ea.com/FC25/full/player-shields/en/236499.png?width=265,10,Center Defensive Midfielder,CDM,trait1_16777216,Press Proven,"Close control at jog speed, shields ball more effectively",https://drop-assets.ea.com/images/5rUHwyLJRnvGV53Ba4Pj6M/9a3238695ae8103667ba02af391ac209/Press_Proven.png,playStyle,Play Style,,,,,,,,,,,,,0,Men's Football,54,Brazil,https://drop-assets.ea.com/images/1zdNn1R9tRlfQ3lsbAOecD/a606f742789b6306363383a6e20dd003/f_54.png,14,Nott'm Forest,https://drop-assets.ea.com/images/60CgBQCMt7Dtcjip9xUxg8/5fa49387c380bf4772138b215ef4fd85/l14.png,false,14,CM,Center Midfielder,midfielder,Midfielder,69,0,74,0,70,0,75,0,65,0,77,0,78,0,84,0,84,0,81,0,80,0,75,0,76,0,80,0,79,0,70,0,80,0,12,0,6,0,13,0,10,0,7,0,62,0,76,0,81,0,82,0,67,0,82,0,81,0,70,0,76,0,77,0,75,0,81,0,79,0,72,0,66,0,78,0,84,0,77,0,,,,,,,,,,,,,,,,,,,,,,,,,,,,,,,,
259913,613,80,Georgiy,Sudakov,,9/1/2002 12:00:00 AM,177,3,4,1,Liga Portugal,68,https://ratings-images-prod.pulse.ea.com/FC25/full/player-portraits/p259913.png?padding=0.7,https://ratings-images-prod.pulse.ea.com/FC25/full/player-shields/en/259913.png?width=265,14,Center Midfielder,CM,trait1_256,Incisive Pass,"Accurate through passes, curvier swerve passes, faster precision passes",https://drop-assets.ea.com/images/2K5BYfVYRnrdjt8F3hwI04/62f147b6a436c107bfa3d042c1d5728d/Incisive_Pass.png,playStyle,Play Style,trait1_4194304,First Touch,"Reduced trapping error, faster dribbling transition",https://drop-assets.ea.com/images/3f727XsoDVLbT49oMk0HBu/2787568be8ccb2d5daa2d18fabacad97/First_Touch.png,playStyle,Play Style,trait1_33554432,Quick Step,Faster acceleration during Explosive Sprint,https://drop-assets.ea.com/images/1xG25Zp3wvkLA5YewKiZah/f27f5fabd1e899fc0bbb817d2db233b1/Quick_Step.png,playStyle,Play Style,0,Men's Football,49,Ukraine,https://drop-assets.ea.com/images/6qDmsmOUdD4va3zMohbKhb/0074f5347b6d5908bf7c36de17f1e512/f_49.png,234,SL Benfica,https://drop-assets.ea.com/images/2DamHkQ1ZP1CYVjFPp6ofg/3e07292021842fdadb7aaaa84e7473aa/l234.png,false,18,CAM,Center Attacking Midfielder,midfielder,Midfielder,82,0,80,0,79,0,80,0,68,0,68,0,77,0,81,0,73,0,75,0,77,0,60,0,61,0,81,0,83,0,76,0,68,0,13,0,9,0,13,0,12,0,9,0,68,0,58,0,80,0,80,0,81,0,78,0,78,0,72,0,80,0,78,0,77,0,79,0,79,0,57,0,80,0,58,0,81,0,69,0,,,,,,,,10,Center Defensive Midfielder,CDM,,,,,,,,,,,,,,,,,,,,,,
209889,614,80,Raphaël,Guerreiro,,12/22/1993 12:00:00 AM,170,4,2,2,Bundesliga,71,https://ratings-images-prod.pulse.ea.com/FC25/full/player-portraits/p209889.png?padding=0.7,https://ratings-images-prod.pulse.ea.com/FC25/full/player-shields/en/209889.png?width=265,14,Center Midfielder,CM,trait1_2048,Tiki Taka,Accurate first-time Ground Passes,https://drop-assets.ea.com/images/2tvHC5JQ2sXrN8wUTJWLEA/94b0f6a78d1a9e1348a33c9772f23afd/Tiki_Taka.png,playStyle,Play Style,trait1_65536,Intercept,Increased reach and possession retention in interceptions,https://drop-assets.ea.com/images/5ysv7Iw8jDHl7sp1JXqIa7/d34004fed8c95bde083dcf8257391a70/Intercept.png,playStyle,Play Style,trait1_1048576,Technical,"Faster Controlled Sprint, precise wide turns while dribbling",https://drop-assets.ea.com/images/5Esx7NK4YBU44O4bo07rvb/69ca9417da7fd07905f6c6956ad93f6d/Technical.png,playStyle,Play Style,0,Men's Football,38,Portugal,https://drop-assets.ea.com/images/3CxRD7XqY2NSlZ3628fY4S/abf38470644ee334e6a425b9272f7767/f_38.png,21,FC Bayern München,https://drop-assets.ea.com/images/3p0dv1pGWIH6lGAKZssZKH/4f70d2c5a3c147f3e006c863e85e4993/l21.png,false,7,LB,Left Back,defense,Defense,76,0,90,0,49,0,72,0,49,0,44,0,90,0,89,0,85,0,85,0,85,0,74,0,75,0,88,0,87,0,78,0,78,0,12,0,6,0,8,0,11,0,8,0,42,0,84,0,77,0,83,0,69,0,85,0,54,0,54,0,79,0,84,0,78,0,88,0,79,0,76,0,63,0,76,0,86,0,79,0,,trait1_4194304,First Touch,"Reduced trapping error, faster dribbling transition",https://drop-assets.ea.com/images/3f727XsoDVLbT49oMk0HBu/2787568be8ccb2d5daa2d18fabacad97/First_Touch.png,playStyle,Play Style,3,Right Back,RB,16,Left Midfielder,LM,icontrait1_8192,Inventive+,Fancy and Trivela passes are performed with greatly improved accuracy.,https://drop-assets.ea.com/images/Qx6cJsPc8kg3lW5RIg03U/74548115e8b21760437ee6012b8d2709/Inventive_.png,playStylePlus,Play Style Plus,,,,,,,,,,,,,
223273,615,80,Mario,Pašalić,,2/9/1995 12:00:00 AM,186,4,4,1,Serie A Enilive,80,https://ratings-images-prod.pulse.ea.com/FC25/full/player-portraits/p223273.png?padding=0.7,https://ratings-images-prod.pulse.ea.com/FC25/full/player-shields/en/223273.png?width=265,18,Center Attacking Midfielder,CAM,trait1_524288,Aerial Fortress,Performs higher jumps and has physical defensive presence before and during aerial duels,https://drop-assets.ea.com/images/3rsDbUXd3MZX39YTsk6lKe/404db89f2237eeb7466668a730c52a4b/Aerial_Fortress.png,playStyle,Play Style,,,,,,,,,,,,,0,Men's Football,10,Croatia,https://drop-assets.ea.com/images/4ZYNK06L8ZkJTrdtSby4NW/eb42cc852fc74ea3d3f5b8904fb5194f/f_10.png,115845,Bergamo Calcio,https://drop-assets.ea.com/images/19gWEcyonp2fvk02MNHZOA/83b82283fc62f7010b529a53a0724eee/l115845.png,false,14,CM,Center Midfielder,midfielder,Midfielder,68,0,72,0,74,0,83,0,72,0,76,0,57,0,86,0,77,0,68,0,69,0,67,0,61,0,81,0,83,0,80,0,59,0,11,0,13,0,13,0,13,0,14,0,65,0,72,0,80,0,76,0,69,0,77,0,61,0,76,0,85,0,74,0,78,0,83,0,78,0,61,0,69,0,72,0,78,0,73,0,,,,,,,,,,,,,,,,,,,,,,,,,,,,,,,,
236401,616,80,Noussair,Mazraoui,,11/14/1997 12:00:00 AM,183,3,3,1,Premier League,65,https://ratings-images-prod.pulse.ea.com/FC25/full/player-portraits/p236401.png?padding=0.7,https://ratings-images-prod.pulse.ea.com/FC25/full/player-shields/en/236401.png?width=265,5,Center Back,CB,trait1_16384,Jockey,"Faster Sprint Jockey, better transition speed",https://drop-assets.ea.com/images/7lHjpOBSghE6Ywt1jgVv1C/21f9914d00f073d79d4b46cac71b9087/Jockey.png,playStyle,Play Style,trait1_32768,Block,Increased reach and success in blocking,https://drop-assets.ea.com/images/2Rlftzr8lqUdI29suCQVWe/43c6c36e8bd5fa26b88478d4354611a2/Block.png,playStyle,Play Style,trait1_131072,Anticipate,"Improved standing tackle success, possibility of stopping ball at feet",https://drop-assets.ea.com/images/4xPnUcL7thizFB7qmhlwUR/1ade7a0f77d5e875c2db869964540a35/Anticipate.png,playStyle,Play Style,0,Men's Football,129,Morocco,https://drop-assets.ea.com/images/47SGeQ7STCrJZQSKOVJaHA/1aa24a57a60f85051e34a5ad8205771d/f_129.png,11,Man Utd,https://drop-assets.ea.com/images/5xxJeUfFY6FEQZEJyJK35/990979becf88b88ecb6461dc441c2ebf/l11.png,false,3,RB,Right Back,defense,Defense,78,0,76,0,81,0,76,0,69,0,71,0,74,0,81,0,79,0,79,0,69,0,77,0,76,0,80,0,80,0,69,0,42,0,12,0,7,0,13,0,12,0,12,0,73,0,80,0,74,0,61,0,75,0,76,0,44,0,72,0,76,0,79,0,66,0,80,0,68,0,80,0,73,0,77,0,77,0,56,0,,trait1_1048576,Technical,"Faster Controlled Sprint, precise wide turns while dribbling",https://drop-assets.ea.com/images/5Esx7NK4YBU44O4bo07rvb/69ca9417da7fd07905f6c6956ad93f6d/Technical.png,playStyle,Play Style,12,Right Midfielder,RM,,,,,,,,,,,,,,,,,,,,,,
241671,617,80,Dominik,Livaković,,1/9/1995 12:00:00 AM,188,1,2,1,LALIGA EA SPORTS,79,https://ratings-images-prod.pulse.ea.com/FC25/full/player-portraits/p241671.png?padding=0.7,https://ratings-images-prod.pulse.ea.com/FC25/full/player-shields/en/241671.png?width=250,,,,trait2_1,Far Throw,Unique goalkeeper throw animations with longer throw distance,https://drop-assets.ea.com/images/3CjCz29sjIt1xMZTRDi4vQ/8ecb201b0ae7d6d536d03c847a768ffa/Far_Throw.png,playStyle,Play Style,trait2_2,Footwork,"Exclusive foot saves, better performance on low shots",https://drop-assets.ea.com/images/1s2muXoHUmP1T0vGYKXSl1/6d265b13804069371f16a58788703a33/Footwork.png,playStyle,Play Style,,,,,,,0,Men's Football,10,Croatia,https://drop-assets.ea.com/images/4ZYNK06L8ZkJTrdtSby4NW/eb42cc852fc74ea3d3f5b8904fb5194f/f_10.png,110062,Girona FC,https://drop-assets.ea.com/images/40lM20ITshJSKsZtWMGQ8m/3f11cea65b14635cc29654b6ba13c0b6/l110062.png,false,0,GK,Goalkeeper,defense,Defense,57,0,65,0,74,0,32,0,75,0,26,0,30,0,28,0,64,0,13,0,12,0,56,0,24,0,83,0,19,0,12,0,11,0,80,0,76,0,71,0,80,0,83,0,13,0,21,0,60,0,9,0,80,0,71,0,15,0,80,0,11,0,81,0,76,0,50,0,53,0,21,0,54,0,20,0,60,0,10,0,,,,,,,,,,,,,,,,,,,,,,,,,,,,,,,,
252802,619,80,Wilfried,Singo,,12/25/2000 12:00:00 AM,190,3,2,1,Trendyol Süper Lig,79,https://ratings-images-prod.pulse.ea.com/FC25/full/player-portraits/p252802.png?padding=0.7,https://ratings-images-prod.pulse.ea.com/FC25/full/player-shields/en/252802.png?width=265,3,Right Back,RB,trait1_16,Precision Header,Performs headers with increased accuracy and power.,https://drop-assets.ea.com/images/3ync8fbblS4zLzF3p1VXmT/7752a5103c2ebd8be5cf1819379c66f4/Precision_Header.png,playStyle,Play Style,trait1_65536,Intercept,Increased reach and possession retention in interceptions,https://drop-assets.ea.com/images/5ysv7Iw8jDHl7sp1JXqIa7/d34004fed8c95bde083dcf8257391a70/Intercept.png,playStyle,Play Style,trait1_524288,Aerial Fortress,Performs higher jumps and has physical defensive presence before and during aerial duels,https://drop-assets.ea.com/images/3rsDbUXd3MZX39YTsk6lKe/404db89f2237eeb7466668a730c52a4b/Aerial_Fortress.png,playStyle,Play Style,0,Men's Football,108,Côte d'Ivoire,https://drop-assets.ea.com/images/6WOgIUFG0fMJWcKjih5i3K/8d09758d91059b879a2e5521f8d7e616/f_108.png,325,Galatasaray,https://drop-assets.ea.com/images/6P5sN0m3ZRE23vjlT8gh5q/f7f9acf3a7be5ea12f889d93dbdfd48f/l325.png,false,5,CB,Center Back,defense,Defense,72,0,66,0,89,0,79,0,85,0,84,0,60,0,74,0,75,0,73,0,67,0,79,0,77,0,73,0,74,0,55,0,40,0,11,0,6,0,7,0,13,0,7,0,80,0,78,0,70,0,51,0,80,0,70,0,46,0,84,0,66,0,79,0,59,0,75,0,81,0,80,0,87,0,81,0,64,0,50,0,,trait1_2097152,Rapid,"Higher sprint speed while dribbling, reduced error on knock-ons",https://drop-assets.ea.com/images/1aGsvwKyIFlRG1eoJSS0Ot/a4d3d661ff962795a632fe86439d2146/Rapid.png,playStyle,Play Style,,,,,,,,,,,,,,,,,,,,,,,,,
226300,621,80,Uğurcan,Çakır,,4/5/1996 12:00:00 AM,191,1,3,1,Trendyol Süper Lig,82,https://ratings-images-prod.pulse.ea.com/FC25/full/player-portraits/p226300.png?padding=0.7,https://ratings-images-prod.pulse.ea.com/FC25/full/player-shields/en/226300.png?width=265,,,,trait1_1024,Long Ball Pass,"Accurate, faster Lob and Lofted Through Passes",https://drop-assets.ea.com/images/7jwRDD4zkOsqRpc821t73d/16d46d57a5dfc7dd5dd5f8de0fd26a99/Long_Ball_Pass.png,playStyle,Play Style,trait2_1,Far Throw,Unique goalkeeper throw animations with longer throw distance,https://drop-assets.ea.com/images/3CjCz29sjIt1xMZTRDi4vQ/8ecb201b0ae7d6d536d03c847a768ffa/Far_Throw.png,playStyle,Play Style,trait2_2,Footwork,"Exclusive foot saves, better performance on low shots",https://drop-assets.ea.com/images/1s2muXoHUmP1T0vGYKXSl1/6d265b13804069371f16a58788703a33/Footwork.png,playStyle,Play Style,0,Men's Football,48,Turkey,https://drop-assets.ea.com/images/501PnaP87pzjR8dKEQ20OT/7f0fd5c896b732a094222cbf0560b4c2/f_48.png,325,Galatasaray,https://drop-assets.ea.com/images/6P5sN0m3ZRE23vjlT8gh5q/f7f9acf3a7be5ea12f889d93dbdfd48f/l325.png,false,0,GK,Goalkeeper,defense,Defense,53,0,64,0,70,0,40,0,69,0,34,0,58,0,27,0,60,0,15,0,18,0,54,0,17,0,79,0,17,0,13,0,20,0,81,0,76,0,74,0,80,0,79,0,14,0,25,0,27,0,19,0,81,0,74,0,23,0,80,0,14,0,77,0,76,0,32,0,56,0,16,0,56,0,18,0,60,0,20,0,,,,,,,,,,,,,,,,,,,,,,,,,,,,,,,,
