,firstName,lastName,commonName,height,skillMoves,weakFootAbility,preferredFoot,leagueName,weight,alternatePositions_0_label,playerAbilities_0_label,playerAbilities_0_description,playerAbilities_0_type_label,playerAbilities_1_label,playerAbilities_1_description,playerAbilities_1_type_label,playerAbilities_2_label,playerAbilities_2_description,playerAbilities_2_type_label,playerAbilities_3_label,playerAbilities_3_description,playerAbilities_3_type_label,playerAbilities_4_label,playerAbilities_4_description,playerAbilities_4_type_label,playerAbilities_5_label,playerAbilities_5_description,playerAbilities_5_type_label,playerAbilities_6_label,playerAbilities_6_description,playerAbilities_6_type_label,nationality,team_name,position_name,position_positionType_name,acceleration,agility,jumping,stamina,strength,aggression,balance,ballControl,composure,crossing,defensiveAwareness,dribbling,finishing,freeKickAccuracy,gkDiving,gkHandling,gkKicking,gkPositioning,gkReflexes,headingAccuracy,longPassing,penalties,positioning,reactions,shortPassing,shotPower,standingTackle,vision,volleys,alternatePositions_1_label,alternatePositions_2_label
0,Mohamed,Salah,,175,4,3,2,Premier League,72,Right Wing,Low Driven Shot,"Enhances a player's ability to execute low driven shots with increased accuracy, faster ball travel, and quicker shot execution.",Play Style,Gamechanger,Fancy and Trivela shots are performed with improved accuracy.,Play Style,Whipped Pass,"Accurate, faster crosses with more curve",Play Style,Inventive,Fancy and Trivela passes are performed with improved accuracy.,Play Style,Technical,"Faster Controlled Sprint, precise wide turns while dribbling",Play Style,First Touch,"Reduced trapping error, faster dribbling transition",Play Style,Finesse Shot+,Faster finesse shots with max curve and accuracy,Play Style Plus,Egypt,Liverpool,Right Midfielder,Midfielder,88,86,79,88,75,63,91,90,93,86,38,90,94,69,14,14,9,11,14,59,81,88,93,94,88,83,43,89,83,,
1,Kylian,Mbappé,,182,5,4,1,LALIGA EA SPORTS,75,Left Wing,Finesse Shot,Faster finesse shots with more curve and accuracy,Play Style,Acrobatic,"Perform volleys with increased accuracy, acrobatic volley animations",Play Style,Low Driven Shot,"Enhances a player's ability to execute low driven shots with increased accuracy, faster ball travel, and quicker shot execution.",Play Style,Gamechanger,Fancy and Trivela shots are performed with improved accuracy.,Play Style,Rapid,"Higher sprint speed while dribbling, reduced error on knock-ons",Play Style,First Touch,"Reduced trapping error, faster dribbling transition",Play Style,Quick Step+,Significantly faster acceleration during Explosive Sprint,Play Style Plus,France,Real Madrid,Striker,Attack,97,93,90,83,77,61,82,93,88,78,26,92,92,69,13,5,7,11,6,78,74,82,91,91,87,91,34,83,87,Left Midfielder,
2,Ousmane,Dembélé,,178,5,5,2,Ligue 1 McDonald's,67,Right Wing,Low Driven Shot,"Enhances a player's ability to execute low driven shots with increased accuracy, faster ball travel, and quicker shot execution.",Play Style,Pinged Pass,Faster ground passes without affecting receiver's trapping,Play Style,Inventive,Fancy and Trivela passes are performed with improved accuracy.,Play Style,Trickster,Performs unique flick Skill Moves,Play Style,Quick Step,Faster acceleration during Explosive Sprint,Play Style,Rapid+,"Even higher sprint speed while dribbling, reduced error on knock-ons",Play Style Plus,,,,France,Paris SG,Striker,Attack,93,94,84,76,69,58,81,94,88,80,49,94,90,68,6,6,14,10,13,74,78,80,95,91,89,91,49,84,79,Center Attacking Midfielder,
3,Rodrigo,Hernández Cascante,Rodri,190,3,4,1,Premier League,82,Center Midfielder,Power Shot,Faster power shots with increased speed,Play Style,Long Ball Pass,"Accurate, faster Lob and Lofted Through Passes",Play Style,Aerial Fortress,Performs higher jumps and has physical defensive presence before and during aerial duels,Play Style,Press Proven,"Close control at jog speed, shields ball more effectively",Play Style,Bruiser,Stronger physical tackles,Play Style,Tiki Taka+,Even greater accuracy in first-time Ground Passes,Play Style Plus,,,,Spain,Manchester City,Center Defensive Midfielder,Midfielder,65,66,83,91,83,85,67,90,93,76,88,84,74,64,10,10,7,14,8,81,91,62,76,93,93,92,87,84,71,,
4,Virgil,van Dijk,,193,2,3,1,Premier League,92,,Precision Header,Performs headers with increased accuracy and power.,Play Style,Pinged Pass,Faster ground passes without affecting receiver's trapping,Play Style,Jockey,"Faster Sprint Jockey, better transition speed",Play Style,Anticipate,"Improved standing tackle success, possibility of stopping ball at feet",Play Style,Aerial Fortress,Performs higher jumps and has physical defensive presence before and during aerial duels,Play Style,Bruiser,Stronger physical tackles,Play Style,Intercept+,Greater reach and possession retention in interceptions,Play Style Plus,Holland,Liverpool,Center Back,Defense,66,54,89,75,93,85,50,77,90,53,91,70,52,70,13,10,13,11,11,88,83,62,47,90,80,81,91,70,45,,
5,Jude,Bellingham,,186,4,4,1,LALIGA EA SPORTS,75,Center Midfielder,Low Driven Shot,"Enhances a player's ability to execute low driven shots with increased accuracy, faster ball travel, and quicker shot execution.",Play Style,Gamechanger,Fancy and Trivela shots are performed with improved accuracy.,Play Style,Inventive,Fancy and Trivela passes are performed with improved accuracy.,Play Style,Slide Tackle,Stops ball at feet during slide tackles,Play Style,Technical,"Faster Controlled Sprint, precise wide turns while dribbling",Play Style,First Touch,"Reduced trapping error, faster dribbling transition",Play Style,Relentless+,"Max half time fatigue recovery, longer teammate contain and press",Play Style Plus,England,Real Madrid,Center Attacking Midfielder,Midfielder,81,83,85,94,80,85,83,91,90,66,77,91,88,68,14,11,10,5,8,75,89,74,91,91,90,86,79,90,77,,
6,Erling,Haaland,,195,3,3,2,Premier League,94,,Chip Shot,"Faster, more accurate chip shots",Play Style,Power Shot,Faster power shots with increased speed,Play Style,Precision Header,Performs headers with increased accuracy and power.,Play Style,Acrobatic,"Perform volleys with increased accuracy, acrobatic volley animations",Play Style,Gamechanger,Fancy and Trivela shots are performed with improved accuracy.,Play Style,Enforcer,Performs dribble Shoulder Challenges and Shielding with increased effectiveness.,Play Style,Low Driven Shot+,"Enhances a player's ability to perform low driven shots with significantly enhanced accuracy, even faster ball travel, and quicker shot execution.",Play Style Plus,Norway,Manchester City,Striker,Attack,79,71,92,76,93,88,69,82,86,58,38,79,94,62,7,14,13,11,7,83,66,90,95,93,77,94,47,74,90,,
7,Raphael,Dias Belloli,Raphinha,176,4,4,2,LALIGA EA SPORTS,68,Left Wing,Finesse Shot,Faster finesse shots with more curve and accuracy,Play Style,Power Shot,Faster power shots with increased speed,Play Style,Trickster,Performs unique flick Skill Moves,Play Style,Quick Step,Faster acceleration during Explosive Sprint,Play Style,Relentless,"Increased half time fatigue recovery, longer teammate contain and press",Play Style,Rapid+,"Even higher sprint speed while dribbling, reduced error on knock-ons",Play Style Plus,,,,Brazil,FC Barcelona,Left Midfielder,Midfielder,90,88,82,91,65,77,79,88,85,86,49,88,87,79,8,7,13,8,14,74,80,78,89,87,85,83,54,87,72,,
8,Achraf,Hakimi,,181,4,4,1,Ligue 1 McDonald's,73,Right Midfielder,Low Driven Shot,"Enhances a player's ability to execute low driven shots with increased accuracy, faster ball travel, and quicker shot execution.",Play Style,Whipped Pass,"Accurate, faster crosses with more curve",Play Style,Jockey,"Faster Sprint Jockey, better transition speed",Play Style,Anticipate,"Improved standing tackle success, possibility of stopping ball at feet",Play Style,Press Proven,"Close control at jog speed, shields ball more effectively",Play Style,Quick Step,Faster acceleration during Explosive Sprint,Play Style,Relentless+,"Max half time fatigue recovery, longer teammate contain and press",Play Style Plus,Morocco,Paris SG,Right Back,Defense,89,81,84,95,72,77,78,85,84,85,82,82,80,80,10,8,14,6,8,71,73,68,84,90,86,82,85,78,74,,
9,Lamine Yamal,Nasraoui Ebana,Lamine Yamal,180,5,3,2,LALIGA EA SPORTS,72,Right Wing,Finesse Shot,Faster finesse shots with more curve and accuracy,Play Style,Gamechanger,Fancy and Trivela shots are performed with improved accuracy.,Play Style,Incisive Pass,"Accurate through passes, curvier swerve passes, faster precision passes",Play Style,Inventive,Fancy and Trivela passes are performed with improved accuracy.,Play Style,First Touch,"Reduced trapping error, faster dribbling transition",Play Style,Quick Step,Faster acceleration during Explosive Sprint,Play Style,Technical+,"Higher speed Controlled Sprint, precise wide turns while dribbling",Play Style Plus,Spain,FC Barcelona,Right Midfielder,Midfielder,88,93,58,73,45,45,81,90,84,89,23,92,83,65,9,13,7,10,7,33,84,69,88,88,88,83,20,88,65,,
10,Vítor,Machado Ferreira,Vitinha,172,4,3,1,Ligue 1 McDonald's,64,Center Defensive Midfielder,Finesse Shot,Faster finesse shots with more curve and accuracy,Play Style,Incisive Pass,"Accurate through passes, curvier swerve passes, faster precision passes",Play Style,Long Ball Pass,"Accurate, faster Lob and Lofted Through Passes",Play Style,Tiki Taka,Accurate first-time Ground Passes,Play Style,Intercept,Increased reach and possession retention in interceptions,Play Style,Relentless,"Increased half time fatigue recovery, longer teammate contain and press",Play Style,Technical+,"Higher speed Controlled Sprint, precise wide turns while dribbling",Play Style Plus,Portugal,Paris SG,Center Midfielder,Midfielder,75,91,66,87,59,77,89,88,88,78,74,91,80,69,12,13,8,5,5,52,89,88,81,88,90,77,79,90,62,Center Attacking Midfielder,
11,Gianluigi,Donnarumma,,196,1,3,1,Premier League,90,,Footwork,"Exclusive foot saves, better performance on low shots",Play Style,Deflector+,"Unique deflection animations, max power parries to safer areas",Play Style Plus,,,,,,,,,,,,,,,,Italy,Manchester City,Goalkeeper,Defense,50,57,73,41,75,30,38,30,54,12,21,28,12,14,90,83,70,87,90,12,34,24,14,87,36,53,14,60,8,,
12,Pedro,González López,Pedri,174,4,4,1,LALIGA EA SPORTS,60,Center Defensive Midfielder,Incisive Pass,"Accurate through passes, curvier swerve passes, faster precision passes",Play Style,Long Ball Pass,"Accurate, faster Lob and Lofted Through Passes",Play Style,Tiki Taka,Accurate first-time Ground Passes,Play Style,Technical,"Faster Controlled Sprint, precise wide turns while dribbling",Play Style,Relentless,"Increased half time fatigue recovery, longer teammate contain and press",Play Style,First Touch+,"Minimal trapping error, faster dribbling transition",Play Style Plus,,,,Spain,FC Barcelona,Center Midfielder,Midfielder,79,89,72,90,73,72,92,91,90,76,74,91,77,62,12,7,11,8,8,50,88,53,86,87,90,68,85,91,56,Center Attacking Midfielder,
13,Joshua,Kimmich,,177,3,4,1,Bundesliga,75,Right Back,Finesse Shot,Faster finesse shots with more curve and accuracy,Play Style,Whipped Pass,"Accurate, faster crosses with more curve",Play Style,Anticipate,"Improved standing tackle success, possibility of stopping ball at feet",Play Style,Press Proven,"Close control at jog speed, shields ball more effectively",Play Style,Relentless,"Increased half time fatigue recovery, longer teammate contain and press",Play Style,Long Ball Pass+,"Even more accurate, faster Lob and Lofted Through Passes",Play Style Plus,,,,Germany,FC Bayern München,Center Defensive Midfielder,Midfielder,75,83,77,92,69,89,84,86,86,92,82,82,68,79,8,15,7,15,15,72,92,71,78,89,89,78,86,86,69,Center Midfielder,
14,Alisson,Ramses Becker,Alisson,193,1,3,1,Premier League,91,,Far Throw,Unique goalkeeper throw animations with longer throw distance,Play Style,Deflector,"Unique deflection animations, powerful parries to safer areas",Play Style,Rush Out+,"Unique reflex saves, better close shot reads, greater rush speed",Play Style Plus,,,,,,,,,,,,,Brazil,Liverpool,Goalkeeper,Defense,60,40,82,32,78,27,37,42,66,17,15,27,13,18,86,85,86,90,89,29,58,23,13,87,60,65,19,66,20,,
15,Harry,Kane,,188,3,4,1,Bundesliga,86,,Precision Header,Performs headers with increased accuracy and power.,Play Style,Low Driven Shot,"Enhances a player's ability to execute low driven shots with increased accuracy, faster ball travel, and quicker shot execution.",Play Style,Gamechanger,Fancy and Trivela shots are performed with improved accuracy.,Play Style,Long Ball Pass,"Accurate, faster Lob and Lofted Through Passes",Play Style,First Touch,"Reduced trapping error, faster dribbling transition",Play Style,Finesse Shot+,Faster finesse shots with max curve and accuracy,Play Style Plus,,,,England,FC Bayern München,Striker,Attack,62,67,87,76,86,80,72,87,92,80,46,80,93,69,8,10,11,14,11,90,79,95,94,94,86,91,44,86,89,,
16,Federico,Valverde,,182,3,4,1,LALIGA EA SPORTS,74,Center Defensive Midfielder,Power Shot,Faster power shots with increased speed,Play Style,Long Ball Pass,"Accurate, faster Lob and Lofted Through Passes",Play Style,Intercept,Increased reach and possession retention in interceptions,Play Style,Slide Tackle,Stops ball at feet during slide tackles,Play Style,Aerial Fortress,Performs higher jumps and has physical defensive presence before and during aerial duels,Play Style,Rapid,"Higher sprint speed while dribbling, reduced error on knock-ons",Play Style,Relentless+,"Max half time fatigue recovery, longer teammate contain and press",Play Style Plus,Uruguay,Real Madrid,Center Midfielder,Midfielder,84,77,82,93,82,81,68,88,84,78,82,84,80,69,6,10,6,15,8,63,88,59,86,89,88,91,87,86,78,Right Back,
17,Vinícius José,de Oliveira Júnior,Vini Jr.,176,5,4,1,LALIGA EA SPORTS,73,Striker,Finesse Shot,Faster finesse shots with more curve and accuracy,Play Style,Chip Shot,"Faster, more accurate chip shots",Play Style,Gamechanger,Fancy and Trivela shots are performed with improved accuracy.,Play Style,Inventive,Fancy and Trivela passes are performed with improved accuracy.,Play Style,Rapid,"Higher sprint speed while dribbling, reduced error on knock-ons",Play Style,First Touch,"Reduced trapping error, faster dribbling transition",Play Style,Quick Step+,Significantly faster acceleration during Explosive Sprint,Play Style Plus,Brazil,Real Madrid,Left Wing,Attack,95,94,74,84,65,58,84,90,83,81,32,93,88,62,5,7,7,7,10,50,77,74,86,85,83,81,25,85,73,Left Midfielder,
18,Florian,Wirtz,,177,4,4,1,Premier League,71,Striker,Finesse Shot,Faster finesse shots with more curve and accuracy,Play Style,Chip Shot,"Faster, more accurate chip shots",Play Style,Low Driven Shot,"Enhances a player's ability to execute low driven shots with increased accuracy, faster ball travel, and quicker shot execution.",Play Style,Inventive,Fancy and Trivela passes are performed with improved accuracy.,Play Style,Technical,"Faster Controlled Sprint, precise wide turns while dribbling",Play Style,First Touch,"Reduced trapping error, faster dribbling transition",Play Style,Incisive Pass+,"Most accurate through passes, max curve on swerves, top speed precision passes",Play Style Plus,Germany,Liverpool,Center Attacking Midfielder,Midfielder,82,88,65,87,59,63,87,92,86,87,64,90,84,74,14,14,13,6,10,43,87,66,85,88,91,78,49,91,81,Center Midfielder,
19,Thibaut,Courtois,,200,1,3,2,LALIGA EA SPORTS,96,,Far Throw,Unique goalkeeper throw animations with longer throw distance,Play Style,Rush Out,"Unique reflex saves, better close shot reads, faster rush",Play Style,Cross Claimer+,"Unique punching animations, max power punches, faster crosses coverage",Play Style Plus,,,,,,,,,,,,,Belgium,Real Madrid,Goalkeeper,Defense,42,63,68,38,70,23,45,23,66,14,20,13,14,20,85,89,76,88,90,13,35,27,13,88,33,57,18,44,12,,
20,Robert,Lewandowski,,185,4,4,1,LALIGA EA SPORTS,81,,Finesse Shot,Faster finesse shots with more curve and accuracy,Play Style,Power Shot,Faster power shots with increased speed,Play Style,Precision Header,Performs headers with increased accuracy and power.,Play Style,Low Driven Shot,"Enhances a player's ability to execute low driven shots with increased accuracy, faster ball travel, and quicker shot execution.",Play Style,Incisive Pass,"Accurate through passes, curvier swerve passes, faster precision passes",Play Style,First Touch,"Reduced trapping error, faster dribbling transition",Play Style,Chip Shot+,Quicker chip shots with exceptional accuracy,Play Style Plus,Poland,FC Barcelona,Striker,Attack,73,77,91,76,89,81,83,88,87,76,35,84,92,84,15,6,12,8,10,87,70,90,90,89,84,89,42,81,86,,
21,Lautaro,Martínez,,174,4,4,1,Serie A Enilive,72,,Power Shot,Faster power shots with increased speed,Play Style,Precision Header,Performs headers with increased accuracy and power.,Play Style,Incisive Pass,"Accurate through passes, curvier swerve passes, faster precision passes",Play Style,Technical,"Faster Controlled Sprint, precise wide turns while dribbling",Play Style,Relentless,"Increased half time fatigue recovery, longer teammate contain and press",Play Style,Enforcer,Performs dribble Shoulder Challenges and Shielding with increased effectiveness.,Play Style,Gamechanger+,Fancy and Trivela shots are performed with greatly improved accuracy.,Play Style Plus,Argentina,Lombardia FC,Striker,Attack,83,88,91,86,80,87,87,84,88,68,45,81,93,65,11,8,8,8,13,86,72,74,93,92,78,87,50,79,92,,
22,Alexander,Isak,,192,4,4,1,Premier League,77,,Power Shot,Faster power shots with increased speed,Play Style,Low Driven Shot,"Enhances a player's ability to execute low driven shots with increased accuracy, faster ball travel, and quicker shot execution.",Play Style,Gamechanger,Fancy and Trivela shots are performed with improved accuracy.,Play Style,Rapid,"Higher sprint speed while dribbling, reduced error on knock-ons",Play Style,First Touch,"Reduced trapping error, faster dribbling transition",Play Style,Finesse Shot+,Faster finesse shots with max curve and accuracy,Play Style Plus,,,,Sweden,Liverpool,Striker,Attack,86,73,90,82,79,58,69,87,88,68,35,88,91,64,7,6,9,7,11,82,60,86,89,87,79,91,34,80,81,,
23,Jamal,Musiala,,184,5,4,1,Bundesliga,72,Left Midfielder,Precision Header,Performs headers with increased accuracy and power.,Play Style,Low Driven Shot,"Enhances a player's ability to execute low driven shots with increased accuracy, faster ball travel, and quicker shot execution.",Play Style,Gamechanger,Fancy and Trivela shots are performed with improved accuracy.,Play Style,Incisive Pass,"Accurate through passes, curvier swerve passes, faster precision passes",Play Style,Inventive,Fancy and Trivela passes are performed with improved accuracy.,Play Style,Trickster,Performs unique flick Skill Moves,Play Style,Technical+,"Higher speed Controlled Sprint, precise wide turns while dribbling",Play Style Plus,Germany,FC Bayern München,Center Attacking Midfielder,Midfielder,85,94,80,73,61,59,93,85,83,70,64,94,86,59,6,9,8,8,11,75,79,61,88,89,87,80,66,84,75,Center Midfielder,Striker
24,Gabriel,dos S. Magalhães,Gabriel,190,2,2,2,Premier League,87,,Precision Header,Performs headers with increased accuracy and power.,Play Style,Bruiser+,Even greater strength in physical tackles,Play Style Plus,,,,,,,,,,,,,,,,Brazil,Arsenal,Center Back,Defense,61,51,88,71,89,86,37,71,79,42,89,64,37,31,12,8,13,10,7,90,76,51,52,88,79,62,88,63,33,,
25,Bukayo,Saka,,178,3,4,2,Premier League,65,Right Midfielder,Finesse Shot,Faster finesse shots with more curve and accuracy,Play Style,Technical,"Faster Controlled Sprint, precise wide turns while dribbling",Play Style,Whipped Pass+,"Highly accurate, faster crosses with more curve and powerful driven crosses",Play Style Plus,,,,,,,,,,,,,England,Arsenal,Right Wing,Attack,87,85,72,86,68,68,88,88,82,90,60,89,84,74,7,8,13,9,13,49,77,87,86,88,85,79,62,86,79,,
26,Jan,Oblak,,188,1,3,1,LALIGA EA SPORTS,87,,Far Throw,Unique goalkeeper throw animations with longer throw distance,Play Style,Far Reach,"Unique far dive animations, better long shot saves",Play Style,Cross Claimer+,"Unique punching animations, max power punches, faster crosses coverage",Play Style Plus,,,,,,,,,,,,,Slovenia,Atlético de Madrid,Goalkeeper,Defense,42,64,72,42,78,36,48,30,68,13,27,12,11,14,85,90,78,86,87,15,40,11,11,85,43,59,14,67,13,,
27,Cole,Palmer,,185,4,3,2,Premier League,76,Right Midfielder,Finesse Shot,Faster finesse shots with more curve and accuracy,Play Style,Low Driven Shot,"Enhances a player's ability to execute low driven shots with increased accuracy, faster ball travel, and quicker shot execution.",Play Style,Gamechanger,Fancy and Trivela shots are performed with improved accuracy.,Play Style,Incisive Pass,"Accurate through passes, curvier swerve passes, faster precision passes",Play Style,Technical,"Faster Controlled Sprint, precise wide turns while dribbling",Play Style,First Touch,"Reduced trapping error, faster dribbling transition",Play Style,Inventive+,Fancy and Trivela passes are performed with greatly improved accuracy.,Play Style Plus,England,Chelsea,Center Attacking Midfielder,Midfielder,76,80,71,83,60,55,78,89,89,85,50,87,82,81,7,6,10,14,14,60,86,90,87,88,87,85,50,89,70,Striker,
28,Khvicha,Kvaratskhelia,,183,5,5,1,Ligue 1 McDonald's,70,Right Wing,Finesse Shot,Faster finesse shots with more curve and accuracy,Play Style,Gamechanger,Fancy and Trivela shots are performed with improved accuracy.,Play Style,Incisive Pass,"Accurate through passes, curvier swerve passes, faster precision passes",Play Style,Technical,"Faster Controlled Sprint, precise wide turns while dribbling",Play Style,Trickster,Performs unique flick Skill Moves,Play Style,Inventive+,Fancy and Trivela passes are performed with greatly improved accuracy.,Play Style Plus,,,,Georgia,Paris SG,Left Wing,Attack,85,86,87,83,76,73,84,88,84,79,53,89,81,74,9,15,8,14,8,62,78,70,87,84,87,78,62,85,64,Left Midfielder,
29,Alessandro,Bastoni,,190,2,2,2,Serie A Enilive,75,,Pinged Pass,Faster ground passes without affecting receiver's trapping,Play Style,Long Ball Pass,"Accurate, faster Lob and Lofted Through Passes",Play Style,Whipped Pass,"Accurate, faster crosses with more curve",Play Style,Block,Increased reach and success in blocking,Play Style,Relentless,"Increased half time fatigue recovery, longer teammate contain and press",Play Style,,,,,,,Italy,Lombardia FC,Center Back,Defense,71,64,88,81,81,83,60,82,85,72,87,74,39,41,11,5,9,11,12,86,84,50,39,89,82,59,90,72,44,,
30,Serhou,Guirassy,,187,3,4,1,Bundesliga,82,,Chip Shot,"Faster, more accurate chip shots",Play Style,Precision Header,Performs headers with increased accuracy and power.,Play Style,Acrobatic,"Perform volleys with increased accuracy, acrobatic volley animations",Play Style,Low Driven Shot,"Enhances a player's ability to execute low driven shots with increased accuracy, faster ball travel, and quicker shot execution.",Play Style,First Touch,"Reduced trapping error, faster dribbling transition",Play Style,Finesse Shot+,Faster finesse shots with max curve and accuracy,Play Style Plus,,,,Guinea,Borussia Dortmund,Striker,Attack,74,76,90,84,85,76,77,86,88,65,42,83,90,67,11,8,12,12,8,88,72,83,90,86,83,91,44,79,87,,
31,Kevin,De Bruyne,,181,4,5,1,Serie A Enilive,75,Center Attacking Midfielder,Dead Ball,"Faster, accurate set pieces with longer trajectory preview",Play Style,Incisive Pass,"Accurate through passes, curvier swerve passes, faster precision passes",Play Style,Pinged Pass,Faster ground passes without affecting receiver's trapping,Play Style,Inventive,Fancy and Trivela passes are performed with improved accuracy.,Play Style,Whipped Pass+,"Highly accurate, faster crosses with more curve and powerful driven crosses",Play Style Plus,,,,,,,Belgium,SSC Napoli,Center Midfielder,Midfielder,65,68,70,66,74,73,66,89,87,93,65,85,78,83,15,13,5,10,13,55,93,83,81,89,92,90,70,92,81,,
32,Frenkie,de Jong,,181,4,3,1,LALIGA EA SPORTS,74,Center Defensive Midfielder,Incisive Pass,"Accurate through passes, curvier swerve passes, faster precision passes",Play Style,Inventive,Fancy and Trivela passes are performed with improved accuracy.,Play Style,Press Proven,"Close control at jog speed, shields ball more effectively",Play Style,Tiki Taka+,Even greater accuracy in first-time Ground Passes,Play Style Plus,,,,,,,,,,Holland,FC Barcelona,Center Midfielder,Midfielder,80,87,82,87,73,74,79,88,90,78,76,86,75,64,7,13,10,10,9,72,87,53,78,87,90,68,78,88,70,,
33,Moisés,Caicedo,,178,3,3,1,Premier League,73,Center Midfielder,Pinged Pass,Faster ground passes without affecting receiver's trapping,Play Style,Tiki Taka,Accurate first-time Ground Passes,Play Style,Intercept,Increased reach and possession retention in interceptions,Play Style,Anticipate,"Improved standing tackle success, possibility of stopping ball at feet",Play Style,Press Proven,"Close control at jog speed, shields ball more effectively",Play Style,Relentless,"Increased half time fatigue recovery, longer teammate contain and press",Play Style,Slide Tackle+,"Greatly improved slide tackle coverage, stops ball at feet",Play Style Plus,Ecuador,Chelsea,Center Defensive Midfielder,Midfielder,76,80,80,90,77,85,79,83,83,65,83,79,57,55,15,6,13,9,13,70,84,55,63,84,85,75,86,79,60,,
34,Declan,Rice,,185,3,3,1,Premier League,80,Center Midfielder,Dead Ball,"Faster, accurate set pieces with longer trajectory preview",Play Style,Whipped Pass,"Accurate, faster crosses with more curve",Play Style,Block,Increased reach and success in blocking,Play Style,Intercept,Increased reach and possession retention in interceptions,Play Style,Aerial Fortress,Performs higher jumps and has physical defensive presence before and during aerial duels,Play Style,Press Proven,"Close control at jog speed, shields ball more effectively",Play Style,Relentless,"Increased half time fatigue recovery, longer teammate contain and press",Play Style,England,Arsenal,Center Defensive Midfielder,Midfielder,71,63,80,92,78,85,65,84,86,88,81,82,64,75,8,11,14,5,9,72,86,71,77,85,86,87,86,79,50,,
35,Marcos,Aoás Corrêa,Marquinhos,183,3,3,1,Ligue 1 McDonald's,75,,Jockey,"Faster Sprint Jockey, better transition speed",Play Style,Anticipate,"Improved standing tackle success, possibility of stopping ball at feet",Play Style,Aerial Fortress,Performs higher jumps and has physical defensive presence before and during aerial duels,Play Style,Intercept+,Greater reach and possession retention in interceptions,Play Style Plus,,,,,,,,,,Brazil,Paris SG,Center Back,Defense,75,68,89,79,79,81,67,79,86,68,90,69,59,32,6,6,12,10,13,88,85,52,70,86,84,65,89,76,35,,
36,Yann,Sommer,,183,1,4,1,Serie A Enilive,77,,Far Reach+,"Unique far dive animations, even better long shot saves",Play Style Plus,,,,,,,,,,,,,,,,,,,Switzerland,Lombardia FC,Goalkeeper,Defense,48,57,68,45,68,38,58,30,54,13,9,22,13,13,83,82,85,87,89,10,38,24,15,83,46,64,20,64,8,,
37,Jules,Koundé,,180,3,3,1,LALIGA EA SPORTS,75,Center Back,Long Ball Pass,"Accurate, faster Lob and Lofted Through Passes",Play Style,Slide Tackle,Stops ball at feet during slide tackles,Play Style,Aerial Fortress,Performs higher jumps and has physical defensive presence before and during aerial duels,Play Style,Quick Step,Faster acceleration during Explosive Sprint,Play Style,Relentless,"Increased half time fatigue recovery, longer teammate contain and press",Play Style,Jockey+,"Increased max Sprint Jockey speed, improved transition",Play Style Plus,,,,France,FC Barcelona,Right Back,Defense,85,70,91,87,85,78,78,81,82,78,87,78,47,26,11,10,8,14,13,80,75,43,69,86,82,48,86,70,32,Right Midfielder,
38,Bruno Miguel,Borges Fernandes,Bruno Fernandes,179,4,4,1,Premier League,69,Center Midfielder,Dead Ball,"Faster, accurate set pieces with longer trajectory preview",Play Style,Gamechanger,Fancy and Trivela shots are performed with improved accuracy.,Play Style,Incisive Pass,"Accurate through passes, curvier swerve passes, faster precision passes",Play Style,Long Ball Pass,"Accurate, faster Lob and Lofted Through Passes",Play Style,Tiki Taka,Accurate first-time Ground Passes,Play Style,Inventive,Fancy and Trivela passes are performed with improved accuracy.,Play Style,Relentless+,"Max half time fatigue recovery, longer teammate contain and press",Play Style Plus,Portugal,Man Utd,Center Attacking Midfielder,Midfielder,68,78,69,95,61,84,73,87,85,85,62,82,80,85,12,14,15,8,14,63,90,91,86,90,90,86,71,92,87,,
39,William,Saliba,,193,2,3,1,Premier League,85,,Long Ball Pass,"Accurate, faster Lob and Lofted Through Passes",Play Style,Jockey,"Faster Sprint Jockey, better transition speed",Play Style,Anticipate+,"Significantly improved standing tackle success, possibility of stopping ball",Play Style Plus,,,,,,,,,,,,,France,Arsenal,Center Back,Defense,76,53,89,72,88,83,46,77,82,58,88,74,35,35,7,10,6,8,11,80,77,47,54,86,80,60,90,62,34,,
40,Julián,Alvarez,,170,4,4,1,LALIGA EA SPORTS,71,,Finesse Shot,Faster finesse shots with more curve and accuracy,Play Style,Press Proven+,"Exceptional close control at jog speed, shields ball more effectively",Play Style Plus,,,,,,,,,,,,,,,,Argentina,Atlético de Madrid,Striker,Attack,86,87,86,85,72,86,87,88,86,77,60,87,88,80,6,10,8,15,6,78,78,78,88,88,83,88,55,83,84,,
41,Jonathan,Tah,,195,2,3,1,Bundesliga,94,,Precision Header,Performs headers with increased accuracy and power.,Play Style,Aerial Fortress,Performs higher jumps and has physical defensive presence before and during aerial duels,Play Style,Anticipate+,"Significantly improved standing tackle success, possibility of stopping ball",Play Style Plus,,,,,,,,,,,,,Germany,FC Bayern München,Center Back,Defense,53,49,85,76,91,86,40,70,79,39,88,60,32,27,11,8,7,9,14,87,68,38,36,85,78,60,89,57,53,,
42,Alexis,Mac Allister,,176,3,3,1,Premier League,72,Center Defensive Midfielder,Power Shot,Faster power shots with increased speed,Play Style,Dead Ball,"Faster, accurate set pieces with longer trajectory preview",Play Style,Gamechanger,Fancy and Trivela shots are performed with improved accuracy.,Play Style,Block,Increased reach and success in blocking,Play Style,Press Proven,"Close control at jog speed, shields ball more effectively",Play Style,Pinged Pass+,Max speed ground passes without affecting receiver's trapping,Play Style Plus,,,,Argentina,Liverpool,Center Midfielder,Midfielder,68,82,72,87,69,83,86,86,86,79,78,84,79,82,7,10,14,15,10,65,87,86,78,89,88,88,83,86,77,,
43,Mike,Maignan,,191,1,4,1,Serie A Enilive,89,,Long Ball Pass,"Accurate, faster Lob and Lofted Through Passes",Play Style,Footwork,"Exclusive foot saves, better performance on low shots",Play Style,Deflector,"Unique deflection animations, powerful parries to safer areas",Play Style,Far Throw+,Unique goalkeeper throws with greater throw distance,Play Style Plus,,,,,,,,,,France,Milano FC,Goalkeeper,Defense,65,60,82,39,83,35,56,40,68,18,23,30,15,16,84,83,85,84,88,17,61,15,15,85,64,64,18,65,16,,
44,Martin,Ødegaard,,178,5,2,2,Premier League,68,Center Attacking Midfielder,Pinged Pass,Faster ground passes without affecting receiver's trapping,Play Style,Inventive,Fancy and Trivela passes are performed with improved accuracy.,Play Style,Technical,"Faster Controlled Sprint, precise wide turns while dribbling",Play Style,First Touch,"Reduced trapping error, faster dribbling transition",Play Style,Incisive Pass+,"Most accurate through passes, max curve on swerves, top speed precision passes",Play Style Plus,,,,,,,Norway,Arsenal,Center Midfielder,Midfielder,68,85,63,88,55,64,83,88,87,86,68,87,79,82,14,15,15,8,10,55,88,68,78,88,90,82,72,90,79,,
45,David,Raya Martin,David Raya,183,1,3,1,Premier League,75,,Footwork,"Exclusive foot saves, better performance on low shots",Play Style,Cross Claimer+,"Unique punching animations, max power punches, faster crosses coverage",Play Style Plus,,,,,,,,,,,,,,,,Spain,Arsenal,Goalkeeper,Defense,64,68,64,31,38,29,45,43,68,12,28,19,19,15,86,84,87,85,87,20,67,26,15,84,62,65,14,68,20,,
46,Viktor,Gyökeres,,189,3,4,1,Premier League,94,,Finesse Shot,Faster finesse shots with more curve and accuracy,Play Style,Power Shot,Faster power shots with increased speed,Play Style,Acrobatic,"Perform volleys with increased accuracy, acrobatic volley animations",Play Style,Low Driven Shot,"Enhances a player's ability to execute low driven shots with increased accuracy, faster ball travel, and quicker shot execution.",Play Style,Press Proven,"Close control at jog speed, shields ball more effectively",Play Style,Quick Step,Faster acceleration during Explosive Sprint,Play Style,Enforcer+,Performs dribble Shoulder Challenges and Shielding with increased effectiveness.,Play Style Plus,Sweden,Arsenal,Striker,Attack,88,82,95,93,91,87,72,83,85,72,34,80,88,71,10,13,11,14,8,81,58,88,88,87,78,88,34,79,77,,
47,Nicolò,Barella,,175,3,4,1,Serie A Enilive,68,,Incisive Pass,"Accurate through passes, curvier swerve passes, faster precision passes",Play Style,Pinged Pass,Faster ground passes without affecting receiver's trapping,Play Style,Long Ball Pass,"Accurate, faster Lob and Lofted Through Passes",Play Style,Jockey,"Faster Sprint Jockey, better transition speed",Play Style,Intercept,Increased reach and possession retention in interceptions,Play Style,Press Proven,"Close control at jog speed, shields ball more effectively",Play Style,Relentless+,"Max half time fatigue recovery, longer teammate contain and press",Play Style Plus,Italy,Lombardia FC,Center Midfielder,Midfielder,82,91,75,89,66,87,88,87,88,79,80,84,77,67,11,5,13,14,11,60,87,73,84,91,89,80,85,85,80,,
48,Victor,Osimhen,,186,3,4,1,Trendyol Süper Lig,77,,Chip Shot,"Faster, more accurate chip shots",Play Style,Precision Header,Performs headers with increased accuracy and power.,Play Style,Acrobatic,"Perform volleys with increased accuracy, acrobatic volley animations",Play Style,Gamechanger,Fancy and Trivela shots are performed with improved accuracy.,Play Style,Rapid,"Higher sprint speed while dribbling, reduced error on knock-ons",Play Style,,,,,,,Nigeria,Galatasaray,Striker,Attack,91,79,95,81,91,68,68,84,80,62,36,80,88,52,14,14,10,9,6,89,54,85,91,88,72,86,45,70,85,,
49,Nuno Alexandre,Tavares Mendes,Nuno Mendes,180,3,4,2,Ligue 1 McDonald's,70,Left Midfielder,Pinged Pass,Faster ground passes without affecting receiver's trapping,Play Style,Whipped Pass,"Accurate, faster crosses with more curve",Play Style,Jockey,"Faster Sprint Jockey, better transition speed",Play Style,Anticipate,"Improved standing tackle success, possibility of stopping ball at feet",Play Style,Rapid,"Higher sprint speed while dribbling, reduced error on knock-ons",Play Style,Quick Step+,Significantly faster acceleration during Explosive Sprint,Play Style Plus,,,,Portugal,Paris SG,Left Back,Defense,94,87,87,83,73,75,84,82,82,81,77,81,61,59,7,8,8,12,15,73,72,45,77,83,80,80,86,72,54,,
50,Antonio,Rüdiger,,190,2,3,1,LALIGA EA SPORTS,85,,Long Ball Pass,"Accurate, faster Lob and Lofted Through Passes",Play Style,Jockey,"Faster Sprint Jockey, better transition speed",Play Style,Block,Increased reach and success in blocking,Play Style,Bruiser,Stronger physical tackles,Play Style,Aerial Fortress+,Performs even higher jumps and has greatly improved physical defensive presence before and during aerial duels.,Play Style Plus,,,,,,,Germany,Real Madrid,Center Back,Defense,70,56,89,70,91,93,50,74,80,68,84,69,40,56,14,15,10,12,8,83,81,40,54,85,83,84,85,61,34,,
51,Michael,Olise,,184,4,2,2,Bundesliga,73,Right Wing,Finesse Shot,Faster finesse shots with more curve and accuracy,Play Style,Whipped Pass,"Accurate, faster crosses with more curve",Play Style,Inventive,Fancy and Trivela passes are performed with improved accuracy.,Play Style,Technical,"Faster Controlled Sprint, precise wide turns while dribbling",Play Style,,,,,,,,,,France,FC Bayern München,Right Midfielder,Midfielder,83,90,62,85,57,66,85,86,84,79,44,88,83,81,9,11,9,10,10,36,79,72,84,86,86,78,58,88,71,,
52,Trent,Alexander-Arnold,,180,3,4,1,LALIGA EA SPORTS,69,Right Midfielder,Dead Ball,"Faster, accurate set pieces with longer trajectory preview",Play Style,Incisive Pass,"Accurate through passes, curvier swerve passes, faster precision passes",Play Style,Long Ball Pass,"Accurate, faster Lob and Lofted Through Passes",Play Style,Relentless,"Increased half time fatigue recovery, longer teammate contain and press",Play Style,Whipped Pass+,"Highly accurate, faster crosses with more curve and powerful driven crosses",Play Style Plus,,,,,,,England,Real Madrid,Right Back,Defense,72,73,75,89,68,70,72,85,82,93,78,79,64,85,14,15,14,6,7,69,91,66,79,85,87,85,82,88,71,,
53,Rúben Santos,Gato Alves Dias,Rúben Dias,187,2,4,1,Premier League,82,,Long Ball Pass,"Accurate, faster Lob and Lofted Through Passes",Play Style,Bruiser+,Even greater strength in physical tackles,Play Style Plus,,,,,,,,,,,,,,,,Portugal,Manchester City,Center Back,Defense,55,62,85,71,89,88,56,75,85,54,87,64,29,48,7,8,13,7,12,85,79,45,39,86,81,74,87,64,32,,
54,Paulo,Dybala,,177,5,3,2,Serie A Enilive,75,Striker,Finesse Shot,Faster finesse shots with more curve and accuracy,Play Style,Dead Ball,"Faster, accurate set pieces with longer trajectory preview",Play Style,Incisive Pass,"Accurate through passes, curvier swerve passes, faster precision passes",Play Style,Inventive,Fancy and Trivela passes are performed with improved accuracy.,Play Style,Technical,"Faster Controlled Sprint, precise wide turns while dribbling",Play Style,First Touch,"Reduced trapping error, faster dribbling transition",Play Style,Gamechanger+,Fancy and Trivela shots are performed with greatly improved accuracy.,Play Style Plus,Argentina,AS Roma,Center Attacking Midfielder,Midfielder,84,88,76,76,63,48,87,88,89,82,32,87,85,87,5,4,4,5,8,65,79,88,83,86,84,84,42,88,92,,
55,Bruno,Guimarães Moura,Bruno Guimarães,182,3,2,1,Premier League,74,Center Defensive Midfielder,Gamechanger,Fancy and Trivela shots are performed with improved accuracy.,Play Style,Incisive Pass,"Accurate through passes, curvier swerve passes, faster precision passes",Play Style,Long Ball Pass,"Accurate, faster Lob and Lofted Through Passes",Play Style,Press Proven,"Close control at jog speed, shields ball more effectively",Play Style,Relentless,"Increased half time fatigue recovery, longer teammate contain and press",Play Style,,,,,,,Brazil,Newcastle Utd,Center Midfielder,Midfielder,66,73,75,90,76,86,79,86,88,76,78,86,73,63,7,11,15,11,11,66,88,65,77,85,88,76,82,86,65,,
56,Willian,Pacho,,188,2,3,2,Ligue 1 McDonald's,81,,Jockey,"Faster Sprint Jockey, better transition speed",Play Style,Block,Increased reach and success in blocking,Play Style,Anticipate,"Improved standing tackle success, possibility of stopping ball at feet",Play Style,Bruiser+,Even greater strength in physical tackles,Play Style Plus,,,,,,,,,,Ecuador,Paris SG,Center Back,Defense,74,63,90,78,89,86,60,69,81,46,88,52,30,38,9,12,12,13,10,82,69,39,36,85,77,46,88,58,26,,
57,Ibrahima,Konaté,,194,3,3,1,Premier League,95,,Aerial Fortress,Performs higher jumps and has physical defensive presence before and during aerial duels,Play Style,Bruiser,Stronger physical tackles,Play Style,,,,,,,,,,,,,,,,France,Liverpool,Center Back,Defense,69,55,83,75,91,84,44,76,80,38,87,68,29,27,9,7,9,9,15,84,76,41,44,85,79,45,87,64,28,,
58,Hakan,Çalhanoğlu,,178,4,5,1,Serie A Enilive,69,Center Midfielder,Dead Ball,"Faster, accurate set pieces with longer trajectory preview",Play Style,Long Ball Pass,"Accurate, faster Lob and Lofted Through Passes",Play Style,Inventive,Fancy and Trivela passes are performed with improved accuracy.,Play Style,Technical,"Faster Controlled Sprint, precise wide turns while dribbling",Play Style,First Touch,"Reduced trapping error, faster dribbling transition",Play Style,Relentless,"Increased half time fatigue recovery, longer teammate contain and press",Play Style,Incisive Pass+,"Most accurate through passes, max curve on swerves, top speed precision passes",Play Style Plus,Turkey,Lombardia FC,Center Defensive Midfielder,Midfielder,74,83,73,81,65,83,77,87,85,78,81,78,75,85,9,14,11,6,10,65,89,92,73,87,90,87,85,89,78,,
59,Lionel,Messi,,169,4,4,2,MLS,67,Striker,Finesse Shot,Faster finesse shots with more curve and accuracy,Play Style,Dead Ball,"Faster, accurate set pieces with longer trajectory preview",Play Style,Gamechanger,Fancy and Trivela shots are performed with improved accuracy.,Play Style,Incisive Pass,"Accurate through passes, curvier swerve passes, faster precision passes",Play Style,Technical,"Faster Controlled Sprint, precise wide turns while dribbling",Play Style,Quick Step,Faster acceleration during Explosive Sprint,Play Style,Tiki Taka+,Even greater accuracy in first-time Ground Passes,Play Style Plus,Argentina,Inter Miami CF,Right Wing,Attack,84,84,70,70,68,44,89,94,92,80,20,89,84,93,6,11,15,14,8,60,84,75,86,80,85,84,35,87,89,Center Attacking Midfielder,Right Midfielder
60,Sandro,Tonali,,181,3,4,1,Premier League,79,Center Midfielder,Slide Tackle,Stops ball at feet during slide tackles,Play Style,Relentless,"Increased half time fatigue recovery, longer teammate contain and press",Play Style,Enforcer,Performs dribble Shoulder Challenges and Shielding with increased effectiveness.,Play Style,,,,,,,,,,,,,Italy,Newcastle Utd,Center Defensive Midfielder,Midfielder,78,76,83,83,82,84,77,85,84,78,81,78,69,81,13,9,8,7,7,70,83,64,76,84,86,85,84,79,68,,
61,Nicholas,Williams Arthuer,Nico Williams,181,4,5,1,LALIGA EA SPORTS,67,Right Midfielder,Finesse Shot,Faster finesse shots with more curve and accuracy,Play Style,Gamechanger,Fancy and Trivela shots are performed with improved accuracy.,Play Style,Inventive,Fancy and Trivela passes are performed with improved accuracy.,Play Style,Quick Step,Faster acceleration during Explosive Sprint,Play Style,Relentless,"Increased half time fatigue recovery, longer teammate contain and press",Play Style,Rapid+,"Even higher sprint speed while dribbling, reduced error on knock-ons",Play Style Plus,,,,Spain,Athletic Club,Left Midfielder,Midfielder,94,92,79,81,61,55,84,85,78,83,36,88,79,72,9,13,12,12,14,65,74,62,80,82,82,78,28,82,64,Left Wing,
62,Tijjani,Reijnders,,185,4,4,1,Premier League,73,Center Defensive Midfielder,Finesse Shot,Faster finesse shots with more curve and accuracy,Play Style,Power Shot,Faster power shots with increased speed,Play Style,Incisive Pass,"Accurate through passes, curvier swerve passes, faster precision passes",Play Style,Technical,"Faster Controlled Sprint, precise wide turns while dribbling",Play Style,Tiki Taka+,Even greater accuracy in first-time Ground Passes,Play Style Plus,,,,,,,Holland,Manchester City,Center Midfielder,Midfielder,83,82,77,92,69,80,79,88,84,73,78,84,78,70,6,10,9,14,9,61,84,59,86,85,87,85,80,84,65,Center Attacking Midfielder,
63,Marc-André,ter Stegen,,187,1,4,1,LALIGA EA SPORTS,85,,Long Ball Pass,"Accurate, faster Lob and Lofted Through Passes",Play Style,Footwork,"Exclusive foot saves, better performance on low shots",Play Style,Rush Out,"Unique reflex saves, better close shot reads, faster rush",Play Style,,,,,,,,,,,,,Germany,FC Barcelona,Goalkeeper,Defense,45,39,72,35,78,43,43,30,70,18,25,21,14,12,84,84,89,84,85,11,63,25,11,84,61,67,13,70,14,,
64,Gregor,Kobel,,195,1,3,1,Bundesliga,88,,Far Throw,Unique goalkeeper throw animations with longer throw distance,Play Style,Deflector,"Unique deflection animations, powerful parries to safer areas",Play Style,Rush Out+,"Unique reflex saves, better close shot reads, greater rush speed",Play Style Plus,,,,,,,,,,,,,Switzerland,Borussia Dortmund,Goalkeeper,Defense,38,37,71,30,81,24,29,34,66,13,15,24,10,12,87,83,64,86,87,13,33,12,10,84,39,48,15,59,10,,
65,Ederson,Santana de Moraes,Ederson,188,1,3,2,Trendyol Süper Lig,86,,Pinged Pass,Faster ground passes without affecting receiver's trapping,Play Style,Cross Claimer,"Unique punching animations, powerful punches, faster crosses coverage",Play Style,Long Ball Pass+,"Even more accurate, faster Lob and Lofted Through Passes",Play Style Plus,,,,,,,,,,,,,Brazil,Fenerbahçe,Goalkeeper,Defense,64,60,78,44,78,38,48,45,70,20,29,30,14,20,83,82,91,83,83,14,68,65,20,82,65,68,15,70,18,,
66,Federico,Dimarco,,175,3,4,2,Serie A Enilive,76,Left Midfielder,Finesse Shot,Faster finesse shots with more curve and accuracy,Play Style,Power Shot,Faster power shots with increased speed,Play Style,Dead Ball,"Faster, accurate set pieces with longer trajectory preview",Play Style,Low Driven Shot,"Enhances a player's ability to execute low driven shots with increased accuracy, faster ball travel, and quicker shot execution.",Play Style,Whipped Pass,"Accurate, faster crosses with more curve",Play Style,First Touch,"Reduced trapping error, faster dribbling transition",Play Style,,,,Italy,Lombardia FC,Left Back,Defense,83,84,81,84,72,81,81,86,78,87,81,79,74,83,9,8,12,7,7,69,83,71,83,83,84,81,81,80,82,,
67,Scott,McTominay,,193,3,3,1,Serie A Enilive,88,Center Attacking Midfielder,Precision Header,Performs headers with increased accuracy and power.,Play Style,Low Driven Shot,"Enhances a player's ability to execute low driven shots with increased accuracy, faster ball travel, and quicker shot execution.",Play Style,Incisive Pass,"Accurate through passes, curvier swerve passes, faster precision passes",Play Style,Aerial Fortress,Performs higher jumps and has physical defensive presence before and during aerial duels,Play Style,Technical,"Faster Controlled Sprint, precise wide turns while dribbling",Play Style,Enforcer,Performs dribble Shoulder Challenges and Shielding with increased effectiveness.,Play Style,,,,Scotland,SSC Napoli,Center Midfielder,Midfielder,70,55,86,92,82,84,48,85,80,66,78,84,84,60,9,6,6,10,11,81,81,60,87,86,84,86,81,79,76,,
68,Ryan,Gravenberch,,190,4,4,1,Premier League,77,Center Midfielder,Intercept,Increased reach and possession retention in interceptions,Play Style,Press Proven,"Close control at jog speed, shields ball more effectively",Play Style,,,,,,,,,,,,,,,,Holland,Liverpool,Center Defensive Midfielder,Midfielder,76,76,81,85,80,76,70,87,88,74,80,88,78,70,12,8,6,11,12,67,82,58,75,84,86,79,82,81,71,,
69,Emiliano,Martínez,,195,1,4,1,Premier League,88,,Footwork,"Exclusive foot saves, better performance on low shots",Play Style,Rush Out,"Unique reflex saves, better close shot reads, faster rush",Play Style,,,,,,,,,,,,,,,,Argentina,Aston Villa,Goalkeeper,Defense,55,54,79,40,78,40,49,43,69,22,25,24,16,20,83,82,82,85,85,26,59,43,12,81,61,62,20,67,13,,
70,João Pedro,Gonçalves Neves,João Neves,174,3,4,1,Ligue 1 McDonald's,66,Center Defensive Midfielder,Long Ball Pass,"Accurate, faster Lob and Lofted Through Passes",Play Style,Tiki Taka,Accurate first-time Ground Passes,Play Style,Aerial Fortress,Performs higher jumps and has physical defensive presence before and during aerial duels,Play Style,Relentless,"Increased half time fatigue recovery, longer teammate contain and press",Play Style,Press Proven+,"Exceptional close control at jog speed, shields ball more effectively",Play Style Plus,,,,,,,Portugal,Paris SG,Center Midfielder,Midfielder,77,84,83,92,78,84,86,86,85,67,83,83,69,53,8,7,5,13,13,72,86,60,77,83,86,73,83,84,66,,
71,Antoine,Griezmann,,176,4,3,2,LALIGA EA SPORTS,67,Left Midfielder,Finesse Shot,Faster finesse shots with more curve and accuracy,Play Style,Gamechanger,Fancy and Trivela shots are performed with improved accuracy.,Play Style,Incisive Pass,"Accurate through passes, curvier swerve passes, faster precision passes",Play Style,Long Ball Pass,"Accurate, faster Lob and Lofted Through Passes",Play Style,Inventive,Fancy and Trivela passes are performed with improved accuracy.,Play Style,Technical,"Faster Controlled Sprint, precise wide turns while dribbling",Play Style,Chip Shot+,Quicker chip shots with exceptional accuracy,Play Style Plus,France,Atlético de Madrid,Striker,Attack,80,88,84,77,70,74,85,90,88,82,45,86,86,85,14,8,14,13,14,79,83,79,87,87,86,85,63,86,86,Center Attacking Midfielder,
72,Bryan,Mbeumo,,171,4,2,2,Premier League,75,Right Midfielder,Inventive,Fancy and Trivela passes are performed with improved accuracy.,Play Style,Rapid,"Higher sprint speed while dribbling, reduced error on knock-ons",Play Style,First Touch,"Reduced trapping error, faster dribbling transition",Play Style,Quick Step,Faster acceleration during Explosive Sprint,Play Style,Gamechanger+,Fancy and Trivela shots are performed with greatly improved accuracy.,Play Style Plus,,,,,,,Cameroon,Man Utd,Right Wing,Attack,90,90,81,85,71,74,85,84,83,84,53,83,87,72,7,14,15,13,14,63,69,85,84,81,80,83,41,80,85,Striker,
73,N'Golo,Kanté,,168,2,3,1,ROSHN Saudi League,70,Center Midfielder,Press Proven,"Close control at jog speed, shields ball more effectively",Play Style,Relentless,"Increased half time fatigue recovery, longer teammate contain and press",Play Style,Intercept+,Greater reach and possession retention in interceptions,Play Style Plus,,,,,,,,,,,,,France,Al Ittihad,Center Defensive Midfielder,Midfielder,80,78,74,89,72,85,93,80,82,68,88,78,64,49,15,12,10,7,10,54,77,54,72,85,79,71,90,75,56,,
74,Désiré,Doué,,181,5,4,1,Ligue 1 McDonald's,79,Left Wing,Gamechanger,Fancy and Trivela shots are performed with improved accuracy.,Play Style,Inventive,Fancy and Trivela passes are performed with improved accuracy.,Play Style,First Touch,"Reduced trapping error, faster dribbling transition",Play Style,Press Proven,"Close control at jog speed, shields ball more effectively",Play Style,Quick Step,Faster acceleration during Explosive Sprint,Play Style,Trickster+,"More unique ground and flick Skill Moves, quicker strafe dribbling",Play Style Plus,,,,France,Paris SG,Right Wing,Attack,85,88,75,80,77,61,87,89,89,74,52,91,78,68,9,12,7,5,13,46,74,71,81,85,81,86,60,78,68,Center Midfielder,Right Midfielder
75,Daniel,Carvajal Ramos,Carvajal,173,3,3,1,LALIGA EA SPORTS,73,Right Midfielder,Whipped Pass,"Accurate, faster crosses with more curve",Play Style,Block,Increased reach and success in blocking,Play Style,Relentless,"Increased half time fatigue recovery, longer teammate contain and press",Play Style,,,,,,,,,,,,,Spain,Real Madrid,Right Back,Defense,81,78,85,84,74,85,84,84,83,84,80,78,56,47,13,13,15,9,15,76,74,45,75,83,84,68,84,78,53,,
76,Unai,Simón Mendibil,Unai Simón,190,1,3,1,LALIGA EA SPORTS,89,,Pinged Pass,Faster ground passes without affecting receiver's trapping,Play Style,Footwork,"Exclusive foot saves, better performance on low shots",Play Style,Rush Out,"Unique reflex saves, better close shot reads, faster rush",Play Style,,,,,,,,,,,,,Spain,Athletic Club,Goalkeeper,Defense,48,37,74,44,76,29,47,16,40,16,11,12,14,14,84,80,76,84,85,18,34,24,14,82,38,57,18,48,17,,
77,Marcus,Thuram,,192,3,4,1,Serie A Enilive,80,,Precision Header,Performs headers with increased accuracy and power.,Play Style,Aerial Fortress,Performs higher jumps and has physical defensive presence before and during aerial duels,Play Style,Rapid,"Higher sprint speed while dribbling, reduced error on knock-ons",Play Style,,,,,,,,,,,,,France,Lombardia FC,Striker,Attack,84,78,91,83,79,75,61,81,78,76,44,85,85,58,11,13,14,9,15,84,70,70,86,84,80,84,48,78,81,,
78,Péter,Gulácsi,,193,1,2,1,Bundesliga,86,,Footwork,"Exclusive foot saves, better performance on low shots",Play Style,,,,,,,,,,,,,,,,,,,Hungary,RB Leipzig,Goalkeeper,Defense,42,41,72,37,74,34,42,25,45,16,25,19,10,11,83,83,74,87,84,23,31,24,11,82,35,56,16,44,10,,
79,Luis,Díaz,,180,4,4,1,Bundesliga,73,Left Wing,Low Driven Shot,"Enhances a player's ability to execute low driven shots with increased accuracy, faster ball travel, and quicker shot execution.",Play Style,Inventive,Fancy and Trivela passes are performed with improved accuracy.,Play Style,Technical,"Faster Controlled Sprint, precise wide turns while dribbling",Play Style,Quick Step,Faster acceleration during Explosive Sprint,Play Style,,,,,,,,,,Colombia,FC Bayern München,Left Midfielder,Midfielder,88,88,83,87,69,75,79,87,82,76,41,89,83,58,10,13,13,14,14,71,72,63,84,83,77,85,47,79,81,Striker,
80,David,De Gea Quintana,De Gea,192,1,2,1,Serie A Enilive,76,,Far Throw,Unique goalkeeper throw animations with longer throw distance,Play Style,Footwork,"Exclusive foot saves, better performance on low shots",Play Style,,,,,,,,,,,,,,,,Spain,Fiorentina,Goalkeeper,Defense,47,60,57,30,38,15,40,32,45,17,15,18,13,19,85,78,71,84,87,18,39,29,9,85,40,53,20,45,13,,
81,Nico,Schlotterbeck,,191,2,2,2,Bundesliga,86,,Long Ball Pass,"Accurate, faster Lob and Lofted Through Passes",Play Style,Jockey,"Faster Sprint Jockey, better transition speed",Play Style,Block,Increased reach and success in blocking,Play Style,Anticipate,"Improved standing tackle success, possibility of stopping ball at feet",Play Style,Long Throw,Powerful throw-ins for greater distance,Play Style,Slide Tackle+,"Greatly improved slide tackle coverage, stops ball at feet",Play Style Plus,,,,Germany,Borussia Dortmund,Center Back,Defense,77,68,91,74,85,84,64,71,78,70,85,74,51,55,8,10,8,14,13,84,86,38,58,84,78,81,87,72,56,,
82,Heung Min,Son,,183,4,5,1,MLS,78,Striker,Low Driven Shot,"Enhances a player's ability to execute low driven shots with increased accuracy, faster ball travel, and quicker shot execution.",Play Style,Gamechanger,Fancy and Trivela shots are performed with improved accuracy.,Play Style,Whipped Pass,"Accurate, faster crosses with more curve",Play Style,First Touch,"Reduced trapping error, faster dribbling transition",Play Style,Finesse Shot+,Faster finesse shots with max curve and accuracy,Play Style Plus,,,,,,,Korea Republic,LAFC,Left Wing,Attack,85,79,82,87,69,62,74,85,86,81,45,84,84,74,11,13,13,6,10,72,72,75,85,85,83,88,34,83,83,Left Midfielder,
83,Phil,Foden,,171,4,3,2,Premier League,70,Center Midfielder,Low Driven Shot,"Enhances a player's ability to execute low driven shots with increased accuracy, faster ball travel, and quicker shot execution.",Play Style,Gamechanger,Fancy and Trivela shots are performed with improved accuracy.,Play Style,Inventive,Fancy and Trivela passes are performed with improved accuracy.,Play Style,Technical,"Faster Controlled Sprint, precise wide turns while dribbling",Play Style,First Touch,"Reduced trapping error, faster dribbling transition",Play Style,,,,,,,England,Manchester City,Right Wing,Attack,83,92,59,83,41,64,92,89,85,80,60,89,82,74,8,15,6,10,13,47,81,64,83,82,82,89,59,83,59,Left Wing,Right Midfielder
84,Fabián,Ruiz Peña,Fabián Ruiz,189,3,3,2,Ligue 1 McDonald's,70,Center Defensive Midfielder,Finesse Shot,Faster finesse shots with more curve and accuracy,Play Style,Long Ball Pass,"Accurate, faster Lob and Lofted Through Passes",Play Style,Tiki Taka,Accurate first-time Ground Passes,Play Style,First Touch,"Reduced trapping error, faster dribbling transition",Play Style,,,,,,,,,,Spain,Paris SG,Center Midfielder,Midfielder,61,66,70,84,67,68,67,86,82,72,71,82,76,61,16,11,7,13,13,68,83,67,84,85,85,78,79,84,67,,
85,Youri,Tielemans,,176,4,4,1,Premier League,72,Center Defensive Midfielder,Power Shot,Faster power shots with increased speed,Play Style,Incisive Pass,"Accurate through passes, curvier swerve passes, faster precision passes",Play Style,Press Proven,"Close control at jog speed, shields ball more effectively",Play Style,Pinged Pass+,Max speed ground passes without affecting receiver's trapping,Play Style Plus,,,,,,,,,,Belgium,Aston Villa,Center Midfielder,Midfielder,51,62,68,87,69,64,77,86,88,80,74,79,77,78,6,8,10,14,12,70,88,75,77,85,87,85,77,87,83,Center Attacking Midfielder,
86,Granit,Xhaka,,186,3,3,2,Premier League,80,Center Midfielder,Finesse Shot,Faster finesse shots with more curve and accuracy,Play Style,Power Shot,Faster power shots with increased speed,Play Style,Incisive Pass,"Accurate through passes, curvier swerve passes, faster precision passes",Play Style,Aerial Fortress,Performs higher jumps and has physical defensive presence before and during aerial duels,Play Style,Bruiser,Stronger physical tackles,Play Style,Long Ball Pass+,"Even more accurate, faster Lob and Lofted Through Passes",Play Style Plus,,,,Switzerland,Sunderland,Center Defensive Midfielder,Midfielder,40,51,70,84,78,90,61,82,84,77,80,73,67,78,7,8,11,7,13,72,90,65,76,86,89,89,79,85,55,,
87,Karim,Benzema,,185,4,4,1,ROSHN Saudi League,81,Center Attacking Midfielder,Finesse Shot,Faster finesse shots with more curve and accuracy,Play Style,Gamechanger,Fancy and Trivela shots are performed with improved accuracy.,Play Style,Incisive Pass,"Accurate through passes, curvier swerve passes, faster precision passes",Play Style,First Touch,"Reduced trapping error, faster dribbling transition",Play Style,Relentless,"Increased half time fatigue recovery, longer teammate contain and press",Play Style,Low Driven Shot+,"Enhances a player's ability to perform low driven shots with significantly enhanced accuracy, even faster ball travel, and quicker shot execution.",Play Style Plus,,,,France,Al Ittihad,Striker,Attack,74,77,83,78,81,63,72,86,84,75,43,84,86,73,13,11,5,5,7,86,76,68,88,84,86,85,24,86,87,,
88,Iñigo,Martínez Berridi,Iñigo Martínez,182,2,3,2,ROSHN Saudi League,76,,Long Ball Pass,"Accurate, faster Lob and Lofted Through Passes",Play Style,Slide Tackle,Stops ball at feet during slide tackles,Play Style,,,,,,,,,,,,,,,,Spain,Al Nassr,Center Back,Defense,70,66,87,69,82,89,60,78,76,53,84,60,42,71,12,16,11,13,11,83,83,39,52,84,83,82,87,65,41,,
89,C. Ronaldo,dos Santos Aveiro,Cristiano Ronaldo,187,5,4,1,ROSHN Saudi League,85,,Precision Header,Performs headers with increased accuracy and power.,Play Style,Acrobatic,"Perform volleys with increased accuracy, acrobatic volley animations",Play Style,Low Driven Shot,"Enhances a player's ability to execute low driven shots with increased accuracy, faster ball travel, and quicker shot execution.",Play Style,Gamechanger,Fancy and Trivela shots are performed with improved accuracy.,Play Style,Aerial Fortress,Performs higher jumps and has physical defensive presence before and during aerial duels,Play Style,Trickster,Performs unique flick Skill Moves,Play Style,Power Shot+,Much faster power shots with significant speed increase,Play Style Plus,Portugal,Al Nassr,Striker,Attack,73,76,95,77,80,62,63,85,91,78,24,77,88,81,7,11,15,14,11,87,70,91,89,82,76,91,32,76,84,,
90,Rodrygo,Silva de Goes,Rodrygo,174,4,4,1,LALIGA EA SPORTS,64,Striker,Finesse Shot,Faster finesse shots with more curve and accuracy,Play Style,Dead Ball,"Faster, accurate set pieces with longer trajectory preview",Play Style,Gamechanger,Fancy and Trivela shots are performed with improved accuracy.,Play Style,Inventive,Fancy and Trivela passes are performed with improved accuracy.,Play Style,Technical,"Faster Controlled Sprint, precise wide turns while dribbling",Play Style,,,,,,,Brazil,Real Madrid,Right Wing,Attack,89,86,77,81,59,52,84,87,85,79,24,88,83,77,9,8,12,8,5,67,73,82,83,83,79,76,34,84,67,Right Midfielder,
91,Daniel,Olmo Carvajal,Dani Olmo,179,4,4,1,LALIGA EA SPORTS,72,Center Midfielder,Finesse Shot,Faster finesse shots with more curve and accuracy,Play Style,Gamechanger,Fancy and Trivela shots are performed with improved accuracy.,Play Style,Incisive Pass,"Accurate through passes, curvier swerve passes, faster precision passes",Play Style,Tiki Taka,Accurate first-time Ground Passes,Play Style,Technical,"Faster Controlled Sprint, precise wide turns while dribbling",Play Style,First Touch,"Reduced trapping error, faster dribbling transition",Play Style,,,,Spain,FC Barcelona,Center Attacking Midfielder,Midfielder,78,86,60,65,54,51,87,87,82,78,50,87,80,75,15,15,13,12,11,43,81,66,83,86,87,79,50,86,80,Striker,
92,Dayot,Upamecano,,186,3,3,1,Bundesliga,90,,Pinged Pass,Faster ground passes without affecting receiver's trapping,Play Style,Long Ball Pass,"Accurate, faster Lob and Lofted Through Passes",Play Style,Jockey,"Faster Sprint Jockey, better transition speed",Play Style,Bruiser,Stronger physical tackles,Play Style,,,,,,,,,,France,FC Bayern München,Center Back,Defense,76,66,85,73,87,88,65,76,74,48,84,72,39,28,6,7,8,15,9,83,78,39,47,84,79,64,84,58,33,,
93,Patrik,Schick,,191,3,3,2,Bundesliga,87,,Precision Header,Performs headers with increased accuracy and power.,Play Style,Acrobatic,"Perform volleys with increased accuracy, acrobatic volley animations",Play Style,Low Driven Shot,"Enhances a player's ability to execute low driven shots with increased accuracy, faster ball travel, and quicker shot execution.",Play Style,,,,,,,,,,,,,Czech Republic,Leverkusen,Striker,Attack,72,80,91,69,85,65,67,83,85,64,44,81,86,56,11,15,8,9,14,88,64,61,87,85,78,85,29,75,84,,
94,Gleison Bremer,Silva Nascimento,Bremer,187,2,2,1,Serie A Enilive,84,,Precision Header,Performs headers with increased accuracy and power.,Play Style,Long Ball Pass,"Accurate, faster Lob and Lofted Through Passes",Play Style,Block,Increased reach and success in blocking,Play Style,Aerial Fortress,Performs higher jumps and has physical defensive presence before and during aerial duels,Play Style,Bruiser,Stronger physical tackles,Play Style,,,,,,,Brazil,Juventus,Center Back,Defense,78,65,92,65,84,84,63,68,78,46,87,62,49,24,13,15,13,5,6,87,69,43,58,78,75,68,87,45,38,,
95,Theo,Hernández,,184,4,3,2,ROSHN Saudi League,81,Left Midfielder,Dead Ball,"Faster, accurate set pieces with longer trajectory preview",Play Style,Block,Increased reach and success in blocking,Play Style,Anticipate,"Improved standing tackle success, possibility of stopping ball at feet",Play Style,Rapid,"Higher sprint speed while dribbling, reduced error on knock-ons",Play Style,Quick Step,Faster acceleration during Explosive Sprint,Play Style,Bruiser,Stronger physical tackles,Play Style,,,,France,Al Hilal,Left Back,Defense,88,83,90,87,80,83,71,84,80,84,76,83,71,74,12,10,7,7,7,76,70,74,80,83,81,86,84,75,80,,
96,Marcos,Llorente Moreno,Marcos Llorente,184,3,4,1,LALIGA EA SPORTS,74,Center Midfielder,Power Shot,Faster power shots with increased speed,Play Style,Whipped Pass,"Accurate, faster crosses with more curve",Play Style,Rapid,"Higher sprint speed while dribbling, reduced error on knock-ons",Play Style,Quick Step,Faster acceleration during Explosive Sprint,Play Style,Relentless,"Increased half time fatigue recovery, longer teammate contain and press",Play Style,,,,,,,Spain,Atlético de Madrid,Right Back,Defense,87,83,84,92,77,80,74,82,79,76,77,81,80,63,13,6,6,11,15,67,80,65,79,81,81,84,82,79,66,Right Midfielder,
97,Rodrigo,De Paul,,180,4,3,1,MLS,70,Center Defensive Midfielder,Finesse Shot,Faster finesse shots with more curve and accuracy,Play Style,Incisive Pass,"Accurate through passes, curvier swerve passes, faster precision passes",Play Style,Long Ball Pass,"Accurate, faster Lob and Lofted Through Passes",Play Style,Technical,"Faster Controlled Sprint, precise wide turns while dribbling",Play Style,,,,,,,,,,Argentina,Inter Miami CF,Center Midfielder,Midfielder,74,77,76,88,79,86,78,85,81,78,76,84,75,76,13,12,10,7,14,58,84,66,79,81,85,82,80,85,71,Center Attacking Midfielder,
98,João Pedro,Cavaco Cancelo,João Cancelo,182,4,4,1,ROSHN Saudi League,74,Left Back,Whipped Pass,"Accurate, faster crosses with more curve",Play Style,Inventive,Fancy and Trivela passes are performed with improved accuracy.,Play Style,Block,Increased reach and success in blocking,Play Style,Technical,"Faster Controlled Sprint, precise wide turns while dribbling",Play Style,First Touch,"Reduced trapping error, faster dribbling transition",Play Style,,,,,,,Portugal,Al Hilal,Right Back,Defense,88,79,82,88,65,76,78,86,85,86,75,85,69,69,6,9,15,14,14,72,79,52,81,84,86,80,81,85,62,Right Midfielder,
99,Oihan,Sancet Tirapu,Sancet,188,4,4,1,LALIGA EA SPORTS,77,Center Midfielder,Finesse Shot,Faster finesse shots with more curve and accuracy,Play Style,Precision Header,Performs headers with increased accuracy and power.,Play Style,Technical,"Faster Controlled Sprint, precise wide turns while dribbling",Play Style,First Touch,"Reduced trapping error, faster dribbling transition",Play Style,,,,,,,,,,Spain,Athletic Club,Center Attacking Midfielder,Midfielder,74,84,88,86,80,80,79,85,85,75,67,85,85,63,15,11,6,15,7,82,80,77,85,84,84,83,70,84,79,Striker,
100,Josep María,Chavarría Pérez,Pep Chavarría,174,3,1,2,LALIGA EA SPORTS,70,Left Midfielder,Quick Step,Faster acceleration during Explosive Sprint,Play Style,Relentless,"Increased half time fatigue recovery, longer teammate contain and press",Play Style,,,,,,,,,,,,,,,,Spain,Rayo Vallecano,Left Back,Defense,81,72,79,86,72,67,71,75,65,75,69,75,63,51,9,10,15,10,14,60,68,46,75,70,73,60,75,72,55,,
101,Danilo,Cataldi,,180,3,4,1,Serie A Enilive,70,Center Midfielder,,,,,,,,,,,,,,,,,,,,,,Italy,Latium,Center Defensive Midfielder,Midfielder,72,73,72,76,62,75,75,79,79,69,75,77,66,80,7,10,11,12,9,66,76,52,67,80,81,82,73,77,65,,
102,Kieran,Tierney,,180,3,3,2,Scottish Prem,73,Left Midfielder,Jockey,"Faster Sprint Jockey, better transition speed",Play Style,Long Throw,Powerful throw-ins for greater distance,Play Style,,,,,,,,,,,,,,,,Scotland,Celtic,Left Back,Defense,77,75,76,67,71,84,73,76,75,80,76,77,52,56,13,16,8,12,13,59,68,42,72,76,78,79,77,74,38,,
103,Finn,Dahmen,,188,1,3,1,Bundesliga,80,,Footwork,"Exclusive foot saves, better performance on low shots",Play Style,,,,,,,,,,,,,,,,,,,Germany,FC Augsburg,Goalkeeper,Defense,52,52,63,33,55,20,56,30,33,14,19,25,8,12,76,70,81,76,80,12,37,11,9,77,42,61,12,54,5,,
104,Lucas,Bergvall,,186,3,3,1,Premier League,74,Center Defensive Midfielder,Press Proven,"Close control at jog speed, shields ball more effectively",Play Style,,,,,,,,,,,,,,,,,,,Sweden,Spurs,Center Midfielder,Midfielder,77,73,72,78,70,75,73,77,80,68,69,78,63,65,7,13,13,10,9,54,79,53,73,76,79,66,75,78,49,Center Attacking Midfielder,
105,Sebastián,Driussi,,178,3,3,1,LPF,80,Center Attacking Midfielder,Incisive Pass,"Accurate through passes, curvier swerve passes, faster precision passes",Play Style,Tiki Taka,Accurate first-time Ground Passes,Play Style,Inventive,Fancy and Trivela passes are performed with improved accuracy.,Play Style,Press Proven,"Close control at jog speed, shields ball more effectively",Play Style,Quick Step,Faster acceleration during Explosive Sprint,Play Style,,,,,,,Argentina,River Plate,Striker,Attack,81,82,87,72,84,70,80,80,77,66,37,80,75,70,11,14,14,14,10,70,71,70,79,76,74,76,51,74,75,Center Midfielder,
106,Aaron,Ramsdale,,191,1,3,1,Premier League,77,,Cross Claimer,"Unique punching animations, powerful punches, faster crosses coverage",Play Style,Deflector,"Unique deflection animations, powerful parries to safer areas",Play Style,,,,,,,,,,,,,,,,England,Newcastle Utd,Goalkeeper,Defense,47,53,66,40,64,35,49,36,60,15,24,23,14,16,77,76,80,74,79,15,55,25,18,73,56,60,16,65,16,,
107,Kiernan,Dewsbury-Hall,,176,3,3,2,Premier League,80,Center Attacking Midfielder,Incisive Pass,"Accurate through passes, curvier swerve passes, faster precision passes",Play Style,,,,,,,,,,,,,,,,,,,England,Everton,Center Midfielder,Midfielder,67,77,71,75,66,77,78,79,77,73,70,78,70,70,12,15,9,10,7,65,77,65,75,76,79,75,72,77,70,Center Defensive Midfielder,
108,Vanderson,de Oliveira Campos,Vanderson,173,3,3,1,Ligue 1 McDonald's,74,,Jockey,"Faster Sprint Jockey, better transition speed",Play Style,Intercept,Increased reach and possession retention in interceptions,Play Style,Technical,"Faster Controlled Sprint, precise wide turns while dribbling",Play Style,,,,,,,,,,,,,Brazil,AS Monaco,Right Back,Defense,79,76,77,77,67,71,79,76,74,77,71,78,63,72,8,8,6,6,7,68,67,49,72,75,76,62,74,74,61,,
109,Junya,Ito,,176,4,4,1,1A Pro League,66,Right Wing,Dead Ball,"Faster, accurate set pieces with longer trajectory preview",Play Style,Incisive Pass,"Accurate through passes, curvier swerve passes, faster precision passes",Play Style,Whipped Pass,"Accurate, faster crosses with more curve",Play Style,Inventive,Fancy and Trivela passes are performed with improved accuracy.,Play Style,Rapid,"Higher sprint speed while dribbling, reduced error on knock-ons",Play Style,Quick Step,Faster acceleration during Explosive Sprint,Play Style,Relentless,"Increased half time fatigue recovery, longer teammate contain and press",Play Style,Japan,KRC Genk,Right Midfielder,Midfielder,90,87,68,89,63,64,76,76,75,74,54,78,70,66,13,12,15,5,7,44,64,57,74,71,74,68,61,75,69,,
110,Maxence,Caqueret,,174,3,3,1,Serie A Enilive,63,Center Defensive Midfielder,Incisive Pass,"Accurate through passes, curvier swerve passes, faster precision passes",Play Style,Pinged Pass,Faster ground passes without affecting receiver's trapping,Play Style,Press Proven,"Close control at jog speed, shields ball more effectively",Play Style,Relentless,"Increased half time fatigue recovery, longer teammate contain and press",Play Style,,,,,,,,,,France,Como,Center Midfielder,Midfielder,77,85,63,80,55,81,83,78,78,67,77,77,60,69,8,5,12,5,15,48,79,70,69,76,80,63,83,77,53,,
111,Maximiliano,Araújo,,177,4,2,2,Liga Portugal,75,Left Back,Aerial Fortress,Performs higher jumps and has physical defensive presence before and during aerial duels,Play Style,Rapid,"Higher sprint speed while dribbling, reduced error on knock-ons",Play Style,Long Throw,Powerful throw-ins for greater distance,Play Style,,,,,,,,,,,,,Uruguay,Sporting CP,Left Midfielder,Midfielder,87,85,76,78,60,72,70,80,73,74,68,78,71,45,12,13,9,8,9,62,69,54,74,75,72,67,69,69,36,Left Wing,
112,Agustín,Marchesín,,188,1,3,1,LPF,85,,Footwork,"Exclusive foot saves, better performance on low shots",Play Style,,,,,,,,,,,,,,,,,,,Argentina,Boca Juniors,Goalkeeper,Defense,54,64,64,38,57,45,59,20,64,18,22,24,14,15,77,75,74,76,77,11,34,14,18,74,37,56,15,65,15,,
113,Thomas,Lemar,,171,4,3,2,LALIGA EA SPORTS,63,Left Midfielder,Jockey,"Faster Sprint Jockey, better transition speed",Play Style,,,,,,,,,,,,,,,,,,,France,Girona FC,Center Midfielder,Midfielder,72,79,64,60,57,63,79,81,80,79,55,80,73,80,11,15,13,7,14,54,77,69,77,77,80,78,76,79,75,,
114,Nicolas,Raskin,,178,3,4,1,Scottish Prem,74,Center Midfielder,Pinged Pass,Faster ground passes without affecting receiver's trapping,Play Style,Tiki Taka,Accurate first-time Ground Passes,Play Style,Jockey,"Faster Sprint Jockey, better transition speed",Play Style,Intercept,Increased reach and possession retention in interceptions,Play Style,Anticipate,"Improved standing tackle success, possibility of stopping ball at feet",Play Style,Press Proven,"Close control at jog speed, shields ball more effectively",Play Style,Relentless,"Increased half time fatigue recovery, longer teammate contain and press",Play Style,Belgium,Rangers,Center Defensive Midfielder,Midfielder,78,82,76,84,65,82,88,76,79,66,71,72,58,67,14,14,13,11,7,66,74,58,64,80,79,71,77,71,58,,
115,Nicolas,Seiwald,,180,2,3,1,Bundesliga,80,Center Midfielder,Anticipate,"Improved standing tackle success, possibility of stopping ball at feet",Play Style,Press Proven,"Close control at jog speed, shields ball more effectively",Play Style,,,,,,,,,,,,,,,,Austria,RB Leipzig,Center Defensive Midfielder,Midfielder,74,77,76,81,72,78,76,75,70,73,71,72,58,60,5,8,7,14,7,63,79,54,68,78,75,70,77,74,58,Center Back,
116,Noah,Atubolu,,190,1,3,1,Bundesliga,99,,Footwork,"Exclusive foot saves, better performance on low shots",Play Style,Far Reach,"Unique far dive animations, better long shot saves",Play Style,,,,,,,,,,,,,,,,Germany,SC Freiburg,Goalkeeper,Defense,52,32,73,29,79,26,31,14,46,12,12,11,8,12,76,73,75,74,79,13,31,14,9,77,27,56,12,50,8,,
117,Quilindschy,Hartman,,183,3,3,2,Premier League,77,Left Midfielder,Incisive Pass,"Accurate through passes, curvier swerve passes, faster precision passes",Play Style,Slide Tackle,Stops ball at feet during slide tackles,Play Style,Bruiser,Stronger physical tackles,Play Style,,,,,,,,,,,,,Holland,Burnley,Left Back,Defense,80,74,76,74,76,84,66,77,75,69,75,73,59,68,13,14,12,14,9,52,77,47,73,79,78,50,77,75,42,,
118,Hugo,Lloris,,188,1,1,2,MLS,82,,Deflector,"Unique deflection animations, powerful parries to safer areas",Play Style,,,,,,,,,,,,,,,,,,,France,LAFC,Goalkeeper,Defense,55,49,54,31,39,31,56,29,54,15,24,13,10,12,78,76,69,77,77,10,54,40,9,75,52,52,13,58,16,,
119,Aitor,Fernández,Aitor,182,1,2,1,LALIGA EA SPORTS,78,,,,,,,,,,,,,,,,,,,,,,,Spain,CA Osasuna,Goalkeeper,Defense,58,55,65,39,52,15,48,14,55,30,14,22,12,14,77,74,68,76,80,20,35,24,15,76,38,51,13,50,15,,
120,Matías,Vecino,,187,3,3,1,Serie A Enilive,81,Center Defensive Midfielder,Power Shot,Faster power shots with increased speed,Play Style,Aerial Fortress,Performs higher jumps and has physical defensive presence before and during aerial duels,Play Style,,,,,,,,,,,,,,,,Uruguay,Latium,Center Midfielder,Midfielder,52,67,81,64,77,81,62,80,80,69,77,76,68,58,4,4,4,4,4,83,75,56,79,78,79,82,77,79,68,,
121,Emiliano,Buendía,,172,4,4,1,Premier League,72,Left Midfielder,Slide Tackle,Stops ball at feet during slide tackles,Play Style,Technical,"Faster Controlled Sprint, precise wide turns while dribbling",Play Style,,,,,,,,,,,,,,,,Argentina,Aston Villa,Center Attacking Midfielder,Midfielder,74,84,77,60,61,83,90,80,77,78,67,81,74,74,11,10,13,7,9,75,75,62,75,74,80,77,68,78,68,Right Midfielder,Center Midfielder
122,Matheus,Reis de Lima,Matheus Reis,184,3,2,2,Liga Portugal,80,Left Back,Whipped Pass,"Accurate, faster crosses with more curve",Play Style,Block,Increased reach and success in blocking,Play Style,,,,,,,,,,,,,,,,Brazil,Sporting CP,Center Back,Defense,75,75,82,80,79,82,59,76,74,75,79,76,50,47,6,14,10,7,14,70,64,50,62,75,74,65,77,60,45,Left Midfielder,
123,Kostas,Tsimikas,,179,3,3,2,Serie A Enilive,77,Left Midfielder,,,,,,,,,,,,,,,,,,,,,,Greece,AS Roma,Left Back,Defense,79,77,77,69,69,80,73,75,71,81,73,75,48,68,8,12,8,13,10,66,72,54,73,74,75,72,77,73,37,,
124,Amadou,Haidara,,178,3,2,1,Bundesliga,75,Center Defensive Midfielder,Aerial Fortress,Performs higher jumps and has physical defensive presence before and during aerial duels,Play Style,,,,,,,,,,,,,,,,,,,Mali,RB Leipzig,Center Midfielder,Midfielder,69,78,65,76,65,71,78,79,75,75,74,79,66,62,7,11,8,7,10,51,77,62,71,79,79,75,75,78,63,,
125,João Mário,Neto Lopes,João Mário,179,3,4,1,Serie A Enilive,66,Right Midfielder,Whipped Pass,"Accurate, faster crosses with more curve",Play Style,Rapid,"Higher sprint speed while dribbling, reduced error on knock-ons",Play Style,,,,,,,,,,,,,,,,Portugal,Juventus,Right Back,Defense,85,79,78,83,60,61,75,78,70,79,68,76,60,47,9,5,10,10,12,70,68,67,74,75,73,68,69,73,58,,
126,Daniel,Svensson,,178,2,4,2,Bundesliga,72,Center Midfielder,Relentless,"Increased half time fatigue recovery, longer teammate contain and press",Play Style,,,,,,,,,,,,,,,,,,,Sweden,Borussia Dortmund,Left Back,Defense,78,79,73,89,68,69,80,77,76,72,76,74,51,57,15,12,12,9,9,57,76,44,71,75,78,62,75,75,50,Left Midfielder,
127,Raphael,Onyedika,,184,2,3,1,1A Pro League,79,Center Midfielder,Bruiser,Stronger physical tackles,Play Style,,,,,,,,,,,,,,,,,,,Nigeria,Club Brugge,Center Defensive Midfielder,Midfielder,74,69,79,88,80,80,77,75,74,51,78,70,59,44,9,5,12,13,11,63,72,48,54,72,77,80,75,66,51,Center Back,
128,Marvin,Schwäbe,,190,1,3,1,Bundesliga,86,,Far Throw,Unique goalkeeper throw animations with longer throw distance,Play Style,Footwork,"Exclusive foot saves, better performance on low shots",Play Style,,,,,,,,,,,,,,,,Germany,1. FC Köln,Goalkeeper,Defense,49,45,68,36,70,28,46,41,61,21,21,20,15,9,77,74,75,75,82,15,49,28,12,71,53,56,16,63,15,,
129,Diego,Rico Salguero,Diego Rico,183,2,2,2,LALIGA EA SPORTS,78,Left Midfielder,Whipped Pass,"Accurate, faster crosses with more curve",Play Style,Intercept,Increased reach and possession retention in interceptions,Play Style,Long Throw,Powerful throw-ins for greater distance,Play Style,,,,,,,,,,,,,Spain,Getafe CF,Left Back,Defense,69,62,78,73,79,74,74,75,72,79,75,74,43,76,10,9,15,11,10,68,72,47,71,74,77,76,77,77,56,,
130,Breel,Embolo,,187,3,4,1,Ligue 1 McDonald's,88,,Rapid,"Higher sprint speed while dribbling, reduced error on knock-ons",Play Style,Enforcer,Performs dribble Shoulder Challenges and Shielding with increased effectiveness.,Play Style,,,,,,,,,,,,,,,,Switzerland,Stade Rennais FC,Striker,Attack,73,67,89,68,85,79,66,77,75,63,40,76,75,58,13,6,7,7,12,76,70,66,80,75,75,83,63,74,74,,
131,Lucas,Martínez Quarta,,183,2,3,1,LPF,78,,Long Ball Pass,"Accurate, faster Lob and Lofted Through Passes",Play Style,Block,Increased reach and success in blocking,Play Style,Intercept,Increased reach and possession retention in interceptions,Play Style,,,,,,,,,,,,,Argentina,River Plate,Center Back,Defense,65,71,88,73,88,85,66,69,77,65,75,70,57,49,10,15,12,10,15,79,75,66,65,73,72,67,78,74,51,,
132,Mykola,Matviienko,,182,2,3,2,Ukrayina Liha,74,Left Back,Long Ball Pass,"Accurate, faster Lob and Lofted Through Passes",Play Style,,,,,,,,,,,,,,,,,,,Ukraine,Shakhtar Donetsk,Center Back,Defense,76,71,87,76,76,75,69,69,72,68,77,68,53,55,10,10,5,9,11,76,79,49,63,75,80,73,80,60,46,Right Back,
133,Eljif,Elmas,,184,4,4,1,Serie A Enilive,78,Left Wing,Technical,"Faster Controlled Sprint, precise wide turns while dribbling",Play Style,,,,,,,,,,,,,,,,,,,North Macedonia,SSC Napoli,Left Midfielder,Midfielder,77,83,72,75,64,68,68,81,70,68,62,81,70,54,8,5,14,6,15,58,74,58,75,76,78,78,67,77,58,Center Midfielder,
134,Stephen,Antunes Eustáquio,Stephen Eustáquio,178,2,3,1,Liga Portugal,67,Center Midfielder,Jockey,"Faster Sprint Jockey, better transition speed",Play Style,Press Proven,"Close control at jog speed, shields ball more effectively",Play Style,Bruiser,Stronger physical tackles,Play Style,,,,,,,,,,,,,Canada,FC Porto,Center Defensive Midfielder,Midfielder,67,72,76,79,70,78,73,77,76,72,74,71,64,66,6,5,13,7,11,56,77,65,68,75,78,72,75,77,58,Center Back,
135,Iván,Martín Núñez,Iván Martín,178,3,3,2,LALIGA EA SPORTS,70,Center Defensive Midfielder,Technical,"Faster Controlled Sprint, precise wide turns while dribbling",Play Style,,,,,,,,,,,,,,,,,,,Spain,Girona FC,Center Midfielder,Midfielder,71,79,63,73,60,55,72,79,76,79,68,79,69,65,13,6,11,6,6,47,79,68,76,75,79,73,74,77,63,Center Attacking Midfielder,
136,Yan,Bueno Couto,Yan Couto,168,4,3,1,Bundesliga,60,Right Midfielder,Whipped Pass,"Accurate, faster crosses with more curve",Play Style,Inventive,Fancy and Trivela passes are performed with improved accuracy.,Play Style,Technical,"Faster Controlled Sprint, precise wide turns while dribbling",Play Style,Quick Step,Faster acceleration during Explosive Sprint,Play Style,,,,,,,,,,Brazil,Borussia Dortmund,Right Back,Defense,85,85,57,77,51,66,90,86,65,81,71,83,61,43,9,6,13,8,11,49,74,55,75,75,82,65,69,75,45,,
137,Nicolò,Fagioli,,178,4,4,1,Serie A Enilive,72,Center Defensive Midfielder,Inventive,Fancy and Trivela passes are performed with improved accuracy.,Play Style,Press Proven,"Close control at jog speed, shields ball more effectively",Play Style,,,,,,,,,,,,,,,,Italy,Fiorentina,Center Midfielder,Midfielder,73,76,68,68,59,66,77,82,72,69,69,79,56,68,7,10,8,10,13,58,82,68,62,74,82,76,74,78,68,Center Back,
138,Oğuz,Aydın,,183,3,4,1,Trendyol Süper Lig,76,Right Wing,Finesse Shot,Faster finesse shots with more curve and accuracy,Play Style,Gamechanger,Fancy and Trivela shots are performed with improved accuracy.,Play Style,Whipped Pass,"Accurate, faster crosses with more curve",Play Style,Technical,"Faster Controlled Sprint, precise wide turns while dribbling",Play Style,,,,,,,,,,Turkey,Fenerbahçe,Left Wing,Attack,86,84,71,80,61,66,75,77,66,72,60,80,73,51,10,10,5,6,8,51,70,68,75,72,74,76,59,72,63,Right Midfielder,Left Midfielder
139,Colin,Coosemans,,186,1,4,1,1A Pro League,84,,Footwork,"Exclusive foot saves, better performance on low shots",Play Style,,,,,,,,,,,,,,,,,,,Belgium,RSC Anderlecht,Goalkeeper,Defense,43,47,63,30,63,31,37,33,57,13,12,13,12,15,78,75,74,77,80,13,47,37,9,69,43,56,13,48,17,,
140,Federico,Bernardeschi,,185,4,3,2,Serie A Enilive,77,Striker,Finesse Shot,Faster finesse shots with more curve and accuracy,Play Style,Gamechanger,Fancy and Trivela shots are performed with improved accuracy.,Play Style,Technical,"Faster Controlled Sprint, precise wide turns while dribbling",Play Style,,,,,,,,,,,,,Italy,Bologna,Right Midfielder,Midfielder,75,82,70,74,69,54,76,82,78,80,57,81,72,80,14,15,10,13,12,53,72,74,70,69,76,80,52,75,76,Right Wing,
141,Caio Henrique,Oliveira Silva,Caio Henrique,178,3,2,2,Ligue 1 McDonald's,70,Left Midfielder,Dead Ball,"Faster, accurate set pieces with longer trajectory preview",Play Style,Whipped Pass,"Accurate, faster crosses with more curve",Play Style,Long Throw,Powerful throw-ins for greater distance,Play Style,,,,,,,,,,,,,Brazil,AS Monaco,Left Back,Defense,76,71,71,81,57,69,74,81,80,83,72,77,54,72,11,15,9,6,8,62,70,48,75,74,77,64,75,77,52,,
142,Daichi,Kamada,,184,3,3,1,Premier League,72,Center Attacking Midfielder,Technical,"Faster Controlled Sprint, precise wide turns while dribbling",Play Style,,,,,,,,,,,,,,,,,,,Japan,Crystal Palace,Center Midfielder,Midfielder,74,78,66,75,55,81,78,79,74,74,59,77,74,73,6,10,11,6,11,56,77,78,75,79,79,65,69,78,66,,
143,Eduardo Filipe,Quaresma,Eduardo Quaresma,184,3,3,1,Liga Portugal,79,Right Back,Jockey,"Faster Sprint Jockey, better transition speed",Play Style,Anticipate,"Improved standing tackle success, possibility of stopping ball at feet",Play Style,Slide Tackle,Stops ball at feet during slide tackles,Play Style,,,,,,,,,,,,,Portugal,Sporting CP,Center Back,Defense,84,68,88,69,77,75,70,74,77,65,78,72,45,35,9,13,8,8,8,72,68,43,65,77,70,67,81,68,53,Right Midfielder,
144,Patrick,Wimmer,,182,5,4,1,Bundesliga,77,Right Wing,Acrobatic,"Perform volleys with increased accuracy, acrobatic volley animations",Play Style,Inventive,Fancy and Trivela passes are performed with improved accuracy.,Play Style,Rapid,"Higher sprint speed while dribbling, reduced error on knock-ons",Play Style,First Touch,"Reduced trapping error, faster dribbling transition",Play Style,Relentless,"Increased half time fatigue recovery, longer teammate contain and press",Play Style,,,,,,,Austria,VfL Wolfsburg,Center Attacking Midfielder,Midfielder,83,85,70,78,73,65,83,79,70,73,53,82,70,50,12,13,9,14,13,44,66,52,76,75,74,75,47,78,57,Center Midfielder,Striker
145,İsmail,Yüksek,,183,3,3,1,Trendyol Süper Lig,77,Center Midfielder,Jockey,"Faster Sprint Jockey, better transition speed",Play Style,Slide Tackle,Stops ball at feet during slide tackles,Play Style,Aerial Fortress,Performs higher jumps and has physical defensive presence before and during aerial duels,Play Style,,,,,,,,,,,,,Turkey,Fenerbahçe,Center Defensive Midfielder,Midfielder,76,77,80,85,74,80,69,77,64,63,70,72,53,58,13,15,8,14,13,70,75,48,62,71,76,72,77,68,45,,
146,Habib,Diarra,,178,2,2,1,Premier League,75,Center Attacking Midfielder,Technical,"Faster Controlled Sprint, precise wide turns while dribbling",Play Style,,,,,,,,,,,,,,,,,,,Senegal,Sunderland,Center Midfielder,Midfielder,74,73,72,77,69,68,70,78,77,56,66,78,66,52,8,12,7,7,8,58,77,59,76,76,78,78,76,77,52,,
147,José Pedro,Malheiro de Sá,José Sá,192,1,2,1,Premier League,84,,Footwork,"Exclusive foot saves, better performance on low shots",Play Style,Rush Out,"Unique reflex saves, better close shot reads, faster rush",Play Style,,,,,,,,,,,,,,,,Portugal,Wolves,Goalkeeper,Defense,52,62,72,34,75,35,40,19,45,18,14,17,15,21,77,75,70,76,77,14,42,11,17,75,48,53,19,50,17,,
148,Claudio,Aquino,,172,4,3,1,Libertadores,70,Center Midfielder,Power Shot,Faster power shots with increased speed,Play Style,Dead Ball,"Faster, accurate set pieces with longer trajectory preview",Play Style,Incisive Pass,"Accurate through passes, curvier swerve passes, faster precision passes",Play Style,,,,,,,,,,,,,Argentina,,Center Attacking Midfielder,Midfielder,84,86,79,70,74,67,90,81,74,75,40,80,72,80,10,15,16,15,10,58,77,74,76,75,70,87,48,81,73,,
149,Nélson,Cabral Semedo,Nélson Semedo,177,4,3,1,Trendyol Süper Lig,69,Right Midfielder,Whipped Pass,"Accurate, faster crosses with more curve",Play Style,Rapid,"Higher sprint speed while dribbling, reduced error on knock-ons",Play Style,,,,,,,,,,,,,,,,Portugal,Fenerbahçe,Right Back,Defense,79,80,74,78,69,78,76,77,76,75,73,77,49,34,16,12,10,14,12,58,67,38,70,75,75,73,77,64,42,,
150,Valentin,Rosier,,175,3,2,1,LALIGA EA SPORTS,75,Right Midfielder,Jockey,"Faster Sprint Jockey, better transition speed",Play Style,Long Throw,Powerful throw-ins for greater distance,Play Style,,,,,,,,,,,,,,,,France,CA Osasuna,Right Back,Defense,80,84,72,78,73,79,85,75,74,75,70,74,45,45,8,13,10,10,9,63,68,42,74,74,72,64,74,72,47,,
151,Nemanja,Gudelj,,187,3,2,1,LALIGA EA SPORTS,79,Center Defensive Midfielder,Power Shot,Faster power shots with increased speed,Play Style,Aerial Fortress,Performs higher jumps and has physical defensive presence before and during aerial duels,Play Style,,,,,,,,,,,,,,,,Serbia,Sevilla FC,Center Back,Defense,44,59,77,79,87,82,50,76,78,74,75,66,62,79,8,11,8,14,12,75,80,74,65,78,80,89,76,74,69,,
152,Ben,Chilwell,,180,3,3,2,Ligue 1 McDonald's,77,Left Midfielder,Jockey,"Faster Sprint Jockey, better transition speed",Play Style,,,,,,,,,,,,,,,,,,,England,Strasbourg,Left Back,Defense,69,68,73,62,68,72,64,77,75,81,76,76,57,70,10,7,14,7,10,68,77,55,74,77,77,72,77,73,72,,
153,Ludovic,Blas,,180,4,2,2,Ligue 1 McDonald's,77,Right Wing,Power Shot,Faster power shots with increased speed,Play Style,Low Driven Shot,"Enhances a player's ability to execute low driven shots with increased accuracy, faster ball travel, and quicker shot execution.",Play Style,Gamechanger,Fancy and Trivela shots are performed with improved accuracy.,Play Style,Pinged Pass,Faster ground passes without affecting receiver's trapping,Play Style,Technical,"Faster Controlled Sprint, precise wide turns while dribbling",Play Style,First Touch,"Reduced trapping error, faster dribbling transition",Play Style,,,,France,Stade Rennais FC,Right Midfielder,Midfielder,77,79,72,71,63,55,76,80,81,72,47,80,74,69,12,9,14,14,15,58,74,80,72,73,78,82,64,77,76,Center Attacking Midfielder,
154,Dominik,Kotarski,,189,1,3,1,3F Superliga,80,,Footwork,"Exclusive foot saves, better performance on low shots",Play Style,,,,,,,,,,,,,,,,,,,Croatia,F.C. København,Goalkeeper,Defense,46,55,62,31,59,38,53,39,50,12,15,20,6,12,79,72,76,73,80,11,43,15,11,75,48,57,14,61,8,,
155,Alexandre,Moreno Lopera,Álex Moreno,179,3,2,2,LALIGA EA SPORTS,68,Left Midfielder,,,,,,,,,,,,,,,,,,,,,,Spain,Girona FC,Left Back,Defense,74,75,71,68,60,75,76,75,71,77,75,74,64,52,15,7,12,11,9,63,68,56,72,76,75,63,77,72,52,,
156,Jae Sung,Lee,Lee Jae Sung,181,3,3,2,Bundesliga,74,Center Midfielder,Finesse Shot,Faster finesse shots with more curve and accuracy,Play Style,Precision Header,Performs headers with increased accuracy and power.,Play Style,Intercept,Increased reach and possession retention in interceptions,Play Style,Aerial Fortress,Performs higher jumps and has physical defensive presence before and during aerial duels,Play Style,Relentless,"Increased half time fatigue recovery, longer teammate contain and press",Play Style,,,,,,,Korea Republic,1. FSV Mainz 05,Center Attacking Midfielder,Midfielder,74,84,87,85,56,62,82,81,78,68,53,80,71,54,14,7,15,6,8,81,70,50,81,78,76,71,65,75,72,,
157,Houssem,Aouar,,175,4,3,1,ROSHN Saudi League,70,Center Midfielder,Dead Ball,"Faster, accurate set pieces with longer trajectory preview",Play Style,Incisive Pass,"Accurate through passes, curvier swerve passes, faster precision passes",Play Style,Inventive,Fancy and Trivela passes are performed with improved accuracy.,Play Style,Technical,"Faster Controlled Sprint, precise wide turns while dribbling",Play Style,,,,,,,,,,Algeria,Al Ittihad,Center Attacking Midfielder,Midfielder,68,78,69,66,62,68,81,81,76,65,66,84,73,70,14,6,11,7,10,64,76,79,76,76,79,69,64,78,72,,
158,Artem,Bondarenko,,182,3,2,2,Ukrayina Liha,74,Center Midfielder,Pinged Pass,Faster ground passes without affecting receiver's trapping,Play Style,Long Ball Pass,"Accurate, faster Lob and Lofted Through Passes",Play Style,,,,,,,,,,,,,,,,Ukraine,Shakhtar Donetsk,Center Attacking Midfielder,Midfielder,73,70,71,70,60,64,56,78,76,71,61,79,72,66,13,14,11,8,14,62,74,69,73,77,80,73,64,78,59,Center Defensive Midfielder,
159,Ansgar,Knauff,,180,3,3,1,Bundesliga,73,Left Midfielder,Rapid,"Higher sprint speed while dribbling, reduced error on knock-ons",Play Style,Quick Step,Faster acceleration during Explosive Sprint,Play Style,,,,,,,,,,,,,,,,Germany,Frankfurt,Right Midfielder,Midfielder,88,79,67,76,55,73,77,77,69,74,58,76,75,43,8,13,13,14,7,48,53,51,73,72,76,73,57,72,64,Center Attacking Midfielder,Right Back
160,Leo,Román Riquelme,Leo Román,189,1,3,1,LALIGA EA SPORTS,83,,Cross Claimer,"Unique punching animations, powerful punches, faster crosses coverage",Play Style,,,,,,,,,,,,,,,,,,,Spain,RCD Mallorca,Goalkeeper,Defense,49,50,67,44,68,23,47,18,46,14,12,16,12,12,76,75,72,75,78,12,25,15,11,76,28,54,14,49,10,,
161,Filip,Jörgensen,,192,1,3,1,Premier League,85,,Far Throw,Unique goalkeeper throw animations with longer throw distance,Play Style,Footwork,"Exclusive foot saves, better performance on low shots",Play Style,,,,,,,,,,,,,,,,Denmark,Chelsea,Goalkeeper,Defense,45,55,63,35,62,25,40,40,55,10,17,18,11,11,77,76,72,77,78,12,47,11,10,74,45,54,13,50,10,,
162,Éver,Banega,,176,4,4,1,LPF,78,Center Defensive Midfielder,Incisive Pass,"Accurate through passes, curvier swerve passes, faster precision passes",Play Style,Long Ball Pass,"Accurate, faster Lob and Lofted Through Passes",Play Style,Whipped Pass,"Accurate, faster crosses with more curve",Play Style,Inventive,Fancy and Trivela passes are performed with improved accuracy.,Play Style,Press Proven,"Close control at jog speed, shields ball more effectively",Play Style,,,,,,,Argentina,Newell's,Center Midfielder,Midfielder,53,69,58,73,71,77,83,77,78,79,72,78,71,77,13,8,7,7,10,55,85,68,75,73,82,77,73,75,65,Center Attacking Midfielder,
163,Sergio,Roberto Carnicer,Sergi Roberto,178,3,3,1,Serie A Enilive,68,Center Midfielder,,,,,,,,,,,,,,,,,,,,,,Spain,Como,Center Defensive Midfielder,Midfielder,67,66,69,74,60,67,74,79,76,76,74,74,63,60,14,16,11,15,10,66,78,57,69,77,81,65,75,80,50,,
164,Oleksandr,Zinchenko,,175,3,3,2,Premier League,64,,Pinged Pass,Faster ground passes without affecting receiver's trapping,Play Style,,,,,,,,,,,,,,,,,,,Ukraine,Nott'm Forest,Left Back,Defense,67,79,66,68,53,74,79,78,78,80,75,78,58,76,15,11,13,11,11,70,79,58,75,77,79,78,78,78,61,,
165,Georges,Mikautadze,,176,4,3,1,LALIGA EA SPORTS,71,,Finesse Shot,Faster finesse shots with more curve and accuracy,Play Style,Gamechanger,Fancy and Trivela shots are performed with improved accuracy.,Play Style,Technical,"Faster Controlled Sprint, precise wide turns while dribbling",Play Style,First Touch,"Reduced trapping error, faster dribbling transition",Play Style,,,,,,,,,,Georgia,Villarreal CF,Striker,Attack,81,85,77,76,67,67,81,79,78,72,39,80,80,73,12,9,9,5,7,62,68,82,80,75,76,81,40,71,80,,
166,Ramón,Terrats Espacio,Terrats,181,3,3,2,LALIGA EA SPORTS,71,Right Midfielder,,,,,,,,,,,,,,,,,,,,,,Spain,RCD Espanyol,Center Midfielder,Midfielder,60,68,69,74,70,73,63,77,71,66,70,76,74,52,8,9,5,14,11,63,77,55,77,75,80,68,76,77,55,Center Defensive Midfielder,Right Wing
167,Dominik,Kohr,,183,2,3,1,Bundesliga,80,Center Defensive Midfielder,Intercept,Increased reach and possession retention in interceptions,Play Style,Slide Tackle,Stops ball at feet during slide tackles,Play Style,Relentless,"Increased half time fatigue recovery, longer teammate contain and press",Play Style,Bruiser,Stronger physical tackles,Play Style,,,,,,,,,,Germany,1. FSV Mainz 05,Center Back,Defense,74,67,81,76,77,94,67,70,76,42,76,68,58,48,6,11,9,10,7,70,64,47,52,74,70,77,76,64,45,Center Midfielder,
168,Nick,Olij,,184,1,2,1,Eredivisie,78,,Long Ball Pass,"Accurate, faster Lob and Lofted Through Passes",Play Style,Far Throw,Unique goalkeeper throw animations with longer throw distance,Play Style,Far Reach,"Unique far dive animations, better long shot saves",Play Style,,,,,,,,,,,,,Holland,,Goalkeeper,Defense,50,31,61,26,52,24,68,25,31,18,9,12,17,20,82,75,62,74,80,16,45,27,20,72,26,47,14,46,20,,
169,Mathias,Jensen,,180,3,4,1,Premier League,68,Center Defensive Midfielder,Long Throw,Powerful throw-ins for greater distance,Play Style,,,,,,,,,,,,,,,,,,,Denmark,Brentford,Center Midfielder,Midfielder,64,77,64,76,68,77,77,76,78,79,73,74,64,68,5,13,10,8,12,50,81,69,71,78,79,63,73,79,50,,
170,Mason,Mount,,181,3,4,1,Premier League,74,Center Midfielder,,,,,,,,,,,,,,,,,,,,,,England,Man Utd,Center Attacking Midfielder,Midfielder,68,72,63,60,56,73,72,80,79,80,58,79,75,82,11,12,13,8,12,55,79,69,77,77,79,79,69,78,75,Right Wing,
171,Neil,El Aynaoui,,185,3,3,1,Serie A Enilive,77,Center Defensive Midfielder,Intercept,Increased reach and possession retention in interceptions,Play Style,Aerial Fortress,Performs higher jumps and has physical defensive presence before and during aerial duels,Play Style,,,,,,,,,,,,,,,,Morocco,AS Roma,Center Midfielder,Midfielder,57,69,83,82,75,64,52,78,75,74,69,75,61,53,10,5,7,14,5,73,79,79,69,77,79,64,76,77,46,,
172,Tiago,Carvalho Santos,Tiago Santos,175,3,3,1,Ligue 1 McDonald's,71,Right Midfielder,,,,,,,,,,,,,,,,,,,,,,Portugal,LOSC Lille,Right Back,Defense,85,77,68,72,60,69,70,76,75,76,71,78,48,50,10,7,15,7,13,46,72,53,72,74,74,69,76,67,52,,
173,Emerson,Palmieri dos Santos,Emerson,176,3,2,2,Ligue 1 McDonald's,79,Left Midfielder,,,,,,,,,,,,,,,,,,,,,,Italy,OM,Left Back,Defense,73,69,71,76,59,67,75,77,77,78,74,78,52,80,8,15,8,7,14,66,73,55,70,75,76,80,75,67,51,,
174,Nabil,Bentaleb,,187,4,2,2,Ligue 1 McDonald's,78,Center Midfielder,Power Shot,Faster power shots with increased speed,Play Style,Dead Ball,"Faster, accurate set pieces with longer trajectory preview",Play Style,Pinged Pass,Faster ground passes without affecting receiver's trapping,Play Style,Long Ball Pass,"Accurate, faster Lob and Lofted Through Passes",Play Style,Inventive,Fancy and Trivela passes are performed with improved accuracy.,Play Style,Aerial Fortress,Performs higher jumps and has physical defensive presence before and during aerial duels,Play Style,Technical,"Faster Controlled Sprint, precise wide turns while dribbling",Play Style,Algeria,LOSC Lille,Center Defensive Midfielder,Midfielder,51,70,69,64,76,77,69,82,80,65,72,80,65,71,9,10,16,9,15,62,79,83,65,74,83,83,74,80,68,,
175,Martin,Dúbravka,,190,1,2,1,Premier League,80,,Far Throw,Unique goalkeeper throw animations with longer throw distance,Play Style,Footwork,"Exclusive foot saves, better performance on low shots",Play Style,Cross Claimer,"Unique punching animations, powerful punches, faster crosses coverage",Play Style,,,,,,,,,,,,,Slovakia,Burnley,Goalkeeper,Defense,36,47,60,38,60,28,60,33,59,12,19,19,10,13,76,76,78,75,79,12,59,20,12,73,48,59,15,58,11,,
176,Vincent,Janssen,,183,3,4,2,1A Pro League,88,Center Attacking Midfielder,Power Shot,Faster power shots with increased speed,Play Style,Low Driven Shot,"Enhances a player's ability to execute low driven shots with increased accuracy, faster ball travel, and quicker shot execution.",Play Style,Slide Tackle,Stops ball at feet during slide tackles,Play Style,Aerial Fortress,Performs higher jumps and has physical defensive presence before and during aerial duels,Play Style,Enforcer,Performs dribble Shoulder Challenges and Shielding with increased effectiveness.,Play Style,,,,,,,Holland,Royal Antwerp FC,Striker,Attack,68,65,86,85,91,85,63,76,80,54,45,70,77,66,13,7,11,15,16,73,73,75,80,81,76,82,47,74,68,Center Midfielder,
177,Ko,Itakura,,188,3,4,1,Eredivisie,80,Center Defensive Midfielder,Block,Increased reach and success in blocking,Play Style,Slide Tackle,Stops ball at feet during slide tackles,Play Style,,,,,,,,,,,,,,,,Japan,,Center Back,Defense,77,70,84,76,75,76,69,74,76,34,77,75,60,40,13,6,9,10,12,74,73,38,53,76,78,67,77,59,58,,
178,Orel,Mangala,,178,3,3,1,Ligue 1 McDonald's,80,Center Midfielder,,,,,,,,,,,,,,,,,,,,,,Belgium,OL,Center Defensive Midfielder,Midfielder,73,77,69,77,70,78,80,79,78,61,76,79,51,50,7,6,7,7,10,51,75,42,64,78,78,66,73,76,50,,
179,Ibrahim,Sangaré,,191,3,4,1,Premier League,77,Center Midfielder,Press Proven,"Close control at jog speed, shields ball more effectively",Play Style,Bruiser,Stronger physical tackles,Play Style,Enforcer,Performs dribble Shoulder Challenges and Shielding with increased effectiveness.,Play Style,,,,,,,,,,,,,Côte d'Ivoire,Nott'm Forest,Center Defensive Midfielder,Midfielder,62,54,75,66,87,75,58,74,75,66,76,74,59,62,7,13,11,6,7,71,75,64,68,75,76,80,78,72,62,,
180,Manuel,Morlanes Ariño,Manu Morlanes,178,3,3,1,LALIGA EA SPORTS,75,Center Defensive Midfielder,,,,,,,,,,,,,,,,,,,,,,Spain,RCD Mallorca,Center Midfielder,Midfielder,68,70,67,78,65,69,73,77,73,67,73,76,64,70,5,9,14,11,14,55,79,68,69,76,81,66,74,78,60,,
181,Adrien,Truffert,,176,3,3,2,Premier League,72,Left Midfielder,Whipped Pass,"Accurate, faster crosses with more curve",Play Style,,,,,,,,,,,,,,,,,,,France,AFC Bournemouth,Left Back,Defense,75,70,71,84,65,67,75,76,68,78,71,76,52,53,6,6,6,6,8,59,72,54,71,71,72,69,78,66,58,,
182,Ryan,Flamingo,,185,3,4,1,Eredivisie,73,,Precision Header,Performs headers with increased accuracy and power.,Play Style,Long Ball Pass,"Accurate, faster Lob and Lofted Through Passes",Play Style,Intercept,Increased reach and possession retention in interceptions,Play Style,Anticipate,"Improved standing tackle success, possibility of stopping ball at feet",Play Style,Aerial Fortress,Performs higher jumps and has physical defensive presence before and during aerial duels,Play Style,Bruiser,Stronger physical tackles,Play Style,,,,Holland,,Center Back,Defense,70,69,85,76,85,80,67,69,71,59,75,65,62,41,13,11,14,5,8,75,72,68,65,75,75,72,78,64,69,,
183,Davy,Klaassen,,179,3,3,1,Eredivisie,70,Center Defensive Midfielder,First Touch,"Reduced trapping error, faster dribbling transition",Play Style,,,,,,,,,,,,,,,,,,,Holland,,Center Midfielder,Midfielder,55,65,78,83,75,76,70,79,80,66,74,70,79,53,12,6,13,16,10,76,75,75,82,77,79,79,74,77,79,,
184,Adrien,Thomasson,,175,4,4,1,Ligue 1 McDonald's,72,Center Attacking Midfielder,Incisive Pass,"Accurate through passes, curvier swerve passes, faster precision passes",Play Style,Pinged Pass,Faster ground passes without affecting receiver's trapping,Play Style,Relentless,"Increased half time fatigue recovery, longer teammate contain and press",Play Style,,,,,,,,,,,,,France,RC Lens,Center Midfielder,Midfielder,62,77,68,90,65,69,79,78,77,75,61,77,73,70,14,9,15,9,13,61,75,68,75,78,78,75,69,77,66,,
185,Aimar,Oroz Huarte,Aimar Oroz,177,3,3,1,LALIGA EA SPORTS,72,Center Attacking Midfielder,,,,,,,,,,,,,,,,,,,,,,Spain,CA Osasuna,Center Midfielder,Midfielder,70,72,71,78,64,49,70,80,75,65,52,80,76,59,6,6,13,6,13,65,75,70,77,75,81,75,70,76,63,Left Midfielder,
186,Gabriel,Arias,,189,1,3,1,LPF,85,,,,,,,,,,,,,,,,,,,,,,,Chile,Racing Club,Goalkeeper,Defense,45,46,68,35,67,33,57,40,45,15,27,25,18,20,76,75,72,76,76,22,42,26,17,76,38,54,21,50,14,,
187,Matías,Vargas,,168,4,2,1,ROSHN Saudi League,66,Striker,Finesse Shot,Faster finesse shots with more curve and accuracy,Play Style,Technical,"Faster Controlled Sprint, precise wide turns while dribbling",Play Style,,,,,,,,,,,,,,,,Argentina,Al Fateh,Left Midfielder,Midfielder,87,86,71,85,68,64,86,73,76,64,41,81,73,73,10,13,14,10,7,45,66,68,75,71,71,74,39,79,65,Center Attacking Midfielder,Left Wing
188,Philipp,Köhn,,190,1,2,1,Ligue 1 McDonald's,80,,Cross Claimer,"Unique punching animations, powerful punches, faster crosses coverage",Play Style,,,,,,,,,,,,,,,,,,,Switzerland,AS Monaco,Goalkeeper,Defense,48,56,65,28,63,28,26,28,32,11,12,23,8,14,78,74,69,75,78,12,30,16,7,74,35,52,13,54,6,,
189,Andreas,Skov Olsen,,187,4,4,2,Bundesliga,75,Right Midfielder,Rapid,"Higher sprint speed while dribbling, reduced error on knock-ons",Play Style,,,,,,,,,,,,,,,,,,,Denmark,VfL Wolfsburg,Right Wing,Attack,85,76,79,72,70,62,76,80,72,76,39,80,77,72,13,8,7,7,11,64,69,68,74,66,73,80,37,68,79,,
190,Sacha,Boey,,178,3,3,1,Bundesliga,76,,Jockey,"Faster Sprint Jockey, better transition speed",Play Style,Intercept,Increased reach and possession retention in interceptions,Play Style,Relentless,"Increased half time fatigue recovery, longer teammate contain and press",Play Style,,,,,,,,,,,,,France,FC Bayern München,Right Back,Defense,78,79,79,74,75,84,78,75,74,69,75,74,44,45,10,11,13,10,6,63,67,49,68,77,73,69,79,58,38,,
191,Yankuba,Minteh,,180,4,3,2,Premier League,65,Right Wing,Rapid,"Higher sprint speed while dribbling, reduced error on knock-ons",Play Style,Quick Step+,Significantly faster acceleration during Explosive Sprint,Play Style Plus,,,,,,,,,,,,,,,,Gambia,Brighton,Right Midfielder,Midfielder,94,92,60,70,47,63,80,79,70,73,58,81,75,38,9,8,7,11,8,40,57,57,76,73,69,67,60,69,53,,
192,Berke,Özer,,190,1,3,1,Ligue 1 McDonald's,73,,Footwork,"Exclusive foot saves, better performance on low shots",Play Style,,,,,,,,,,,,,,,,,,,Turkey,LOSC Lille,Goalkeeper,Defense,40,31,61,38,61,29,45,29,60,15,18,21,11,11,77,73,70,76,79,10,34,21,11,73,43,53,19,48,10,,
193,Charles,Vanhoutte,,182,2,3,1,Ligue 1 McDonald's,76,Center Midfielder,Intercept,Increased reach and possession retention in interceptions,Play Style,Slide Tackle,Stops ball at feet during slide tackles,Play Style,Aerial Fortress,Performs higher jumps and has physical defensive presence before and during aerial duels,Play Style,,,,,,,,,,,,,Belgium,OGC Nice,Center Defensive Midfielder,Midfielder,62,68,72,85,75,77,67,74,71,76,75,71,63,71,14,12,11,7,8,63,76,61,66,77,78,70,74,75,51,,
194,Álvaro,Medrán Just,Medrán,178,3,5,1,ROSHN Saudi League,71,Center Defensive Midfielder,Finesse Shot,Faster finesse shots with more curve and accuracy,Play Style,Dead Ball,"Faster, accurate set pieces with longer trajectory preview",Play Style,Long Ball Pass,"Accurate, faster Lob and Lofted Through Passes",Play Style,Tiki Taka,Accurate first-time Ground Passes,Play Style,Aerial Fortress,Performs higher jumps and has physical defensive presence before and during aerial duels,Play Style,Technical,"Faster Controlled Sprint, precise wide turns while dribbling",Play Style,,,,Spain,Al Ettifaq,Center Midfielder,Midfielder,56,77,71,78,77,49,70,79,80,77,65,75,67,73,13,14,13,12,10,61,81,60,71,76,81,75,64,79,68,Center Attacking Midfielder,
195,Ché,Adams,,175,3,3,1,Serie A Enilive,70,,Power Shot,Faster power shots with increased speed,Play Style,Gamechanger,Fancy and Trivela shots are performed with improved accuracy.,Play Style,,,,,,,,,,,,,,,,Scotland,Torino,Striker,Attack,80,80,77,78,68,74,75,78,72,58,36,77,81,59,16,13,12,15,9,66,56,69,78,77,70,86,45,66,74,,
196,Hamed Junior,Traoré,,177,3,3,1,Ligue 1 McDonald's,77,Center Attacking Midfielder,Technical,"Faster Controlled Sprint, precise wide turns while dribbling",Play Style,,,,,,,,,,,,,,,,,,,Côte d'Ivoire,OM,Left Midfielder,Midfielder,80,79,73,68,58,59,72,82,67,71,60,81,71,67,8,10,14,12,11,64,70,64,75,73,74,74,60,73,66,Left Wing,
197,Joshua,Zirkzee,,193,4,3,1,Premier League,89,Center Attacking Midfielder,Technical,"Faster Controlled Sprint, precise wide turns while dribbling",Play Style,First Touch,"Reduced trapping error, faster dribbling transition",Play Style,,,,,,,,,,,,,,,,Holland,Man Utd,Striker,Attack,74,76,86,69,84,60,61,85,79,58,40,85,77,66,6,11,12,8,14,71,72,77,78,74,78,76,36,79,75,,
198,Rodrigo,Riquelme Reche,Riquelme,174,3,3,1,LALIGA EA SPORTS,68,Right Midfielder,Technical,"Faster Controlled Sprint, precise wide turns while dribbling",Play Style,,,,,,,,,,,,,,,,,,,Spain,Real Betis,Left Midfielder,Midfielder,83,83,66,69,53,59,81,76,76,74,50,78,71,56,9,10,8,9,12,51,72,55,76,74,76,77,48,76,65,Left Wing,
199,Wilfried,Zaha,,180,5,3,1,MLS,66,Left Midfielder,Gamechanger,Fancy and Trivela shots are performed with improved accuracy.,Play Style,Technical,"Faster Controlled Sprint, precise wide turns while dribbling",Play Style,Trickster,Performs unique flick Skill Moves,Play Style,Quick Step,Faster acceleration during Explosive Sprint,Play Style,,,,,,,,,,Côte d'Ivoire,Charlotte FC,Left Wing,Attack,81,80,72,69,72,75,72,80,80,72,34,80,73,54,15,10,15,11,10,47,69,77,74,73,76,82,39,73,68,Striker,
200,Alphonso,Davies,,185,4,3,2,Bundesliga,77,Left Midfielder,Rapid,"Higher sprint speed while dribbling, reduced error on knock-ons",Play Style,Quick Step,Faster acceleration during Explosive Sprint,Play Style,,,,,,,,,,,,,,,,Canada,FC Bayern München,Left Back,Defense,95,84,95,79,75,72,83,85,78,85,72,85,64,44,11,11,6,5,14,74,71,54,77,86,84,74,74,77,59,,
201,Jordan,Pickford,,185,1,4,2,Premier League,77,,Long Ball Pass,"Accurate, faster Lob and Lofted Through Passes",Play Style,Far Throw,Unique goalkeeper throw animations with longer throw distance,Play Style,Footwork,"Exclusive foot saves, better performance on low shots",Play Style,,,,,,,,,,,,,England,Everton,Goalkeeper,Defense,57,59,75,40,72,45,55,42,65,17,21,20,19,16,84,78,88,81,87,18,61,48,18,82,59,66,20,69,20,,
202,Denzel,Dumfries,,188,2,3,1,Serie A Enilive,80,Right Midfielder,Precision Header,Performs headers with increased accuracy and power.,Play Style,Rapid,"Higher sprint speed while dribbling, reduced error on knock-ons",Play Style,Quick Step,Faster acceleration during Explosive Sprint,Play Style,Long Throw,Powerful throw-ins for greater distance,Play Style,,,,,,,,,,Holland,Lombardia FC,Right Back,Defense,78,69,91,88,81,84,60,82,78,82,79,80,75,45,10,10,7,13,14,85,74,51,82,83,80,74,79,67,51,,
203,Sergej,Milinković-Savić,,192,4,5,1,ROSHN Saudi League,95,Center Defensive Midfielder,Dead Ball,"Faster, accurate set pieces with longer trajectory preview",Play Style,Precision Header,Performs headers with increased accuracy and power.,Play Style,Incisive Pass,"Accurate through passes, curvier swerve passes, faster precision passes",Play Style,Pinged Pass,Faster ground passes without affecting receiver's trapping,Play Style,Inventive,Fancy and Trivela passes are performed with improved accuracy.,Play Style,Aerial Fortress,Performs higher jumps and has physical defensive presence before and during aerial duels,Play Style,First Touch,"Reduced trapping error, faster dribbling transition",Play Style,Serbia,Al Hilal,Center Midfielder,Midfielder,60,58,88,92,90,79,62,87,84,71,77,84,81,83,7,10,7,16,7,86,86,64,83,80,82,82,76,84,74,Center Attacking Midfielder,
204,Joško,Gvardiol,,185,3,5,2,Premier League,80,Center Back,Low Driven Shot,"Enhances a player's ability to execute low driven shots with increased accuracy, faster ball travel, and quicker shot execution.",Play Style,Pinged Pass,Faster ground passes without affecting receiver's trapping,Play Style,Jockey,"Faster Sprint Jockey, better transition speed",Play Style,Block+,Greater reach and success in blocking,Play Style Plus,,,,,,,,,,Croatia,Manchester City,Left Back,Defense,77,68,88,81,80,86,67,80,81,73,84,78,68,59,5,8,6,9,11,80,76,61,69,85,81,81,85,70,60,Left Midfielder,
205,Aurélien,Tchouaméni,,187,3,3,1,LALIGA EA SPORTS,81,Center Midfielder,Precision Header,Performs headers with increased accuracy and power.,Play Style,Jockey,"Faster Sprint Jockey, better transition speed",Play Style,Intercept,Increased reach and possession retention in interceptions,Play Style,Anticipate,"Improved standing tackle success, possibility of stopping ball at feet",Play Style,Aerial Fortress,Performs higher jumps and has physical defensive presence before and during aerial duels,Play Style,Relentless,"Increased half time fatigue recovery, longer teammate contain and press",Play Style,Bruiser,Stronger physical tackles,Play Style,France,Real Madrid,Center Defensive Midfielder,Midfielder,73,72,84,83,82,80,70,81,82,68,81,78,65,53,9,8,12,12,7,75,84,55,74,82,85,78,83,81,50,Center Back,
206,Marc,Cucurella Saseta,Marc Cucurella,174,3,3,2,Premier League,66,,Jockey,"Faster Sprint Jockey, better transition speed",Play Style,Block,Increased reach and success in blocking,Play Style,Press Proven,"Close control at jog speed, shields ball more effectively",Play Style,Relentless,"Increased half time fatigue recovery, longer teammate contain and press",Play Style,,,,,,,,,,Spain,Chelsea,Left Back,Defense,77,82,86,89,70,85,83,80,79,81,83,78,61,63,13,7,9,10,11,72,79,57,76,84,82,73,84,77,55,,
207,Alejandro,Grimaldo García,Grimaldo,171,4,2,2,Bundesliga,68,Left Back,Finesse Shot,Faster finesse shots with more curve and accuracy,Play Style,Dead Ball,"Faster, accurate set pieces with longer trajectory preview",Play Style,Inventive,Fancy and Trivela passes are performed with improved accuracy.,Play Style,First Touch,"Reduced trapping error, faster dribbling transition",Play Style,Whipped Pass+,"Highly accurate, faster crosses with more curve and powerful driven crosses",Play Style Plus,,,,,,,Spain,Leverkusen,Left Midfielder,Midfielder,76,84,68,91,54,69,86,86,83,91,76,84,67,89,7,13,10,7,13,62,86,54,78,85,86,84,75,85,63,Left Wing,
208,Benjamin,Pavard,,186,3,3,1,Ligue 1 McDonald's,81,,Jockey+,"Increased max Sprint Jockey speed, improved transition",Play Style Plus,,,,,,,,,,,,,,,,,,,France,OM,Center Back,Defense,74,71,87,80,76,81,66,79,83,76,85,71,60,51,9,7,15,7,15,84,81,51,68,86,83,80,89,69,81,,
209,Enzo,Fernández,,178,3,4,1,Premier League,76,Center Defensive Midfielder,First Touch,"Reduced trapping error, faster dribbling transition",Play Style,Press Proven,"Close control at jog speed, shields ball more effectively",Play Style,Relentless,"Increased half time fatigue recovery, longer teammate contain and press",Play Style,Long Ball Pass+,"Even more accurate, faster Lob and Lofted Through Passes",Play Style Plus,,,,,,,,,,Argentina,Chelsea,Center Midfielder,Midfielder,68,75,74,85,67,83,78,85,82,79,72,80,72,76,8,6,7,8,10,71,89,73,78,86,88,82,75,86,77,Center Attacking Midfielder,
210,Wojciech,Szczęsny,,196,1,3,1,LALIGA EA SPORTS,90,,Far Throw,Unique goalkeeper throw animations with longer throw distance,Play Style,,,,,,,,,,,,,,,,,,,Poland,FC Barcelona,Goalkeeper,Defense,49,55,69,45,65,40,51,22,65,12,20,11,12,14,82,83,75,84,84,16,66,18,14,80,51,56,13,48,14,,
211,Alejandro,Baena Rodríguez,Álex Baena,175,3,4,1,LALIGA EA SPORTS,70,Striker,Dead Ball,"Faster, accurate set pieces with longer trajectory preview",Play Style,Incisive Pass,"Accurate through passes, curvier swerve passes, faster precision passes",Play Style,Long Ball Pass,"Accurate, faster Lob and Lofted Through Passes",Play Style,Tiki Taka,Accurate first-time Ground Passes,Play Style,Inventive,Fancy and Trivela passes are performed with improved accuracy.,Play Style,Technical,"Faster Controlled Sprint, precise wide turns while dribbling",Play Style,First Touch,"Reduced trapping error, faster dribbling transition",Play Style,Spain,Atlético de Madrid,Left Midfielder,Midfielder,79,80,71,78,60,76,76,84,74,85,67,83,77,80,6,11,8,12,11,58,82,68,82,82,87,77,66,84,69,Left Wing,
212,Mattia,Zaccagni,,177,4,4,1,Serie A Enilive,63,Left Wing,Finesse Shot,Faster finesse shots with more curve and accuracy,Play Style,Dead Ball,"Faster, accurate set pieces with longer trajectory preview",Play Style,Gamechanger,Fancy and Trivela shots are performed with improved accuracy.,Play Style,Incisive Pass,"Accurate through passes, curvier swerve passes, faster precision passes",Play Style,Inventive,Fancy and Trivela passes are performed with improved accuracy.,Play Style,Intercept,Increased reach and possession retention in interceptions,Play Style,Technical,"Faster Controlled Sprint, precise wide turns while dribbling",Play Style,Italy,Latium,Left Midfielder,Midfielder,90,92,77,81,59,61,83,87,83,75,55,88,79,71,13,16,14,8,7,66,77,72,80,83,80,78,58,79,74,,
213,Giorgi,Mamardashvili,,199,1,3,2,Premier League,88,,Far Throw,Unique goalkeeper throw animations with longer throw distance,Play Style,Footwork,"Exclusive foot saves, better performance on low shots",Play Style,Cross Claimer,"Unique punching animations, powerful punches, faster crosses coverage",Play Style,,,,,,,,,,,,,Georgia,Liverpool,Goalkeeper,Defense,48,40,71,45,74,25,26,22,26,13,5,11,9,10,84,81,72,84,84,14,20,11,8,74,20,54,12,34,7,,
214,Exequiel,Palacios,,178,3,4,1,Bundesliga,69,Center Defensive Midfielder,Anticipate,"Improved standing tackle success, possibility of stopping ball at feet",Play Style,,,,,,,,,,,,,,,,,,,Argentina,Leverkusen,Center Midfielder,Midfielder,72,78,74,68,67,84,79,84,83,70,80,82,74,54,10,5,8,9,6,67,84,72,79,85,86,81,84,83,63,,
215,Xavi,Simons,,179,4,3,1,Premier League,58,Left Midfielder,Finesse Shot,Faster finesse shots with more curve and accuracy,Play Style,Incisive Pass,"Accurate through passes, curvier swerve passes, faster precision passes",Play Style,Tiki Taka,Accurate first-time Ground Passes,Play Style,Inventive,Fancy and Trivela passes are performed with improved accuracy.,Play Style,Technical,"Faster Controlled Sprint, precise wide turns while dribbling",Play Style,First Touch,"Reduced trapping error, faster dribbling transition",Play Style,,,,Holland,Spurs,Center Attacking Midfielder,Midfielder,83,90,68,82,62,76,87,86,81,74,60,87,79,65,9,11,5,8,10,60,79,61,79,85,84,78,62,85,62,Striker,
216,Manuel,Neuer,,193,1,4,1,Bundesliga,93,,Long Ball Pass,"Accurate, faster Lob and Lofted Through Passes",Play Style,Far Throw,Unique goalkeeper throw animations with longer throw distance,Play Style,Pinged Pass+,Max speed ground passes without affecting receiver's trapping,Play Style Plus,,,,,,,,,,,,,Germany,FC Bayern München,Goalkeeper,Defense,29,51,71,43,80,29,35,44,67,15,17,30,13,11,81,81,90,86,81,25,67,49,12,83,60,68,10,68,11,,
217,Rúben Diogo,da Silva Neves,Rúben Neves,180,3,4,1,ROSHN Saudi League,83,Center Midfielder,Dead Ball,"Faster, accurate set pieces with longer trajectory preview",Play Style,Long Ball Pass,"Accurate, faster Lob and Lofted Through Passes",Play Style,Whipped Pass,"Accurate, faster crosses with more curve",Play Style,Inventive,Fancy and Trivela passes are performed with improved accuracy.,Play Style,Intercept,Increased reach and possession retention in interceptions,Play Style,Aerial Fortress,Performs higher jumps and has physical defensive presence before and during aerial duels,Play Style,,,,Portugal,Al Hilal,Center Defensive Midfielder,Midfielder,58,64,68,80,74,76,73,84,88,85,81,74,66,81,16,12,10,8,10,57,88,84,62,85,88,86,79,87,82,,
218,Cody,Gakpo,,189,4,4,1,Premier League,76,Left Wing,Finesse Shot,Faster finesse shots with more curve and accuracy,Play Style,Precision Header,Performs headers with increased accuracy and power.,Play Style,Whipped Pass,"Accurate, faster crosses with more curve",Play Style,First Touch,"Reduced trapping error, faster dribbling transition",Play Style,Press Proven,"Close control at jog speed, shields ball more effectively",Play Style,,,,,,,Holland,Liverpool,Left Midfielder,Midfielder,85,75,89,76,75,63,67,85,83,83,42,86,81,76,15,11,7,9,5,81,75,68,83,83,81,88,48,81,78,,
219,Bernardo Mota,Carvalho e Silva,Bernardo Silva,173,4,3,2,Premier League,65,Right Midfielder,Low Driven Shot,"Enhances a player's ability to execute low driven shots with increased accuracy, faster ball travel, and quicker shot execution.",Play Style,Gamechanger,Fancy and Trivela shots are performed with improved accuracy.,Play Style,Whipped Pass,"Accurate, faster crosses with more curve",Play Style,Technical,"Faster Controlled Sprint, precise wide turns while dribbling",Play Style,Relentless,"Increased half time fatigue recovery, longer teammate contain and press",Play Style,Tiki Taka+,Even greater accuracy in first-time Ground Passes,Play Style Plus,,,,Portugal,Manchester City,Center Midfielder,Midfielder,68,93,58,90,47,78,92,88,86,82,70,88,78,67,9,10,14,12,9,54,82,64,80,87,86,79,76,85,78,Center Defensive Midfielder,Center Attacking Midfielder
220,Manuel,Locatelli,,185,3,4,1,Serie A Enilive,75,Center Midfielder,Long Ball Pass,"Accurate, faster Lob and Lofted Through Passes",Play Style,Inventive,Fancy and Trivela passes are performed with improved accuracy.,Play Style,Jockey,"Faster Sprint Jockey, better transition speed",Play Style,Block,Increased reach and success in blocking,Play Style,Anticipate,"Improved standing tackle success, possibility of stopping ball at feet",Play Style,Aerial Fortress,Performs higher jumps and has physical defensive presence before and during aerial duels,Play Style,Relentless,"Increased half time fatigue recovery, longer teammate contain and press",Play Style,Italy,Juventus,Center Defensive Midfielder,Midfielder,61,65,72,89,71,81,61,81,82,73,82,76,58,64,11,12,11,10,15,68,84,75,68,82,85,79,85,82,70,,
221,Christian,Pulisic,,178,4,5,1,Serie A Enilive,73,Right Midfielder,Dead Ball,"Faster, accurate set pieces with longer trajectory preview",Play Style,Low Driven Shot,"Enhances a player's ability to execute low driven shots with increased accuracy, faster ball travel, and quicker shot execution.",Play Style,Incisive Pass,"Accurate through passes, curvier swerve passes, faster precision passes",Play Style,Quick Step,Faster acceleration during Explosive Sprint,Play Style,,,,,,,,,,United States,Milano FC,Right Wing,Attack,90,88,70,76,57,70,81,86,83,80,50,86,85,75,8,12,13,16,14,50,75,80,84,85,81,81,42,80,76,Center Attacking Midfielder,
222,Diogo,Meireles Costa,Diogo Costa,187,1,2,1,Liga Portugal,84,,Long Ball Pass,"Accurate, faster Lob and Lofted Through Passes",Play Style,Far Throw,Unique goalkeeper throw animations with longer throw distance,Play Style,Rush Out,"Unique reflex saves, better close shot reads, faster rush",Play Style,,,,,,,,,,,,,Portugal,FC Porto,Goalkeeper,Defense,33,42,61,28,63,23,35,30,44,13,19,18,6,10,83,78,82,83,86,11,55,14,18,83,50,62,13,67,8,,
223,Ollie,Watkins,,180,3,4,1,Premier League,70,,Chip Shot,"Faster, more accurate chip shots",Play Style,Precision Header,Performs headers with increased accuracy and power.,Play Style,Low Driven Shot,"Enhances a player's ability to execute low driven shots with increased accuracy, faster ball travel, and quicker shot execution.",Play Style,Relentless,"Increased half time fatigue recovery, longer teammate contain and press",Play Style,,,,,,,,,,England,Aston Villa,Striker,Attack,77,78,89,88,76,76,70,79,77,67,45,81,85,63,14,14,14,6,10,85,64,74,87,85,79,84,46,77,84,,
224,James,Maddison,,175,4,4,1,Premier League,73,Center Attacking Midfielder,Finesse Shot,Faster finesse shots with more curve and accuracy,Play Style,Dead Ball,"Faster, accurate set pieces with longer trajectory preview",Play Style,Gamechanger,Fancy and Trivela shots are performed with improved accuracy.,Play Style,Incisive Pass,"Accurate through passes, curvier swerve passes, faster precision passes",Play Style,Whipped Pass,"Accurate, faster crosses with more curve",Play Style,Inventive,Fancy and Trivela passes are performed with improved accuracy.,Play Style,,,,England,Spurs,Center Midfielder,Midfielder,70,82,56,78,56,70,82,87,87,84,61,86,80,87,11,14,14,12,14,35,86,77,83,80,86,83,68,87,77,Center Defensive Midfielder,
225,Marco,Carnesecchi,,191,1,3,1,Serie A Enilive,83,,Rush Out,"Unique reflex saves, better close shot reads, faster rush",Play Style,,,,,,,,,,,,,,,,,,,Italy,Bergamo Calcio,Goalkeeper,Defense,24,40,58,28,55,27,25,21,40,11,16,14,8,12,86,83,71,85,86,20,31,17,9,71,36,53,17,54,7,,
226,Omar,Marmoush,,183,4,3,1,Premier League,81,Center Attacking Midfielder,Finesse Shot,Faster finesse shots with more curve and accuracy,Play Style,Dead Ball,"Faster, accurate set pieces with longer trajectory preview",Play Style,Technical,"Faster Controlled Sprint, precise wide turns while dribbling",Play Style,,,,,,,,,,,,,Egypt,Manchester City,Striker,Attack,87,89,80,76,67,72,78,86,84,64,31,87,87,84,11,13,15,8,11,69,63,79,87,85,85,85,30,79,82,Left Wing,
227,Rafael,da Conceição Leão,Rafael Leão,188,5,4,1,Serie A Enilive,81,Left Midfielder,Gamechanger,Fancy and Trivela shots are performed with improved accuracy.,Play Style,Incisive Pass,"Accurate through passes, curvier swerve passes, faster precision passes",Play Style,Rapid,"Higher sprint speed while dribbling, reduced error on knock-ons",Play Style,Trickster,Performs unique flick Skill Moves,Play Style,Quick Step,Faster acceleration during Explosive Sprint,Play Style,,,,,,,Portugal,Milano FC,Left Wing,Attack,93,84,89,75,79,60,79,86,83,84,22,87,82,60,10,12,15,11,9,72,70,63,76,83,83,80,24,81,74,,
228,Éder,Gabriel Militão,Éder Militão,186,2,3,1,LALIGA EA SPORTS,79,,Precision Header,Performs headers with increased accuracy and power.,Play Style,Block,Increased reach and success in blocking,Play Style,Intercept,Increased reach and possession retention in interceptions,Play Style,Aerial Fortress,Performs higher jumps and has physical defensive presence before and during aerial duels,Play Style,,,,,,,,,,Brazil,Real Madrid,Center Back,Defense,80,66,91,85,79,83,62,72,76,69,84,70,48,40,11,8,15,12,15,86,76,60,64,83,78,62,85,59,34,,
229,Romelu,Lukaku,,191,3,4,2,Serie A Enilive,94,,Power Shot,Faster power shots with increased speed,Play Style,Low Driven Shot,"Enhances a player's ability to execute low driven shots with increased accuracy, faster ball travel, and quicker shot execution.",Play Style,Incisive Pass,"Accurate through passes, curvier swerve passes, faster precision passes",Play Style,Press Proven,"Close control at jog speed, shields ball more effectively",Play Style,Enforcer,Performs dribble Shoulder Challenges and Shielding with increased effectiveness.,Play Style,,,,,,,Belgium,SSC Napoli,Striker,Attack,71,55,92,74,94,68,54,80,82,68,35,76,84,60,8,15,14,7,10,83,70,88,88,84,80,86,40,82,70,,
230,Francisco Román,Alarcón Suárez,Isco,176,4,4,1,LALIGA EA SPORTS,79,Left Midfielder,Finesse Shot,Faster finesse shots with more curve and accuracy,Play Style,Dead Ball,"Faster, accurate set pieces with longer trajectory preview",Play Style,Gamechanger,Fancy and Trivela shots are performed with improved accuracy.,Play Style,Incisive Pass,"Accurate through passes, curvier swerve passes, faster precision passes",Play Style,Inventive,Fancy and Trivela passes are performed with improved accuracy.,Play Style,Technical,"Faster Controlled Sprint, precise wide turns while dribbling",Play Style,,,,Spain,Real Betis,Center Attacking Midfielder,Midfielder,67,84,63,67,55,63,84,86,87,84,58,86,80,76,10,8,12,15,6,55,83,78,85,80,86,78,62,88,71,Center Midfielder,
231,Bradley,Barcola,,188,4,4,1,Ligue 1 McDonald's,70,Right Wing,Finesse Shot,Faster finesse shots with more curve and accuracy,Play Style,Gamechanger,Fancy and Trivela shots are performed with improved accuracy.,Play Style,Rapid,"Higher sprint speed while dribbling, reduced error on knock-ons",Play Style,,,,,,,,,,,,,France,Paris SG,Left Wing,Attack,88,88,79,74,64,60,64,84,83,81,34,86,80,64,8,8,15,6,6,69,64,66,84,82,83,74,39,79,73,Left Midfielder,
232,Moussa,Diaby,,170,4,3,2,ROSHN Saudi League,67,Right Wing,Inventive,Fancy and Trivela passes are performed with improved accuracy.,Play Style,Rapid,"Higher sprint speed while dribbling, reduced error on knock-ons",Play Style,First Touch,"Reduced trapping error, faster dribbling transition",Play Style,Quick Step+,Significantly faster acceleration during Explosive Sprint,Play Style Plus,,,,,,,,,,France,Al Ittihad,Right Midfielder,Midfielder,95,92,58,82,37,62,93,84,79,80,48,89,79,56,8,9,8,8,14,41,74,60,79,81,79,74,36,80,67,,
233,Daniel,Vivian Moreno,Vivian,183,2,2,1,LALIGA EA SPORTS,83,,Long Ball Pass,"Accurate, faster Lob and Lofted Through Passes",Play Style,Intercept,Increased reach and possession retention in interceptions,Play Style,,,,,,,,,,,,,,,,Spain,Athletic Club,Center Back,Defense,76,66,89,77,83,87,73,76,72,46,83,70,52,22,9,8,12,10,8,80,75,67,30,84,79,62,85,60,51,,
234,Ademola,Lookman,,174,4,4,1,Serie A Enilive,71,Center Attacking Midfielder,Dead Ball,"Faster, accurate set pieces with longer trajectory preview",Play Style,Low Driven Shot,"Enhances a player's ability to execute low driven shots with increased accuracy, faster ball travel, and quicker shot execution.",Play Style,Gamechanger,Fancy and Trivela shots are performed with improved accuracy.,Play Style,First Touch,"Reduced trapping error, faster dribbling transition",Play Style,Quick Step,Faster acceleration during Explosive Sprint,Play Style,,,,,,,Nigeria,Bergamo Calcio,Striker,Attack,90,93,82,73,63,68,81,88,80,66,30,89,87,56,12,12,9,15,6,71,62,62,87,86,80,86,23,80,80,,
235,Riyad,Mahrez,,179,5,4,2,ROSHN Saudi League,67,Right Wing,Finesse Shot,Faster finesse shots with more curve and accuracy,Play Style,Dead Ball,"Faster, accurate set pieces with longer trajectory preview",Play Style,Low Driven Shot,"Enhances a player's ability to execute low driven shots with increased accuracy, faster ball travel, and quicker shot execution.",Play Style,Incisive Pass,"Accurate through passes, curvier swerve passes, faster precision passes",Play Style,Inventive,Fancy and Trivela passes are performed with improved accuracy.,Play Style,Technical,"Faster Controlled Sprint, precise wide turns while dribbling",Play Style,First Touch,"Reduced trapping error, faster dribbling transition",Play Style,Algeria,Al Ahli,Right Midfielder,Midfielder,81,91,71,79,60,48,90,89,81,81,45,87,80,80,15,9,13,11,6,56,74,73,83,81,82,82,34,82,76,,
236,Alexander,Sørloth,,195,3,4,2,LALIGA EA SPORTS,94,Right Wing,Power Shot,Faster power shots with increased speed,Play Style,Precision Header,Performs headers with increased accuracy and power.,Play Style,Low Driven Shot,"Enhances a player's ability to execute low driven shots with increased accuracy, faster ball travel, and quicker shot execution.",Play Style,Gamechanger,Fancy and Trivela shots are performed with improved accuracy.,Play Style,Enforcer,Performs dribble Shoulder Challenges and Shielding with increased effectiveness.,Play Style,,,,,,,Norway,Atlético de Madrid,Striker,Attack,72,56,91,84,90,74,55,82,83,66,39,77,85,60,15,12,8,15,8,83,59,70,84,83,78,86,23,73,79,Right Midfielder,
237,Francesco,Acerbi,,192,3,3,2,Serie A Enilive,88,,Precision Header,Performs headers with increased accuracy and power.,Play Style,Long Ball Pass,"Accurate, faster Lob and Lofted Through Passes",Play Style,Slide Tackle,Stops ball at feet during slide tackles,Play Style,Aerial Fortress,Performs higher jumps and has physical defensive presence before and during aerial duels,Play Style,Bruiser,Stronger physical tackles,Play Style,Intercept+,Greater reach and possession retention in interceptions,Play Style Plus,,,,Italy,Lombardia FC,Center Back,Defense,61,39,85,73,84,82,34,72,86,34,89,65,37,56,11,9,9,13,11,84,82,61,20,88,79,75,87,65,39,,
238,Stefan,de Vrij,,189,2,3,1,Serie A Enilive,78,,Bruiser,Stronger physical tackles,Play Style,,,,,,,,,,,,,,,,,,,Holland,Lombardia FC,Center Back,Defense,63,60,81,70,74,79,60,74,85,49,88,66,25,36,8,10,7,14,13,82,74,41,31,85,83,65,87,70,27,,
239,Willi,Orban,,186,2,3,1,Bundesliga,89,,Aerial Fortress,Performs higher jumps and has physical defensive presence before and during aerial duels,Play Style,Bruiser,Stronger physical tackles,Play Style,Block+,Greater reach and success in blocking,Play Style Plus,,,,,,,,,,,,,Hungary,RB Leipzig,Center Back,Defense,48,48,89,74,85,86,52,59,73,39,88,52,44,32,15,12,15,10,6,86,68,41,43,84,74,45,88,44,31,,
240,Adrien,Rabiot,,191,3,3,2,Serie A Enilive,80,Center Midfielder,Precision Header,Performs headers with increased accuracy and power.,Play Style,First Touch,"Reduced trapping error, faster dribbling transition",Play Style,Press Proven,"Close control at jog speed, shields ball more effectively",Play Style,,,,,,,,,,,,,France,Milano FC,Center Attacking Midfielder,Midfielder,75,69,90,94,82,77,69,84,85,78,72,81,79,59,9,12,9,7,15,83,80,69,88,84,85,83,79,84,76,,
241,Eduardo,Camavinga,,185,4,3,2,LALIGA EA SPORTS,77,Center Defensive Midfielder,Jockey,"Faster Sprint Jockey, better transition speed",Play Style,Block,Increased reach and success in blocking,Play Style,Technical,"Faster Controlled Sprint, precise wide turns while dribbling",Play Style,Bruiser,Stronger physical tackles,Play Style,,,,,,,,,,France,Real Madrid,Center Midfielder,Midfielder,81,82,82,84,79,79,81,86,84,77,76,84,64,59,12,6,8,12,12,64,84,62,73,82,86,75,82,83,59,Left Back,
242,Dominik,Szoboszlai,,186,4,4,1,Premier League,74,Center Midfielder,Power Shot,Faster power shots with increased speed,Play Style,Whipped Pass,"Accurate, faster crosses with more curve",Play Style,Technical,"Faster Controlled Sprint, precise wide turns while dribbling",Play Style,,,,,,,,,,,,,Hungary,Liverpool,Center Attacking Midfielder,Midfielder,76,78,76,89,69,75,68,84,82,83,65,83,79,83,10,10,13,10,6,65,83,83,83,83,85,89,72,83,81,,
243,Henrikh,Mkhitaryan,,177,4,5,1,Serie A Enilive,75,,Incisive Pass,"Accurate through passes, curvier swerve passes, faster precision passes",Play Style,Inventive,Fancy and Trivela passes are performed with improved accuracy.,Play Style,Jockey,"Faster Sprint Jockey, better transition speed",Play Style,Anticipate,"Improved standing tackle success, possibility of stopping ball at feet",Play Style,Technical,"Faster Controlled Sprint, precise wide turns while dribbling",Play Style,Relentless,"Increased half time fatigue recovery, longer teammate contain and press",Play Style,,,,Armenia,Lombardia FC,Center Midfielder,Midfielder,79,81,77,84,67,82,80,86,85,76,71,82,78,69,5,11,14,5,7,68,82,72,83,83,85,81,74,84,79,,
244,Lucas,Torreira,,166,3,3,1,Trendyol Süper Lig,60,Center Midfielder,Long Ball Pass,"Accurate, faster Lob and Lofted Through Passes",Play Style,Tiki Taka,Accurate first-time Ground Passes,Play Style,Jockey,"Faster Sprint Jockey, better transition speed",Play Style,Intercept,Increased reach and possession retention in interceptions,Play Style,Anticipate,"Improved standing tackle success, possibility of stopping ball at feet",Play Style,Slide Tackle,Stops ball at feet during slide tackles,Play Style,Relentless,"Increased half time fatigue recovery, longer teammate contain and press",Play Style,Uruguay,Galatasaray,Center Defensive Midfielder,Midfielder,80,82,76,92,69,88,83,81,84,72,84,79,71,72,5,5,13,7,9,62,79,48,76,84,83,80,82,79,68,,
245,Giovanni,Di Lorenzo,,183,3,4,1,Serie A Enilive,82,Center Back,Long Ball Pass,"Accurate, faster Lob and Lofted Through Passes",Play Style,First Touch,"Reduced trapping error, faster dribbling transition",Play Style,Relentless,"Increased half time fatigue recovery, longer teammate contain and press",Play Style,,,,,,,,,,,,,Italy,SSC Napoli,Right Back,Defense,83,76,84,90,74,79,74,78,74,79,79,76,72,66,8,10,8,10,7,72,72,60,74,80,76,75,81,68,63,Right Midfielder,
246,Morten,Hjulmand,,185,3,4,1,Liga Portugal,78,Center Midfielder,Jockey,"Faster Sprint Jockey, better transition speed",Play Style,Block,Increased reach and success in blocking,Play Style,Anticipate,"Improved standing tackle success, possibility of stopping ball at feet",Play Style,Relentless,"Increased half time fatigue recovery, longer teammate contain and press",Play Style,,,,,,,,,,Denmark,Sporting CP,Center Defensive Midfielder,Midfielder,69,70,79,91,81,83,74,80,82,72,79,76,76,61,11,6,10,11,6,68,80,54,78,81,81,82,82,82,62,,
247,Dejan,Kulusevski,,186,4,3,2,Premier League,80,Right Wing,Finesse Shot,Faster finesse shots with more curve and accuracy,Play Style,Whipped Pass,"Accurate, faster crosses with more curve",Play Style,Press Proven,"Close control at jog speed, shields ball more effectively",Play Style,Relentless,"Increased half time fatigue recovery, longer teammate contain and press",Play Style,,,,,,,,,,Sweden,Spurs,Center Midfielder,Midfielder,77,77,75,91,80,74,72,86,85,84,62,88,82,68,14,5,10,10,5,52,78,70,83,87,86,78,66,86,83,Center Attacking Midfielder,
248,Mikel,Merino Zazón,Mikel Merino,189,3,3,2,Premier League,83,Striker,Power Shot,Faster power shots with increased speed,Play Style,Precision Header,Performs headers with increased accuracy and power.,Play Style,Aerial Fortress,Performs higher jumps and has physical defensive presence before and during aerial duels,Play Style,Relentless,"Increased half time fatigue recovery, longer teammate contain and press",Play Style,,,,,,,,,,Spain,Arsenal,Center Midfielder,Midfielder,64,63,85,82,78,83,63,84,81,77,78,82,80,69,9,12,9,13,14,87,80,70,81,84,84,85,82,80,58,,
249,Ayoze,Pérez Gutiérrez,Ayoze,178,4,4,1,LALIGA EA SPORTS,66,Center Attacking Midfielder,Acrobatic,"Perform volleys with increased accuracy, acrobatic volley animations",Play Style,Low Driven Shot,"Enhances a player's ability to execute low driven shots with increased accuracy, faster ball travel, and quicker shot execution.",Play Style,Gamechanger,Fancy and Trivela shots are performed with improved accuracy.,Play Style,Incisive Pass,"Accurate through passes, curvier swerve passes, faster precision passes",Play Style,Technical,"Faster Controlled Sprint, precise wide turns while dribbling",Play Style,,,,,,,Spain,Villarreal CF,Striker,Attack,87,80,85,70,60,76,81,83,81,80,61,84,86,60,12,12,11,14,8,81,75,78,86,83,84,81,61,82,80,,
250,Iñaki,Williams Arthuer,Iñaki Williams,186,4,3,1,LALIGA EA SPORTS,80,Striker,Finesse Shot,Faster finesse shots with more curve and accuracy,Play Style,Power Shot,Faster power shots with increased speed,Play Style,Low Driven Shot,"Enhances a player's ability to execute low driven shots with increased accuracy, faster ball travel, and quicker shot execution.",Play Style,Rapid,"Higher sprint speed while dribbling, reduced error on knock-ons",Play Style,Quick Step,Faster acceleration during Explosive Sprint,Play Style,,,,,,,Ghana,Athletic Club,Right Midfielder,Midfielder,93,78,95,88,84,76,62,80,78,78,42,83,82,58,14,15,14,10,13,80,65,68,85,83,76,86,48,76,79,Right Wing,
251,Pedro António,Pereira Gonçalves,Pedro Gonçalves,173,4,4,1,Liga Portugal,78,Left Midfielder,Finesse Shot,Faster finesse shots with more curve and accuracy,Play Style,Dead Ball,"Faster, accurate set pieces with longer trajectory preview",Play Style,Incisive Pass,"Accurate through passes, curvier swerve passes, faster precision passes",Play Style,Tiki Taka,Accurate first-time Ground Passes,Play Style,Whipped Pass,"Accurate, faster crosses with more curve",Play Style,Inventive,Fancy and Trivela passes are performed with improved accuracy.,Play Style,Technical,"Faster Controlled Sprint, precise wide turns while dribbling",Play Style,Portugal,Sporting CP,Center Attacking Midfielder,Midfielder,79,82,72,81,62,64,78,84,85,83,63,84,84,81,15,11,15,7,8,59,80,82,85,83,85,78,65,84,79,Center Midfielder,
252,Joan,García Pons,Joan García,191,1,3,1,LALIGA EA SPORTS,79,,Cross Claimer,"Unique punching animations, powerful punches, faster crosses coverage",Play Style,,,,,,,,,,,,,,,,,,,Spain,FC Barcelona,Goalkeeper,Defense,48,59,64,35,59,30,42,28,59,13,7,17,6,12,81,82,77,83,86,12,49,18,6,77,48,58,13,54,7,,
253,Alejandro,Remiro Gargallo,Álex Remiro,191,1,4,1,LALIGA EA SPORTS,79,,Long Ball Pass,"Accurate, faster Lob and Lofted Through Passes",Play Style,Far Throw,Unique goalkeeper throw animations with longer throw distance,Play Style,Footwork,"Exclusive foot saves, better performance on low shots",Play Style,,,,,,,,,,,,,Spain,Real Sociedad,Goalkeeper,Defense,44,70,69,42,73,34,40,26,55,12,14,19,13,17,83,78,80,84,84,13,29,24,11,78,36,60,17,44,15,,
254,Dávid,Hancko,,188,2,3,2,LALIGA EA SPORTS,82,Left Back,Precision Header,Performs headers with increased accuracy and power.,Play Style,Long Ball Pass,"Accurate, faster Lob and Lofted Through Passes",Play Style,Jockey,"Faster Sprint Jockey, better transition speed",Play Style,Anticipate,"Improved standing tackle success, possibility of stopping ball at feet",Play Style,,,,,,,,,,Slovakia,Atlético de Madrid,Center Back,Defense,76,73,85,74,87,77,55,78,77,66,83,73,63,72,14,12,6,7,14,82,76,69,69,84,80,76,82,68,42,Left Midfielder,
255,Anthony,Gordon,,183,3,3,1,Premier League,72,Right Wing,Finesse Shot,Faster finesse shots with more curve and accuracy,Play Style,Whipped Pass,"Accurate, faster crosses with more curve",Play Style,Rapid,"Higher sprint speed while dribbling, reduced error on knock-ons",Play Style,Quick Step,Faster acceleration during Explosive Sprint,Play Style,,,,,,,,,,England,Newcastle Utd,Left Wing,Attack,89,78,75,87,61,74,71,83,81,81,49,85,81,74,5,6,14,7,8,59,66,70,82,83,79,78,56,81,74,Left Midfielder,
256,Lucas,Chevalier,,189,1,3,1,Ligue 1 McDonald's,84,,Footwork,"Exclusive foot saves, better performance on low shots",Play Style,Rush Out,"Unique reflex saves, better close shot reads, faster rush",Play Style,,,,,,,,,,,,,,,,France,Paris SG,Goalkeeper,Defense,52,38,63,41,53,23,38,17,45,12,10,14,9,14,84,79,73,80,86,12,34,16,7,80,38,55,10,47,9,,
257,Mateo,Kovačić,,178,3,4,1,Premier League,77,Center Defensive Midfielder,Incisive Pass,"Accurate through passes, curvier swerve passes, faster precision passes",Play Style,Press Proven,"Close control at jog speed, shields ball more effectively",Play Style,,,,,,,,,,,,,,,,Croatia,Manchester City,Center Midfielder,Midfielder,70,76,62,77,68,77,75,85,84,73,75,84,68,70,9,5,6,7,7,42,84,59,76,84,86,81,77,82,76,Center Attacking Midfielder,
258,Aleix,García Serrano,Aleix García,173,3,3,1,Bundesliga,68,Center Defensive Midfielder,Dead Ball,"Faster, accurate set pieces with longer trajectory preview",Play Style,Long Ball Pass,"Accurate, faster Lob and Lofted Through Passes",Play Style,Tiki Taka,Accurate first-time Ground Passes,Play Style,Inventive,Fancy and Trivela passes are performed with improved accuracy.,Play Style,Press Proven+,"Exceptional close control at jog speed, shields ball more effectively",Play Style Plus,,,,,,,Spain,Leverkusen,Center Midfielder,Midfielder,67,79,65,68,65,65,85,87,84,83,79,84,75,80,16,8,9,10,7,51,88,60,80,82,85,78,77,86,66,,
259,Thomas,Partey,,185,3,3,1,LALIGA EA SPORTS,77,Center Midfielder,Pinged Pass,Faster ground passes without affecting receiver's trapping,Play Style,Press Proven,"Close control at jog speed, shields ball more effectively",Play Style,Long Throw,Powerful throw-ins for greater distance,Play Style,,,,,,,,,,,,,Ghana,Villarreal CF,Center Defensive Midfielder,Midfielder,53,63,74,76,84,84,50,81,85,74,80,80,66,67,11,13,9,9,7,68,84,49,70,80,85,85,84,80,56,Right Back,
260,Stanislav,Lobotka,,170,3,4,1,Serie A Enilive,68,Center Defensive Midfielder,Long Ball Pass,"Accurate, faster Lob and Lofted Through Passes",Play Style,Inventive,Fancy and Trivela passes are performed with improved accuracy.,Play Style,Anticipate,"Improved standing tackle success, possibility of stopping ball at feet",Play Style,Technical,"Faster Controlled Sprint, precise wide turns while dribbling",Play Style,First Touch,"Reduced trapping error, faster dribbling transition",Play Style,Relentless,"Increased half time fatigue recovery, longer teammate contain and press",Play Style,,,,Slovakia,SSC Napoli,Center Midfielder,Midfielder,76,75,65,88,61,76,85,85,77,75,78,81,68,55,10,7,16,13,14,45,85,56,76,81,85,69,81,82,43,,
261,Jeremie,Frimpong,,172,3,3,1,Premier League,65,Right Midfielder,Slide Tackle,Stops ball at feet during slide tackles,Play Style,Rapid,"Higher sprint speed while dribbling, reduced error on knock-ons",Play Style,Quick Step,Faster acceleration during Explosive Sprint,Play Style,,,,,,,,,,,,,Holland,Liverpool,Right Back,Defense,95,89,68,85,47,75,88,83,76,82,74,85,66,47,12,7,8,13,14,54,63,43,82,84,78,62,71,73,58,Right Wing,
262,Luka,Modrić,,172,4,4,1,Serie A Enilive,67,Center Attacking Midfielder,Incisive Pass,"Accurate through passes, curvier swerve passes, faster precision passes",Play Style,Long Ball Pass,"Accurate, faster Lob and Lofted Through Passes",Play Style,Whipped Pass,"Accurate, faster crosses with more curve",Play Style,Technical,"Faster Controlled Sprint, precise wide turns while dribbling",Play Style,,,,,,,,,,Croatia,Milano FC,Center Midfielder,Midfielder,72,89,66,69,58,60,90,88,91,86,70,84,68,78,13,9,7,14,9,55,86,83,76,79,87,79,70,88,76,Center Defensive Midfielder,
263,Sadio,Mané,,174,4,4,1,ROSHN Saudi League,69,Right Midfielder,Low Driven Shot,"Enhances a player's ability to execute low driven shots with increased accuracy, faster ball travel, and quicker shot execution.",Play Style,Gamechanger,Fancy and Trivela shots are performed with improved accuracy.,Play Style,Aerial Fortress,Performs higher jumps and has physical defensive presence before and during aerial duels,Play Style,Rapid,"Higher sprint speed while dribbling, reduced error on knock-ons",Play Style,,,,,,,,,,Senegal,Al Nassr,Left Midfielder,Midfielder,81,86,86,80,72,75,89,85,83,77,42,84,81,69,10,10,15,7,14,78,71,75,83,84,81,85,42,82,75,Striker,Left Wing
264,Oliver,Baumann,,187,1,2,1,Bundesliga,82,,Footwork,"Exclusive foot saves, better performance on low shots",Play Style,Deflector,"Unique deflection animations, powerful parries to safer areas",Play Style,,,,,,,,,,,,,,,,Germany,TSG Hoffenheim,Goalkeeper,Defense,37,45,66,39,69,32,43,17,52,14,15,19,11,11,83,81,78,80,83,16,30,22,10,82,34,59,18,44,11,,
265,Matheus Santos,Carneiro da Cunha,Matheus Cunha,183,4,4,1,Premier League,76,Left Wing,Power Shot,Faster power shots with increased speed,Play Style,Dead Ball,"Faster, accurate set pieces with longer trajectory preview",Play Style,Inventive,Fancy and Trivela passes are performed with improved accuracy.,Play Style,First Touch,"Reduced trapping error, faster dribbling transition",Play Style,Trickster,Performs unique flick Skill Moves,Play Style,,,,,,,Brazil,Man Utd,Center Attacking Midfielder,Midfielder,78,76,79,82,73,72,74,87,83,79,43,85,85,70,8,7,13,13,11,68,75,76,80,82,81,87,41,81,78,Striker,
266,Martín,Zubimendi Ibáñez,Zubimendi,180,3,4,1,Premier League,74,Center Midfielder,Intercept,Increased reach and possession retention in interceptions,Play Style,Aerial Fortress,Performs higher jumps and has physical defensive presence before and during aerial duels,Play Style,,,,,,,,,,,,,,,,Spain,Arsenal,Center Defensive Midfielder,Midfielder,67,74,71,85,67,74,75,83,83,70,81,77,69,56,7,6,12,14,13,65,83,45,79,84,83,65,82,83,49,,
267,Matz,Sels,,188,1,2,1,Premier League,75,,Far Reach,"Unique far dive animations, better long shot saves",Play Style,,,,,,,,,,,,,,,,,,,Belgium,Nott'm Forest,Goalkeeper,Defense,37,36,65,26,67,29,34,33,62,16,14,19,16,17,82,80,79,83,83,14,53,22,18,80,48,59,15,58,19,,
268,Pablo Martín,Páez Gavira,Gavi,173,3,3,1,LALIGA EA SPORTS,70,Center Attacking Midfielder,Tiki Taka,Accurate first-time Ground Passes,Play Style,Slide Tackle,Stops ball at feet during slide tackles,Play Style,Press Proven,"Close control at jog speed, shields ball more effectively",Play Style,Relentless,"Increased half time fatigue recovery, longer teammate contain and press",Play Style,,,,,,,,,,Spain,FC Barcelona,Center Midfielder,Midfielder,77,86,62,84,58,85,90,85,77,69,59,86,71,47,8,10,11,7,13,42,82,51,81,86,84,56,78,83,49,,
269,Eberechi,Eze,,178,4,4,1,Premier League,67,Left Wing,Finesse Shot,Faster finesse shots with more curve and accuracy,Play Style,Power Shot,Faster power shots with increased speed,Play Style,Dead Ball,"Faster, accurate set pieces with longer trajectory preview",Play Style,Gamechanger,Fancy and Trivela shots are performed with improved accuracy.,Play Style,Inventive,Fancy and Trivela passes are performed with improved accuracy.,Play Style,Technical,"Faster Controlled Sprint, precise wide turns while dribbling",Play Style,First Touch,"Reduced trapping error, faster dribbling transition",Play Style,England,Arsenal,Center Attacking Midfielder,Midfielder,73,87,71,76,68,58,89,87,87,76,40,87,79,77,10,12,9,14,10,56,78,76,80,82,83,81,58,83,79,Striker,
270,Alejandro,Balde Martínez,Balde,175,3,4,2,LALIGA EA SPORTS,69,Left Midfielder,Jockey,"Faster Sprint Jockey, better transition speed",Play Style,Anticipate,"Improved standing tackle success, possibility of stopping ball at feet",Play Style,Quick Step,Faster acceleration during Explosive Sprint,Play Style,,,,,,,,,,,,,Spain,FC Barcelona,Left Back,Defense,90,81,83,77,68,47,77,81,64,82,77,80,51,28,5,8,7,10,13,71,72,43,65,80,82,55,80,72,32,,
271,İlkay,Gündoğan,,180,3,4,1,Trendyol Süper Lig,80,Center Defensive Midfielder,Tiki Taka,Accurate first-time Ground Passes,Play Style,First Touch,"Reduced trapping error, faster dribbling transition",Play Style,Press Proven,"Close control at jog speed, shields ball more effectively",Play Style,,,,,,,,,,,,,Germany,Galatasaray,Center Midfielder,Midfielder,54,65,60,67,66,70,74,84,84,77,77,81,79,80,11,14,5,5,13,50,85,79,78,84,85,81,78,83,75,Center Attacking Midfielder,
272,Loïs,Openda,,175,3,4,1,Serie A Enilive,79,,Finesse Shot,Faster finesse shots with more curve and accuracy,Play Style,Acrobatic,"Perform volleys with increased accuracy, acrobatic volley animations",Play Style,Low Driven Shot,"Enhances a player's ability to execute low driven shots with increased accuracy, faster ball travel, and quicker shot execution.",Play Style,Rapid,"Higher sprint speed while dribbling, reduced error on knock-ons",Play Style,Quick Step,Faster acceleration during Explosive Sprint,Play Style,,,,,,,Belgium,Juventus,Striker,Attack,94,83,93,83,80,74,85,81,80,69,29,79,84,53,9,8,10,8,13,79,59,74,83,84,75,85,23,69,77,,
273,João Maria,Palhinha Gonçalves,Palhinha,190,2,4,1,Premier League,83,Center Midfielder,Slide Tackle,Stops ball at feet during slide tackles,Play Style,Bruiser+,Even greater strength in physical tackles,Play Style Plus,,,,,,,,,,,,,,,,Portugal,Spurs,Center Defensive Midfielder,Midfielder,54,51,83,79,86,91,50,76,84,60,83,75,66,45,14,10,8,7,7,81,77,57,69,79,77,81,86,71,55,,
274,Julian,Brandt,,185,4,4,1,Bundesliga,83,Center Midfielder,Dead Ball,"Faster, accurate set pieces with longer trajectory preview",Play Style,Incisive Pass,"Accurate through passes, curvier swerve passes, faster precision passes",Play Style,Tiki Taka,Accurate first-time Ground Passes,Play Style,Inventive,Fancy and Trivela passes are performed with improved accuracy.,Play Style,Technical,"Faster Controlled Sprint, precise wide turns while dribbling",Play Style,First Touch,"Reduced trapping error, faster dribbling transition",Play Style,,,,Germany,Borussia Dortmund,Center Attacking Midfielder,Midfielder,67,83,69,85,72,44,82,85,85,78,49,84,77,78,11,16,11,8,9,54,83,55,82,82,85,82,29,86,81,,
275,Jarrod,Bowen,,175,4,4,2,Premier League,70,Striker,Precision Header,Performs headers with increased accuracy and power.,Play Style,Low Driven Shot,"Enhances a player's ability to execute low driven shots with increased accuracy, faster ball travel, and quicker shot execution.",Play Style,Gamechanger,Fancy and Trivela shots are performed with improved accuracy.,Play Style,Technical,"Faster Controlled Sprint, precise wide turns while dribbling",Play Style,,,,,,,,,,England,West Ham,Right Midfielder,Midfielder,78,79,84,83,66,62,81,82,80,80,49,82,84,70,14,8,14,10,7,82,73,75,83,84,80,80,41,79,73,Right Wing,
276,Murillo,Costa dos Santos,Murillo,180,2,3,2,Premier League,75,,Long Ball Pass,"Accurate, faster Lob and Lofted Through Passes",Play Style,Block,Increased reach and success in blocking,Play Style,Intercept,Increased reach and possession retention in interceptions,Play Style,Bruiser,Stronger physical tackles,Play Style,,,,,,,,,,Brazil,Nott'm Forest,Center Back,Defense,83,65,95,70,90,81,63,73,79,53,83,69,33,56,14,9,14,12,13,79,77,52,40,82,76,72,83,62,35,,
277,Boubacar,Kamara,,184,3,3,1,Premier League,68,Center Midfielder,Block,Increased reach and success in blocking,Play Style,,,,,,,,,,,,,,,,,,,France,Aston Villa,Center Defensive Midfielder,Midfielder,62,66,78,81,79,80,72,80,85,64,84,73,47,47,8,12,8,6,11,72,77,63,62,81,84,67,86,75,28,,
278,Nathan,Aké,,180,2,3,2,Premier League,75,Left Back,,,,,,,,,,,,,,,,,,,,,,Holland,Manchester City,Center Back,Defense,73,67,86,64,76,80,68,79,79,63,84,73,48,59,10,7,7,16,10,82,75,53,51,84,80,64,84,68,52,Left Midfielder,
279,Ferran,Torres García,Ferran Torres,184,4,4,1,LALIGA EA SPORTS,77,Right Wing,Finesse Shot,Faster finesse shots with more curve and accuracy,Play Style,Technical,"Faster Controlled Sprint, precise wide turns while dribbling",Play Style,,,,,,,,,,,,,,,,Spain,FC Barcelona,Left Wing,Attack,86,85,84,72,69,54,78,83,82,81,35,84,84,60,12,9,11,15,12,75,77,74,82,81,82,79,24,79,74,Striker,Left Midfielder
280,Angelo,Stiller,,183,3,3,2,Bundesliga,77,Center Midfielder,Incisive Pass,"Accurate through passes, curvier swerve passes, faster precision passes",Play Style,Long Ball Pass,"Accurate, faster Lob and Lofted Through Passes",Play Style,Press Proven,"Close control at jog speed, shields ball more effectively",Play Style,Tiki Taka+,Even greater accuracy in first-time Ground Passes,Play Style Plus,,,,,,,,,,Germany,VfB Stuttgart,Center Defensive Midfielder,Midfielder,68,82,72,80,67,71,80,85,84,77,77,83,49,68,7,14,5,9,9,67,83,42,65,85,88,73,78,87,51,,
281,Piero,Hincapié,,184,3,2,2,Premier League,77,Left Back,Jockey,"Faster Sprint Jockey, better transition speed",Play Style,Block,Increased reach and success in blocking,Play Style,Slide Tackle+,"Greatly improved slide tackle coverage, stops ball at feet",Play Style Plus,,,,,,,,,,,,,Ecuador,Arsenal,Center Back,Defense,80,74,88,85,77,87,69,74,76,55,83,70,41,32,9,15,10,6,9,79,74,33,60,82,78,50,85,57,33,Left Midfielder,
282,Artem,Dovbyk,,189,3,4,2,Serie A Enilive,78,,,,,,,,,,,,,,,,,,,,,,,Ukraine,AS Roma,Striker,Attack,80,72,91,77,80,74,66,79,83,48,32,79,86,58,13,13,5,12,10,85,69,84,85,80,79,89,28,72,67,,
283,Hugo,Ekitiké,,189,4,3,1,Premier League,70,Center Attacking Midfielder,Finesse Shot,Faster finesse shots with more curve and accuracy,Play Style,Chip Shot,"Faster, more accurate chip shots",Play Style,Technical,"Faster Controlled Sprint, precise wide turns while dribbling",Play Style,,,,,,,,,,,,,France,Liverpool,Striker,Attack,85,80,85,86,69,65,74,86,78,51,28,87,79,51,8,8,7,10,12,77,57,62,86,83,82,82,35,79,77,,
284,Iago,Aspas Juncal,Iago Aspas,176,3,4,2,LALIGA EA SPORTS,67,Striker,Finesse Shot,Faster finesse shots with more curve and accuracy,Play Style,Chip Shot,"Faster, more accurate chip shots",Play Style,Dead Ball,"Faster, accurate set pieces with longer trajectory preview",Play Style,Low Driven Shot,"Enhances a player's ability to execute low driven shots with increased accuracy, faster ball travel, and quicker shot execution.",Play Style,Incisive Pass,"Accurate through passes, curvier swerve passes, faster precision passes",Play Style,,,,,,,Spain,Celta,Right Wing,Attack,78,81,80,57,61,65,71,85,84,80,39,85,85,83,12,16,9,12,13,77,75,85,85,82,82,83,21,81,82,Right Midfielder,
285,Moise,Kean,,183,3,3,1,Serie A Enilive,72,,Chip Shot,"Faster, more accurate chip shots",Play Style,Gamechanger,Fancy and Trivela shots are performed with improved accuracy.,Play Style,Rapid,"Higher sprint speed while dribbling, reduced error on knock-ons",Play Style,,,,,,,,,,,,,Italy,Fiorentina,Striker,Attack,84,79,89,82,72,65,79,83,77,51,40,82,88,48,13,8,10,7,9,83,46,65,86,78,68,87,36,58,72,,
286,Ronald,Araujo,,188,2,3,1,LALIGA EA SPORTS,79,Right Back,Precision Header,Performs headers with increased accuracy and power.,Play Style,Jockey,"Faster Sprint Jockey, better transition speed",Play Style,Block,Increased reach and success in blocking,Play Style,Anticipate,"Improved standing tackle success, possibility of stopping ball at feet",Play Style,Slide Tackle,Stops ball at feet during slide tackles,Play Style,Aerial Fortress,Performs higher jumps and has physical defensive presence before and during aerial duels,Play Style,,,,Uruguay,FC Barcelona,Center Back,Defense,73,54,91,72,87,87,55,66,76,58,79,55,56,45,11,14,9,11,8,83,66,43,56,81,73,68,83,59,38,,
287,Kingsley,Coman,,181,5,3,1,ROSHN Saudi League,75,Right Midfielder,First Touch,"Reduced trapping error, faster dribbling transition",Play Style,Quick Step,Faster acceleration during Explosive Sprint,Play Style,Rapid+,"Even higher sprint speed while dribbling, reduced error on knock-ons",Play Style Plus,,,,,,,,,,,,,France,Al Nassr,Left Midfielder,Midfielder,90,91,78,65,66,38,85,87,78,80,29,88,73,70,5,3,5,3,5,61,73,65,79,82,80,82,27,80,78,Left Wing,
288,Leandro,Trossard,,171,4,5,1,Premier League,67,Striker,Whipped Pass,"Accurate, faster crosses with more curve",Play Style,,,,,,,,,,,,,,,,,,,Belgium,Arsenal,Left Wing,Attack,87,92,74,76,55,47,85,84,84,79,30,84,83,69,14,8,11,7,7,65,77,75,83,82,82,83,31,81,80,Left Midfielder,
289,Benjamin,White,,185,2,4,1,Premier League,77,,Block,Increased reach and success in blocking,Play Style,,,,,,,,,,,,,,,,,,,England,Arsenal,Right Back,Defense,68,68,82,78,77,81,61,79,81,77,83,74,30,20,8,11,12,5,6,78,79,24,59,84,80,53,84,76,23,,
290,Mateo,Retegui,,186,3,3,1,ROSHN Saudi League,86,,Precision Header,Performs headers with increased accuracy and power.,Play Style,Low Driven Shot,"Enhances a player's ability to execute low driven shots with increased accuracy, faster ball travel, and quicker shot execution.",Play Style,First Touch,"Reduced trapping error, faster dribbling transition",Play Style,Enforcer,Performs dribble Shoulder Challenges and Shielding with increased effectiveness.,Play Style,,,,,,,,,,Italy,Al Qadsiah,Striker,Attack,69,68,81,74,81,64,58,84,77,51,34,78,88,52,7,9,9,13,9,86,67,76,86,80,78,84,30,68,80,,
291,José María,Giménez,,185,2,3,1,LALIGA EA SPORTS,79,,Precision Header,Performs headers with increased accuracy and power.,Play Style,Long Ball Pass,"Accurate, faster Lob and Lofted Through Passes",Play Style,Slide Tackle,Stops ball at feet during slide tackles,Play Style,,,,,,,,,,,,,Uruguay,Atlético de Madrid,Center Back,Defense,68,60,87,71,85,87,57,70,75,47,87,55,37,44,9,11,7,10,15,82,72,40,25,78,75,73,85,46,34,,
292,Gianluca,Mancini,,190,2,3,1,Serie A Enilive,77,,Precision Header,Performs headers with increased accuracy and power.,Play Style,Intercept,Increased reach and possession retention in interceptions,Play Style,Anticipate,"Improved standing tackle success, possibility of stopping ball at feet",Play Style,Bruiser,Stronger physical tackles,Play Style,,,,,,,,,,Italy,AS Roma,Center Back,Defense,65,35,85,84,79,87,58,76,83,34,87,59,48,34,13,12,8,6,8,84,72,47,36,85,70,51,84,56,40,,
293,Amir,Rrahmani,,192,2,4,1,Serie A Enilive,75,,Long Ball Pass,"Accurate, faster Lob and Lofted Through Passes",Play Style,Block,Increased reach and success in blocking,Play Style,Slide Tackle,Stops ball at feet during slide tackles,Play Style,Aerial Fortress,Performs higher jumps and has physical defensive presence before and during aerial duels,Play Style,,,,,,,,,,Kosovo,SSC Napoli,Center Back,Defense,54,48,81,71,80,81,52,71,70,49,87,59,43,41,12,8,13,8,7,81,68,34,49,80,74,60,82,48,39,,
294,Nikola,Milenković,,195,2,3,1,Premier League,90,,Long Ball Pass,"Accurate, faster Lob and Lofted Through Passes",Play Style,Anticipate,"Improved standing tackle success, possibility of stopping ball at feet",Play Style,Aerial Fortress,Performs higher jumps and has physical defensive presence before and during aerial duels,Play Style,,,,,,,,,,,,,Serbia,Nott'm Forest,Center Back,Defense,62,40,88,77,90,86,33,70,78,66,85,60,38,29,8,7,13,7,14,85,67,34,33,83,73,60,86,55,62,,
295,Robin,Le Normand,,187,2,3,1,LALIGA EA SPORTS,80,,Slide Tackle,Stops ball at feet during slide tackles,Play Style,Aerial Fortress,Performs higher jumps and has physical defensive presence before and during aerial duels,Play Style,,,,,,,,,,,,,,,,Spain,Atlético de Madrid,Center Back,Defense,60,54,86,70,86,76,62,74,73,35,84,55,22,25,9,13,14,15,10,85,74,34,21,83,81,45,86,48,38,,
296,Leon,Goretzka,,189,3,4,1,Bundesliga,82,Center Defensive Midfielder,Power Shot,Faster power shots with increased speed,Play Style,Precision Header,Performs headers with increased accuracy and power.,Play Style,Incisive Pass,"Accurate through passes, curvier swerve passes, faster precision passes",Play Style,Aerial Fortress,Performs higher jumps and has physical defensive presence before and during aerial duels,Play Style,Bruiser,Stronger physical tackles,Play Style,,,,,,,Germany,FC Bayern München,Center Midfielder,Midfielder,72,74,84,69,87,83,71,82,82,74,75,80,76,70,13,8,15,11,9,84,84,60,84,85,85,83,83,79,74,Center Attacking Midfielder,
297,Joelinton,Apolinário de Lira,Joelinton,186,3,3,1,Premier League,81,Left Wing,Aerial Fortress,Performs higher jumps and has physical defensive presence before and during aerial duels,Play Style,Press Proven,"Close control at jog speed, shields ball more effectively",Play Style,Relentless,"Increased half time fatigue recovery, longer teammate contain and press",Play Style,Bruiser,Stronger physical tackles,Play Style,Enforcer,Performs dribble Shoulder Challenges and Shielding with increased effectiveness.,Play Style,,,,,,,Brazil,Newcastle Utd,Center Midfielder,Midfielder,69,68,90,89,90,91,66,83,83,73,79,83,75,38,9,13,8,13,13,82,79,61,79,85,84,84,84,80,60,Left Midfielder,
298,Felix,Nmecha,,194,4,3,1,Bundesliga,80,Center Midfielder,Block,Increased reach and success in blocking,Play Style,Aerial Fortress,Performs higher jumps and has physical defensive presence before and during aerial duels,Play Style,Press Proven,"Close control at jog speed, shields ball more effectively",Play Style,Bruiser,Stronger physical tackles,Play Style,,,,,,,,,,Germany,Borussia Dortmund,Center Defensive Midfielder,Midfielder,77,77,94,78,90,82,76,82,79,59,78,83,73,49,6,10,12,13,8,83,80,55,76,80,80,81,83,77,66,,
299,André-Franck,Zambo Anguissa,,184,3,3,1,Serie A Enilive,83,Center Attacking Midfielder,Precision Header,Performs headers with increased accuracy and power.,Play Style,Aerial Fortress,Performs higher jumps and has physical defensive presence before and during aerial duels,Play Style,Press Proven,"Close control at jog speed, shields ball more effectively",Play Style,Relentless,"Increased half time fatigue recovery, longer teammate contain and press",Play Style,,,,,,,,,,Cameroon,SSC Napoli,Center Midfielder,Midfielder,74,74,87,89,82,85,71,82,80,62,79,79,76,56,11,11,9,8,11,76,80,60,82,84,83,75,80,80,58,,
300,Éderson José,dos Santos,Éderson,182,3,3,1,Serie A Enilive,86,,Precision Header,Performs headers with increased accuracy and power.,Play Style,Incisive Pass,"Accurate through passes, curvier swerve passes, faster precision passes",Play Style,Long Ball Pass,"Accurate, faster Lob and Lofted Through Passes",Play Style,Intercept,Increased reach and possession retention in interceptions,Play Style,Anticipate,"Improved standing tackle success, possibility of stopping ball at feet",Play Style,Aerial Fortress,Performs higher jumps and has physical defensive presence before and during aerial duels,Play Style,Relentless,"Increased half time fatigue recovery, longer teammate contain and press",Play Style,Brazil,Bergamo Calcio,Center Midfielder,Midfielder,78,69,80,89,77,80,66,84,84,70,80,81,72,50,14,10,12,13,13,65,82,57,74,80,84,78,84,80,59,,
301,Emre,Can,,186,3,4,1,Bundesliga,86,Center Defensive Midfielder,Pinged Pass,Faster ground passes without affecting receiver's trapping,Play Style,Long Ball Pass,"Accurate, faster Lob and Lofted Through Passes",Play Style,Slide Tackle,Stops ball at feet during slide tackles,Play Style,Press Proven,"Close control at jog speed, shields ball more effectively",Play Style,Bruiser+,Even greater strength in physical tackles,Play Style Plus,,,,,,,Germany,Borussia Dortmund,Center Back,Defense,67,65,81,76,86,91,72,75,83,63,79,73,71,64,14,8,8,13,11,82,74,85,70,79,77,85,86,69,69,Center Midfielder,
302,Orkun,Kökçü,,175,3,5,1,Trendyol Süper Lig,72,Center Attacking Midfielder,Finesse Shot,Faster finesse shots with more curve and accuracy,Play Style,Power Shot,Faster power shots with increased speed,Play Style,Dead Ball,"Faster, accurate set pieces with longer trajectory preview",Play Style,Incisive Pass,"Accurate through passes, curvier swerve passes, faster precision passes",Play Style,,,,,,,,,,Turkey,Beşiktaş,Center Midfielder,Midfielder,75,79,67,88,75,82,77,83,81,81,73,78,78,82,9,6,10,6,12,41,85,81,80,80,84,83,74,85,72,Center Defensive Midfielder,
303,Pedro Antonio,Porro Sauceda,Pedro Porro,173,3,3,1,Premier League,69,Right Midfielder,Power Shot,Faster power shots with increased speed,Play Style,Long Ball Pass,"Accurate, faster Lob and Lofted Through Passes",Play Style,Tiki Taka,Accurate first-time Ground Passes,Play Style,Whipped Pass,"Accurate, faster crosses with more curve",Play Style,Block,Increased reach and success in blocking,Play Style,Relentless,"Increased half time fatigue recovery, longer teammate contain and press",Play Style,,,,Spain,Spurs,Right Back,Defense,78,80,77,91,68,75,71,81,79,87,76,80,68,78,15,7,14,5,7,69,78,66,76,80,80,84,79,80,64,,
304,Denis,Zakaria,,190,3,3,1,Ligue 1 McDonald's,81,Center Midfielder,Precision Header,Performs headers with increased accuracy and power.,Play Style,Intercept,Increased reach and possession retention in interceptions,Play Style,Anticipate,"Improved standing tackle success, possibility of stopping ball at feet",Play Style,,,,,,,,,,,,,Switzerland,AS Monaco,Center Defensive Midfielder,Midfielder,72,67,89,80,87,87,61,80,82,68,81,78,64,46,12,12,7,13,11,78,79,48,65,80,82,80,82,74,46,,
305,Morgan,Rogers,,188,4,4,1,Premier League,80,Right Midfielder,Incisive Pass,"Accurate through passes, curvier swerve passes, faster precision passes",Play Style,Technical,"Faster Controlled Sprint, precise wide turns while dribbling",Play Style,Enforcer,Performs dribble Shoulder Challenges and Shielding with increased effectiveness.,Play Style,,,,,,,,,,,,,England,Aston Villa,Center Attacking Midfielder,Midfielder,74,80,79,83,80,70,74,84,85,75,68,86,80,55,7,8,13,11,14,64,78,60,81,82,82,76,72,83,74,Left Midfielder,Center Midfielder
306,Mile,Svilar,,189,1,3,1,Serie A Enilive,77,,Cross Claimer,"Unique punching animations, powerful punches, faster crosses coverage",Play Style,Rush Out,"Unique reflex saves, better close shot reads, faster rush",Play Style,,,,,,,,,,,,,,,,Serbia,AS Roma,Goalkeeper,Defense,60,66,72,32,61,28,54,28,48,18,12,26,14,22,80,80,77,82,85,22,42,37,9,79,42,58,24,53,16,,
307,Malik,Tillman,,187,4,3,1,Bundesliga,71,Left Wing,Power Shot,Faster power shots with increased speed,Play Style,Incisive Pass,"Accurate through passes, curvier swerve passes, faster precision passes",Play Style,Inventive,Fancy and Trivela passes are performed with improved accuracy.,Play Style,Technical,"Faster Controlled Sprint, precise wide turns while dribbling",Play Style,First Touch,"Reduced trapping error, faster dribbling transition",Play Style,,,,,,,United States,Leverkusen,Center Attacking Midfielder,Midfielder,83,83,88,76,82,62,82,84,78,69,60,83,75,75,9,11,11,12,9,73,75,60,78,81,80,77,67,79,60,Center Midfielder,
308,Otávio Edmilson,da Silva Monteiro,Otávio,171,4,3,1,ROSHN Saudi League,67,Center Midfielder,Incisive Pass,"Accurate through passes, curvier swerve passes, faster precision passes",Play Style,Pinged Pass,Faster ground passes without affecting receiver's trapping,Play Style,Tiki Taka,Accurate first-time Ground Passes,Play Style,Technical,"Faster Controlled Sprint, precise wide turns while dribbling",Play Style,First Touch,"Reduced trapping error, faster dribbling transition",Play Style,Relentless,"Increased half time fatigue recovery, longer teammate contain and press",Play Style,,,,Portugal,Al Qadsiah,Center Attacking Midfielder,Midfielder,81,85,76,86,65,87,83,85,81,79,69,86,71,72,11,12,9,10,15,65,82,72,80,84,83,73,76,85,69,Right Midfielder,
309,Salem,Al Dawsari,,173,4,5,1,ROSHN Saudi League,71,Left Wing,Finesse Shot,Faster finesse shots with more curve and accuracy,Play Style,Acrobatic,"Perform volleys with increased accuracy, acrobatic volley animations",Play Style,Whipped Pass,"Accurate, faster crosses with more curve",Play Style,Inventive,Fancy and Trivela passes are performed with improved accuracy.,Play Style,Technical,"Faster Controlled Sprint, precise wide turns while dribbling",Play Style,First Touch,"Reduced trapping error, faster dribbling transition",Play Style,Relentless,"Increased half time fatigue recovery, longer teammate contain and press",Play Style,Saudi Arabia,Al Hilal,Left Midfielder,Midfielder,88,85,71,90,77,81,89,82,83,71,65,86,75,60,7,12,13,14,10,51,72,62,79,81,79,77,57,78,79,,
310,Konrad,Laimer,,180,3,3,1,Bundesliga,72,Center Defensive Midfielder,Block,Increased reach and success in blocking,Play Style,Relentless,"Increased half time fatigue recovery, longer teammate contain and press",Play Style,Bruiser,Stronger physical tackles,Play Style,,,,,,,,,,,,,Austria,FC Bayern München,Right Back,Defense,82,76,78,79,69,88,77,75,79,76,86,74,69,47,9,12,12,13,12,67,78,54,73,84,81,74,81,76,60,Center Midfielder,Right Midfielder
311,Mattéo,Guendouzi,,185,4,3,1,Serie A Enilive,68,Center Midfielder,Incisive Pass,"Accurate through passes, curvier swerve passes, faster precision passes",Play Style,Tiki Taka,Accurate first-time Ground Passes,Play Style,Jockey,"Faster Sprint Jockey, better transition speed",Play Style,Block,Increased reach and success in blocking,Play Style,Anticipate,"Improved standing tackle success, possibility of stopping ball at feet",Play Style,First Touch,"Reduced trapping error, faster dribbling transition",Play Style,Relentless,"Increased half time fatigue recovery, longer teammate contain and press",Play Style,France,Latium,Center Defensive Midfielder,Midfielder,69,83,73,90,67,86,71,84,82,71,76,78,73,67,6,13,6,13,11,69,81,70,74,81,85,75,79,83,64,,
312,Alejandro,Berenguer Remiro,Álex Berenguer,175,3,4,1,LALIGA EA SPORTS,73,Right Midfielder,Finesse Shot,Faster finesse shots with more curve and accuracy,Play Style,Rapid,"Higher sprint speed while dribbling, reduced error on knock-ons",Play Style,,,,,,,,,,,,,,,,Spain,Athletic Club,Left Midfielder,Midfielder,85,87,79,80,59,76,88,83,83,81,65,84,79,80,14,16,8,6,13,73,73,72,82,79,80,78,65,77,70,Center Attacking Midfielder,Left Wing
313,David,Raum,,181,3,2,2,Bundesliga,83,Left Midfielder,Dead Ball,"Faster, accurate set pieces with longer trajectory preview",Play Style,Whipped Pass,"Accurate, faster crosses with more curve",Play Style,Rapid,"Higher sprint speed while dribbling, reduced error on knock-ons",Play Style,,,,,,,,,,,,,Germany,RB Leipzig,Left Back,Defense,86,77,81,89,75,72,77,79,78,88,74,79,59,70,11,8,14,12,6,62,77,49,71,78,78,64,76,79,55,,
314,David,Alaba,,180,3,4,2,LALIGA EA SPORTS,78,Left Back,Dead Ball,"Faster, accurate set pieces with longer trajectory preview",Play Style,Anticipate,"Improved standing tackle success, possibility of stopping ball at feet",Play Style,,,,,,,,,,,,,,,,Austria,Real Madrid,Center Back,Defense,64,71,79,72,77,73,77,83,84,83,84,77,62,85,5,7,14,15,9,75,80,79,71,83,86,82,83,78,67,Left Midfielder,
315,Gerónimo,Rulli,,189,1,3,1,Ligue 1 McDonald's,84,,Footwork,"Exclusive foot saves, better performance on low shots",Play Style,,,,,,,,,,,,,,,,,,,Argentina,OM,Goalkeeper,Defense,56,58,73,42,73,26,50,15,61,12,15,14,15,20,82,77,80,81,83,12,50,24,12,79,36,60,13,68,16,,
316,Milos,Kerkez,,180,3,3,2,Premier League,71,Left Midfielder,Whipped Pass,"Accurate, faster crosses with more curve",Play Style,Slide Tackle,Stops ball at feet during slide tackles,Play Style,Rapid,"Higher sprint speed while dribbling, reduced error on knock-ons",Play Style,,,,,,,,,,,,,Hungary,Liverpool,Left Back,Defense,88,83,74,90,75,83,84,77,76,81,78,77,53,52,8,13,10,13,13,60,68,50,76,78,77,80,80,76,53,,
317,Guglielmo,Vicario,,194,1,4,1,Premier League,76,,Footwork,"Exclusive foot saves, better performance on low shots",Play Style,,,,,,,,,,,,,,,,,,,Italy,Spurs,Goalkeeper,Defense,54,56,67,38,60,29,38,41,62,11,23,22,6,10,83,78,78,80,84,11,55,13,13,81,57,59,11,68,7,,
318,Giovani,Lo Celso,,177,4,3,2,LALIGA EA SPORTS,68,Center Midfielder,Finesse Shot,Faster finesse shots with more curve and accuracy,Play Style,Dead Ball,"Faster, accurate set pieces with longer trajectory preview",Play Style,Incisive Pass,"Accurate through passes, curvier swerve passes, faster precision passes",Play Style,Technical,"Faster Controlled Sprint, precise wide turns while dribbling",Play Style,,,,,,,,,,Argentina,Real Betis,Center Attacking Midfielder,Midfielder,67,79,71,67,69,82,80,85,82,81,64,85,82,81,10,7,10,15,14,62,82,65,81,80,82,83,73,84,73,Center Defensive Midfielder,
319,Ivan,Provedel,,192,1,2,1,Serie A Enilive,84,,Long Ball Pass,"Accurate, faster Lob and Lofted Through Passes",Play Style,Footwork,"Exclusive foot saves, better performance on low shots",Play Style,Deflector,"Unique deflection animations, powerful parries to safer areas",Play Style,,,,,,,,,,,,,Italy,Latium,Goalkeeper,Defense,44,38,65,28,56,27,44,22,68,21,22,16,17,13,83,79,80,83,84,23,56,22,16,75,61,60,23,63,14,,
320,Morgan,Gibbs-White,,179,4,3,1,Premier League,72,Striker,Incisive Pass,"Accurate through passes, curvier swerve passes, faster precision passes",Play Style,Inventive,Fancy and Trivela passes are performed with improved accuracy.,Play Style,Aerial Fortress,Performs higher jumps and has physical defensive presence before and during aerial duels,Play Style,Technical,"Faster Controlled Sprint, precise wide turns while dribbling",Play Style,Relentless,"Increased half time fatigue recovery, longer teammate contain and press",Play Style,,,,,,,England,Nott'm Forest,Center Attacking Midfielder,Midfielder,76,83,74,80,68,70,82,85,84,80,60,83,77,72,7,7,14,15,11,60,83,75,80,82,84,79,60,84,72,,
321,Maximilian,Mittelstädt,,180,3,2,2,Bundesliga,71,Left Midfielder,Whipped Pass,"Accurate, faster crosses with more curve",Play Style,Intercept,Increased reach and possession retention in interceptions,Play Style,Slide Tackle,Stops ball at feet during slide tackles,Play Style,,,,,,,,,,,,,Germany,VfB Stuttgart,Left Back,Defense,79,76,77,84,67,77,78,77,76,87,77,77,56,46,13,10,7,13,13,68,74,42,72,80,79,74,80,74,47,,
322,Pablo,Barrios Rivas,Pablo Barrios,181,3,3,1,LALIGA EA SPORTS,75,Center Defensive Midfielder,Aerial Fortress,Performs higher jumps and has physical defensive presence before and during aerial duels,Play Style,Relentless,"Increased half time fatigue recovery, longer teammate contain and press",Play Style,,,,,,,,,,,,,,,,Spain,Atlético de Madrid,Center Midfielder,Midfielder,81,78,74,85,66,66,72,82,78,57,69,81,70,48,5,15,9,13,10,57,81,62,74,81,83,72,80,80,55,,
323,Koen,Casteels,,197,1,2,2,ROSHN Saudi League,86,,Long Ball Pass,"Accurate, faster Lob and Lofted Through Passes",Play Style,Footwork,"Exclusive foot saves, better performance on low shots",Play Style,Rush Out,"Unique reflex saves, better close shot reads, faster rush",Play Style,,,,,,,,,,,,,Belgium,Al Qadsiah,Goalkeeper,Defense,44,50,69,44,72,33,43,23,40,15,11,14,15,13,82,79,74,83,85,14,37,20,15,79,35,56,19,42,13,,
324,Alex,Meret,,192,1,3,2,Serie A Enilive,82,,,,,,,,,,,,,,,,,,,,,,,Italy,SSC Napoli,Goalkeeper,Defense,41,46,66,29,65,22,48,25,67,15,10,16,17,21,81,79,74,84,85,19,25,21,20,78,30,56,22,40,20,,
325,Andrew,Robertson,,178,3,2,2,Premier League,64,Left Midfielder,Whipped Pass,"Accurate, faster crosses with more curve",Play Style,Relentless+,"Max half time fatigue recovery, longer teammate contain and press",Play Style Plus,,,,,,,,,,,,,,,,Scotland,Liverpool,Left Back,Defense,75,75,76,81,67,85,74,79,81,86,78,76,55,71,11,8,10,7,14,70,75,55,76,81,80,76,80,79,32,,
326,Davinson,Sánchez,,187,3,2,1,Trendyol Süper Lig,81,,Precision Header,Performs headers with increased accuracy and power.,Play Style,Slide Tackle,Stops ball at feet during slide tackles,Play Style,Aerial Fortress,Performs higher jumps and has physical defensive presence before and during aerial duels,Play Style,Bruiser,Stronger physical tackles,Play Style,,,,,,,,,,Colombia,Galatasaray,Center Back,Defense,80,72,92,84,90,85,64,75,69,36,83,72,59,27,9,7,10,6,15,78,76,44,68,78,76,66,81,73,69,,
327,Malcom Filipe,Silva de Oliveira,Malcom,172,4,3,2,ROSHN Saudi League,74,Right Midfielder,Dead Ball,"Faster, accurate set pieces with longer trajectory preview",Play Style,Low Driven Shot,"Enhances a player's ability to execute low driven shots with increased accuracy, faster ball travel, and quicker shot execution.",Play Style,Incisive Pass,"Accurate through passes, curvier swerve passes, faster precision passes",Play Style,Whipped Pass,"Accurate, faster crosses with more curve",Play Style,Inventive,Fancy and Trivela passes are performed with improved accuracy.,Play Style,Rapid,"Higher sprint speed while dribbling, reduced error on knock-ons",Play Style,Relentless,"Increased half time fatigue recovery, longer teammate contain and press",Play Style,Brazil,Al Hilal,Center Attacking Midfielder,Midfielder,92,90,84,88,73,53,92,84,77,78,51,84,77,78,8,14,15,7,9,67,75,70,81,79,80,80,45,80,75,Left Midfielder,Center Midfielder
328,Yassine,Bounou,,195,1,2,2,ROSHN Saudi League,78,,Far Throw,Unique goalkeeper throw animations with longer throw distance,Play Style,Footwork,"Exclusive foot saves, better performance on low shots",Play Style,Cross Claimer,"Unique punching animations, powerful punches, faster crosses coverage",Play Style,,,,,,,,,,,,,Morocco,Al Hilal,Goalkeeper,Defense,38,47,65,43,69,25,29,12,57,15,20,20,14,19,81,82,76,82,85,14,44,24,10,76,39,57,18,62,13,,
329,Antonee,Robinson,,183,3,3,2,Premier League,70,Left Midfielder,Long Ball Pass,"Accurate, faster Lob and Lofted Through Passes",Play Style,Whipped Pass,"Accurate, faster crosses with more curve",Play Style,Jockey,"Faster Sprint Jockey, better transition speed",Play Style,Intercept,Increased reach and possession retention in interceptions,Play Style,Rapid,"Higher sprint speed while dribbling, reduced error on knock-ons",Play Style,Relentless,"Increased half time fatigue recovery, longer teammate contain and press",Play Style,,,,United States,Fulham,Left Back,Defense,87,73,81,90,73,83,71,77,73,81,78,79,44,39,12,9,15,14,9,64,74,45,76,80,76,46,81,78,45,,
330,Kaoru,Mitoma,,178,4,4,1,Premier League,74,Left Wing,Finesse Shot,Faster finesse shots with more curve and accuracy,Play Style,Technical,"Faster Controlled Sprint, precise wide turns while dribbling",Play Style,First Touch,"Reduced trapping error, faster dribbling transition",Play Style,Quick Step,Faster acceleration during Explosive Sprint,Play Style,,,,,,,,,,Japan,Brighton,Left Midfielder,Midfielder,88,89,72,75,60,58,79,88,84,77,58,87,79,62,10,13,10,14,9,52,65,63,78,77,80,69,59,81,69,,
331,Vangelis,Pavlidis,,186,3,4,1,Liga Portugal,80,Center Attacking Midfielder,Chip Shot,"Faster, more accurate chip shots",Play Style,Acrobatic,"Perform volleys with increased accuracy, acrobatic volley animations",Play Style,Gamechanger,Fancy and Trivela shots are performed with improved accuracy.,Play Style,Technical,"Faster Controlled Sprint, precise wide turns while dribbling",Play Style,Relentless,"Increased half time fatigue recovery, longer teammate contain and press",Play Style,,,,,,,Greece,SL Benfica,Striker,Attack,81,76,84,87,82,77,71,82,77,62,44,81,84,54,13,11,10,13,14,80,72,81,83,83,75,83,46,76,76,,
332,Fábio,Henrique Tavares,Fabinho,188,3,2,1,ROSHN Saudi League,78,Center Midfielder,Power Shot,Faster power shots with increased speed,Play Style,Block,Increased reach and success in blocking,Play Style,Slide Tackle,Stops ball at feet during slide tackles,Play Style,Aerial Fortress,Performs higher jumps and has physical defensive presence before and during aerial duels,Play Style,Press Proven,"Close control at jog speed, shields ball more effectively",Play Style,Bruiser,Stronger physical tackles,Play Style,,,,Brazil,Al Ittihad,Center Defensive Midfielder,Midfielder,45,59,73,83,78,82,59,82,86,76,80,78,63,53,13,12,6,8,8,73,82,85,70,77,85,81,83,74,47,,
333,Riccardo,Orsolini,,183,4,4,2,Serie A Enilive,83,Right Wing,Finesse Shot,Faster finesse shots with more curve and accuracy,Play Style,Low Driven Shot,"Enhances a player's ability to execute low driven shots with increased accuracy, faster ball travel, and quicker shot execution.",Play Style,Gamechanger,Fancy and Trivela shots are performed with improved accuracy.,Play Style,Technical,"Faster Controlled Sprint, precise wide turns while dribbling",Play Style,,,,,,,,,,Italy,Bologna,Right Midfielder,Midfielder,81,83,78,74,71,45,71,83,76,85,54,85,80,75,11,11,14,6,12,61,73,74,81,78,78,83,48,78,81,,
334,Micky,van de Ven,,193,3,3,2,Premier League,86,,Block,Increased reach and success in blocking,Play Style,Slide Tackle,Stops ball at feet during slide tackles,Play Style,,,,,,,,,,,,,,,,Holland,Spurs,Center Back,Defense,84,59,92,69,85,78,49,75,81,58,82,73,43,34,7,13,13,11,7,76,74,39,48,82,76,59,83,55,47,,
335,Leroy,Sané,,183,4,2,2,Trendyol Süper Lig,80,Left Midfielder,Power Shot,Faster power shots with increased speed,Play Style,Gamechanger,Fancy and Trivela shots are performed with improved accuracy.,Play Style,Rapid,"Higher sprint speed while dribbling, reduced error on knock-ons",Play Style,Quick Step,Faster acceleration during Explosive Sprint,Play Style,,,,,,,,,,Germany,Galatasaray,Right Midfielder,Midfielder,89,87,72,74,66,65,82,84,79,77,36,86,80,80,8,12,9,9,14,64,70,65,81,80,80,90,32,81,82,Right Wing,
336,Ezri,Konsa,,183,2,3,1,Premier League,77,Right Back,Jockey,"Faster Sprint Jockey, better transition speed",Play Style,Anticipate,"Improved standing tackle success, possibility of stopping ball at feet",Play Style,Slide Tackle,Stops ball at feet during slide tackles,Play Style,,,,,,,,,,,,,England,Aston Villa,Center Back,Defense,72,67,86,79,78,76,68,78,81,65,85,73,55,38,14,8,11,13,9,80,72,38,50,84,78,69,85,75,69,Right Midfielder,
337,Charles,De Ketelaere,,192,4,3,2,Serie A Enilive,79,Striker,Precision Header,Performs headers with increased accuracy and power.,Play Style,Low Driven Shot,"Enhances a player's ability to execute low driven shots with increased accuracy, faster ball travel, and quicker shot execution.",Play Style,Incisive Pass,"Accurate through passes, curvier swerve passes, faster precision passes",Play Style,Inventive,Fancy and Trivela passes are performed with improved accuracy.,Play Style,Aerial Fortress,Performs higher jumps and has physical defensive presence before and during aerial duels,Play Style,Technical,"Faster Controlled Sprint, precise wide turns while dribbling",Play Style,,,,Belgium,Bergamo Calcio,Center Attacking Midfielder,Midfielder,71,79,78,78,68,55,61,86,73,76,45,85,78,72,11,8,14,8,8,75,80,69,82,77,83,82,59,83,76,Center Midfielder,
338,Jurriën,Timber,,179,3,3,1,Premier League,78,Left Back,Jockey,"Faster Sprint Jockey, better transition speed",Play Style,Press Proven,"Close control at jog speed, shields ball more effectively",Play Style,,,,,,,,,,,,,,,,Holland,Arsenal,Right Back,Defense,76,71,86,79,82,76,76,78,82,76,83,77,41,31,6,6,8,14,14,75,71,42,70,82,80,61,83,69,41,Center Back,Right Midfielder
339,Francisco,Trincão,Trincão,184,4,2,2,Liga Portugal,74,Right Midfielder,Finesse Shot,Faster finesse shots with more curve and accuracy,Play Style,Low Driven Shot,"Enhances a player's ability to execute low driven shots with increased accuracy, faster ball travel, and quicker shot execution.",Play Style,Incisive Pass,"Accurate through passes, curvier swerve passes, faster precision passes",Play Style,Inventive,Fancy and Trivela passes are performed with improved accuracy.,Play Style,Technical,"Faster Controlled Sprint, precise wide turns while dribbling",Play Style,First Touch,"Reduced trapping error, faster dribbling transition",Play Style,Trickster,Performs unique flick Skill Moves,Play Style,Portugal,Sporting CP,Center Attacking Midfielder,Midfielder,80,84,79,85,72,50,75,83,82,75,40,86,81,74,5,9,6,15,7,66,74,71,82,82,80,81,36,84,72,Right Wing,Striker
340,Serge,Gnabry,,176,4,4,1,Bundesliga,77,Right Midfielder,Gamechanger,Fancy and Trivela shots are performed with improved accuracy.,Play Style,Technical,"Faster Controlled Sprint, precise wide turns while dribbling",Play Style,,,,,,,,,,,,,,,,Germany,FC Bayern München,Left Midfielder,Midfielder,84,85,68,66,68,58,87,82,82,77,45,85,84,62,14,10,10,9,7,42,73,67,84,82,83,86,44,80,83,Striker,Left Wing
341,Jonathan,Burkardt,,181,3,4,1,Bundesliga,79,,Finesse Shot,Faster finesse shots with more curve and accuracy,Play Style,,,,,,,,,,,,,,,,,,,Germany,Frankfurt,Striker,Attack,82,76,79,78,76,72,77,81,76,62,45,82,86,52,14,9,9,6,14,74,60,71,85,83,74,83,38,71,82,,
342,Fabian,Schär,,188,2,3,1,Premier League,84,,Power Shot,Faster power shots with increased speed,Play Style,Precision Header,Performs headers with increased accuracy and power.,Play Style,Long Ball Pass,"Accurate, faster Lob and Lofted Through Passes",Play Style,Intercept,Increased reach and possession retention in interceptions,Play Style,,,,,,,,,,Switzerland,Newcastle Utd,Center Back,Defense,50,53,80,78,80,80,64,78,82,67,85,74,60,69,8,9,11,10,15,82,83,78,64,83,80,80,84,79,64,,
343,Pierre-Emile,Højbjerg,,187,3,4,1,Ligue 1 McDonald's,84,Center Midfielder,Intercept,Increased reach and possession retention in interceptions,Play Style,Relentless,"Increased half time fatigue recovery, longer teammate contain and press",Play Style,,,,,,,,,,,,,,,,Denmark,OM,Center Defensive Midfielder,Midfielder,52,59,71,81,78,86,61,79,79,68,79,75,68,74,9,7,12,11,11,65,82,56,69,82,83,85,80,77,64,,
344,Kai,Havertz,,193,4,4,2,Premier League,82,Center Midfielder,Chip Shot,"Faster, more accurate chip shots",Play Style,Precision Header,Performs headers with increased accuracy and power.,Play Style,Gamechanger,Fancy and Trivela shots are performed with improved accuracy.,Play Style,Technical,"Faster Controlled Sprint, precise wide turns while dribbling",Play Style,First Touch,"Reduced trapping error, faster dribbling transition",Play Style,Enforcer,Performs dribble Shoulder Challenges and Shielding with increased effectiveness.,Play Style,,,,Germany,Arsenal,Striker,Attack,71,70,85,85,75,56,54,85,78,75,45,84,80,53,6,8,11,10,12,81,77,83,84,81,82,81,47,81,81,Center Attacking Midfielder,
345,Dean,Huijsen,,197,2,5,1,LALIGA EA SPORTS,87,,Long Ball Pass,"Accurate, faster Lob and Lofted Through Passes",Play Style,Block,Increased reach and success in blocking,Play Style,Slide Tackle,Stops ball at feet during slide tackles,Play Style,Aerial Fortress,Performs higher jumps and has physical defensive presence before and during aerial duels,Play Style,,,,,,,,,,Spain,Real Madrid,Center Back,Defense,68,53,85,68,78,79,33,82,78,50,82,76,44,49,12,7,14,14,8,83,83,68,59,81,85,71,82,75,41,,
346,Rafael A.,Ferreira Silva,Rafa,172,4,2,1,Trendyol Süper Lig,66,Striker,Acrobatic,"Perform volleys with increased accuracy, acrobatic volley animations",Play Style,Inventive,Fancy and Trivela passes are performed with improved accuracy.,Play Style,Rapid,"Higher sprint speed while dribbling, reduced error on knock-ons",Play Style,First Touch,"Reduced trapping error, faster dribbling transition",Play Style,Quick Step,Faster acceleration during Explosive Sprint,Play Style,,,,,,,Portugal,Beşiktaş,Center Attacking Midfielder,Midfielder,91,91,64,79,46,47,88,84,81,78,44,85,75,56,9,11,11,12,8,49,76,59,83,76,80,77,47,81,68,Left Midfielder,
347,Mikel,Oyarzabal Ugarte,Oyarzabal,181,3,3,2,LALIGA EA SPORTS,78,Left Midfielder,Technical,"Faster Controlled Sprint, precise wide turns while dribbling",Play Style,,,,,,,,,,,,,,,,,,,Spain,Real Sociedad,Striker,Attack,78,77,77,79,57,62,77,84,83,80,55,83,83,78,10,6,10,13,11,75,75,86,84,82,84,84,32,83,79,Left Wing,
348,Takefusa,Kubo,,173,4,4,2,LALIGA EA SPORTS,64,Right Wing,Finesse Shot,Faster finesse shots with more curve and accuracy,Play Style,Low Driven Shot,"Enhances a player's ability to execute low driven shots with increased accuracy, faster ball travel, and quicker shot execution.",Play Style,Gamechanger,Fancy and Trivela shots are performed with improved accuracy.,Play Style,Inventive,Fancy and Trivela passes are performed with improved accuracy.,Play Style,Technical,"Faster Controlled Sprint, precise wide turns while dribbling",Play Style,First Touch,"Reduced trapping error, faster dribbling transition",Play Style,,,,Japan,Real Sociedad,Right Midfielder,Midfielder,89,86,70,74,60,59,83,84,80,80,40,86,79,74,6,7,15,10,10,49,74,63,80,80,78,77,43,80,67,,
349,Ángel,Di María,,180,5,2,2,LPF,69,Right Midfielder,Finesse Shot,Faster finesse shots with more curve and accuracy,Play Style,Chip Shot,"Faster, more accurate chip shots",Play Style,Incisive Pass,"Accurate through passes, curvier swerve passes, faster precision passes",Play Style,Long Ball Pass,"Accurate, faster Lob and Lofted Through Passes",Play Style,Inventive,Fancy and Trivela passes are performed with improved accuracy.,Play Style,Technical,"Faster Controlled Sprint, precise wide turns while dribbling",Play Style,Trickster,Performs unique flick Skill Moves,Play Style,Argentina,Rosario Central,Right Wing,Attack,72,84,61,65,57,72,74,89,84,81,41,85,76,88,10,7,11,12,11,45,81,83,80,76,85,82,46,87,78,,
350,Mario,Götze,,176,4,4,1,Bundesliga,72,Center Attacking Midfielder,Incisive Pass,"Accurate through passes, curvier swerve passes, faster precision passes",Play Style,Tiki Taka,Accurate first-time Ground Passes,Play Style,First Touch,"Reduced trapping error, faster dribbling transition",Play Style,Inventive+,Fancy and Trivela passes are performed with greatly improved accuracy.,Play Style Plus,,,,,,,,,,Germany,Frankfurt,Center Midfielder,Midfielder,68,78,63,75,65,62,83,88,88,79,64,84,76,72,14,7,12,6,10,47,84,79,83,84,89,75,46,87,82,Right Midfielder,Center Defensive Midfielder
351,Domenico,Berardi,,183,4,3,2,Serie A Enilive,72,Right Midfielder,Finesse Shot,Faster finesse shots with more curve and accuracy,Play Style,Dead Ball,"Faster, accurate set pieces with longer trajectory preview",Play Style,Gamechanger,Fancy and Trivela shots are performed with improved accuracy.,Play Style,Incisive Pass,"Accurate through passes, curvier swerve passes, faster precision passes",Play Style,Long Ball Pass,"Accurate, faster Lob and Lofted Through Passes",Play Style,Inventive,Fancy and Trivela passes are performed with improved accuracy.,Play Style,Technical,"Faster Controlled Sprint, precise wide turns while dribbling",Play Style,Italy,Sassuolo,Right Wing,Attack,84,88,73,75,58,85,84,84,78,77,32,83,81,79,5,6,5,5,6,62,77,86,83,82,81,80,30,80,79,,
352,Jean-Philippe,Mateta,,192,3,5,1,Premier League,88,,Low Driven Shot,"Enhances a player's ability to execute low driven shots with increased accuracy, faster ball travel, and quicker shot execution.",Play Style,Gamechanger,Fancy and Trivela shots are performed with improved accuracy.,Play Style,Enforcer,Performs dribble Shoulder Challenges and Shielding with increased effectiveness.,Play Style,,,,,,,,,,,,,France,Crystal Palace,Striker,Attack,69,53,86,68,86,81,55,80,82,59,35,82,86,54,8,8,7,13,11,76,63,83,84,82,78,86,39,73,79,,
353,John,Stones,,188,3,4,1,Premier League,80,Right Back,Long Throw,Powerful throw-ins for greater distance,Play Style,,,,,,,,,,,,,,,,,,,England,Manchester City,Center Back,Defense,65,62,85,53,78,79,62,79,85,63,84,74,54,37,7,15,11,10,8,84,79,52,58,82,82,68,85,78,44,,
354,Manuel,Akanji,,187,2,4,1,Serie A Enilive,91,,Long Ball Pass,"Accurate, faster Lob and Lofted Through Passes",Play Style,,,,,,,,,,,,,,,,,,,Switzerland,Lombardia FC,Center Back,Defense,71,66,81,71,85,82,54,75,80,55,83,74,38,59,10,9,13,6,9,79,77,40,37,82,79,75,83,65,42,,
355,Jonathan,David,,178,3,5,1,Serie A Enilive,81,,Low Driven Shot,"Enhances a player's ability to execute low driven shots with increased accuracy, faster ball travel, and quicker shot execution.",Play Style,Press Proven,"Close control at jog speed, shields ball more effectively",Play Style,Quick Step,Faster acceleration during Explosive Sprint,Play Style,Relentless,"Increased half time fatigue recovery, longer teammate contain and press",Play Style,,,,,,,,,,Canada,Juventus,Striker,Attack,79,75,87,90,77,61,71,81,81,67,29,80,85,58,7,7,11,7,7,77,69,86,88,84,76,79,29,74,77,,
356,Mason,Greenwood,,181,4,5,2,Ligue 1 McDonald's,70,Center Attacking Midfielder,Finesse Shot,Faster finesse shots with more curve and accuracy,Play Style,Power Shot,Faster power shots with increased speed,Play Style,Low Driven Shot,"Enhances a player's ability to execute low driven shots with increased accuracy, faster ball travel, and quicker shot execution.",Play Style,Gamechanger,Fancy and Trivela shots are performed with improved accuracy.,Play Style,Technical,"Faster Controlled Sprint, precise wide turns while dribbling",Play Style,,,,,,,England,OM,Right Midfielder,Midfielder,82,86,76,78,60,49,75,84,81,74,27,84,82,75,5,6,6,9,8,67,75,81,83,81,78,86,39,80,76,Right Wing,
357,Daniel,Parejo Muñoz,Parejo,182,3,4,1,LALIGA EA SPORTS,74,Center Defensive Midfielder,Pinged Pass,Faster ground passes without affecting receiver's trapping,Play Style,Long Ball Pass,"Accurate, faster Lob and Lofted Through Passes",Play Style,Aerial Fortress,Performs higher jumps and has physical defensive presence before and during aerial duels,Play Style,Press Proven,"Close control at jog speed, shields ball more effectively",Play Style,Dead Ball+,"Set pieces with max speed, curve, accuracy, and preview line",Play Style Plus,,,,,,,Spain,Villarreal CF,Center Midfielder,Midfielder,40,58,61,68,67,65,74,85,85,86,76,77,78,90,5,9,12,14,8,63,85,86,77,75,87,80,74,90,72,,
358,Dodi,Lukébakio,,187,4,3,2,Liga Portugal,77,Right Wing,Gamechanger,Fancy and Trivela shots are performed with improved accuracy.,Play Style,Technical,"Faster Controlled Sprint, precise wide turns while dribbling",Play Style,,,,,,,,,,,,,,,,Belgium,SL Benfica,Right Midfielder,Midfielder,86,80,76,72,69,38,71,84,80,78,31,86,82,68,9,7,14,11,12,55,67,80,81,80,78,85,29,78,74,Striker,
359,Ritsu,Doan,,172,4,3,2,Bundesliga,74,Right Back,Precision Header,Performs headers with increased accuracy and power.,Play Style,Inventive,Fancy and Trivela passes are performed with improved accuracy.,Play Style,Technical,"Faster Controlled Sprint, precise wide turns while dribbling",Play Style,First Touch,"Reduced trapping error, faster dribbling transition",Play Style,,,,,,,,,,Japan,Frankfurt,Right Midfielder,Midfielder,86,90,80,90,59,41,93,84,75,77,39,86,75,68,8,5,6,13,14,59,68,59,81,79,82,67,36,82,65,,
360,Yoane,Wissa,,176,3,3,1,Premier League,74,,Acrobatic,"Perform volleys with increased accuracy, acrobatic volley animations",Play Style,Low Driven Shot,"Enhances a player's ability to execute low driven shots with increased accuracy, faster ball travel, and quicker shot execution.",Play Style,Gamechanger,Fancy and Trivela shots are performed with improved accuracy.,Play Style,Rapid,"Higher sprint speed while dribbling, reduced error on knock-ons",Play Style,,,,,,,,,,Congo DR,Newcastle Utd,Striker,Attack,83,83,86,78,68,67,73,80,74,72,25,80,85,54,14,7,6,8,15,81,61,79,85,84,76,82,24,72,85,,
361,Dušan,Vlahović,,190,3,4,2,Serie A Enilive,88,,Finesse Shot,Faster finesse shots with more curve and accuracy,Play Style,Chip Shot,"Faster, more accurate chip shots",Play Style,Dead Ball,"Faster, accurate set pieces with longer trajectory preview",Play Style,Low Driven Shot,"Enhances a player's ability to execute low driven shots with increased accuracy, faster ball travel, and quicker shot execution.",Play Style,Gamechanger,Fancy and Trivela shots are performed with improved accuracy.,Play Style,Press Proven,"Close control at jog speed, shields ball more effectively",Play Style,Enforcer,Performs dribble Shoulder Challenges and Shielding with increased effectiveness.,Play Style,Serbia,Juventus,Striker,Attack,76,68,92,74,86,80,53,81,78,57,19,79,84,89,5,15,6,11,10,82,60,84,86,84,75,84,26,70,80,,
362,Waldemar,Anton,,189,2,3,1,Bundesliga,86,,Pinged Pass,Faster ground passes without affecting receiver's trapping,Play Style,Slide Tackle,Stops ball at feet during slide tackles,Play Style,Aerial Fortress,Performs higher jumps and has physical defensive presence before and during aerial duels,Play Style,Block+,Greater reach and success in blocking,Play Style Plus,,,,,,,,,,Germany,Borussia Dortmund,Center Back,Defense,64,56,85,79,85,86,58,70,80,52,86,64,42,39,11,12,12,13,13,79,73,48,54,82,79,60,86,70,38,,
363,Matthijs,de Ligt,,189,2,3,1,Premier League,89,,Power Shot,Faster power shots with increased speed,Play Style,Block,Increased reach and success in blocking,Play Style,Bruiser,Stronger physical tackles,Play Style,,,,,,,,,,,,,Holland,Man Utd,Center Back,Defense,54,52,86,64,91,85,62,72,80,52,82,65,50,55,12,11,11,12,10,85,73,40,44,81,77,84,81,45,45,,
364,Kalidou,Koulibaly,,186,3,4,1,ROSHN Saudi League,89,,Long Ball Pass,"Accurate, faster Lob and Lofted Through Passes",Play Style,Block,Increased reach and success in blocking,Play Style,Anticipate,"Improved standing tackle success, possibility of stopping ball at feet",Play Style,Aerial Fortress,Performs higher jumps and has physical defensive presence before and during aerial duels,Play Style,Bruiser,Stronger physical tackles,Play Style,,,,,,,Senegal,Al Hilal,Center Back,Defense,61,39,87,74,89,83,33,70,75,50,81,69,43,39,7,11,7,13,5,82,64,50,50,81,71,67,83,64,48,,
365,Youssef,En-Nesyri,,188,3,3,2,Trendyol Süper Lig,78,,Precision Header,Performs headers with increased accuracy and power.,Play Style,Aerial Fortress,Performs higher jumps and has physical defensive presence before and during aerial duels,Play Style,Rapid,"Higher sprint speed while dribbling, reduced error on knock-ons",Play Style,Quick Step,Faster acceleration during Explosive Sprint,Play Style,Relentless,"Increased half time fatigue recovery, longer teammate contain and press",Play Style,,,,,,,Morocco,Fenerbahçe,Striker,Attack,73,71,90,80,80,77,50,79,75,60,27,76,83,56,13,9,14,9,13,86,58,73,85,84,76,83,31,58,77,,
366,Pau,Cubarsí Paredes,Pau Cubarsí,182,2,4,1,LALIGA EA SPORTS,75,,Long Ball Pass,"Accurate, faster Lob and Lofted Through Passes",Play Style,,,,,,,,,,,,,,,,,,,Spain,FC Barcelona,Center Back,Defense,67,65,85,68,77,80,62,82,80,31,84,78,41,33,10,6,14,7,14,83,86,41,51,82,85,51,84,74,41,,
367,Duván,Zapata,,188,3,4,1,Serie A Enilive,88,,Power Shot,Faster power shots with increased speed,Play Style,Precision Header,Performs headers with increased accuracy and power.,Play Style,Aerial Fortress,Performs higher jumps and has physical defensive presence before and during aerial duels,Play Style,Press Proven,"Close control at jog speed, shields ball more effectively",Play Style,Enforcer,Performs dribble Shoulder Challenges and Shielding with increased effectiveness.,Play Style,,,,,,,Colombia,Torino,Striker,Attack,72,66,93,65,90,80,57,80,82,47,44,79,84,62,9,9,8,6,8,87,57,75,86,78,74,88,24,70,79,,
368,Nicolás,Otamendi,,183,2,3,1,Liga Portugal,78,,Precision Header,Performs headers with increased accuracy and power.,Play Style,Jockey,"Faster Sprint Jockey, better transition speed",Play Style,Intercept,Increased reach and possession retention in interceptions,Play Style,Anticipate,"Improved standing tackle success, possibility of stopping ball at feet",Play Style,Slide Tackle,Stops ball at feet during slide tackles,Play Style,Aerial Fortress,Performs higher jumps and has physical defensive presence before and during aerial duels,Play Style,Bruiser,Stronger physical tackles,Play Style,Argentina,SL Benfica,Center Back,Defense,54,58,89,87,81,89,58,67,79,52,84,56,54,39,12,5,8,11,12,84,72,45,55,80,74,69,83,62,57,,
369,Marc,Guéhi,,182,2,5,1,Premier League,82,,Long Ball Pass,"Accurate, faster Lob and Lofted Through Passes",Play Style,Jockey,"Faster Sprint Jockey, better transition speed",Play Style,Block,Increased reach and success in blocking,Play Style,Anticipate,"Improved standing tackle success, possibility of stopping ball at feet",Play Style,,,,,,,,,,England,Crystal Palace,Center Back,Defense,68,61,84,73,80,77,65,76,76,58,84,72,42,32,8,9,11,12,12,79,78,38,35,83,79,49,84,66,32,,
370,José Ignacio,Fernández Iglesias,Nacho Fernández,180,2,4,1,ROSHN Saudi League,76,Left Back,Long Ball Pass,"Accurate, faster Lob and Lofted Through Passes",Play Style,Block,Increased reach and success in blocking,Play Style,,,,,,,,,,,,,,,,Spain,Al Qadsiah,Center Back,Defense,67,65,83,79,79,80,76,79,75,70,82,64,32,37,12,7,10,15,7,79,67,45,37,81,82,54,83,53,38,Right Back,Left Midfielder
371,Matthias,Ginter,,190,2,3,1,Bundesliga,90,,Pinged Pass,Faster ground passes without affecting receiver's trapping,Play Style,Aerial Fortress,Performs higher jumps and has physical defensive presence before and during aerial duels,Play Style,Anticipate+,"Significantly improved standing tackle success, possibility of stopping ball",Play Style Plus,,,,,,,,,,,,,Germany,SC Freiburg,Center Back,Defense,54,54,83,57,83,73,50,75,77,68,87,61,54,42,12,10,6,8,10,83,74,67,55,84,78,79,87,71,53,,
372,Brahim,Díaz,Brahim,170,4,5,1,LALIGA EA SPORTS,68,Left Midfielder,Incisive Pass,"Accurate through passes, curvier swerve passes, faster precision passes",Play Style,Tiki Taka,Accurate first-time Ground Passes,Play Style,Technical,"Faster Controlled Sprint, precise wide turns while dribbling",Play Style,First Touch,"Reduced trapping error, faster dribbling transition",Play Style,,,,,,,,,,Morocco,Real Madrid,Right Midfielder,Midfielder,83,88,60,69,58,46,90,85,79,76,40,84,76,61,13,9,13,10,6,30,76,58,79,80,83,73,23,82,64,Center Attacking Midfielder,Right Wing
373,Alessandro,Buongiorno,,190,2,3,2,Serie A Enilive,86,,Block,Increased reach and success in blocking,Play Style,Intercept,Increased reach and possession retention in interceptions,Play Style,,,,,,,,,,,,,,,,Italy,SSC Napoli,Center Back,Defense,65,59,83,78,78,83,58,71,77,63,87,60,36,43,13,11,7,11,12,80,70,49,40,84,74,65,84,66,46,,
374,Aymeric,Laporte,,189,2,3,2,ROSHN Saudi League,85,,Precision Header,Performs headers with increased accuracy and power.,Play Style,Pinged Pass,Faster ground passes without affecting receiver's trapping,Play Style,Long Ball Pass,"Accurate, faster Lob and Lofted Through Passes",Play Style,Jockey,"Faster Sprint Jockey, better transition speed",Play Style,Aerial Fortress,Performs higher jumps and has physical defensive presence before and during aerial duels,Play Style,,,,,,,Spain,Al Nassr,Center Back,Defense,46,57,81,68,83,72,53,81,84,58,81,64,45,69,10,11,5,14,5,84,81,44,54,81,84,68,85,73,40,,
375,Cristian,Romero,,185,3,2,1,Premier League,79,,Precision Header,Performs headers with increased accuracy and power.,Play Style,Slide Tackle,Stops ball at feet during slide tackles,Play Style,Aerial Fortress,Performs higher jumps and has physical defensive presence before and during aerial duels,Play Style,Bruiser,Stronger physical tackles,Play Style,,,,,,,,,,Argentina,Spurs,Center Back,Defense,63,65,86,69,83,89,64,67,79,42,83,60,48,38,5,7,11,10,14,82,70,40,43,81,76,64,83,60,52,,
376,Sávio,Moreira de Oliveira,Savinho,176,4,2,2,Premier League,71,Left Wing,Whipped Pass,"Accurate, faster crosses with more curve",Play Style,Inventive,Fancy and Trivela passes are performed with improved accuracy.,Play Style,Technical,"Faster Controlled Sprint, precise wide turns while dribbling",Play Style,First Touch,"Reduced trapping error, faster dribbling transition",Play Style,,,,,,,,,,Brazil,Manchester City,Right Wing,Attack,89,90,62,73,45,45,76,85,85,83,26,87,74,55,9,12,8,9,12,45,70,62,79,79,81,70,30,81,63,Right Midfielder,
377,Robin,Koch,,192,2,4,1,Bundesliga,85,,Precision Header,Performs headers with increased accuracy and power.,Play Style,Aerial Fortress,Performs higher jumps and has physical defensive presence before and during aerial duels,Play Style,,,,,,,,,,,,,,,,Germany,Frankfurt,Center Back,Defense,59,61,85,77,82,82,53,75,82,41,84,60,40,28,9,6,15,8,6,86,73,38,52,82,81,58,86,64,29,,
378,Ante,Budimir,,190,3,4,2,LALIGA EA SPORTS,75,,Precision Header,Performs headers with increased accuracy and power.,Play Style,Enforcer,Performs dribble Shoulder Challenges and Shielding with increased effectiveness.,Play Style,,,,,,,,,,,,,,,,Croatia,CA Osasuna,Striker,Attack,54,56,85,75,84,77,32,83,75,50,29,79,86,62,11,14,8,16,15,87,58,86,85,82,82,83,35,50,82,,
379,Chris,Wood,,191,2,3,1,Premier League,92,,Precision Header,Performs headers with increased accuracy and power.,Play Style,Aerial Fortress,Performs higher jumps and has physical defensive presence before and during aerial duels,Play Style,Enforcer,Performs dribble Shoulder Challenges and Shielding with increased effectiveness.,Play Style,,,,,,,,,,,,,New Zealand,Nott'm Forest,Striker,Attack,55,49,87,70,87,77,33,80,80,52,40,73,85,65,14,16,16,7,16,88,60,85,86,85,78,85,30,71,83,,
380,Roger,Ibañez da Silva,Ibañez,185,3,2,1,ROSHN Saudi League,73,,Precision Header,Performs headers with increased accuracy and power.,Play Style,Long Ball Pass,"Accurate, faster Lob and Lofted Through Passes",Play Style,Jockey,"Faster Sprint Jockey, better transition speed",Play Style,Block,Increased reach and success in blocking,Play Style,Intercept,Increased reach and possession retention in interceptions,Play Style,Slide Tackle,Stops ball at feet during slide tackles,Play Style,Aerial Fortress,Performs higher jumps and has physical defensive presence before and during aerial duels,Play Style,Brazil,Al Ahli,Center Back,Defense,87,69,95,85,84,84,62,76,74,34,80,45,27,35,12,7,10,6,12,81,45,46,32,79,66,45,83,34,29,,
381,Min Jae,Kim,Kim Min Jae,190,2,3,1,Bundesliga,81,,Long Ball Pass,"Accurate, faster Lob and Lofted Through Passes",Play Style,Block,Increased reach and success in blocking,Play Style,Intercept,Increased reach and possession retention in interceptions,Play Style,Slide Tackle,Stops ball at feet during slide tackles,Play Style,Aerial Fortress,Performs higher jumps and has physical defensive presence before and during aerial duels,Play Style,,,,,,,Korea Republic,FC Bayern München,Center Back,Defense,73,65,82,79,85,86,65,67,66,35,80,57,23,23,13,7,11,14,11,80,64,30,48,81,76,51,84,57,24,,
382,Alessio,Romagnoli,,185,2,3,2,Serie A Enilive,75,,Anticipate,"Improved standing tackle success, possibility of stopping ball at feet",Play Style,Aerial Fortress,Performs higher jumps and has physical defensive presence before and during aerial duels,Play Style,Bruiser,Stronger physical tackles,Play Style,,,,,,,,,,,,,Italy,Latium,Center Back,Defense,65,52,84,77,80,82,59,73,77,36,84,68,30,24,9,14,12,8,9,81,70,34,31,82,73,63,85,45,28,,
383,Sven,Botman,,193,2,3,2,Premier League,81,,Long Ball Pass,"Accurate, faster Lob and Lofted Through Passes",Play Style,Jockey,"Faster Sprint Jockey, better transition speed",Play Style,Bruiser,Stronger physical tackles,Play Style,,,,,,,,,,,,,Holland,Newcastle Utd,Center Back,Defense,48,50,82,66,89,84,34,74,76,43,84,63,24,28,12,9,8,6,14,81,75,37,45,80,77,65,83,59,27,,
384,Khéphren,Thuram,,192,3,3,1,Serie A Enilive,80,Center Defensive Midfielder,Pinged Pass,Faster ground passes without affecting receiver's trapping,Play Style,Press Proven,"Close control at jog speed, shields ball more effectively",Play Style,Relentless,"Increased half time fatigue recovery, longer teammate contain and press",Play Style,,,,,,,,,,,,,France,Juventus,Center Midfielder,Midfielder,76,75,87,81,79,84,65,83,82,72,80,81,77,56,7,9,14,11,9,76,80,60,78,79,83,79,84,78,65,,
385,Conor,Gallagher,,182,3,4,1,LALIGA EA SPORTS,77,Center Attacking Midfielder,Block,Increased reach and success in blocking,Play Style,Intercept,Increased reach and possession retention in interceptions,Play Style,Relentless,"Increased half time fatigue recovery, longer teammate contain and press",Play Style,,,,,,,,,,,,,England,Atlético de Madrid,Center Midfielder,Midfielder,72,73,79,93,78,87,72,80,81,75,79,78,74,73,7,6,15,9,9,66,81,63,82,82,83,81,81,80,70,Left Midfielder,
386,Reece,James,,180,3,4,1,Premier League,91,,Whipped Pass,"Accurate, faster crosses with more curve",Play Style,Jockey,"Faster Sprint Jockey, better transition speed",Play Style,Bruiser,Stronger physical tackles,Play Style,,,,,,,,,,,,,England,Chelsea,Right Back,Defense,75,66,87,67,86,83,71,79,82,88,82,78,67,81,8,12,7,13,11,75,80,65,74,80,81,85,82,78,67,,
387,Filip,Kostić,,184,3,2,2,Serie A Enilive,84,Left Back,Whipped Pass,"Accurate, faster crosses with more curve",Play Style,Rapid,"Higher sprint speed while dribbling, reduced error on knock-ons",Play Style,,,,,,,,,,,,,,,,Serbia,Juventus,Left Midfielder,Midfielder,79,76,78,78,77,76,78,81,82,87,70,81,71,80,13,14,12,12,13,59,79,66,78,77,80,85,74,78,75,Left Wing,
388,Sergi,Darder Moll,Sergi Darder,180,3,3,1,LALIGA EA SPORTS,71,Center Midfielder,Power Shot,Faster power shots with increased speed,Play Style,Dead Ball,"Faster, accurate set pieces with longer trajectory preview",Play Style,Incisive Pass,"Accurate through passes, curvier swerve passes, faster precision passes",Play Style,Pinged Pass,Faster ground passes without affecting receiver's trapping,Play Style,Long Ball Pass,"Accurate, faster Lob and Lofted Through Passes",Play Style,Inventive,Fancy and Trivela passes are performed with improved accuracy.,Play Style,Press Proven,"Close control at jog speed, shields ball more effectively",Play Style,Spain,RCD Mallorca,Left Midfielder,Midfielder,78,79,78,82,75,74,76,80,84,74,74,81,75,72,8,9,9,8,12,60,82,60,78,79,84,81,76,83,74,Center Defensive Midfielder,Left Wing
389,John,McGinn,,178,3,2,2,Premier League,68,Right Midfielder,Press Proven,"Close control at jog speed, shields ball more effectively",Play Style,Relentless,"Increased half time fatigue recovery, longer teammate contain and press",Play Style,Enforcer,Performs dribble Shoulder Challenges and Shielding with increased effectiveness.,Play Style,,,,,,,,,,,,,Scotland,Aston Villa,Left Midfielder,Midfielder,69,77,74,92,79,86,85,80,77,76,79,81,76,61,9,13,12,10,12,57,80,55,77,81,81,84,82,79,75,Center Attacking Midfielder,Left Back
390,Davide,Frattesi,,178,3,4,1,Serie A Enilive,74,,Technical,"Faster Controlled Sprint, precise wide turns while dribbling",Play Style,,,,,,,,,,,,,,,,,,,Italy,Lombardia FC,Center Midfielder,Midfielder,84,78,81,80,64,79,75,83,81,67,70,82,79,65,5,10,8,11,10,71,79,64,85,83,84,76,77,83,71,,
391,Michele,Di Gregorio,,187,1,3,1,Serie A Enilive,82,,Footwork,"Exclusive foot saves, better performance on low shots",Play Style,,,,,,,,,,,,,,,,,,,Italy,Juventus,Goalkeeper,Defense,55,55,69,36,68,26,55,35,56,13,21,30,9,14,82,78,79,83,85,11,50,17,9,69,50,59,16,65,11,,
392,Carlos Augusto,Zopolato Neves,Carlos Augusto,184,3,2,2,Serie A Enilive,75,Center Back,Aerial Fortress,Performs higher jumps and has physical defensive presence before and during aerial duels,Play Style,Relentless,"Increased half time fatigue recovery, longer teammate contain and press",Play Style,,,,,,,,,,,,,,,,Brazil,Lombardia FC,Left Back,Defense,79,79,85,80,72,80,72,80,78,79,79,80,68,74,11,12,5,12,13,76,74,52,79,81,78,79,80,76,73,Left Midfielder,
393,Miguel,Gutiérrez Ortega,Miguel Gutiérrez,180,2,3,2,Serie A Enilive,73,Left Midfielder,Low Driven Shot,"Enhances a player's ability to execute low driven shots with increased accuracy, faster ball travel, and quicker shot execution.",Play Style,,,,,,,,,,,,,,,,,,,Spain,SSC Napoli,Left Back,Defense,82,82,78,85,66,73,75,82,75,84,76,81,72,45,14,10,8,6,10,68,76,62,81,80,82,76,78,80,60,,
394,Ferland,Mendy,,180,4,5,2,LALIGA EA SPORTS,73,Left Midfielder,Block,Increased reach and success in blocking,Play Style,Rapid,"Higher sprint speed while dribbling, reduced error on knock-ons",Play Style,,,,,,,,,,,,,,,,France,Real Madrid,Left Back,Defense,84,78,87,85,84,80,79,74,76,74,76,74,63,45,7,16,9,10,9,70,75,49,76,80,77,69,80,74,50,,
395,Teun,Koopmeiners,,183,3,2,2,Serie A Enilive,77,Center Midfielder,Dead Ball,"Faster, accurate set pieces with longer trajectory preview",Play Style,,,,,,,,,,,,,,,,,,,Holland,Juventus,Center Attacking Midfielder,Midfielder,71,69,79,83,71,72,69,83,81,79,76,76,76,80,14,8,14,12,10,72,84,85,80,82,85,82,74,84,72,,
396,Ivan,Perišić,,186,4,5,1,Eredivisie,80,Left Wing,Dead Ball,"Faster, accurate set pieces with longer trajectory preview",Play Style,Gamechanger,Fancy and Trivela shots are performed with improved accuracy.,Play Style,Whipped Pass,"Accurate, faster crosses with more curve",Play Style,Inventive,Fancy and Trivela passes are performed with improved accuracy.,Play Style,,,,,,,,,,Croatia,,Right Wing,Attack,74,73,84,76,75,69,70,83,84,84,68,78,78,75,6,7,10,9,6,77,77,77,84,80,82,85,69,79,85,Right Midfielder,
397,Yangel,Herrera,,184,3,3,1,LALIGA EA SPORTS,78,Center Defensive Midfielder,Precision Header,Performs headers with increased accuracy and power.,Play Style,Incisive Pass,"Accurate through passes, curvier swerve passes, faster precision passes",Play Style,Aerial Fortress,Performs higher jumps and has physical defensive presence before and during aerial duels,Play Style,,,,,,,,,,,,,Venezuela,Real Sociedad,Center Midfielder,Midfielder,66,71,86,79,81,81,69,82,74,67,80,81,75,56,6,7,9,14,8,81,81,60,79,80,83,82,81,81,60,Center Attacking Midfielder,
398,Carlos,Baleba,,183,3,3,2,Premier League,77,Center Midfielder,Power Shot,Faster power shots with increased speed,Play Style,Aerial Fortress,Performs higher jumps and has physical defensive presence before and during aerial duels,Play Style,Technical,"Faster Controlled Sprint, precise wide turns while dribbling",Play Style,,,,,,,,,,,,,Cameroon,Brighton,Center Defensive Midfielder,Midfielder,75,75,80,81,79,78,77,80,80,65,76,82,63,50,11,6,8,14,13,67,80,50,67,80,81,85,82,76,67,,
399,Corentin,Tolisso,,181,3,2,1,Ligue 1 McDonald's,81,Center Defensive Midfielder,Precision Header,Performs headers with increased accuracy and power.,Play Style,Aerial Fortress,Performs higher jumps and has physical defensive presence before and during aerial duels,Play Style,First Touch,"Reduced trapping error, faster dribbling transition",Play Style,Relentless,"Increased half time fatigue recovery, longer teammate contain and press",Play Style,,,,,,,,,,France,OL,Center Midfielder,Midfielder,64,62,83,82,78,75,70,80,79,67,74,75,74,67,7,10,14,9,14,80,83,67,82,82,82,86,79,80,75,Center Attacking Midfielder,
400,Yannick,Carrasco,,181,4,4,1,ROSHN Saudi League,73,Left Midfielder,Gamechanger,Fancy and Trivela shots are performed with improved accuracy.,Play Style,Whipped Pass,"Accurate, faster crosses with more curve",Play Style,Technical,"Faster Controlled Sprint, precise wide turns while dribbling",Play Style,,,,,,,,,,,,,Belgium,Al Shabab,Left Wing,Attack,86,87,74,76,63,65,70,83,82,79,54,88,77,80,9,11,9,10,10,56,72,79,77,76,77,84,63,77,73,,
401,Dean,Henderson,,188,1,3,1,Premier League,85,,Footwork,"Exclusive foot saves, better performance on low shots",Play Style,,,,,,,,,,,,,,,,,,,England,Crystal Palace,Goalkeeper,Defense,55,61,69,32,64,35,56,35,60,14,15,13,9,10,82,78,77,80,82,13,48,16,8,81,45,58,14,55,5,,
402,Daniel,Muñoz,,181,3,3,1,Premier League,73,Right Midfielder,Jockey,"Faster Sprint Jockey, better transition speed",Play Style,Anticipate,"Improved standing tackle success, possibility of stopping ball at feet",Play Style,Rapid,"Higher sprint speed while dribbling, reduced error on knock-ons",Play Style,Relentless,"Increased half time fatigue recovery, longer teammate contain and press",Play Style,,,,,,,,,,Colombia,Crystal Palace,Right Back,Defense,76,74,85,88,74,88,78,77,76,77,75,76,72,34,7,14,12,7,6,78,72,58,76,80,77,77,82,69,73,,
403,Marten,de Roon,,186,3,3,1,Serie A Enilive,76,Center Defensive Midfielder,Long Ball Pass,"Accurate, faster Lob and Lofted Through Passes",Play Style,Intercept,Increased reach and possession retention in interceptions,Play Style,Aerial Fortress,Performs higher jumps and has physical defensive presence before and during aerial duels,Play Style,Relentless,"Increased half time fatigue recovery, longer teammate contain and press",Play Style,,,,,,,,,,Holland,Bergamo Calcio,Center Midfielder,Midfielder,53,59,74,90,73,86,69,81,83,70,82,77,70,54,14,15,7,12,12,75,84,80,70,78,85,79,88,74,65,,
404,Marcelo,Brozović,,181,3,4,1,ROSHN Saudi League,72,Center Midfielder,Long Ball Pass,"Accurate, faster Lob and Lofted Through Passes",Play Style,Press Proven,"Close control at jog speed, shields ball more effectively",Play Style,Relentless,"Increased half time fatigue recovery, longer teammate contain and press",Play Style,,,,,,,,,,,,,Croatia,Al Nassr,Center Defensive Midfielder,Midfielder,62,79,73,93,72,85,84,82,82,73,75,77,68,74,8,8,15,11,8,70,80,69,65,75,81,80,83,79,65,,
405,Brais,Méndez Portela,Brais Méndez,187,4,3,2,LALIGA EA SPORTS,76,Right Midfielder,Finesse Shot,Faster finesse shots with more curve and accuracy,Play Style,Dead Ball,"Faster, accurate set pieces with longer trajectory preview",Play Style,Tiki Taka,Accurate first-time Ground Passes,Play Style,Technical,"Faster Controlled Sprint, precise wide turns while dribbling",Play Style,,,,,,,,,,Spain,Real Sociedad,Center Midfielder,Midfielder,72,75,80,71,73,74,56,84,80,79,63,83,82,78,10,5,10,12,8,71,82,76,81,82,84,81,69,84,69,Center Attacking Midfielder,
406,João Lucas,de Souza Cardoso,Johnny Cardoso,185,3,2,1,LALIGA EA SPORTS,83,Center Midfielder,Precision Header,Performs headers with increased accuracy and power.,Play Style,Intercept,Increased reach and possession retention in interceptions,Play Style,Aerial Fortress,Performs higher jumps and has physical defensive presence before and during aerial duels,Play Style,,,,,,,,,,,,,United States,Atlético de Madrid,Center Defensive Midfielder,Midfielder,74,78,83,77,77,75,57,82,75,65,78,77,63,66,10,14,8,12,7,75,81,62,74,77,82,74,81,76,62,,
407,Alexander,Nübel,,193,1,4,1,Bundesliga,86,,Footwork,"Exclusive foot saves, better performance on low shots",Play Style,Deflector,"Unique deflection animations, powerful parries to safer areas",Play Style,,,,,,,,,,,,,,,,Germany,VfB Stuttgart,Goalkeeper,Defense,49,34,71,39,74,23,58,41,69,15,23,26,18,20,81,76,84,78,82,13,48,16,10,81,55,63,14,65,13,,
408,Jacob,Murphy,,179,3,4,1,Premier League,74,Right Midfielder,Whipped Pass,"Accurate, faster crosses with more curve",Play Style,,,,,,,,,,,,,,,,,,,England,Newcastle Utd,Right Wing,Attack,80,74,68,82,69,56,75,80,78,84,61,82,80,68,13,16,13,10,6,45,67,66,80,81,79,84,66,82,51,,
409,Jorge,Resurrección,Koke,176,3,4,1,LALIGA EA SPORTS,75,Center Defensive Midfielder,Long Ball Pass,"Accurate, faster Lob and Lofted Through Passes",Play Style,Relentless,"Increased half time fatigue recovery, longer teammate contain and press",Play Style,,,,,,,,,,,,,,,,Spain,Atlético de Madrid,Center Midfielder,Midfielder,62,68,72,83,75,78,81,81,84,85,78,77,69,77,14,12,5,10,13,61,81,67,76,80,83,82,79,83,57,,
410,Robert,Andrich,,186,2,4,1,Bundesliga,85,Center Midfielder,Power Shot,Faster power shots with increased speed,Play Style,Relentless,"Increased half time fatigue recovery, longer teammate contain and press",Play Style,Bruiser,Stronger physical tackles,Play Style,,,,,,,,,,,,,Germany,Leverkusen,Center Defensive Midfielder,Midfielder,59,63,80,67,84,91,59,76,75,71,85,74,74,76,7,9,10,13,15,74,78,62,68,82,79,84,83,73,70,Center Back,
411,Youssouf,Fofana,,181,3,3,1,Serie A Enilive,75,Center Midfielder,Incisive Pass,"Accurate through passes, curvier swerve passes, faster precision passes",Play Style,Jockey,"Faster Sprint Jockey, better transition speed",Play Style,Anticipate,"Improved standing tackle success, possibility of stopping ball at feet",Play Style,Relentless,"Increased half time fatigue recovery, longer teammate contain and press",Play Style,,,,,,,,,,France,Milano FC,Center Defensive Midfielder,Midfielder,67,70,73,85,73,80,76,80,78,66,80,78,66,56,12,7,12,5,9,63,79,64,74,80,81,76,83,78,46,,
412,Rayan,Aït-Nouri,,180,5,3,2,Premier League,70,Left Midfielder,Jockey,"Faster Sprint Jockey, better transition speed",Play Style,First Touch,"Reduced trapping error, faster dribbling transition",Play Style,Trickster,Performs unique flick Skill Moves,Play Style,,,,,,,,,,,,,Algeria,Manchester City,Left Back,Defense,85,81,78,80,65,69,77,84,80,80,77,87,50,58,15,11,8,14,12,66,72,42,75,80,79,61,78,75,48,,
413,José Luís,Gayà Peña,Gayà,172,4,3,2,LALIGA EA SPORTS,66,Left Midfielder,Anticipate,"Improved standing tackle success, possibility of stopping ball at feet",Play Style,Technical,"Faster Controlled Sprint, precise wide turns while dribbling",Play Style,,,,,,,,,,,,,,,,Spain,Valencia CF,Left Back,Defense,79,82,73,80,66,77,80,78,75,80,77,75,61,49,13,10,9,12,9,58,75,60,75,82,78,62,79,74,58,,
414,Gabriel Teodoro,Martinelli Silva,Gabriel Martinelli,178,4,3,1,Premier League,75,Left Midfielder,Finesse Shot,Faster finesse shots with more curve and accuracy,Play Style,Inventive,Fancy and Trivela passes are performed with improved accuracy.,Play Style,Quick Step,Faster acceleration during Explosive Sprint,Play Style,,,,,,,,,,,,,Brazil,Arsenal,Left Wing,Attack,92,87,83,82,63,80,81,82,79,77,44,85,79,68,10,6,7,6,6,72,65,62,80,78,77,77,44,77,81,,
415,Giuliano,Simeone,,173,3,3,1,LALIGA EA SPORTS,75,Striker,Rapid,"Higher sprint speed while dribbling, reduced error on knock-ons",Play Style,,,,,,,,,,,,,,,,,,,Argentina,Atlético de Madrid,Right Midfielder,Midfielder,92,85,87,84,79,81,83,78,77,76,42,82,76,46,8,14,7,14,12,69,66,62,78,79,77,76,43,76,62,Left Midfielder,Right Wing
416,Kevin,Trapp,,189,1,4,1,Ligue 1 McDonald's,84,,Far Throw,Unique goalkeeper throw animations with longer throw distance,Play Style,Footwork,"Exclusive foot saves, better performance on low shots",Play Style,,,,,,,,,,,,,,,,Germany,Paris FC,Goalkeeper,Defense,43,42,68,45,75,30,37,24,65,13,15,10,13,12,82,80,74,76,84,11,14,17,12,82,25,56,14,48,12,,
417,Anderson,Souza Conceição,Anderson Talisca,191,4,4,2,Trendyol Süper Lig,75,Striker,Finesse Shot,Faster finesse shots with more curve and accuracy,Play Style,Precision Header,Performs headers with increased accuracy and power.,Play Style,Acrobatic,"Perform volleys with increased accuracy, acrobatic volley animations",Play Style,Gamechanger+,Fancy and Trivela shots are performed with greatly improved accuracy.,Play Style Plus,,,,,,,,,,Brazil,Fenerbahçe,Center Attacking Midfielder,Midfielder,78,79,80,73,75,72,58,85,77,78,38,82,85,88,13,11,13,12,10,80,79,80,82,78,80,88,45,77,84,Right Wing,Center Midfielder
418,Nadiem,Amiri,,180,4,3,1,Bundesliga,76,Center Attacking Midfielder,Finesse Shot,Faster finesse shots with more curve and accuracy,Play Style,Dead Ball,"Faster, accurate set pieces with longer trajectory preview",Play Style,Gamechanger,Fancy and Trivela shots are performed with improved accuracy.,Play Style,Pinged Pass,Faster ground passes without affecting receiver's trapping,Play Style,Technical,"Faster Controlled Sprint, precise wide turns while dribbling",Play Style,,,,,,,Germany,1. FSV Mainz 05,Center Midfielder,Midfielder,76,83,65,78,68,74,80,82,81,79,67,83,77,79,12,12,14,12,10,42,80,67,82,83,82,83,65,85,70,,
419,Nick,Pope,,199,1,3,1,Premier League,90,,Footwork,"Exclusive foot saves, better performance on low shots",Play Style,,,,,,,,,,,,,,,,,,,England,Newcastle Utd,Goalkeeper,Defense,50,36,71,35,75,36,42,25,63,11,19,15,14,12,81,81,68,78,82,11,52,22,13,78,42,51,15,50,14,,
420,Ivan,Toney,,187,3,3,1,ROSHN Saudi League,76,,Bruiser,Stronger physical tackles,Play Style,,,,,,,,,,,,,,,,,,,England,Al Ahli,Striker,Attack,76,74,91,76,81,83,67,79,80,63,45,73,85,73,16,8,8,7,8,83,65,93,82,79,76,84,51,74,79,,
421,David,Soria Solís,David Soria,192,1,3,1,LALIGA EA SPORTS,85,,Long Ball Pass,"Accurate, faster Lob and Lofted Through Passes",Play Style,Footwork,"Exclusive foot saves, better performance on low shots",Play Style,,,,,,,,,,,,,,,,Spain,Getafe CF,Goalkeeper,Defense,46,48,74,43,76,26,40,20,61,15,22,16,19,11,81,79,74,80,82,23,33,23,12,79,30,56,13,51,19,,
422,Federico,Chiesa,,175,4,4,1,Premier League,70,Left Midfielder,Finesse Shot,Faster finesse shots with more curve and accuracy,Play Style,Rapid,"Higher sprint speed while dribbling, reduced error on knock-ons",Play Style,Quick Step,Faster acceleration during Explosive Sprint,Play Style,,,,,,,,,,,,,Italy,Liverpool,Right Midfielder,Midfielder,88,89,74,63,67,74,84,81,80,75,42,84,80,62,6,7,8,9,7,53,74,62,81,80,77,84,44,77,78,Striker,Right Wing
423,Lisandro,Martínez,,178,3,3,2,Premier League,77,,Intercept,Increased reach and possession retention in interceptions,Play Style,Slide Tackle,Stops ball at feet during slide tackles,Play Style,Bruiser,Stronger physical tackles,Play Style,,,,,,,,,,,,,Argentina,Man Utd,Center Back,Defense,70,69,88,73,77,92,75,77,79,72,81,74,52,55,6,14,13,14,8,75,76,55,62,80,79,73,81,76,56,,
424,Wenderson,Nascimento Galeno,Galeno,179,4,3,1,ROSHN Saudi League,62,Left Wing,Rapid,"Higher sprint speed while dribbling, reduced error on knock-ons",Play Style,First Touch,"Reduced trapping error, faster dribbling transition",Play Style,Quick Step,Faster acceleration during Explosive Sprint,Play Style,Relentless,"Increased half time fatigue recovery, longer teammate contain and press",Play Style,,,,,,,,,,Brazil,Al Ahli,Left Midfielder,Midfielder,92,89,69,84,66,56,73,80,83,71,44,84,78,70,13,6,13,11,15,41,64,59,81,82,75,75,46,70,65,,
425,Andriy,Lunin,,191,1,3,1,LALIGA EA SPORTS,78,,Footwork,"Exclusive foot saves, better performance on low shots",Play Style,,,,,,,,,,,,,,,,,,,Ukraine,Real Madrid,Goalkeeper,Defense,39,36,62,32,61,22,25,15,56,15,22,11,8,15,80,78,79,80,82,12,26,19,11,80,25,59,13,60,12,,
426,Antony,Matheus dos Santos,Antony,172,5,1,2,LALIGA EA SPORTS,63,Right Midfielder,Finesse Shot,Faster finesse shots with more curve and accuracy,Play Style,Technical,"Faster Controlled Sprint, precise wide turns while dribbling",Play Style,Trickster,Performs unique flick Skill Moves,Play Style,,,,,,,,,,,,,Brazil,Real Betis,Right Wing,Attack,85,90,68,75,61,86,91,83,78,80,40,82,77,70,9,10,14,8,13,45,71,66,79,78,80,83,45,79,75,,
427,Matteo,Darmian,,182,3,4,1,Serie A Enilive,70,Center Back,,,,,,,,,,,,,,,,,,,,,,Italy,Lombardia FC,Right Back,Defense,68,79,77,75,64,84,75,79,79,74,83,72,60,40,6,7,7,12,7,76,74,49,78,83,81,69,84,70,65,Right Midfielder,
428,Matteo,Politano,,171,4,4,2,Serie A Enilive,65,Right Midfielder,Dead Ball,"Faster, accurate set pieces with longer trajectory preview",Play Style,Gamechanger,Fancy and Trivela shots are performed with improved accuracy.,Play Style,Long Ball Pass,"Accurate, faster Lob and Lofted Through Passes",Play Style,Whipped Pass,"Accurate, faster crosses with more curve",Play Style,Inventive,Fancy and Trivela passes are performed with improved accuracy.,Play Style,Technical,"Faster Controlled Sprint, precise wide turns while dribbling",Play Style,,,,Italy,SSC Napoli,Right Wing,Attack,81,90,53,78,39,66,88,83,80,80,66,82,78,77,11,12,6,8,11,40,76,70,79,82,82,78,58,80,75,,
429,Lucas,Estella Perri,Lucas Perri,197,1,2,1,Premier League,98,,Far Throw,Unique goalkeeper throw animations with longer throw distance,Play Style,,,,,,,,,,,,,,,,,,,Brazil,Leeds United,Goalkeeper,Defense,32,37,69,38,83,35,27,14,44,19,10,18,11,20,80,79,79,80,82,13,48,19,12,77,45,59,18,65,15,,
430,Remo,Freuler,,180,4,3,1,Serie A Enilive,80,Center Midfielder,Block,Increased reach and success in blocking,Play Style,Intercept,Increased reach and possession retention in interceptions,Play Style,Anticipate,"Improved standing tackle success, possibility of stopping ball at feet",Play Style,Relentless,"Increased half time fatigue recovery, longer teammate contain and press",Play Style,,,,,,,,,,Switzerland,Bologna,Center Defensive Midfielder,Midfielder,63,67,62,91,67,71,65,83,83,65,80,76,70,70,12,8,9,14,13,48,78,61,78,82,83,75,84,78,68,,
431,Ricardo Jorge,da Luz Horta,Ricardo Horta,173,3,4,1,Liga Portugal,63,Left Midfielder,Finesse Shot,Faster finesse shots with more curve and accuracy,Play Style,Power Shot,Faster power shots with increased speed,Play Style,Pinged Pass,Faster ground passes without affecting receiver's trapping,Play Style,Tiki Taka,Accurate first-time Ground Passes,Play Style,First Touch,"Reduced trapping error, faster dribbling transition",Play Style,,,,,,,Portugal,SC Braga,Center Attacking Midfielder,Midfielder,78,83,70,83,62,69,85,81,83,78,32,81,80,80,7,9,10,8,13,55,76,77,80,82,82,82,44,84,82,Right Midfielder,Center Midfielder
432,Gerard,Moreno Balagueró,Gerard Moreno,180,3,4,2,LALIGA EA SPORTS,77,Right Wing,Finesse Shot,Faster finesse shots with more curve and accuracy,Play Style,Power Shot,Faster power shots with increased speed,Play Style,,,,,,,,,,,,,,,,Spain,Villarreal CF,Striker,Attack,77,76,85,76,72,61,72,81,78,77,44,81,83,62,15,12,7,12,10,78,75,85,82,80,79,82,41,77,79,Center Attacking Midfielder,
433,Rui Tiago,Dantas da Silva,Rui Silva,191,1,3,2,Liga Portugal,91,,Footwork,"Exclusive foot saves, better performance on low shots",Play Style,Deflector,"Unique deflection animations, powerful parries to safer areas",Play Style,,,,,,,,,,,,,,,,Portugal,Sporting CP,Goalkeeper,Defense,31,34,67,27,76,19,24,24,49,13,25,18,20,20,82,78,77,81,84,14,30,30,20,73,29,58,10,55,20,,
434,Daniel,Ceballos Fernández,Dani Ceballos,179,4,3,1,LALIGA EA SPORTS,70,Center Defensive Midfielder,Whipped Pass,"Accurate, faster crosses with more curve",Play Style,Jockey,"Faster Sprint Jockey, better transition speed",Play Style,Intercept,Increased reach and possession retention in interceptions,Play Style,Technical,"Faster Controlled Sprint, precise wide turns while dribbling",Play Style,,,,,,,,,,Spain,Real Madrid,Center Midfielder,Midfielder,65,77,57,76,61,75,78,84,81,74,75,83,69,67,12,15,16,7,13,41,81,55,78,78,84,76,76,81,62,,
435,Edmond,Tapsoba,,192,2,4,1,Bundesliga,84,,Precision Header,Performs headers with increased accuracy and power.,Play Style,Pinged Pass,Faster ground passes without affecting receiver's trapping,Play Style,Long Ball Pass,"Accurate, faster Lob and Lofted Through Passes",Play Style,,,,,,,,,,,,,Burkina Faso,Leverkusen,Center Back,Defense,73,66,84,74,83,77,64,74,78,39,82,66,56,32,5,10,13,7,15,84,82,77,34,81,83,86,81,74,33,,
436,Karim,Adeyemi,,180,4,4,2,Bundesliga,77,Left Wing,Rapid,"Higher sprint speed while dribbling, reduced error on knock-ons",Play Style,Quick Step+,Significantly faster acceleration during Explosive Sprint,Play Style Plus,,,,,,,,,,,,,,,,Germany,Borussia Dortmund,Right Midfielder,Midfielder,96,86,92,77,67,59,81,79,76,71,25,84,77,62,12,12,7,12,7,71,69,70,79,81,74,79,34,73,71,Center Attacking Midfielder,Right Wing
437,Anthony,Elanga,,178,3,5,1,Premier League,70,Right Midfielder,Low Driven Shot,"Enhances a player's ability to execute low driven shots with increased accuracy, faster ball travel, and quicker shot execution.",Play Style,Rapid,"Higher sprint speed while dribbling, reduced error on knock-ons",Play Style,Quick Step,Faster acceleration during Explosive Sprint,Play Style,Enforcer,Performs dribble Shoulder Challenges and Shielding with increased effectiveness.,Play Style,,,,,,,,,,Sweden,Newcastle Utd,Right Wing,Attack,93,85,84,75,72,55,79,81,79,80,38,83,77,66,13,5,13,8,10,67,66,56,80,79,76,72,38,79,64,,
438,Lukáš,Hrádecký,,192,1,3,1,Ligue 1 McDonald's,85,,Footwork,"Exclusive foot saves, better performance on low shots",Play Style,,,,,,,,,,,,,,,,,,,Finland,AS Monaco,Goalkeeper,Defense,38,43,59,34,55,31,39,20,45,11,10,10,11,15,83,79,64,81,83,11,33,20,9,80,30,48,10,53,9,,
439,David,Neres Campos,David Neres,175,5,3,2,Serie A Enilive,69,Left Midfielder,Power Shot,Faster power shots with increased speed,Play Style,Gamechanger,Fancy and Trivela shots are performed with improved accuracy.,Play Style,Whipped Pass,"Accurate, faster crosses with more curve",Play Style,Inventive,Fancy and Trivela passes are performed with improved accuracy.,Play Style,Technical,"Faster Controlled Sprint, precise wide turns while dribbling",Play Style,Trickster,Performs unique flick Skill Moves,Play Style,Quick Step,Faster acceleration during Explosive Sprint,Play Style,Brazil,SSC Napoli,Left Wing,Attack,87,92,67,69,59,53,82,85,85,74,48,86,76,52,14,10,5,13,6,45,69,69,78,80,78,79,45,79,74,,
440,Evan,Ndicka,,192,2,3,2,Serie A Enilive,82,,Block,Increased reach and success in blocking,Play Style,Slide Tackle,Stops ball at feet during slide tackles,Play Style,Bruiser,Stronger physical tackles,Play Style,,,,,,,,,,,,,Côte d'Ivoire,AS Roma,Center Back,Defense,69,50,85,83,81,81,55,75,80,68,81,69,49,30,13,8,7,8,8,79,74,33,68,81,78,65,85,64,43,,
441,Isaac,Palazón Camacho,Isi,169,3,3,2,LALIGA EA SPORTS,71,Right Midfielder,Rapid,"Higher sprint speed while dribbling, reduced error on knock-ons",Play Style,First Touch,"Reduced trapping error, faster dribbling transition",Play Style,,,,,,,,,,,,,,,,Spain,Rayo Vallecano,Center Attacking Midfielder,Midfielder,85,86,64,75,64,55,81,82,78,82,39,82,75,76,11,8,10,13,15,35,78,78,77,77,81,78,41,81,68,Striker,Center Midfielder
442,Wladimiro,Falcone,,196,1,2,1,Serie A Enilive,85,,Footwork,"Exclusive foot saves, better performance on low shots",Play Style,Rush Out,"Unique reflex saves, better close shot reads, faster rush",Play Style,,,,,,,,,,,,,,,,Italy,Lecce,Goalkeeper,Defense,26,33,59,28,62,15,34,20,44,17,6,13,19,12,83,81,75,76,84,13,26,29,5,73,25,56,13,45,13,,
443,Lucas,Hernández,,184,2,2,2,Ligue 1 McDonald's,79,Left Back,Slide Tackle,Stops ball at feet during slide tackles,Play Style,Bruiser,Stronger physical tackles,Play Style,,,,,,,,,,,,,,,,France,Paris SG,Center Back,Defense,68,69,84,65,78,89,69,76,80,78,82,65,53,39,10,7,8,14,10,80,66,42,66,81,78,62,84,71,46,Left Midfielder,
444,Randal,Kolo Muani,,187,3,4,1,Premier League,73,,Finesse Shot,Faster finesse shots with more curve and accuracy,Play Style,Technical,"Faster Controlled Sprint, precise wide turns while dribbling",Play Style,Rapid,"Higher sprint speed while dribbling, reduced error on knock-ons",Play Style,Quick Step,Faster acceleration during Explosive Sprint,Play Style,,,,,,,,,,France,Spurs,Striker,Attack,90,84,88,74,69,36,71,81,79,64,32,80,81,62,7,14,15,8,5,80,62,70,82,78,77,83,33,77,80,,
445,Álvaro Borja,Morata Martín,Morata,190,3,4,1,Serie A Enilive,84,Center Attacking Midfielder,Finesse Shot,Faster finesse shots with more curve and accuracy,Play Style,Rapid,"Higher sprint speed while dribbling, reduced error on knock-ons",Play Style,Relentless,"Increased half time fatigue recovery, longer teammate contain and press",Play Style,Enforcer,Performs dribble Shoulder Challenges and Shielding with increased effectiveness.,Play Style,,,,,,,,,,Spain,Como,Striker,Attack,79,76,91,79,79,69,63,83,79,72,37,80,82,52,4,5,4,4,5,84,72,75,84,81,77,82,14,77,82,,
446,Gonçalo,Bernardo Inácio,Gonçalo Inácio,185,2,2,2,Liga Portugal,81,,Pinged Pass,Faster ground passes without affecting receiver's trapping,Play Style,Long Ball Pass,"Accurate, faster Lob and Lofted Through Passes",Play Style,Jockey,"Faster Sprint Jockey, better transition speed",Play Style,,,,,,,,,,,,,Portugal,Sporting CP,Center Back,Defense,79,76,85,82,82,78,65,75,77,52,82,72,23,27,6,6,7,10,7,83,85,40,64,76,81,67,82,75,45,,
447,Leonardo,Balerdi,,187,2,3,1,Ligue 1 McDonald's,85,,Jockey,"Faster Sprint Jockey, better transition speed",Play Style,Intercept,Increased reach and possession retention in interceptions,Play Style,Anticipate,"Improved standing tackle success, possibility of stopping ball at feet",Play Style,Aerial Fortress,Performs higher jumps and has physical defensive presence before and during aerial duels,Play Style,,,,,,,,,,Argentina,OM,Center Back,Defense,69,62,85,69,81,84,56,77,76,42,84,66,34,32,6,8,15,15,14,77,81,57,48,75,77,64,82,70,29,,
448,Andrej,Kramarić,,177,4,4,1,Bundesliga,73,Center Midfielder,Finesse Shot,Faster finesse shots with more curve and accuracy,Play Style,Chip Shot,"Faster, more accurate chip shots",Play Style,Gamechanger,Fancy and Trivela shots are performed with improved accuracy.,Play Style,Incisive Pass,"Accurate through passes, curvier swerve passes, faster precision passes",Play Style,Technical,"Faster Controlled Sprint, precise wide turns while dribbling",Play Style,First Touch,"Reduced trapping error, faster dribbling transition",Play Style,,,,Croatia,TSG Hoffenheim,Center Attacking Midfielder,Midfielder,70,80,73,85,68,71,84,85,82,73,35,84,83,77,8,14,14,7,15,69,73,92,84,83,82,82,25,81,81,,
449,Christopher,Nkunku,,177,5,3,1,Serie A Enilive,68,Left Midfielder,Finesse Shot,Faster finesse shots with more curve and accuracy,Play Style,Technical,"Faster Controlled Sprint, precise wide turns while dribbling",Play Style,First Touch,"Reduced trapping error, faster dribbling transition",Play Style,,,,,,,,,,,,,France,Milano FC,Center Attacking Midfielder,Midfielder,77,82,74,65,63,40,80,83,78,78,40,82,80,78,5,6,10,15,7,65,78,83,81,79,82,80,35,80,70,Striker,Center Midfielder
450,Mohamed,Simakan,,187,2,3,1,ROSHN Saudi League,82,Right Back,Jockey,"Faster Sprint Jockey, better transition speed",Play Style,Bruiser,Stronger physical tackles,Play Style,,,,,,,,,,,,,,,,France,Al Nassr,Center Back,Defense,74,64,89,79,83,79,64,71,76,60,80,67,39,32,8,6,6,11,15,80,70,47,54,78,74,61,85,63,31,,
451,Danilo Luís,Hélio Pereira,Danilo Pereira,188,3,3,1,ROSHN Saudi League,83,,Precision Header,Performs headers with increased accuracy and power.,Play Style,Pinged Pass,Faster ground passes without affecting receiver's trapping,Play Style,Long Ball Pass,"Accurate, faster Lob and Lofted Through Passes",Play Style,Intercept,Increased reach and possession retention in interceptions,Play Style,Bruiser,Stronger physical tackles,Play Style,,,,,,,Portugal,Al Ittihad,Center Back,Defense,39,51,80,78,88,81,48,76,78,56,82,72,58,53,9,7,13,14,15,84,70,58,71,82,76,75,81,70,55,,
452,Arda,Güler,,175,4,3,2,LALIGA EA SPORTS,70,Center Attacking Midfielder,Finesse Shot,Faster finesse shots with more curve and accuracy,Play Style,Incisive Pass,"Accurate through passes, curvier swerve passes, faster precision passes",Play Style,Whipped Pass,"Accurate, faster crosses with more curve",Play Style,Inventive,Fancy and Trivela passes are performed with improved accuracy.,Play Style,Technical,"Faster Controlled Sprint, precise wide turns while dribbling",Play Style,,,,,,,Turkey,Real Madrid,Right Midfielder,Midfielder,73,81,51,70,43,42,85,83,77,82,52,84,76,77,13,10,11,14,10,41,82,71,79,76,84,78,57,84,70,Right Wing,
453,Pierre-Emerick,Aubameyang,,187,4,4,1,Ligue 1 McDonald's,80,,Finesse Shot,Faster finesse shots with more curve and accuracy,Play Style,Chip Shot,"Faster, more accurate chip shots",Play Style,Precision Header,Performs headers with increased accuracy and power.,Play Style,Rapid,"Higher sprint speed while dribbling, reduced error on knock-ons",Play Style,,,,,,,,,,Gabon,OM,Striker,Attack,76,70,82,61,70,43,67,82,79,72,22,78,85,76,6,9,15,9,9,76,64,81,88,83,74,82,35,71,80,,
454,Tim,Kleindienst,,194,2,5,2,Bundesliga,85,,Precision Header,Performs headers with increased accuracy and power.,Play Style,Aerial Fortress,Performs higher jumps and has physical defensive presence before and during aerial duels,Play Style,Relentless,"Increased half time fatigue recovery, longer teammate contain and press",Play Style,Enforcer+,Performs dribble Shoulder Challenges and Shielding with increased effectiveness.,Play Style Plus,,,,,,,,,,Germany,M'gladbach,Striker,Attack,59,51,89,92,87,84,52,79,85,50,36,68,83,53,7,8,12,7,14,91,63,70,86,81,68,84,39,65,85,,
455,Simon,Banza,,189,3,3,1,Liga Portugal,77,,Acrobatic,"Perform volleys with increased accuracy, acrobatic volley animations",Play Style,Aerial Fortress,Performs higher jumps and has physical defensive presence before and during aerial duels,Play Style,First Touch,"Reduced trapping error, faster dribbling transition",Play Style,Press Proven,"Close control at jog speed, shields ball more effectively",Play Style,,,,,,,,,,Congo DR,SC Braga,Striker,Attack,76,71,92,77,83,70,66,82,78,60,42,76,84,52,8,7,9,5,6,85,52,76,85,81,65,82,23,66,76,,
456,Nayef,Aguerd,,190,2,3,2,Ligue 1 McDonald's,76,,Precision Header,Performs headers with increased accuracy and power.,Play Style,Long Ball Pass,"Accurate, faster Lob and Lofted Through Passes",Play Style,Anticipate,"Improved standing tackle success, possibility of stopping ball at feet",Play Style,,,,,,,,,,,,,Morocco,OM,Center Back,Defense,65,54,84,72,78,81,49,75,74,48,82,60,40,41,7,15,9,14,6,81,76,48,52,80,78,69,83,68,41,,
457,Victor,Boniface,,190,4,3,1,Bundesliga,91,,Power Shot,Faster power shots with increased speed,Play Style,Aerial Fortress,Performs higher jumps and has physical defensive presence before and during aerial duels,Play Style,Enforcer,Performs dribble Shoulder Challenges and Shielding with increased effectiveness.,Play Style,,,,,,,,,,,,,Nigeria,SV Werder Bremen,Striker,Attack,65,68,87,55,90,79,60,82,78,48,38,84,82,58,14,5,7,7,12,78,60,72,84,78,75,91,31,74,79,,
458,Mauro,Icardi,,181,3,4,1,Trendyol Süper Lig,79,,Low Driven Shot,"Enhances a player's ability to execute low driven shots with increased accuracy, faster ball travel, and quicker shot execution.",Play Style,Gamechanger,Fancy and Trivela shots are performed with improved accuracy.,Play Style,Incisive Pass,"Accurate through passes, curvier swerve passes, faster precision passes",Play Style,Aerial Fortress,Performs higher jumps and has physical defensive presence before and during aerial duels,Play Style,Chip Shot+,Quicker chip shots with exceptional accuracy,Play Style Plus,,,,,,,Argentina,Galatasaray,Striker,Attack,65,68,87,71,76,65,74,81,85,51,40,72,86,52,13,9,5,7,9,90,69,81,87,82,79,84,37,80,82,,
459,Fikayo,Tomori,,185,2,4,1,Serie A Enilive,79,,Bruiser,Stronger physical tackles,Play Style,,,,,,,,,,,,,,,,,,,England,Milano FC,Center Back,Defense,78,74,88,74,76,86,67,70,81,53,81,61,33,40,10,13,10,11,7,80,65,27,37,83,75,56,86,48,32,,
460,Niklas,Süle,,195,3,3,1,Bundesliga,99,Right Back,Pinged Pass,Faster ground passes without affecting receiver's trapping,Play Style,Long Ball Pass,"Accurate, faster Lob and Lofted Through Passes",Play Style,Intercept,Increased reach and possession retention in interceptions,Play Style,Anticipate,"Improved standing tackle success, possibility of stopping ball at feet",Play Style,Slide Tackle,Stops ball at feet during slide tackles,Play Style,Bruiser,Stronger physical tackles,Play Style,,,,Germany,Borussia Dortmund,Center Back,Defense,45,34,72,52,93,79,44,72,84,54,81,69,36,40,15,7,14,7,15,75,82,32,42,81,78,78,82,66,59,Right Midfielder,
461,Rayan,Cherki,,177,5,5,2,Premier League,71,Right Midfielder,Chip Shot,"Faster, more accurate chip shots",Play Style,Low Driven Shot,"Enhances a player's ability to execute low driven shots with increased accuracy, faster ball travel, and quicker shot execution.",Play Style,Incisive Pass,"Accurate through passes, curvier swerve passes, faster precision passes",Play Style,Inventive,Fancy and Trivela passes are performed with improved accuracy.,Play Style,Technical,"Faster Controlled Sprint, precise wide turns while dribbling",Play Style,First Touch,"Reduced trapping error, faster dribbling transition",Play Style,Trickster+,"More unique ground and flick Skill Moves, quicker strafe dribbling",Play Style Plus,France,Manchester City,Right Wing,Attack,75,81,59,68,67,59,86,88,86,76,19,91,75,73,7,14,6,8,8,28,76,66,73,78,82,80,23,86,71,Center Attacking Midfielder,
462,Edin,Džeko,,193,3,5,1,Serie A Enilive,80,,Finesse Shot,Faster finesse shots with more curve and accuracy,Play Style,Low Driven Shot,"Enhances a player's ability to execute low driven shots with increased accuracy, faster ball travel, and quicker shot execution.",Play Style,Incisive Pass,"Accurate through passes, curvier swerve passes, faster precision passes",Play Style,Technical,"Faster Controlled Sprint, precise wide turns while dribbling",Play Style,,,,,,,,,,Bosnia and Herzegovina,Fiorentina,Striker,Attack,53,62,75,68,77,65,55,82,87,67,39,77,84,54,9,11,13,15,15,86,75,67,83,80,79,85,28,77,84,,
463,Milan,Škriniar,,188,2,2,1,Trendyol Süper Lig,80,,Jockey,"Faster Sprint Jockey, better transition speed",Play Style,Bruiser,Stronger physical tackles,Play Style,,,,,,,,,,,,,,,,Slovakia,Fenerbahçe,Center Back,Defense,53,47,84,68,88,81,56,70,78,43,84,64,52,30,10,13,12,8,12,82,71,56,49,80,73,68,84,57,40,,
464,Antonio José,Raíllo Arenas,Raíllo,187,2,3,1,LALIGA EA SPORTS,80,,Precision Header,Performs headers with increased accuracy and power.,Play Style,Intercept,Increased reach and possession retention in interceptions,Play Style,Aerial Fortress,Performs higher jumps and has physical defensive presence before and during aerial duels,Play Style,,,,,,,,,,,,,Spain,RCD Mallorca,Center Back,Defense,41,32,79,89,81,85,49,70,66,29,84,63,25,36,10,15,15,15,14,85,69,43,51,80,79,54,82,56,37,,
465,Barış Alper,Yılmaz,,186,4,3,1,Trendyol Süper Lig,80,Right Midfielder,Low Driven Shot,"Enhances a player's ability to execute low driven shots with increased accuracy, faster ball travel, and quicker shot execution.",Play Style,Aerial Fortress,Performs higher jumps and has physical defensive presence before and during aerial duels,Play Style,Rapid,"Higher sprint speed while dribbling, reduced error on knock-ons",Play Style,Quick Step,Faster acceleration during Explosive Sprint,Play Style,Relentless,"Increased half time fatigue recovery, longer teammate contain and press",Play Style,Bruiser,Stronger physical tackles,Play Style,Enforcer,Performs dribble Shoulder Challenges and Shielding with increased effectiveness.,Play Style,Turkey,Galatasaray,Left Midfielder,Midfielder,92,85,92,93,90,86,81,79,72,71,71,77,76,50,13,9,11,13,8,70,69,58,81,80,75,86,68,78,77,Left Wing,
466,Ruben,Loftus-Cheek,,191,4,4,1,Serie A Enilive,88,Center Attacking Midfielder,Aerial Fortress,Performs higher jumps and has physical defensive presence before and during aerial duels,Play Style,Press Proven,"Close control at jog speed, shields ball more effectively",Play Style,Enforcer,Performs dribble Shoulder Challenges and Shielding with increased effectiveness.,Play Style,,,,,,,,,,,,,England,Milano FC,Center Midfielder,Midfielder,78,75,94,72,85,75,60,83,82,75,75,81,76,57,11,7,12,15,13,85,80,56,83,79,84,82,76,79,60,Center Defensive Midfielder,
467,Franck Yannick,Kessié,,183,3,4,1,ROSHN Saudi League,74,Center Midfielder,Power Shot,Faster power shots with increased speed,Play Style,Press Proven,"Close control at jog speed, shields ball more effectively",Play Style,Relentless,"Increased half time fatigue recovery, longer teammate contain and press",Play Style,,,,,,,,,,,,,Côte d'Ivoire,Al Ahli,Center Defensive Midfielder,Midfielder,77,70,85,92,87,78,77,80,83,66,80,77,75,54,9,11,12,12,10,68,73,88,76,77,80,84,80,74,60,Center Back,
468,Quinten,Timber,,179,3,3,1,Eredivisie,71,Center Defensive Midfielder,Power Shot,Faster power shots with increased speed,Play Style,Incisive Pass,"Accurate through passes, curvier swerve passes, faster precision passes",Play Style,Technical,"Faster Controlled Sprint, precise wide turns while dribbling",Play Style,Bruiser,Stronger physical tackles,Play Style,,,,,,,,,,Holland,,Center Midfielder,Midfielder,86,81,87,79,85,80,82,81,79,67,74,79,75,58,5,8,12,11,8,65,78,60,78,82,82,85,76,78,65,Center Attacking Midfielder,
469,Marcel,Sabitzer,,178,3,4,1,Bundesliga,76,Center Midfielder,Power Shot,Faster power shots with increased speed,Play Style,Pinged Pass,Faster ground passes without affecting receiver's trapping,Play Style,,,,,,,,,,,,,,,,Austria,Borussia Dortmund,Center Defensive Midfielder,Midfielder,76,77,71,78,75,79,78,82,83,77,79,78,76,78,11,13,14,15,13,62,80,80,78,83,82,87,75,79,83,,
470,André,Onana,,190,1,3,1,Premier League,93,,Rush Out,"Unique reflex saves, better close shot reads, faster rush",Play Style,,,,,,,,,,,,,,,,,,,Cameroon,Man Utd,Goalkeeper,Defense,62,66,79,40,78,38,53,40,65,15,12,26,12,17,81,75,85,77,83,20,58,27,11,76,57,64,18,68,13,,
471,Fredrik,Aursnes,,179,3,3,1,Liga Portugal,71,Right Back,Low Driven Shot,"Enhances a player's ability to execute low driven shots with increased accuracy, faster ball travel, and quicker shot execution.",Play Style,Anticipate,"Improved standing tackle success, possibility of stopping ball at feet",Play Style,First Touch,"Reduced trapping error, faster dribbling transition",Play Style,Press Proven,"Close control at jog speed, shields ball more effectively",Play Style,Relentless,"Increased half time fatigue recovery, longer teammate contain and press",Play Style,,,,,,,Norway,SL Benfica,Center Midfielder,Midfielder,73,80,80,92,78,80,80,82,82,76,78,78,71,63,12,14,14,8,13,68,79,66,79,83,80,74,78,79,59,Right Midfielder,Center Attacking Midfielder
472,Ismaël,Bennacer,,175,3,3,2,Liga Hrvatska,70,Center Midfielder,Incisive Pass,"Accurate through passes, curvier swerve passes, faster precision passes",Play Style,Tiki Taka,Accurate first-time Ground Passes,Play Style,Technical,"Faster Controlled Sprint, precise wide turns while dribbling",Play Style,,,,,,,,,,,,,Algeria,Dinamo Zagreb,Center Defensive Midfielder,Midfielder,79,86,76,78,69,83,84,82,83,78,75,83,67,75,9,12,10,16,15,62,82,72,71,80,84,82,81,77,64,,
473,Frederico,de Paula Santos,Fred,169,4,4,2,Trendyol Süper Lig,62,Center Defensive Midfielder,Inventive,Fancy and Trivela passes are performed with improved accuracy.,Play Style,Relentless+,"Max half time fatigue recovery, longer teammate contain and press",Play Style Plus,,,,,,,,,,,,,,,,Brazil,Fenerbahçe,Center Midfielder,Midfielder,79,89,73,83,68,85,88,81,76,75,75,80,67,74,7,16,15,11,15,56,78,64,79,84,80,79,80,79,68,Center Attacking Midfielder,
474,Lorenzo,Pellegrini,,186,3,4,1,Serie A Enilive,77,Center Midfielder,Finesse Shot,Faster finesse shots with more curve and accuracy,Play Style,Press Proven,"Close control at jog speed, shields ball more effectively",Play Style,,,,,,,,,,,,,,,,Italy,AS Roma,Center Attacking Midfielder,Midfielder,76,79,81,77,70,74,72,84,78,74,73,78,76,79,12,7,10,13,11,74,80,80,77,79,84,79,74,83,74,,
475,Maxim,De Cuyper,,183,2,4,2,Premier League,72,Right Back,Long Ball Pass,"Accurate, faster Lob and Lofted Through Passes",Play Style,Whipped Pass,"Accurate, faster crosses with more curve",Play Style,Jockey,"Faster Sprint Jockey, better transition speed",Play Style,Press Proven,"Close control at jog speed, shields ball more effectively",Play Style,,,,,,,,,,Belgium,Brighton,Left Back,Defense,78,79,76,87,67,79,78,80,82,85,76,78,70,73,11,8,7,7,8,65,79,78,75,77,78,78,76,81,68,Left Midfielder,
476,Destiny,Udogie,,186,3,3,2,Premier League,73,,Whipped Pass,"Accurate, faster crosses with more curve",Play Style,Block,Increased reach and success in blocking,Play Style,Quick Step,Faster acceleration during Explosive Sprint,Play Style,,,,,,,,,,,,,Italy,Spurs,Left Back,Defense,86,74,85,79,77,81,70,79,78,80,77,80,64,51,8,14,11,10,14,68,65,46,76,78,77,74,77,75,58,,
477,Mohammed,Kudus,,177,4,3,2,Premier League,70,Left Wing,First Touch,"Reduced trapping error, faster dribbling transition",Play Style,,,,,,,,,,,,,,,,,,,Ghana,Spurs,Right Wing,Attack,91,86,74,73,76,68,92,83,80,70,60,88,76,49,6,12,7,7,10,55,68,64,77,77,76,81,66,75,76,Striker,Right Midfielder
478,Álvaro,Fernández Carreras,Álvaro Carreras,186,3,4,2,LALIGA EA SPORTS,78,Left Midfielder,Long Ball Pass,"Accurate, faster Lob and Lofted Through Passes",Play Style,Relentless,"Increased half time fatigue recovery, longer teammate contain and press",Play Style,,,,,,,,,,,,,,,,Spain,Real Madrid,Left Back,Defense,84,80,79,89,76,81,74,80,76,78,72,79,65,45,6,7,11,8,14,55,76,43,76,79,76,75,76,76,48,,
479,Gabriel Davi,Gomes Sara,Gabriel Sara,177,4,4,2,Trendyol Süper Lig,79,Center Attacking Midfielder,Power Shot,Faster power shots with increased speed,Play Style,Dead Ball,"Faster, accurate set pieces with longer trajectory preview",Play Style,Incisive Pass,"Accurate through passes, curvier swerve passes, faster precision passes",Play Style,Long Ball Pass,"Accurate, faster Lob and Lofted Through Passes",Play Style,Inventive,Fancy and Trivela passes are performed with improved accuracy.,Play Style,,,,,,,Brazil,Galatasaray,Center Midfielder,Midfielder,75,77,79,81,75,79,76,81,80,82,69,79,73,81,14,14,10,6,9,68,84,50,77,80,83,83,70,83,67,Right Midfielder,
480,Warren,Zaïre-Emery,,178,3,4,1,Ligue 1 McDonald's,68,Center Defensive Midfielder,Tiki Taka,Accurate first-time Ground Passes,Play Style,First Touch,"Reduced trapping error, faster dribbling transition",Play Style,Press Proven,"Close control at jog speed, shields ball more effectively",Play Style,Quick Step,Faster acceleration during Explosive Sprint,Play Style,Relentless,"Increased half time fatigue recovery, longer teammate contain and press",Play Style,,,,,,,France,Paris SG,Center Midfielder,Midfielder,80,74,80,88,75,76,84,81,78,68,71,78,66,53,14,11,7,8,15,66,81,59,76,79,82,76,80,79,49,Center Attacking Midfielder,
481,Mauro,Arambarri,,175,3,3,1,LALIGA EA SPORTS,74,Center Defensive Midfielder,Precision Header,Performs headers with increased accuracy and power.,Play Style,Aerial Fortress,Performs higher jumps and has physical defensive presence before and during aerial duels,Play Style,,,,,,,,,,,,,,,,Uruguay,Getafe CF,Center Midfielder,Midfielder,75,67,78,84,76,82,77,79,74,64,82,78,82,71,7,13,13,15,7,62,78,61,80,79,81,83,80,79,62,,
482,Curtis,Jones,,185,4,4,1,Premier League,75,Center Midfielder,Finesse Shot,Faster finesse shots with more curve and accuracy,Play Style,Press Proven,"Close control at jog speed, shields ball more effectively",Play Style,,,,,,,,,,,,,,,,England,Liverpool,Center Attacking Midfielder,Midfielder,68,74,71,83,74,74,73,82,82,67,72,84,75,51,6,13,7,11,7,55,79,60,79,80,83,77,77,79,69,Center Defensive Midfielder,
483,Elliot,Anderson,,179,3,4,1,Premier League,71,Center Midfielder,Block,Increased reach and success in blocking,Play Style,Aerial Fortress,Performs higher jumps and has physical defensive presence before and during aerial duels,Play Style,Technical,"Faster Controlled Sprint, precise wide turns while dribbling",Play Style,,,,,,,,,,,,,England,Nott'm Forest,Center Defensive Midfielder,Midfielder,75,76,84,86,73,77,84,81,80,77,75,82,66,57,6,12,5,10,7,76,79,65,76,80,82,74,79,79,63,,
484,Lucas Tolentino,Coelho de Lima,Lucas Paquetá,180,5,4,2,Premier League,72,Left Midfielder,Long Ball Pass,"Accurate, faster Lob and Lofted Through Passes",Play Style,Aerial Fortress,Performs higher jumps and has physical defensive presence before and during aerial duels,Play Style,Technical,"Faster Controlled Sprint, precise wide turns while dribbling",Play Style,First Touch,"Reduced trapping error, faster dribbling transition",Play Style,,,,,,,,,,Brazil,West Ham,Center Midfielder,Midfielder,69,75,75,76,73,78,76,85,86,74,67,86,78,74,14,9,12,11,11,68,80,82,77,79,80,77,73,80,74,Center Attacking Midfielder,
485,Óscar,Mingueza García,Mingueza,184,2,3,1,LALIGA EA SPORTS,75,Right Midfielder,Long Ball Pass,"Accurate, faster Lob and Lofted Through Passes",Play Style,Long Throw,Powerful throw-ins for greater distance,Play Style,Bruiser,Stronger physical tackles,Play Style,,,,,,,,,,,,,Spain,Celta,Right Back,Defense,78,75,84,82,73,75,62,79,77,79,76,77,62,70,9,10,15,8,13,75,76,55,75,80,79,73,76,76,53,Left Midfielder,
486,Andrey,N. dos Santos,Andrey Santos,180,3,3,1,Premier League,75,Center Defensive Midfielder,Precision Header,Performs headers with increased accuracy and power.,Play Style,Tiki Taka,Accurate first-time Ground Passes,Play Style,Slide Tackle,Stops ball at feet during slide tackles,Play Style,Aerial Fortress,Performs higher jumps and has physical defensive presence before and during aerial duels,Play Style,,,,,,,,,,Brazil,Chelsea,Center Midfielder,Midfielder,77,77,88,91,75,78,69,80,80,56,69,77,69,52,5,10,15,12,8,81,79,54,77,79,82,73,81,79,53,,
487,Brice,Samba,,187,1,3,2,Ligue 1 McDonald's,90,,Long Ball Pass,"Accurate, faster Lob and Lofted Through Passes",Play Style,Footwork,"Exclusive foot saves, better performance on low shots",Play Style,,,,,,,,,,,,,,,,France,Stade Rennais FC,Goalkeeper,Defense,49,39,73,37,78,26,54,36,66,10,12,14,9,13,78,80,80,80,80,15,45,15,11,78,48,60,14,48,13,,
488,Ola,Aina,,184,3,4,1,Premier League,82,Left Back,Quick Step,Faster acceleration during Explosive Sprint,Play Style,Long Throw,Powerful throw-ins for greater distance,Play Style,,,,,,,,,,,,,,,,Nigeria,Nott'm Forest,Right Back,Defense,89,71,84,77,75,72,77,74,74,77,79,76,54,48,7,14,10,10,9,68,67,49,68,78,74,77,79,70,52,Right Midfielder,
489,Jonathan,Clauss,,178,3,3,1,Ligue 1 McDonald's,69,Right Midfielder,Dead Ball,"Faster, accurate set pieces with longer trajectory preview",Play Style,Whipped Pass,"Accurate, faster crosses with more curve",Play Style,Intercept,Increased reach and possession retention in interceptions,Play Style,Anticipate,"Improved standing tackle success, possibility of stopping ball at feet",Play Style,Relentless,"Increased half time fatigue recovery, longer teammate contain and press",Play Style,Long Throw,Powerful throw-ins for greater distance,Play Style,,,,France,OGC Nice,Right Back,Defense,81,83,75,82,63,67,77,79,77,84,72,76,68,76,15,14,15,8,15,62,67,52,75,82,76,77,76,75,56,,
490,Bernd,Leno,,189,1,3,1,Premier League,83,,Footwork,"Exclusive foot saves, better performance on low shots",Play Style,Rush Out,"Unique reflex saves, better close shot reads, faster rush",Play Style,,,,,,,,,,,,,,,,Germany,Fulham,Goalkeeper,Defense,54,51,70,44,70,28,44,35,63,9,27,16,9,8,80,79,76,80,81,13,48,23,7,77,50,57,15,53,10,,
491,Robin,Gosens,,183,3,3,2,Serie A Enilive,76,Left Midfielder,,,,,,,,,,,,,,,,,,,,,,Germany,Fiorentina,Left Back,Defense,76,71,87,86,71,80,67,78,77,76,74,76,78,58,7,16,15,16,10,82,75,55,80,79,77,76,78,67,69,,
492,Douglas Luiz,Soares de Paulo,Douglas Luiz,175,3,2,1,Premier League,66,Center Defensive Midfielder,Press Proven,"Close control at jog speed, shields ball more effectively",Play Style,,,,,,,,,,,,,,,,,,,Brazil,Nott'm Forest,Center Midfielder,Midfielder,69,74,70,75,65,77,78,84,84,81,76,79,70,80,12,6,13,10,7,62,81,81,76,77,81,79,78,84,77,,
493,Georgiy,Sudakov,,177,3,4,1,Liga Portugal,68,Center Midfielder,Incisive Pass,"Accurate through passes, curvier swerve passes, faster precision passes",Play Style,First Touch,"Reduced trapping error, faster dribbling transition",Play Style,Quick Step,Faster acceleration during Explosive Sprint,Play Style,,,,,,,,,,,,,Ukraine,SL Benfica,Center Attacking Midfielder,Midfielder,82,80,79,80,68,68,77,81,73,75,61,83,76,68,13,9,13,12,9,68,80,78,80,78,79,79,58,81,69,Center Defensive Midfielder,
494,Raphaël,Guerreiro,,170,4,2,2,Bundesliga,71,Center Midfielder,Tiki Taka,Accurate first-time Ground Passes,Play Style,Intercept,Increased reach and possession retention in interceptions,Play Style,Technical,"Faster Controlled Sprint, precise wide turns while dribbling",Play Style,First Touch,"Reduced trapping error, faster dribbling transition",Play Style,Inventive+,Fancy and Trivela passes are performed with greatly improved accuracy.,Play Style Plus,,,,,,,Portugal,FC Bayern München,Left Back,Defense,76,90,49,72,49,44,90,89,85,85,75,87,78,78,12,6,8,11,8,42,77,54,79,84,88,79,76,86,79,Right Back,Left Midfielder
495,Mario,Pašalić,,186,4,4,1,Serie A Enilive,80,Center Attacking Midfielder,Aerial Fortress,Performs higher jumps and has physical defensive presence before and during aerial duels,Play Style,,,,,,,,,,,,,,,,,,,Croatia,Bergamo Calcio,Center Midfielder,Midfielder,68,72,74,83,72,76,57,86,77,68,61,83,80,59,11,13,13,13,14,65,80,61,85,74,83,78,72,78,73,,
496,Noussair,Mazraoui,,183,3,3,1,Premier League,65,Center Back,Jockey,"Faster Sprint Jockey, better transition speed",Play Style,Block,Increased reach and success in blocking,Play Style,Anticipate,"Improved standing tackle success, possibility of stopping ball at feet",Play Style,Technical,"Faster Controlled Sprint, precise wide turns while dribbling",Play Style,,,,,,,,,,Morocco,Man Utd,Right Back,Defense,78,76,81,76,69,71,74,81,79,79,76,80,69,42,12,7,13,12,12,73,74,44,76,79,80,68,77,77,56,Right Midfielder,
497,Dominik,Livaković,,188,1,2,1,LALIGA EA SPORTS,79,,Far Throw,Unique goalkeeper throw animations with longer throw distance,Play Style,Footwork,"Exclusive foot saves, better performance on low shots",Play Style,,,,,,,,,,,,,,,,Croatia,Girona FC,Goalkeeper,Defense,57,65,74,32,75,26,30,28,64,13,24,19,12,11,80,76,71,80,83,13,60,15,11,81,50,53,20,60,10,,
498,Wilfried,Singo,,190,3,2,1,Trendyol Süper Lig,79,Right Back,Precision Header,Performs headers with increased accuracy and power.,Play Style,Intercept,Increased reach and possession retention in interceptions,Play Style,Aerial Fortress,Performs higher jumps and has physical defensive presence before and during aerial duels,Play Style,Rapid,"Higher sprint speed while dribbling, reduced error on knock-ons",Play Style,,,,,,,,,,Côte d'Ivoire,Galatasaray,Center Back,Defense,72,66,89,79,85,84,60,74,75,73,77,74,55,40,11,6,7,13,7,80,70,46,66,79,75,81,81,64,50,,
499,Uğurcan,Çakır,,191,1,3,1,Trendyol Süper Lig,82,,Long Ball Pass,"Accurate, faster Lob and Lofted Through Passes",Play Style,Far Throw,Unique goalkeeper throw animations with longer throw distance,Play Style,Footwork,"Exclusive foot saves, better performance on low shots",Play Style,,,,,,,,,,,,,Turkey,Galatasaray,Goalkeeper,Defense,53,64,70,40,69,34,58,27,60,15,17,17,13,20,81,76,74,80,79,14,27,23,14,77,32,56,18,60,20,,
500,Xaver,Schlager,,174,3,3,2,Bundesliga,78,Center Midfielder,Incisive Pass,"Accurate through passes, curvier swerve passes, faster precision passes",Play Style,Jockey,"Faster Sprint Jockey, better transition speed",Play Style,Relentless,"Increased half time fatigue recovery, longer teammate contain and press",Play Style,Bruiser,Stronger physical tackles,Play Style,,,,,,,,,,Austria,RB Leipzig,Center Defensive Midfielder,Midfielder,74,75,68,77,77,84,78,78,74,59,77,78,66,60,6,8,8,12,7,44,80,56,75,80,80,78,78,78,60,,
501,Lucas,Digne,,178,3,1,2,Premier League,74,Left Midfielder,Whipped Pass,"Accurate, faster crosses with more curve",Play Style,Long Throw,Powerful throw-ins for greater distance,Play Style,,,,,,,,,,,,,,,,France,Aston Villa,Left Back,Defense,70,72,77,80,69,76,78,77,79,86,77,76,60,83,6,12,9,6,13,73,73,60,73,80,78,81,79,75,68,,
502,Piotr,Zieliński,,180,3,4,1,Serie A Enilive,75,,Technical,"Faster Controlled Sprint, precise wide turns while dribbling",Play Style,,,,,,,,,,,,,,,,,,,Poland,Lombardia FC,Center Midfielder,Midfielder,78,82,66,65,56,58,79,84,82,73,69,82,74,65,12,9,12,11,6,52,81,62,76,81,84,79,75,84,75,,
503,Kieran,Trippier,,173,3,4,1,Premier League,71,Right Midfielder,Dead Ball,"Faster, accurate set pieces with longer trajectory preview",Play Style,Long Ball Pass,"Accurate, faster Lob and Lofted Through Passes",Play Style,Whipped Pass,"Accurate, faster crosses with more curve",Play Style,Long Throw,Powerful throw-ins for greater distance,Play Style,,,,,,,,,,England,Newcastle Utd,Right Back,Defense,68,67,78,74,66,76,79,79,80,89,80,76,54,87,11,14,8,11,10,79,83,66,74,81,80,81,80,81,58,,
504,Iñigo,Ruiz de Galarreta,Ruiz de Galarreta,175,3,3,1,LALIGA EA SPORTS,69,Center Midfielder,Press Proven,"Close control at jog speed, shields ball more effectively",Play Style,,,,,,,,,,,,,,,,,,,Spain,Athletic Club,Center Defensive Midfielder,Midfielder,73,81,69,84,70,82,87,80,82,74,79,77,60,62,12,6,13,7,12,51,80,47,74,79,80,73,80,79,61,,
505,Anatoliy,Trubin,,199,1,2,1,Liga Portugal,86,,Footwork,"Exclusive foot saves, better performance on low shots",Play Style,,,,,,,,,,,,,,,,,,,Ukraine,SL Benfica,Goalkeeper,Defense,49,36,68,33,69,28,45,29,50,11,9,13,9,13,77,76,77,83,84,12,32,18,6,76,37,58,11,64,6,,
506,Ellyes,Skhiri,,185,3,3,1,Bundesliga,74,Center Midfielder,Intercept,Increased reach and possession retention in interceptions,Play Style,Press Proven,"Close control at jog speed, shields ball more effectively",Play Style,Relentless,"Increased half time fatigue recovery, longer teammate contain and press",Play Style,,,,,,,,,,,,,Tunisia,Frankfurt,Center Defensive Midfielder,Midfielder,65,74,76,83,69,77,64,74,80,67,82,75,76,55,15,14,8,14,14,75,81,58,75,83,78,75,79,72,60,,
507,Rodrigo,Bentancur,,187,3,4,1,Premier League,73,Center Midfielder,First Touch,"Reduced trapping error, faster dribbling transition",Play Style,,,,,,,,,,,,,,,,,,,Uruguay,Spurs,Center Defensive Midfielder,Midfielder,63,64,70,72,70,78,69,81,82,74,78,81,68,68,8,7,14,14,12,64,80,67,73,78,82,71,80,78,71,,
508,Bryan,Cristante,,186,3,4,1,Serie A Enilive,80,Center Defensive Midfielder,Precision Header,Performs headers with increased accuracy and power.,Play Style,Aerial Fortress,Performs higher jumps and has physical defensive presence before and during aerial duels,Play Style,,,,,,,,,,,,,,,,Italy,AS Roma,Center Midfielder,Midfielder,53,62,78,89,78,78,58,79,82,70,79,75,68,66,3,5,3,3,5,76,83,68,76,79,82,83,80,80,72,,
509,Javier,Galán Gil,Javi Galán,172,4,2,2,LALIGA EA SPORTS,70,Left Midfielder,Anticipate,"Improved standing tackle success, possibility of stopping ball at feet",Play Style,,,,,,,,,,,,,,,,,,,Spain,Atlético de Madrid,Left Back,Defense,80,75,81,77,66,81,75,79,75,79,76,80,50,70,14,14,10,6,8,74,77,48,66,78,79,72,79,64,51,,
510,Alex,Iwobi,,180,4,3,1,Premier League,75,Right Midfielder,Gamechanger,Fancy and Trivela shots are performed with improved accuracy.,Play Style,Incisive Pass,"Accurate through passes, curvier swerve passes, faster precision passes",Play Style,Inventive,Fancy and Trivela passes are performed with improved accuracy.,Play Style,Technical,"Faster Controlled Sprint, precise wide turns while dribbling",Play Style,Relentless,"Increased half time fatigue recovery, longer teammate contain and press",Play Style,,,,,,,Nigeria,Fulham,Left Midfielder,Midfielder,77,75,69,88,72,59,77,81,81,78,52,84,74,56,14,7,12,14,11,45,74,64,77,79,79,75,64,81,80,Left Wing,
511,Mikkel,Damsgaard,,180,4,3,1,Premier League,70,Center Midfielder,Incisive Pass,"Accurate through passes, curvier swerve passes, faster precision passes",Play Style,Pinged Pass,Faster ground passes without affecting receiver's trapping,Play Style,Whipped Pass,"Accurate, faster crosses with more curve",Play Style,Inventive,Fancy and Trivela passes are performed with improved accuracy.,Play Style,Technical,"Faster Controlled Sprint, precise wide turns while dribbling",Play Style,,,,,,,Denmark,Brentford,Center Attacking Midfielder,Midfielder,70,82,65,78,62,68,86,80,81,79,60,81,74,78,6,10,14,11,7,52,82,64,78,80,83,72,74,84,68,,
512,Lewis,Hall,,179,2,3,2,Premier League,71,,Whipped Pass,"Accurate, faster crosses with more curve",Play Style,Block,Increased reach and success in blocking,Play Style,Press Proven,"Close control at jog speed, shields ball more effectively",Play Style,,,,,,,,,,,,,England,Newcastle Utd,Left Back,Defense,78,80,71,80,56,60,85,79,75,83,77,79,60,70,14,8,9,8,14,64,76,55,68,79,78,65,79,77,62,,
513,Frederik,Rønnow,,188,1,2,1,Bundesliga,81,,Cross Claimer,"Unique punching animations, powerful punches, faster crosses coverage",Play Style,,,,,,,,,,,,,,,,,,,Denmark,Union Berlin,Goalkeeper,Defense,48,34,67,32,67,17,40,12,31,14,15,13,9,7,80,80,69,78,82,12,30,17,14,76,25,52,11,48,7,,
514,Mohamed,Amoura,,170,4,3,1,Bundesliga,61,Left Wing,Chip Shot,"Faster, more accurate chip shots",Play Style,Acrobatic,"Perform volleys with increased accuracy, acrobatic volley animations",Play Style,Gamechanger,Fancy and Trivela shots are performed with improved accuracy.,Play Style,Rapid,"Higher sprint speed while dribbling, reduced error on knock-ons",Play Style,Quick Step,Faster acceleration during Explosive Sprint,Play Style,,,,,,,Algeria,VfL Wolfsburg,Striker,Attack,94,93,78,86,45,66,93,86,79,63,45,85,83,54,9,7,11,9,9,63,66,74,85,83,77,78,48,75,84,Left Midfielder,Center Attacking Midfielder
515,Bento Matheus,Krepski,Bento,190,1,2,1,ROSHN Saudi League,80,,Deflector,"Unique deflection animations, powerful parries to safer areas",Play Style,,,,,,,,,,,,,,,,,,,Brazil,Al Nassr,Goalkeeper,Defense,39,34,61,19,58,22,34,16,30,11,5,9,5,13,79,76,77,81,83,13,23,15,6,77,17,58,13,69,9,,
516,Franck,Honorat,,180,4,3,1,Bundesliga,70,Right Wing,Power Shot,Faster power shots with increased speed,Play Style,Whipped Pass,"Accurate, faster crosses with more curve",Play Style,Technical,"Faster Controlled Sprint, precise wide turns while dribbling",Play Style,,,,,,,,,,,,,France,M'gladbach,Right Midfielder,Midfielder,82,78,71,80,56,57,76,80,74,92,53,79,74,60,10,15,7,14,15,59,74,68,77,72,76,88,46,76,74,Right Back,
517,Julian,Quiñones,,180,4,3,1,ROSHN Saudi League,78,Left Wing,Chip Shot,"Faster, more accurate chip shots",Play Style,Precision Header,Performs headers with increased accuracy and power.,Play Style,Rapid,"Higher sprint speed while dribbling, reduced error on knock-ons",Play Style,,,,,,,,,,,,,Mexico,Al Qadsiah,Striker,Attack,89,82,95,87,89,60,68,78,67,58,25,82,83,66,8,12,11,8,12,78,69,78,79,72,74,80,46,81,71,Left Midfielder,
518,Pascal,Groß,,181,3,4,1,Bundesliga,78,Center Midfielder,Dead Ball,"Faster, accurate set pieces with longer trajectory preview",Play Style,Incisive Pass,"Accurate through passes, curvier swerve passes, faster precision passes",Play Style,Long Ball Pass,"Accurate, faster Lob and Lofted Through Passes",Play Style,Whipped Pass,"Accurate, faster crosses with more curve",Play Style,,,,,,,,,,Germany,Borussia Dortmund,Center Defensive Midfielder,Midfielder,46,68,64,83,73,78,71,83,84,86,77,78,72,78,8,15,15,16,11,57,84,73,81,85,84,80,73,84,70,,
519,Noni,Madueke,,182,4,3,2,Premier League,75,Right Midfielder,Low Driven Shot,"Enhances a player's ability to execute low driven shots with increased accuracy, faster ball travel, and quicker shot execution.",Play Style,Technical,"Faster Controlled Sprint, precise wide turns while dribbling",Play Style,Quick Step,Faster acceleration during Explosive Sprint,Play Style,,,,,,,,,,,,,England,Arsenal,Right Wing,Attack,89,81,76,75,67,67,79,83,77,74,45,85,75,65,5,13,6,12,15,55,67,75,79,76,76,79,45,75,65,,
520,Jack,Grealish,,180,4,3,1,Premier League,81,Left Midfielder,Finesse Shot,Faster finesse shots with more curve and accuracy,Play Style,Inventive,Fancy and Trivela passes are performed with improved accuracy.,Play Style,First Touch,"Reduced trapping error, faster dribbling transition",Play Style,Press Proven+,"Exceptional close control at jog speed, shields ball more effectively",Play Style Plus,,,,,,,,,,England,Everton,Left Wing,Attack,75,84,67,69,67,65,85,86,86,80,58,86,76,74,11,6,11,10,13,48,78,58,78,79,81,76,54,80,72,,
521,Benjamin,Henrichs,,185,3,4,1,Bundesliga,84,Right Midfielder,Incisive Pass,"Accurate through passes, curvier swerve passes, faster precision passes",Play Style,Jockey,"Faster Sprint Jockey, better transition speed",Play Style,Block,Increased reach and success in blocking,Play Style,Slide Tackle,Stops ball at feet during slide tackles,Play Style,Bruiser,Stronger physical tackles,Play Style,,,,,,,Germany,RB Leipzig,Right Back,Defense,74,75,77,73,74,72,69,78,78,79,78,79,50,60,8,9,13,12,14,66,72,59,70,79,80,62,81,74,53,Left Back,
522,Tino,Livramento,,181,3,4,1,Premier League,71,Left Back,Jockey,"Faster Sprint Jockey, better transition speed",Play Style,,,,,,,,,,,,,,,,,,,England,Newcastle Utd,Right Back,Defense,80,76,75,80,71,74,79,78,79,79,77,79,49,51,10,12,8,13,13,56,62,41,71,78,77,61,80,68,41,Right Midfielder,
523,Noa,Lang,,179,5,3,1,Serie A Enilive,69,Left Midfielder,Gamechanger,Fancy and Trivela shots are performed with improved accuracy.,Play Style,Incisive Pass,"Accurate through passes, curvier swerve passes, faster precision passes",Play Style,Technical,"Faster Controlled Sprint, precise wide turns while dribbling",Play Style,First Touch,"Reduced trapping error, faster dribbling transition",Play Style,Quick Step,Faster acceleration during Explosive Sprint,Play Style,,,,,,,Holland,SSC Napoli,Left Wing,Attack,84,87,68,78,60,74,83,84,83,69,47,84,80,57,13,7,13,12,12,49,68,73,75,82,77,74,51,77,80,,
524,Benjamin,Šeško,,195,4,4,1,Premier League,86,,Power Shot,Faster power shots with increased speed,Play Style,Precision Header,Performs headers with increased accuracy and power.,Play Style,Acrobatic,"Perform volleys with increased accuracy, acrobatic volley animations",Play Style,Gamechanger,Fancy and Trivela shots are performed with improved accuracy.,Play Style,Aerial Fortress,Performs higher jumps and has physical defensive presence before and during aerial duels,Play Style,Technical,"Faster Controlled Sprint, precise wide turns while dribbling",Play Style,,,,Slovenia,Man Utd,Striker,Attack,79,75,93,84,83,62,69,81,77,56,45,79,81,56,10,8,5,14,6,82,59,70,81,73,74,85,42,63,75,,
525,Đorđe,Petrović,,194,1,2,1,Premier League,89,,Footwork,"Exclusive foot saves, better performance on low shots",Play Style,,,,,,,,,,,,,,,,,,,Serbia,AFC Bournemouth,Goalkeeper,Defense,40,45,67,37,73,27,34,45,62,11,20,20,11,12,80,78,73,78,82,13,50,13,11,79,47,55,15,50,11,,
526,Pedro,Lomba Neto,Pedro Neto,174,4,4,2,Premier League,62,Left Midfielder,Rapid,"Higher sprint speed while dribbling, reduced error on knock-ons",Play Style,Quick Step,Faster acceleration during Explosive Sprint,Play Style,,,,,,,,,,,,,,,,Portugal,Chelsea,Right Midfielder,Midfielder,92,88,74,73,65,68,88,81,76,78,40,82,75,72,6,13,7,12,6,50,63,65,77,75,76,80,40,76,73,Striker,Right Wing
527,Antoine,Semenyo,,185,3,5,1,Premier League,79,Left Midfielder,Low Driven Shot,"Enhances a player's ability to execute low driven shots with increased accuracy, faster ball travel, and quicker shot execution.",Play Style,Aerial Fortress,Performs higher jumps and has physical defensive presence before and during aerial duels,Play Style,Long Throw,Powerful throw-ins for greater distance,Play Style,Enforcer,Performs dribble Shoulder Challenges and Shielding with increased effectiveness.,Play Style,,,,,,,,,,Ghana,AFC Bournemouth,Right Midfielder,Midfielder,78,79,81,84,79,71,74,81,79,74,34,82,83,61,10,11,14,15,7,64,69,69,81,79,74,81,44,76,69,Right Wing,
528,Benjamin,André,,180,3,3,1,Ligue 1 McDonald's,76,Center Midfielder,Precision Header,Performs headers with increased accuracy and power.,Play Style,Long Ball Pass,"Accurate, faster Lob and Lofted Through Passes",Play Style,Intercept,Increased reach and possession retention in interceptions,Play Style,Aerial Fortress,Performs higher jumps and has physical defensive presence before and during aerial duels,Play Style,,,,,,,,,,France,LOSC Lille,Center Defensive Midfielder,Midfielder,54,68,80,90,79,85,72,79,79,70,78,75,61,53,8,14,15,7,10,80,77,66,70,79,78,69,81,72,56,,
529,Steven,Bergwijn,,171,4,1,1,ROSHN Saudi League,78,Left Wing,Power Shot,Faster power shots with increased speed,Play Style,Gamechanger,Fancy and Trivela shots are performed with improved accuracy.,Play Style,Technical,"Faster Controlled Sprint, precise wide turns while dribbling",Play Style,,,,,,,,,,,,,Holland,Al Ittihad,Left Midfielder,Midfielder,82,76,74,65,79,57,90,83,77,76,47,86,76,65,11,14,12,14,13,60,66,74,79,82,81,83,36,78,75,,
530,Gabriel,Fernando de Jesus,Gabriel Jesus,175,4,3,1,Premier League,73,Center Attacking Midfielder,Technical,"Faster Controlled Sprint, precise wide turns while dribbling",Play Style,First Touch,"Reduced trapping error, faster dribbling transition",Play Style,Relentless,"Increased half time fatigue recovery, longer teammate contain and press",Play Style,,,,,,,,,,,,,Brazil,Arsenal,Striker,Attack,85,88,85,66,67,82,89,84,78,73,45,87,79,54,13,8,6,6,15,76,66,75,81,80,79,82,30,78,77,,
531,Harvey,Barnes,,185,3,4,1,Premier League,72,Left Midfielder,Finesse Shot,Faster finesse shots with more curve and accuracy,Play Style,,,,,,,,,,,,,,,,,,,England,Newcastle Utd,Left Wing,Attack,80,78,70,74,71,53,77,82,77,75,44,82,80,69,6,5,11,8,10,46,68,65,81,79,76,82,43,80,68,,
532,Aaron,Wan-Bissaka,,183,3,2,1,Premier League,72,Right Midfielder,Block,Increased reach and success in blocking,Play Style,Intercept,Increased reach and possession retention in interceptions,Play Style,Anticipate,"Improved standing tackle success, possibility of stopping ball at feet",Play Style,Rapid,"Higher sprint speed while dribbling, reduced error on knock-ons",Play Style,Slide Tackle+,"Greatly improved slide tackle coverage, stops ball at feet",Play Style Plus,,,,,,,Congo DR,West Ham,Right Back,Defense,79,77,75,75,71,73,70,74,78,72,78,79,46,45,9,8,6,8,8,57,58,44,72,79,75,70,80,68,43,,
533,Pierre,Kalulu,,182,2,3,1,Serie A Enilive,80,,Block,Increased reach and success in blocking,Play Style,,,,,,,,,,,,,,,,,,,France,Juventus,Center Back,Defense,76,73,83,76,73,80,69,74,80,70,82,64,43,44,12,5,13,9,11,75,65,49,60,80,77,66,83,59,54,,
534,Valentin,Castellanos,,178,3,3,1,Serie A Enilive,70,,Finesse Shot,Faster finesse shots with more curve and accuracy,Play Style,Incisive Pass,"Accurate through passes, curvier swerve passes, faster precision passes",Play Style,Technical,"Faster Controlled Sprint, precise wide turns while dribbling",Play Style,,,,,,,,,,,,,Argentina,Latium,Striker,Attack,78,77,85,85,65,84,74,83,81,58,43,82,84,65,15,6,10,12,8,83,66,73,83,79,79,79,40,79,76,,
535,Nicolas,Pépé,,183,4,2,2,LALIGA EA SPORTS,73,Striker,Finesse Shot,Faster finesse shots with more curve and accuracy,Play Style,Inventive,Fancy and Trivela passes are performed with improved accuracy.,Play Style,Technical,"Faster Controlled Sprint, precise wide turns while dribbling",Play Style,,,,,,,,,,,,,Côte d'Ivoire,Villarreal CF,Right Midfielder,Midfielder,87,91,79,69,74,43,75,82,75,75,36,83,76,79,11,14,11,6,8,57,69,85,76,78,79,82,34,74,70,Right Wing,
536,Boulaye,Dia,,180,3,4,1,Serie A Enilive,75,Center Attacking Midfielder,Low Driven Shot,"Enhances a player's ability to execute low driven shots with increased accuracy, faster ball travel, and quicker shot execution.",Play Style,,,,,,,,,,,,,,,,,,,Senegal,Latium,Striker,Attack,81,76,87,74,74,65,70,79,78,55,39,79,83,49,11,10,15,14,10,76,64,81,81,78,75,84,42,72,75,,
537,Mario,Hermoso Canseco,Mario Hermoso,184,2,3,2,Serie A Enilive,76,,Long Ball Pass,"Accurate, faster Lob and Lofted Through Passes",Play Style,Block,Increased reach and success in blocking,Play Style,Slide Tackle,Stops ball at feet during slide tackles,Play Style,Aerial Fortress,Performs higher jumps and has physical defensive presence before and during aerial duels,Play Style,,,,,,,,,,Spain,AS Roma,Center Back,Defense,71,70,88,72,80,83,61,76,77,71,78,67,42,55,13,8,10,5,8,83,76,45,63,77,79,66,81,66,41,,
538,Édouard,Mendy,,197,1,2,1,ROSHN Saudi League,86,,Footwork,"Exclusive foot saves, better performance on low shots",Play Style,Cross Claimer,"Unique punching animations, powerful punches, faster crosses coverage",Play Style,,,,,,,,,,,,,,,,Senegal,Al Ahli,Goalkeeper,Defense,33,50,64,36,72,22,33,31,57,10,10,18,5,14,78,77,75,79,81,10,54,13,6,80,54,56,11,50,9,,
539,Ermedin,Demirović,,185,3,3,1,Bundesliga,84,,Finesse Shot,Faster finesse shots with more curve and accuracy,Play Style,Relentless,"Increased half time fatigue recovery, longer teammate contain and press",Play Style,,,,,,,,,,,,,,,,Bosnia and Herzegovina,VfB Stuttgart,Striker,Attack,68,70,80,80,77,77,71,81,73,69,38,78,84,53,9,8,9,7,6,71,66,62,83,82,79,85,39,78,76,,
540,Predrag,Rajković,,191,1,2,1,ROSHN Saudi League,85,,Far Throw,Unique goalkeeper throw animations with longer throw distance,Play Style,Footwork,"Exclusive foot saves, better performance on low shots",Play Style,,,,,,,,,,,,,,,,Serbia,Al Ittihad,Goalkeeper,Defense,33,32,62,26,66,25,29,18,32,13,11,8,9,10,78,78,76,79,84,13,42,20,4,73,31,57,10,43,8,,
541,Ayoub,El Kaabi,,182,3,2,2,Hellas Liga,76,,Finesse Shot,Faster finesse shots with more curve and accuracy,Play Style,Chip Shot,"Faster, more accurate chip shots",Play Style,,,,,,,,,,,,,,,,Morocco,Olympiacos FC,Striker,Attack,80,75,89,78,77,71,76,79,72,60,40,72,84,55,15,10,13,13,7,80,45,84,82,80,68,83,44,66,82,,
542,Nicolas,Jackson,,187,3,3,1,Bundesliga,78,,Low Driven Shot,"Enhances a player's ability to execute low driven shots with increased accuracy, faster ball travel, and quicker shot execution.",Play Style,Gamechanger,Fancy and Trivela shots are performed with improved accuracy.,Play Style,Technical,"Faster Controlled Sprint, precise wide turns while dribbling",Play Style,,,,,,,,,,,,,Senegal,FC Bayern München,Striker,Attack,81,72,89,81,77,70,71,79,77,62,30,81,81,50,12,7,12,7,7,76,62,60,83,80,77,79,40,73,76,,
543,Hans,Vanaken,,195,4,4,1,1A Pro League,77,Center Midfielder,Precision Header,Performs headers with increased accuracy and power.,Play Style,Incisive Pass,"Accurate through passes, curvier swerve passes, faster precision passes",Play Style,Long Ball Pass,"Accurate, faster Lob and Lofted Through Passes",Play Style,Inventive,Fancy and Trivela passes are performed with improved accuracy.,Play Style,Aerial Fortress,Performs higher jumps and has physical defensive presence before and during aerial duels,Play Style,Press Proven,"Close control at jog speed, shields ball more effectively",Play Style,,,,Belgium,Club Brugge,Center Attacking Midfielder,Midfielder,39,62,77,91,79,57,42,83,91,77,58,79,81,75,13,6,9,15,11,84,86,79,82,82,88,76,55,88,79,,
544,Fermín,López Marín,Fermín,174,3,4,1,LALIGA EA SPORTS,64,Center Midfielder,Precision Header,Performs headers with increased accuracy and power.,Play Style,,,,,,,,,,,,,,,,,,,Spain,FC Barcelona,Center Attacking Midfielder,Midfielder,76,83,70,71,44,58,81,82,78,64,43,82,79,55,8,14,8,7,7,76,78,63,82,76,81,70,74,81,57,Left Wing,Striker
545,Marcus,Rashford,,186,5,3,1,LALIGA EA SPORTS,70,Left Wing,Power Shot,Faster power shots with increased speed,Play Style,Rapid,"Higher sprint speed while dribbling, reduced error on knock-ons",Play Style,Quick Step,Faster acceleration during Explosive Sprint,Play Style,,,,,,,,,,,,,England,FC Barcelona,Left Midfielder,Midfielder,87,77,82,64,65,52,69,80,76,78,30,83,79,75,11,6,15,7,14,71,72,85,80,77,78,93,29,80,73,Striker,
546,Christos,Tzolis,,179,4,4,1,1A Pro League,73,Left Wing,Finesse Shot,Faster finesse shots with more curve and accuracy,Play Style,Low Driven Shot,"Enhances a player's ability to execute low driven shots with increased accuracy, faster ball travel, and quicker shot execution.",Play Style,Incisive Pass,"Accurate through passes, curvier swerve passes, faster precision passes",Play Style,Rapid,"Higher sprint speed while dribbling, reduced error on knock-ons",Play Style,Quick Step,Faster acceleration during Explosive Sprint,Play Style,,,,,,,Greece,Club Brugge,Left Midfielder,Midfielder,85,84,78,85,63,70,85,81,78,72,33,84,78,66,15,10,12,6,10,68,74,68,79,77,78,78,39,78,76,,
547,Konstantinos,Fortounis,,183,3,5,1,ROSHN Saudi League,70,Left Wing,Incisive Pass,"Accurate through passes, curvier swerve passes, faster precision passes",Play Style,Inventive,Fancy and Trivela passes are performed with improved accuracy.,Play Style,Technical,"Faster Controlled Sprint, precise wide turns while dribbling",Play Style,First Touch,"Reduced trapping error, faster dribbling transition",Play Style,,,,,,,,,,Greece,Al Khaleej,Center Attacking Midfielder,Midfielder,71,76,72,67,66,65,70,82,81,77,47,80,79,80,16,15,16,13,11,62,82,76,77,78,83,76,38,84,72,Right Wing,Center Midfielder
548,Jérémy,Doku,,173,4,3,1,Premier League,66,Right Wing,Inventive,Fancy and Trivela passes are performed with improved accuracy.,Play Style,Trickster,Performs unique flick Skill Moves,Play Style,Quick Step,Faster acceleration during Explosive Sprint,Play Style,Enforcer,Performs dribble Shoulder Challenges and Shielding with increased effectiveness.,Play Style,Rapid+,"Even higher sprint speed while dribbling, reduced error on knock-ons",Play Style Plus,,,,,,,Belgium,Manchester City,Left Wing,Attack,95,93,73,63,73,62,92,81,75,70,40,91,72,55,11,10,8,9,12,40,69,55,76,75,76,77,30,74,60,Left Midfielder,
549,Igor Guilherme,Barbosa da Paixão,Igor Paixão,168,4,2,1,Ligue 1 McDonald's,63,Left Wing,Gamechanger,Fancy and Trivela shots are performed with improved accuracy.,Play Style,Whipped Pass,"Accurate, faster crosses with more curve",Play Style,Technical,"Faster Controlled Sprint, precise wide turns while dribbling",Play Style,,,,,,,,,,,,,Brazil,OM,Left Midfielder,Midfielder,83,81,90,76,68,62,89,80,74,75,21,82,80,67,8,13,11,12,9,75,72,64,79,79,76,82,37,75,72,,
550,Jerdy,Schouten,,185,4,3,1,Eredivisie,74,Center Midfielder,Pinged Pass,Faster ground passes without affecting receiver's trapping,Play Style,Inventive,Fancy and Trivela passes are performed with improved accuracy.,Play Style,Intercept,Increased reach and possession retention in interceptions,Play Style,Anticipate,"Improved standing tackle success, possibility of stopping ball at feet",Play Style,Press Proven,"Close control at jog speed, shields ball more effectively",Play Style,,,,,,,Holland,,Center Defensive Midfielder,Midfielder,60,66,73,71,75,70,77,79,83,59,82,75,58,36,11,7,6,5,14,66,79,58,62,78,81,65,80,78,52,Center Back,
551,Gonçalo Matias,Ramos,Gonçalo Ramos,185,2,4,1,Ligue 1 McDonald's,82,,Finesse Shot,Faster finesse shots with more curve and accuracy,Play Style,Precision Header,Performs headers with increased accuracy and power.,Play Style,Low Driven Shot,"Enhances a player's ability to execute low driven shots with increased accuracy, faster ball travel, and quicker shot execution.",Play Style,Aerial Fortress,Performs higher jumps and has physical defensive presence before and during aerial duels,Play Style,Press Proven,"Close control at jog speed, shields ball more effectively",Play Style,,,,,,,Portugal,Paris SG,Striker,Attack,73,77,89,79,79,78,71,78,75,58,43,76,82,48,15,9,7,7,15,83,63,75,85,81,72,82,47,63,75,,
552,Dominic,Solanke,,187,3,2,1,Premier League,80,,Precision Header,Performs headers with increased accuracy and power.,Play Style,Acrobatic,"Perform volleys with increased accuracy, acrobatic volley animations",Play Style,,,,,,,,,,,,,,,,England,Spurs,Striker,Attack,68,67,88,87,84,75,68,79,78,55,40,78,81,48,9,15,14,9,10,83,60,82,83,80,77,82,35,70,77,,
553,Thomas,Müller,,185,3,4,1,MLS,76,Striker,Precision Header,Performs headers with increased accuracy and power.,Play Style,,,,,,,,,,,,,,,,,,,Germany,Whitecaps FC,Center Attacking Midfielder,Midfielder,53,67,73,63,66,62,68,80,88,85,47,77,81,59,6,7,11,14,14,79,79,70,90,88,83,78,57,87,84,Right Midfielder,
554,Vincenzo,Grifo,,180,4,2,1,Bundesliga,80,Center Attacking Midfielder,Finesse Shot,Faster finesse shots with more curve and accuracy,Play Style,Gamechanger,Fancy and Trivela shots are performed with improved accuracy.,Play Style,Incisive Pass,"Accurate through passes, curvier swerve passes, faster precision passes",Play Style,Whipped Pass,"Accurate, faster crosses with more curve",Play Style,Dead Ball+,"Set pieces with max speed, curve, accuracy, and preview line",Play Style Plus,,,,,,,Italy,SC Freiburg,Left Midfielder,Midfielder,73,78,65,81,65,52,76,82,77,88,48,81,73,88,10,12,8,8,14,47,76,74,79,82,81,85,41,78,73,Left Wing,
555,Armand,Laurienté,,171,4,3,1,Serie A Enilive,59,Left Midfielder,Finesse Shot,Faster finesse shots with more curve and accuracy,Play Style,Gamechanger,Fancy and Trivela shots are performed with improved accuracy.,Play Style,Incisive Pass,"Accurate through passes, curvier swerve passes, faster precision passes",Play Style,Rapid,"Higher sprint speed while dribbling, reduced error on knock-ons",Play Style,Trickster,Performs unique flick Skill Moves,Play Style,Quick Step,Faster acceleration during Explosive Sprint,Play Style,,,,France,Sassuolo,Left Wing,Attack,93,91,64,82,48,48,92,80,76,74,30,84,76,85,13,13,8,14,15,45,66,56,79,76,76,81,40,74,74,,
556,Christian,Nørgaard,,187,3,3,1,Premier League,77,Center Midfielder,Precision Header,Performs headers with increased accuracy and power.,Play Style,Intercept,Increased reach and possession retention in interceptions,Play Style,Aerial Fortress,Performs higher jumps and has physical defensive presence before and during aerial duels,Play Style,,,,,,,,,,,,,Denmark,Arsenal,Center Defensive Midfielder,Midfielder,52,61,72,82,78,80,67,76,77,68,77,69,63,65,11,9,13,14,11,69,80,62,66,80,79,72,80,70,51,,
557,Levi,Colwill,,187,2,3,2,Premier League,83,,Block,Increased reach and success in blocking,Play Style,,,,,,,,,,,,,,,,,,,England,Chelsea,Center Back,Defense,66,60,84,77,79,84,62,77,79,65,81,70,38,36,15,14,8,10,14,79,72,40,50,78,79,60,81,73,36,,
558,Maghnes,Akliouche,,183,4,3,2,Ligue 1 McDonald's,63,Center Attacking Midfielder,Low Driven Shot,"Enhances a player's ability to execute low driven shots with increased accuracy, faster ball travel, and quicker shot execution.",Play Style,Inventive,Fancy and Trivela passes are performed with improved accuracy.,Play Style,,,,,,,,,,,,,,,,France,AS Monaco,Right Midfielder,Midfielder,75,84,62,77,58,54,75,84,81,76,46,84,72,67,8,10,9,5,8,46,74,70,74,78,80,66,52,82,59,Right Wing,
559,Marco,Asensio Willemsen,Marco Asensio,182,4,3,2,Trendyol Süper Lig,76,Center Attacking Midfielder,Finesse Shot,Faster finesse shots with more curve and accuracy,Play Style,Incisive Pass,"Accurate through passes, curvier swerve passes, faster precision passes",Play Style,Whipped Pass,"Accurate, faster crosses with more curve",Play Style,,,,,,,,,,,,,Spain,Fenerbahçe,Right Wing,Attack,73,78,70,64,63,45,73,84,82,81,40,83,77,76,13,9,6,12,10,59,81,62,79,81,81,81,42,79,79,Striker,Right Midfielder
560,Kerem,Aktürkoğlu,,173,4,3,1,Trendyol Süper Lig,68,Left Midfielder,Finesse Shot,Faster finesse shots with more curve and accuracy,Play Style,Gamechanger,Fancy and Trivela shots are performed with improved accuracy.,Play Style,Incisive Pass,"Accurate through passes, curvier swerve passes, faster precision passes",Play Style,Rapid,"Higher sprint speed while dribbling, reduced error on knock-ons",Play Style,Quick Step,Faster acceleration during Explosive Sprint,Play Style,Relentless,"Increased half time fatigue recovery, longer teammate contain and press",Play Style,,,,Turkey,Fenerbahçe,Left Wing,Attack,87,88,62,86,44,57,81,79,75,72,38,81,78,78,11,7,12,9,8,52,66,64,82,81,74,72,43,79,55,,
561,Jan Paul,van Hecke,,189,2,3,1,Premier League,79,,Long Ball Pass,"Accurate, faster Lob and Lofted Through Passes",Play Style,Aerial Fortress,Performs higher jumps and has physical defensive presence before and during aerial duels,Play Style,,,,,,,,,,,,,,,,Holland,Brighton,Center Back,Defense,66,55,90,70,79,83,60,73,78,50,80,70,35,65,11,9,8,7,5,77,80,55,35,79,80,70,80,74,30,,
562,Álvaro,García Rivera,Álvaro García,167,3,3,2,LALIGA EA SPORTS,61,Left Wing,Low Driven Shot,"Enhances a player's ability to execute low driven shots with increased accuracy, faster ball travel, and quicker shot execution.",Play Style,Intercept,Increased reach and possession retention in interceptions,Play Style,Quick Step,Faster acceleration during Explosive Sprint,Play Style,,,,,,,,,,,,,Spain,Rayo Vallecano,Left Midfielder,Midfielder,90,87,58,75,34,34,93,79,77,82,55,80,74,50,11,8,10,10,14,49,75,55,77,77,78,71,45,77,65,,
563,Deniz,Undav,,179,3,5,1,Bundesliga,86,Center Attacking Midfielder,Finesse Shot,Faster finesse shots with more curve and accuracy,Play Style,Chip Shot,"Faster, more accurate chip shots",Play Style,Acrobatic,"Perform volleys with increased accuracy, acrobatic volley animations",Play Style,Low Driven Shot,"Enhances a player's ability to execute low driven shots with increased accuracy, faster ball travel, and quicker shot execution.",Play Style,Gamechanger,Fancy and Trivela shots are performed with improved accuracy.,Play Style,Incisive Pass,"Accurate through passes, curvier swerve passes, faster precision passes",Play Style,,,,Germany,VfB Stuttgart,Striker,Attack,67,73,82,70,80,79,86,83,82,67,25,78,83,66,9,12,9,11,13,75,64,72,83,80,80,84,37,82,83,,
564,Samuel,Chukwueze,,172,4,2,2,Premier League,70,Right Midfielder,Finesse Shot,Faster finesse shots with more curve and accuracy,Play Style,Rapid,"Higher sprint speed while dribbling, reduced error on knock-ons",Play Style,Quick Step,Faster acceleration during Explosive Sprint,Play Style,,,,,,,,,,,,,Nigeria,Fulham,Right Wing,Attack,91,85,66,62,58,47,82,82,72,76,40,86,75,58,13,7,9,7,6,44,66,55,78,77,77,78,32,76,70,,
565,Castello,Lukeba,,183,2,2,2,Bundesliga,84,Left Back,,,,,,,,,,,,,,,,,,,,,,France,RB Leipzig,Center Back,Defense,73,70,88,65,78,78,68,74,80,59,80,73,41,26,8,10,14,11,13,81,75,39,46,79,76,55,85,72,42,,
566,Carlos Henrique,Venancio Casimiro,Casemiro,185,2,3,1,Premier League,84,Center Midfielder,Long Ball Pass,"Accurate, faster Lob and Lofted Through Passes",Play Style,Block,Increased reach and success in blocking,Play Style,Slide Tackle,Stops ball at feet during slide tackles,Play Style,Aerial Fortress,Performs higher jumps and has physical defensive presence before and during aerial duels,Play Style,Bruiser,Stronger physical tackles,Play Style,,,,,,,Brazil,Man Utd,Center Defensive Midfielder,Midfielder,35,48,75,54,81,90,51,77,77,68,78,68,69,70,13,14,16,12,12,80,80,66,71,79,79,82,83,76,77,,
567,F. Evanilson,de Lima Barbosa,Evanilson,183,3,4,1,Premier League,80,,,,,,,,,,,,,,,,,,,,,,,Brazil,AFC Bournemouth,Striker,Attack,75,69,86,74,78,73,69,79,78,47,22,78,81,50,13,11,6,14,7,77,67,69,84,83,75,81,41,70,79,,
568,Abdülkerim,Bardakcı,,185,2,2,2,Trendyol Süper Lig,80,Left Back,Precision Header,Performs headers with increased accuracy and power.,Play Style,Long Ball Pass,"Accurate, faster Lob and Lofted Through Passes",Play Style,Intercept,Increased reach and possession retention in interceptions,Play Style,Anticipate,"Improved standing tackle success, possibility of stopping ball at feet",Play Style,Slide Tackle,Stops ball at feet during slide tackles,Play Style,Aerial Fortress,Performs higher jumps and has physical defensive presence before and during aerial duels,Play Style,Bruiser,Stronger physical tackles,Play Style,Turkey,Galatasaray,Center Back,Defense,58,62,86,82,87,84,64,72,76,74,83,68,38,35,13,7,12,7,15,82,75,48,68,75,74,66,80,67,70,Left Midfielder,
569,Arthur,Theate,,185,2,3,2,Bundesliga,78,Left Back,Precision Header,Performs headers with increased accuracy and power.,Play Style,Aerial Fortress,Performs higher jumps and has physical defensive presence before and during aerial duels,Play Style,,,,,,,,,,,,,,,,Belgium,Frankfurt,Center Back,Defense,66,64,82,82,82,82,56,75,77,68,81,70,23,37,7,6,12,11,10,75,76,32,29,80,77,70,81,70,24,Left Midfielder,
570,Jadon,Sancho,,180,5,3,1,Premier League,76,Right Wing,Finesse Shot,Faster finesse shots with more curve and accuracy,Play Style,Trickster,Performs unique flick Skill Moves,Play Style,,,,,,,,,,,,,,,,England,Aston Villa,Left Wing,Attack,82,90,62,64,58,47,90,87,83,73,38,87,74,67,7,11,10,11,13,40,70,73,78,78,80,75,35,80,70,Left Midfielder,
571,Pau,Francisco Torres,Pau Torres,191,2,2,2,Premier League,80,,Pinged Pass,Faster ground passes without affecting receiver's trapping,Play Style,,,,,,,,,,,,,,,,,,,Spain,Aston Villa,Center Back,Defense,66,56,84,71,73,73,52,79,82,64,83,64,31,54,11,13,13,13,9,85,80,42,66,80,81,58,82,77,41,,
572,Ricard,Puig Martí,Riqui Puig,169,3,3,1,MLS,56,Center Attacking Midfielder,Finesse Shot,Faster finesse shots with more curve and accuracy,Play Style,Incisive Pass,"Accurate through passes, curvier swerve passes, faster precision passes",Play Style,Long Ball Pass,"Accurate, faster Lob and Lofted Through Passes",Play Style,Inventive,Fancy and Trivela passes are performed with improved accuracy.,Play Style,First Touch,"Reduced trapping error, faster dribbling transition",Play Style,,,,,,,Spain,LA Galaxy,Center Midfielder,Midfielder,74,82,52,79,33,66,84,84,78,60,43,81,72,51,12,15,14,12,9,49,83,55,78,78,89,70,55,86,56,Center Defensive Midfielder,
573,Borja,Iglesias Quintás,Borja Iglesias,187,3,3,1,LALIGA EA SPORTS,86,,Enforcer,Performs dribble Shoulder Challenges and Shielding with increased effectiveness.,Play Style,,,,,,,,,,,,,,,,,,,Spain,Celta,Striker,Attack,59,53,85,64,84,73,67,80,80,54,40,74,83,68,14,12,16,13,16,83,72,90,85,80,78,85,36,80,75,,
574,Odilon,Kossounou,,191,2,3,1,Serie A Enilive,82,,,,,,,,,,,,,,,,,,,,,,,Côte d'Ivoire,Bergamo Calcio,Center Back,Defense,74,62,80,76,79,78,56,69,73,58,80,66,26,23,5,8,6,10,6,79,74,32,44,76,76,52,83,57,28,,
575,Florentino,Morris Luís,Florentino,184,2,2,1,Premier League,76,Center Midfielder,Precision Header,Performs headers with increased accuracy and power.,Play Style,Pinged Pass,Faster ground passes without affecting receiver's trapping,Play Style,Intercept,Increased reach and possession retention in interceptions,Play Style,Anticipate,"Improved standing tackle success, possibility of stopping ball at feet",Play Style,Slide Tackle,Stops ball at feet during slide tackles,Play Style,Press Proven,"Close control at jog speed, shields ball more effectively",Play Style,Bruiser,Stronger physical tackles,Play Style,Portugal,Burnley,Center Defensive Midfielder,Midfielder,55,73,73,85,78,78,68,74,75,41,81,72,35,44,6,14,14,10,14,67,76,38,67,76,77,65,82,69,36,Center Back,
576,Yeremy Jesús,Pino Santos,Yeremy Pino,172,3,4,1,Premier League,65,Left Midfielder,Rapid,"Higher sprint speed while dribbling, reduced error on knock-ons",Play Style,,,,,,,,,,,,,,,,,,,Spain,Crystal Palace,Right Midfielder,Midfielder,78,80,58,69,45,53,80,81,68,79,31,82,76,60,9,7,14,6,9,46,76,54,81,78,81,73,48,78,67,Left Wing,Right Wing
577,Sergio,Busquets Burgos,Sergio Busquets,189,3,3,1,MLS,74,Center Midfielder,Incisive Pass,"Accurate through passes, curvier swerve passes, faster precision passes",Play Style,Long Ball Pass,"Accurate, faster Lob and Lofted Through Passes",Play Style,Anticipate,"Improved standing tackle success, possibility of stopping ball at feet",Play Style,Press Proven,"Close control at jog speed, shields ball more effectively",Play Style,,,,,,,,,,Spain,Inter Miami CF,Center Defensive Midfielder,Midfielder,34,64,64,75,72,76,50,79,83,59,78,80,65,68,5,8,13,9,13,68,81,60,73,76,83,61,80,79,50,Center Back,
578,Federico,Gatti,,190,2,3,1,Serie A Enilive,80,,Slide Tackle,Stops ball at feet during slide tackles,Play Style,Bruiser,Stronger physical tackles,Play Style,,,,,,,,,,,,,,,,Italy,Juventus,Center Back,Defense,73,56,88,74,81,84,59,68,78,38,82,62,30,46,6,11,11,11,6,80,61,49,45,79,68,68,83,40,42,,
579,Diego Javier,Llorente Ríos,Diego Llorente,186,2,3,1,LALIGA EA SPORTS,75,,,,,,,,,,,,,,,,,,,,,,,Spain,Real Betis,Center Back,Defense,65,60,82,65,78,84,62,76,70,55,81,65,39,35,8,12,11,9,7,77,72,53,43,80,75,45,83,60,47,,
580,Ousmane,Diomande,,190,2,3,1,Liga Portugal,93,,Precision Header,Performs headers with increased accuracy and power.,Play Style,Long Ball Pass,"Accurate, faster Lob and Lofted Through Passes",Play Style,Jockey,"Faster Sprint Jockey, better transition speed",Play Style,Block,Increased reach and success in blocking,Play Style,Aerial Fortress,Performs higher jumps and has physical defensive presence before and during aerial duels,Play Style,Bruiser,Stronger physical tackles,Play Style,,,,Côte d'Ivoire,Sporting CP,Center Back,Defense,78,63,93,80,90,83,66,69,74,28,79,71,20,24,8,6,15,6,6,79,73,39,24,73,71,40,82,38,24,,
581,Clément,Lenglet,,186,2,4,2,LALIGA EA SPORTS,81,,,,,,,,,,,,,,,,,,,,,,,France,Atlético de Madrid,Center Back,Defense,52,60,79,71,79,75,58,73,77,55,83,57,39,31,10,10,9,12,7,80,75,49,54,82,81,58,82,69,37,,
582,Harry,Maguire,,193,2,3,1,Premier League,100,,Aerial Fortress,Performs higher jumps and has physical defensive presence before and during aerial duels,Play Style,,,,,,,,,,,,,,,,,,,England,Man Utd,Center Back,Defense,37,33,80,66,89,84,33,71,79,51,80,68,48,46,14,16,9,14,9,84,82,68,61,78,79,82,80,69,49,,
583,Alexsandro,de Souza Ribeiro,Alexsandro,191,2,5,2,Ligue 1 McDonald's,92,,Block,Increased reach and success in blocking,Play Style,Intercept,Increased reach and possession retention in interceptions,Play Style,Anticipate,"Improved standing tackle success, possibility of stopping ball at feet",Play Style,Aerial Fortress,Performs higher jumps and has physical defensive presence before and during aerial duels,Play Style,,,,,,,,,,Brazil,LOSC Lille,Center Back,Defense,56,38,83,72,84,82,35,68,77,44,79,56,34,34,14,15,9,11,7,80,72,48,15,79,75,62,82,64,32,,
584,Andreas,Christensen,,187,2,3,1,LALIGA EA SPORTS,82,Center Midfielder,,,,,,,,,,,,,,,,,,,,,,Denmark,FC Barcelona,Center Back,Defense,52,60,78,67,78,73,61,77,79,51,82,67,36,39,10,12,8,6,8,78,79,36,32,80,81,37,82,62,25,,
585,James,Tarkowski,,188,2,4,1,Premier League,81,,Long Ball Pass,"Accurate, faster Lob and Lofted Through Passes",Play Style,Block,Increased reach and success in blocking,Play Style,Intercept,Increased reach and possession retention in interceptions,Play Style,Aerial Fortress,Performs higher jumps and has physical defensive presence before and during aerial duels,Play Style,,,,,,,,,,England,Everton,Center Back,Defense,41,52,80,68,86,89,47,64,75,59,81,55,40,53,14,8,12,9,7,82,73,52,43,79,66,69,83,62,50,,
586,Chris,Smalling,,194,2,3,1,ROSHN Saudi League,81,,Jockey,"Faster Sprint Jockey, better transition speed",Play Style,,,,,,,,,,,,,,,,,,,England,Al Fayha,Center Back,Defense,34,37,78,64,83,77,36,64,79,52,83,58,54,22,10,15,16,15,15,85,62,52,51,78,63,42,82,58,49,,
587,Richard,Ríos,,187,3,3,1,Liga Portugal,77,Center Defensive Midfielder,Block,Increased reach and success in blocking,Play Style,First Touch,"Reduced trapping error, faster dribbling transition",Play Style,Press Proven,"Close control at jog speed, shields ball more effectively",Play Style,Relentless,"Increased half time fatigue recovery, longer teammate contain and press",Play Style,Enforcer,Performs dribble Shoulder Challenges and Shielding with increased effectiveness.,Play Style,,,,,,,Colombia,SL Benfica,Center Midfielder,Midfielder,83,84,78,88,79,85,79,83,80,74,74,82,67,72,9,10,14,6,10,52,78,53,62,83,80,78,79,78,70,,
588,Callum,McGregor,,178,4,4,2,Scottish Prem,74,Center Midfielder,Power Shot,Faster power shots with increased speed,Play Style,Pinged Pass,Faster ground passes without affecting receiver's trapping,Play Style,Long Ball Pass,"Accurate, faster Lob and Lofted Through Passes",Play Style,Press Proven,"Close control at jog speed, shields ball more effectively",Play Style,Relentless,"Increased half time fatigue recovery, longer teammate contain and press",Play Style,,,,,,,Scotland,Celtic,Center Defensive Midfielder,Midfielder,80,83,72,93,69,81,86,83,83,68,76,76,74,61,15,10,8,8,13,54,79,66,78,80,84,80,74,80,75,,
589,Daizen,Maeda,,173,2,4,1,Scottish Prem,68,Striker,Precision Header,Performs headers with increased accuracy and power.,Play Style,Acrobatic,"Perform volleys with increased accuracy, acrobatic volley animations",Play Style,Gamechanger,Fancy and Trivela shots are performed with improved accuracy.,Play Style,Rapid,"Higher sprint speed while dribbling, reduced error on knock-ons",Play Style,Quick Step,Faster acceleration during Explosive Sprint,Play Style,Relentless+,"Max half time fatigue recovery, longer teammate contain and press",Play Style Plus,,,,Japan,Celtic,Left Wing,Attack,94,92,88,95,67,85,88,71,76,69,65,73,82,57,5,9,5,9,12,77,57,64,84,85,74,78,64,76,79,Right Wing,Left Midfielder
590,Kouadio Manu,Koné,,185,4,3,1,Serie A Enilive,80,,Power Shot,Faster power shots with increased speed,Play Style,Pinged Pass,Faster ground passes without affecting receiver's trapping,Play Style,Technical,"Faster Controlled Sprint, precise wide turns while dribbling",Play Style,Relentless,"Increased half time fatigue recovery, longer teammate contain and press",Play Style,,,,,,,,,,France,AS Roma,Center Midfielder,Midfielder,77,79,83,82,82,82,72,83,75,70,69,82,71,53,11,10,11,9,10,68,76,54,75,79,80,86,79,75,55,,
591,Rodrigo,Zalazar,,178,3,4,1,Liga Portugal,70,Center Midfielder,Finesse Shot,Faster finesse shots with more curve and accuracy,Play Style,Power Shot,Faster power shots with increased speed,Play Style,Gamechanger,Fancy and Trivela shots are performed with improved accuracy.,Play Style,Incisive Pass,"Accurate through passes, curvier swerve passes, faster precision passes",Play Style,Whipped Pass,"Accurate, faster crosses with more curve",Play Style,Aerial Fortress,Performs higher jumps and has physical defensive presence before and during aerial duels,Play Style,Technical,"Faster Controlled Sprint, precise wide turns while dribbling",Play Style,Uruguay,SC Braga,Center Attacking Midfielder,Midfielder,77,85,71,84,68,79,77,81,78,74,67,75,80,76,7,7,9,5,12,54,81,67,78,75,80,88,69,80,70,Right Midfielder,
592,Matheus,Luiz Nunes,Matheus Nunes,184,3,3,1,Premier League,78,Center Midfielder,Press Proven,"Close control at jog speed, shields ball more effectively",Play Style,,,,,,,,,,,,,,,,,,,Portugal,Manchester City,Right Back,Defense,78,78,74,79,74,76,71,80,75,73,74,79,69,58,13,10,12,12,13,53,79,62,75,78,80,77,75,77,59,Right Midfielder,
593,Mario,Lemina,,184,3,4,1,Trendyol Süper Lig,85,Center Midfielder,Long Ball Pass,"Accurate, faster Lob and Lofted Through Passes",Play Style,Inventive,Fancy and Trivela passes are performed with improved accuracy.,Play Style,Intercept,Increased reach and possession retention in interceptions,Play Style,Technical,"Faster Controlled Sprint, precise wide turns while dribbling",Play Style,Relentless,"Increased half time fatigue recovery, longer teammate contain and press",Play Style,,,,,,,Gabon,Galatasaray,Center Defensive Midfielder,Midfielder,76,77,91,83,83,82,75,76,80,71,77,76,59,66,12,9,15,8,16,80,78,68,68,79,78,80,77,75,66,,
594,Nuno Miguel,Gomes dos Santos,Nuno Santos,177,5,2,2,Liga Portugal,71,Left Back,Chip Shot,"Faster, more accurate chip shots",Play Style,Power Shot,Faster power shots with increased speed,Play Style,Gamechanger,Fancy and Trivela shots are performed with improved accuracy.,Play Style,Whipped Pass,"Accurate, faster crosses with more curve",Play Style,First Touch,"Reduced trapping error, faster dribbling transition",Play Style,Relentless,"Increased half time fatigue recovery, longer teammate contain and press",Play Style,,,,Portugal,Sporting CP,Left Midfielder,Midfielder,81,76,75,77,69,79,71,80,74,79,73,80,79,78,14,7,8,9,15,59,73,71,80,78,75,86,70,76,84,Left Wing,
595,Yuri,Berchiche Izeta,Yuri Berchiche,181,3,3,2,LALIGA EA SPORTS,80,Left Midfielder,Slide Tackle,Stops ball at feet during slide tackles,Play Style,,,,,,,,,,,,,,,,,,,Spain,Athletic Club,Left Back,Defense,81,74,88,79,81,85,81,76,78,77,77,72,61,55,12,13,9,8,11,73,72,59,62,80,77,82,78,71,65,,
596,José Diogo,Dalot Teixeira,Diogo Dalot,183,4,4,1,Premier League,76,Left Back,Long Ball Pass,"Accurate, faster Lob and Lofted Through Passes",Play Style,Intercept,Increased reach and possession retention in interceptions,Play Style,Slide Tackle,Stops ball at feet during slide tackles,Play Style,Long Throw,Powerful throw-ins for greater distance,Play Style,,,,,,,,,,Portugal,Man Utd,Right Back,Defense,84,74,85,81,74,82,74,76,76,75,74,78,54,52,10,6,10,6,8,71,74,47,75,75,76,81,76,75,44,Right Midfielder,
597,Stefan,Ortega,,185,1,4,1,Premier League,88,,Footwork,"Exclusive foot saves, better performance on low shots",Play Style,Far Reach,"Unique far dive animations, better long shot saves",Play Style,,,,,,,,,,,,,,,,Germany,Manchester City,Goalkeeper,Defense,51,42,73,33,73,29,54,41,56,18,29,26,15,12,78,77,85,78,81,20,60,24,10,75,50,64,12,66,13,,
598,Paulo,Gazzaniga,,196,1,3,1,LALIGA EA SPORTS,90,,Footwork,"Exclusive foot saves, better performance on low shots",Play Style,Cross Claimer,"Unique punching animations, powerful punches, faster crosses coverage",Play Style,,,,,,,,,,,,,,,,Argentina,Girona FC,Goalkeeper,Defense,57,65,66,42,55,40,60,31,61,23,23,20,12,21,79,78,81,78,78,14,52,40,15,77,49,61,21,64,13,,
599,Kyle,Walker,,183,3,2,1,Premier League,83,Right Midfielder,Power Shot,Faster power shots with increased speed,Play Style,Jockey,"Faster Sprint Jockey, better transition speed",Play Style,Rapid,"Higher sprint speed while dribbling, reduced error on knock-ons",Play Style,Long Throw,Powerful throw-ins for greater distance,Play Style,,,,,,,,,,England,Burnley,Right Back,Defense,78,66,85,72,77,84,66,78,75,76,75,78,51,71,12,6,16,15,8,72,78,63,68,78,78,87,79,69,57,,
600,Rodinei Marcelo,de Almeida,Rodinei,177,3,3,1,Hellas Liga,70,Right Midfielder,Rapid,"Higher sprint speed while dribbling, reduced error on knock-ons",Play Style,Long Throw,Powerful throw-ins for greater distance,Play Style,,,,,,,,,,,,,,,,Brazil,Olympiacos FC,Right Back,Defense,80,76,81,84,74,76,77,81,65,81,75,80,67,48,11,7,10,13,11,68,69,75,75,77,77,67,75,65,61,,
601,Andrei,Rațiu,,183,3,3,1,LALIGA EA SPORTS,79,Right Midfielder,Block,Increased reach and success in blocking,Play Style,Rapid,"Higher sprint speed while dribbling, reduced error on knock-ons",Play Style,Quick Step,Faster acceleration during Explosive Sprint,Play Style,Long Throw,Powerful throw-ins for greater distance,Play Style,,,,,,,,,,Romania,Rayo Vallecano,Right Back,Defense,93,81,85,80,65,69,64,79,69,79,75,82,56,45,9,11,12,11,12,75,66,36,75,72,77,66,74,75,59,,
602,Maximilian,Arnold,,184,3,2,2,Bundesliga,74,Center Midfielder,Dead Ball,"Faster, accurate set pieces with longer trajectory preview",Play Style,Gamechanger,Fancy and Trivela shots are performed with improved accuracy.,Play Style,Long Ball Pass,"Accurate, faster Lob and Lofted Through Passes",Play Style,Power Shot+,Much faster power shots with significant speed increase,Play Style Plus,,,,,,,,,,Germany,VfL Wolfsburg,Center Defensive Midfielder,Midfielder,63,69,70,78,74,77,64,79,79,69,78,76,74,84,11,9,11,10,10,58,83,54,75,81,82,91,76,78,84,,
603,Sergiño,Dest,,173,4,4,1,Eredivisie,68,Left Back,Inventive,Fancy and Trivela passes are performed with improved accuracy.,Play Style,Technical,"Faster Controlled Sprint, precise wide turns while dribbling",Play Style,Quick Step,Faster acceleration during Explosive Sprint,Play Style,Relentless,"Increased half time fatigue recovery, longer teammate contain and press",Play Style,,,,,,,,,,United States,,Right Back,Defense,89,89,78,76,68,73,88,82,75,76,72,84,60,43,11,10,10,15,15,59,71,39,73,77,80,65,76,76,46,Right Midfielder,
604,Andrea,Cambiaso,,182,3,5,2,Serie A Enilive,77,Right Back,Jockey,"Faster Sprint Jockey, better transition speed",Play Style,Anticipate,"Improved standing tackle success, possibility of stopping ball at feet",Play Style,Relentless,"Increased half time fatigue recovery, longer teammate contain and press",Play Style,,,,,,,,,,,,,Italy,Juventus,Left Back,Defense,79,78,75,76,66,71,71,80,78,79,76,80,68,60,13,7,7,13,13,62,75,46,78,78,79,75,79,79,72,Left Midfielder,
605,Davide,Zappacosta,,182,3,3,1,Serie A Enilive,75,Right Midfielder,Whipped Pass,"Accurate, faster crosses with more curve",Play Style,,,,,,,,,,,,,,,,,,,Italy,Bergamo Calcio,Left Midfielder,Midfielder,78,71,75,80,61,75,69,78,74,84,75,79,71,59,11,9,8,6,11,69,75,59,79,76,79,79,78,70,69,Left Wing,
606,Ramy,Bensebaini,,187,3,4,2,Bundesliga,82,Center Back,Chip Shot,"Faster, more accurate chip shots",Play Style,Bruiser,Stronger physical tackles,Play Style,Slide Tackle+,"Greatly improved slide tackle coverage, stops ball at feet",Play Style Plus,,,,,,,,,,,,,Algeria,Borussia Dortmund,Left Back,Defense,72,67,88,77,78,82,67,82,74,73,73,78,72,62,6,13,14,7,14,82,68,85,66,75,76,70,80,63,57,Left Midfielder,
607,Ferdi,Kadıoğlu,,174,3,4,1,Premier League,68,Left Back,Whipped Pass,"Accurate, faster crosses with more curve",Play Style,Jockey,"Faster Sprint Jockey, better transition speed",Play Style,Rapid,"Higher sprint speed while dribbling, reduced error on knock-ons",Play Style,First Touch,"Reduced trapping error, faster dribbling transition",Play Style,Quick Step,Faster acceleration during Explosive Sprint,Play Style,Relentless,"Increased half time fatigue recovery, longer teammate contain and press",Play Style,,,,Turkey,Brighton,Right Back,Defense,88,89,71,79,62,62,86,78,73,75,77,79,65,63,10,13,11,11,5,66,70,52,73,75,78,73,77,73,63,Right Midfielder,
608,Hidemasa,Morita,,177,3,5,1,Liga Portugal,76,Center Defensive Midfielder,Incisive Pass,"Accurate through passes, curvier swerve passes, faster precision passes",Play Style,Anticipate,"Improved standing tackle success, possibility of stopping ball at feet",Play Style,Aerial Fortress,Performs higher jumps and has physical defensive presence before and during aerial duels,Play Style,Press Proven,"Close control at jog speed, shields ball more effectively",Play Style,Relentless,"Increased half time fatigue recovery, longer teammate contain and press",Play Style,Bruiser,Stronger physical tackles,Play Style,,,,Japan,Sporting CP,Center Midfielder,Midfielder,67,75,68,83,77,76,73,81,79,70,75,80,75,57,6,10,13,7,8,47,80,52,78,79,80,72,76,79,54,,
609,Darwin,Núñez,,187,3,3,1,ROSHN Saudi League,81,,Rapid,"Higher sprint speed while dribbling, reduced error on knock-ons",Play Style,Quick Step,Faster acceleration during Explosive Sprint,Play Style,Relentless,"Increased half time fatigue recovery, longer teammate contain and press",Play Style,,,,,,,,,,,,,Uruguay,Al Hilal,Striker,Attack,86,68,93,79,81,84,66,77,76,69,42,78,77,61,14,10,12,10,13,77,68,78,81,74,74,87,52,78,74,,
610,Luis,Milla Manzanares,Luis Milla,175,3,3,1,LALIGA EA SPORTS,67,Center Defensive Midfielder,Long Ball Pass,"Accurate, faster Lob and Lofted Through Passes",Play Style,Aerial Fortress,Performs higher jumps and has physical defensive presence before and during aerial duels,Play Style,Press Proven,"Close control at jog speed, shields ball more effectively",Play Style,Relentless,"Increased half time fatigue recovery, longer teammate contain and press",Play Style,,,,,,,,,,Spain,Getafe CF,Center Midfielder,Midfielder,72,68,66,82,68,75,77,78,81,76,78,75,70,78,12,13,8,10,10,49,81,75,77,79,82,76,79,79,56,,
611,Nicolás,González Iglesias,Nico González,188,3,3,1,Premier League,88,Center Midfielder,Press Proven,"Close control at jog speed, shields ball more effectively",Play Style,,,,,,,,,,,,,,,,,,,Spain,Manchester City,Center Defensive Midfielder,Midfielder,66,67,77,80,79,85,57,81,75,70,74,78,70,59,14,14,10,12,7,69,79,60,72,76,83,76,79,79,58,,
612,Ryan,Christie,,178,3,4,2,Premier League,70,Center Midfielder,Intercept,Increased reach and possession retention in interceptions,Play Style,Relentless,"Increased half time fatigue recovery, longer teammate contain and press",Play Style,,,,,,,,,,,,,,,,Scotland,AFC Bournemouth,Center Defensive Midfielder,Midfielder,73,78,69,85,69,82,80,77,79,72,74,77,68,70,13,9,12,7,8,53,79,73,74,80,80,77,76,77,50,,
613,Pablo,Fornals Malla,Pablo Fornals,178,4,3,1,LALIGA EA SPORTS,67,Center Midfielder,Technical,"Faster Controlled Sprint, precise wide turns while dribbling",Play Style,,,,,,,,,,,,,,,,,,,Spain,Real Betis,Center Defensive Midfielder,Midfielder,66,75,64,81,66,74,73,83,82,80,75,79,76,70,9,11,12,7,15,50,80,55,78,78,80,76,77,84,70,Right Midfielder,
614,Nahuel,Molina,,175,3,3,1,LALIGA EA SPORTS,70,Right Midfielder,Whipped Pass,"Accurate, faster crosses with more curve",Play Style,Block,Increased reach and success in blocking,Play Style,,,,,,,,,,,,,,,,Argentina,Atlético de Madrid,Right Back,Defense,79,81,74,85,63,74,76,76,74,78,75,75,67,44,12,13,8,5,10,63,69,45,77,76,76,70,77,76,62,,
615,Ian,Maatsen,,178,3,2,2,Premier League,68,Left Midfielder,Slide Tackle,Stops ball at feet during slide tackles,Play Style,Rapid,"Higher sprint speed while dribbling, reduced error on knock-ons",Play Style,,,,,,,,,,,,,,,,Holland,Aston Villa,Left Back,Defense,88,86,70,74,52,73,86,80,76,77,74,81,64,62,9,10,12,15,9,58,70,45,68,78,79,72,72,72,57,,
616,Konstantinos,Tzolakis,,193,1,3,1,Hellas Liga,80,,Cross Claimer,"Unique punching animations, powerful punches, faster crosses coverage",Play Style,,,,,,,,,,,,,,,,,,,Greece,Olympiacos FC,Goalkeeper,Defense,53,63,68,43,68,38,57,41,61,12,8,26,10,11,79,77,74,79,81,11,56,16,9,73,47,56,14,61,11,,
617,José Ángel,Esmoris Tasende,Angeliño,171,4,3,2,Serie A Enilive,69,Left Midfielder,Whipped Pass,"Accurate, faster crosses with more curve",Play Style,Anticipate,"Improved standing tackle success, possibility of stopping ball at feet",Play Style,Relentless,"Increased half time fatigue recovery, longer teammate contain and press",Play Style,Long Throw,Powerful throw-ins for greater distance,Play Style,,,,,,,,,,Spain,AS Roma,Left Back,Defense,77,84,71,87,56,76,83,83,80,86,76,78,68,76,13,6,13,13,13,63,80,55,78,77,82,82,75,78,63,,
618,Vanja,Milinković-Savić,,202,1,3,1,Serie A Enilive,99,,Long Ball Pass,"Accurate, faster Lob and Lofted Through Passes",Play Style,Far Throw,Unique goalkeeper throw animations with longer throw distance,Play Style,Footwork,"Exclusive foot saves, better performance on low shots",Play Style,,,,,,,,,,,,,Serbia,SSC Napoli,Goalkeeper,Defense,41,38,67,33,73,34,38,18,65,18,11,15,20,40,79,77,84,81,79,12,30,24,12,72,31,63,15,58,16,,
619,Julian,Ryerson,,183,2,3,1,Bundesliga,82,Left Back,Jockey,"Faster Sprint Jockey, better transition speed",Play Style,Relentless,"Increased half time fatigue recovery, longer teammate contain and press",Play Style,Bruiser,Stronger physical tackles,Play Style,,,,,,,,,,,,,Norway,Borussia Dortmund,Right Back,Defense,77,76,74,83,80,86,77,76,74,79,83,76,62,54,7,13,8,7,7,64,69,44,63,77,76,73,75,63,55,Right Midfielder,
620,Evander,da Silva Ferreira,Evander,178,4,4,1,MLS,73,Center Midfielder,Gamechanger,Fancy and Trivela shots are performed with improved accuracy.,Play Style,Incisive Pass,"Accurate through passes, curvier swerve passes, faster precision passes",Play Style,Long Ball Pass,"Accurate, faster Lob and Lofted Through Passes",Play Style,Technical,"Faster Controlled Sprint, precise wide turns while dribbling",Play Style,,,,,,,,,,Brazil,FC Cincinnati,Center Attacking Midfielder,Midfielder,74,81,66,83,62,71,83,79,77,73,71,83,79,79,11,8,12,11,6,51,77,74,76,74,80,77,68,80,55,Striker,
621,Anton,Stach,,194,3,4,1,Premier League,88,Center Midfielder,Power Shot,Faster power shots with increased speed,Play Style,Intercept,Increased reach and possession retention in interceptions,Play Style,Slide Tackle,Stops ball at feet during slide tackles,Play Style,Aerial Fortress,Performs higher jumps and has physical defensive presence before and during aerial duels,Play Style,Relentless,"Increased half time fatigue recovery, longer teammate contain and press",Play Style,Bruiser,Stronger physical tackles,Play Style,,,,Germany,Leeds United,Center Defensive Midfielder,Midfielder,68,62,85,82,81,74,48,77,68,75,70,74,59,64,7,14,8,7,11,76,75,51,74,79,76,85,79,76,54,Center Back,
622,Jordan,Henderson,,182,3,3,1,Premier League,80,Center Midfielder,Incisive Pass,"Accurate through passes, curvier swerve passes, faster precision passes",Play Style,Long Ball Pass,"Accurate, faster Lob and Lofted Through Passes",Play Style,Anticipate,"Improved standing tackle success, possibility of stopping ball at feet",Play Style,,,,,,,,,,,,,England,Brentford,Center Defensive Midfielder,Midfielder,62,62,74,77,77,80,65,78,78,81,77,74,69,70,7,13,7,9,13,63,83,67,75,79,81,77,76,78,70,,
623,Marcos,Alonso Mendoza,Marcos Alonso,188,3,3,2,LALIGA EA SPORTS,81,Left Back,,,,,,,,,,,,,,,,,,,,,,Spain,Celta,Center Back,Defense,58,63,80,74,76,80,56,77,79,83,80,76,70,83,9,7,13,9,12,79,76,75,77,79,82,82,80,76,76,,
624,Paul,Pogba,,191,5,4,1,Ligue 1 McDonald's,84,Center Defensive Midfielder,Dead Ball,"Faster, accurate set pieces with longer trajectory preview",Play Style,Long Ball Pass,"Accurate, faster Lob and Lofted Through Passes",Play Style,Inventive,Fancy and Trivela passes are performed with improved accuracy.,Play Style,Technical,"Faster Controlled Sprint, precise wide turns while dribbling",Play Style,,,,,,,,,,France,AS Monaco,Center Midfielder,Midfielder,60,68,82,56,88,77,65,86,82,72,52,87,68,79,5,6,2,4,3,73,86,77,73,71,84,88,63,83,81,Center Attacking Midfielder,
625,Sergio,Gómez Martín,Sergio Gómez,173,4,3,2,LALIGA EA SPORTS,71,Center Midfielder,Dead Ball,"Faster, accurate set pieces with longer trajectory preview",Play Style,Inventive,Fancy and Trivela passes are performed with improved accuracy.,Play Style,,,,,,,,,,,,,,,,Spain,Real Sociedad,Left Midfielder,Midfielder,76,82,64,78,58,68,83,79,76,81,72,79,73,76,11,7,9,11,10,47,76,78,75,75,81,77,74,80,69,Left Back,
626,Dan,Ndoye,,184,3,3,1,Premier League,79,Right Midfielder,Gamechanger,Fancy and Trivela shots are performed with improved accuracy.,Play Style,Incisive Pass,"Accurate through passes, curvier swerve passes, faster precision passes",Play Style,Rapid,"Higher sprint speed while dribbling, reduced error on knock-ons",Play Style,Quick Step,Faster acceleration during Explosive Sprint,Play Style,,,,,,,,,,Switzerland,Nott'm Forest,Left Midfielder,Midfielder,86,84,73,81,65,59,74,81,74,76,59,83,74,57,10,14,10,15,12,53,63,60,76,75,71,75,67,70,67,Left Wing,
627,Pape Matar,Sarr,,184,2,3,1,Premier League,70,Center Defensive Midfielder,,,,,,,,,,,,,,,,,,,,,,Senegal,Spurs,Center Midfielder,Midfielder,71,75,76,85,71,76,72,79,79,72,77,79,65,60,14,8,14,8,8,66,79,54,73,82,81,69,79,77,54,,
628,Nicolò,Rovella,,179,3,4,1,Serie A Enilive,70,Center Midfielder,Incisive Pass,"Accurate through passes, curvier swerve passes, faster precision passes",Play Style,Inventive,Fancy and Trivela passes are performed with improved accuracy.,Play Style,Intercept,Increased reach and possession retention in interceptions,Play Style,Anticipate,"Improved standing tackle success, possibility of stopping ball at feet",Play Style,Relentless,"Increased half time fatigue recovery, longer teammate contain and press",Play Style,,,,,,,Italy,Latium,Center Defensive Midfielder,Midfielder,75,79,72,85,62,78,77,80,74,67,76,78,52,71,9,12,11,9,10,62,80,60,68,77,82,72,77,79,68,,
629,Amadou,Onana,,192,3,4,1,Premier League,76,Center Midfielder,Precision Header,Performs headers with increased accuracy and power.,Play Style,Slide Tackle,Stops ball at feet during slide tackles,Play Style,Aerial Fortress,Performs higher jumps and has physical defensive presence before and during aerial duels,Play Style,Press Proven,"Close control at jog speed, shields ball more effectively",Play Style,Enforcer,Performs dribble Shoulder Challenges and Shielding with increased effectiveness.,Play Style,,,,,,,Belgium,Aston Villa,Center Defensive Midfielder,Midfielder,64,49,85,76,83,83,52,78,74,58,78,76,57,42,7,12,12,9,10,78,77,39,67,75,80,75,80,76,51,,
630,Jasper,Cillessen,,186,1,3,1,Eredivisie,85,,Deflector,"Unique deflection animations, powerful parries to safer areas",Play Style,,,,,,,,,,,,,,,,,,,Holland,,Goalkeeper,Defense,56,48,69,40,67,25,50,32,61,17,18,12,10,10,78,78,71,78,80,12,33,21,11,79,50,53,12,55,19,,
631,Hamari,Traoré,,175,3,3,1,Ligue 1 McDonald's,64,Right Midfielder,Rapid,"Higher sprint speed while dribbling, reduced error on knock-ons",Play Style,Long Throw,Powerful throw-ins for greater distance,Play Style,,,,,,,,,,,,,,,,Mali,Paris FC,Right Back,Defense,80,74,83,90,73,75,80,75,72,80,72,75,52,42,10,14,9,7,16,71,73,47,72,74,75,72,77,66,32,,
632,Pau,López Sabata,Pau López,189,1,3,2,LALIGA EA SPORTS,77,,Far Throw,Unique goalkeeper throw animations with longer throw distance,Play Style,Deflector,"Unique deflection animations, powerful parries to safer areas",Play Style,,,,,,,,,,,,,,,,Spain,Real Betis,Goalkeeper,Defense,45,40,60,42,52,39,57,43,62,24,19,18,19,21,77,77,78,79,79,15,55,25,20,76,63,59,20,69,17,,
633,Matty,Cash,,185,3,3,1,Premier League,74,Right Midfielder,Long Throw,Powerful throw-ins for greater distance,Play Style,,,,,,,,,,,,,,,,,,,Poland,Aston Villa,Right Back,Defense,74,73,67,86,68,84,67,76,72,77,77,75,66,48,15,16,13,13,8,49,71,44,71,79,74,77,80,66,55,,
634,Mauro Jaqueson,J. Ferreira Santos,Mauro Júnior,171,4,3,2,Eredivisie,62,Center Midfielder,Inventive,Fancy and Trivela passes are performed with improved accuracy.,Play Style,,,,,,,,,,,,,,,,,,,Brazil,,Left Back,Defense,82,90,54,85,38,81,83,81,78,76,75,79,63,73,7,14,6,13,8,58,74,68,73,79,77,68,74,76,65,Right Back,Left Midfielder
635,Ismael,Saibari,,185,4,4,1,Eredivisie,81,Center Midfielder,Gamechanger,Fancy and Trivela shots are performed with improved accuracy.,Play Style,Press Proven,"Close control at jog speed, shields ball more effectively",Play Style,,,,,,,,,,,,,,,,Morocco,,Center Attacking Midfielder,Midfielder,81,77,81,79,83,65,80,84,74,71,50,83,75,59,8,12,11,10,15,57,71,57,78,80,78,79,53,78,68,,
636,Alexandr,Golovin,,178,4,4,1,Ligue 1 McDonald's,69,Center Attacking Midfielder,Finesse Shot,Faster finesse shots with more curve and accuracy,Play Style,Incisive Pass,"Accurate through passes, curvier swerve passes, faster precision passes",Play Style,Technical,"Faster Controlled Sprint, precise wide turns while dribbling",Play Style,First Touch,"Reduced trapping error, faster dribbling transition",Play Style,,,,,,,,,,Russia,AS Monaco,Left Midfielder,Midfielder,73,85,61,79,56,76,77,83,80,76,45,82,74,81,12,14,14,10,16,46,75,60,77,77,80,78,72,80,72,Left Wing,
637,Kasper,Schmeichel,,189,1,3,1,Scottish Prem,90,,Long Ball Pass,"Accurate, faster Lob and Lofted Through Passes",Play Style,Footwork,"Exclusive foot saves, better performance on low shots",Play Style,Deflector,"Unique deflection animations, powerful parries to safer areas",Play Style,,,,,,,,,,,,,Denmark,Celtic,Goalkeeper,Defense,38,57,67,31,72,45,47,40,65,18,14,12,12,15,78,77,81,79,79,16,66,26,13,79,59,61,14,61,15,,
638,Juan,Musso,,191,1,3,1,LALIGA EA SPORTS,93,,,,,,,,,,,,,,,,,,,,,,,Argentina,Atlético de Madrid,Goalkeeper,Defense,46,32,68,35,70,27,39,20,67,20,12,16,18,12,79,77,73,81,82,15,24,25,19,70,31,55,14,48,15,,
639,Sergio,Herrera Pirón,Sergio Herrera,192,1,3,1,LALIGA EA SPORTS,82,,Long Ball Pass,"Accurate, faster Lob and Lofted Through Passes",Play Style,Far Throw,Unique goalkeeper throw animations with longer throw distance,Play Style,Footwork,"Exclusive foot saves, better performance on low shots",Play Style,Cross Claimer,"Unique punching animations, powerful punches, faster crosses coverage",Play Style,,,,,,,,,,Spain,CA Osasuna,Goalkeeper,Defense,45,45,66,42,67,25,45,27,53,20,15,15,16,21,79,78,75,77,80,14,21,32,13,77,24,56,17,37,16,,
640,Rasmus,Kristensen,,187,3,4,1,Bundesliga,75,Right Midfielder,Relentless,"Increased half time fatigue recovery, longer teammate contain and press",Play Style,Bruiser,Stronger physical tackles,Play Style,,,,,,,,,,,,,,,,Denmark,Frankfurt,Right Back,Defense,66,61,83,84,78,85,64,75,74,77,80,72,60,56,10,9,9,6,10,78,67,58,74,81,72,75,79,66,59,Center Back,
641,Mario,Gila Fuentes,Mario Gila,185,2,4,1,Serie A Enilive,80,,Long Ball Pass,"Accurate, faster Lob and Lofted Through Passes",Play Style,Jockey,"Faster Sprint Jockey, better transition speed",Play Style,,,,,,,,,,,,,,,,Spain,Latium,Center Back,Defense,83,74,88,82,71,76,72,78,76,64,81,72,48,48,14,10,10,6,14,79,66,38,42,79,74,68,78,62,51,,
642,Łukasz,Skorupski,,188,1,3,1,Serie A Enilive,90,,Far Throw,Unique goalkeeper throw animations with longer throw distance,Play Style,,,,,,,,,,,,,,,,,,,Poland,Bologna,Goalkeeper,Defense,51,48,63,31,58,33,38,23,58,19,18,18,11,19,79,76,68,78,83,10,26,22,13,76,35,51,15,40,17,,
643,Kepa,Arrizabalaga,Kepa,189,1,4,1,Premier League,89,,Footwork,"Exclusive foot saves, better performance on low shots",Play Style,,,,,,,,,,,,,,,,,,,Spain,Arsenal,Goalkeeper,Defense,38,45,60,35,55,20,38,33,62,13,20,20,11,15,77,78,82,77,81,15,60,23,10,77,60,62,17,60,10,,
644,Tyler,Adams,,175,3,3,1,Premier League,72,Center Midfielder,,,,,,,,,,,,,,,,,,,,,,United States,AFC Bournemouth,Center Defensive Midfielder,Midfielder,85,77,79,79,68,85,85,76,77,63,77,73,52,42,6,13,12,8,7,65,74,52,65,77,78,68,82,72,40,,
645,Nicolás,Domínguez,,179,3,4,1,Premier League,73,Center Midfielder,Slide Tackle,Stops ball at feet during slide tackles,Play Style,Relentless,"Increased half time fatigue recovery, longer teammate contain and press",Play Style,,,,,,,,,,,,,,,,Argentina,Nott'm Forest,Center Defensive Midfielder,Midfielder,72,82,74,89,67,88,80,77,70,60,72,74,63,52,6,11,9,10,5,68,77,51,66,75,80,72,80,73,52,,
646,Pervis,Estupiñán,,175,3,3,2,Serie A Enilive,79,Left Midfielder,,,,,,,,,,,,,,,,,,,,,,Ecuador,Milano FC,Left Back,Defense,77,74,77,81,68,70,73,79,72,79,72,80,48,79,14,7,14,7,7,70,72,65,70,77,79,67,78,72,38,,
647,Álvaro,Valles Rosa,Álvaro Valles,191,1,4,1,LALIGA EA SPORTS,82,,Cross Claimer,"Unique punching animations, powerful punches, faster crosses coverage",Play Style,Deflector,"Unique deflection animations, powerful parries to safer areas",Play Style,,,,,,,,,,,,,,,,Spain,Real Betis,Goalkeeper,Defense,40,38,63,40,65,22,35,14,45,16,9,12,6,8,78,78,78,80,80,10,56,14,9,70,58,59,10,67,8,,
648,Alan,Varela,,177,3,3,1,Liga Portugal,73,Center Midfielder,Dead Ball,"Faster, accurate set pieces with longer trajectory preview",Play Style,Incisive Pass,"Accurate through passes, curvier swerve passes, faster precision passes",Play Style,Block,Increased reach and success in blocking,Play Style,Slide Tackle,Stops ball at feet during slide tackles,Play Style,Aerial Fortress,Performs higher jumps and has physical defensive presence before and during aerial duels,Play Style,Press Proven,"Close control at jog speed, shields ball more effectively",Play Style,,,,Argentina,FC Porto,Center Defensive Midfielder,Midfielder,71,71,73,84,74,84,75,76,80,66,78,71,60,53,8,11,14,5,13,57,74,62,70,77,81,78,75,75,63,,
649,Lewis,Cook,,175,3,4,1,Premier League,71,Right Back,Intercept,Increased reach and possession retention in interceptions,Play Style,Aerial Fortress,Performs higher jumps and has physical defensive presence before and during aerial duels,Play Style,Press Proven,"Close control at jog speed, shields ball more effectively",Play Style,,,,,,,,,,,,,England,AFC Bournemouth,Center Defensive Midfielder,Midfielder,68,76,64,85,65,80,82,78,75,76,75,77,60,65,6,15,12,15,13,50,77,60,65,79,79,67,78,77,57,Right Midfielder,
650,Nikola,Vlašić,,179,3,4,1,Serie A Enilive,79,Center Midfielder,Intercept,Increased reach and possession retention in interceptions,Play Style,Technical,"Faster Controlled Sprint, precise wide turns while dribbling",Play Style,,,,,,,,,,,,,,,,Croatia,Torino,Center Attacking Midfielder,Midfielder,77,77,75,76,65,75,81,83,77,71,54,82,74,72,6,14,15,9,14,65,74,66,76,75,80,80,62,78,68,,
651,Sergi,Cardona Bermúdez,Sergi Cardona,185,3,3,2,LALIGA EA SPORTS,77,Left Midfielder,Intercept,Increased reach and possession retention in interceptions,Play Style,Anticipate,"Improved standing tackle success, possibility of stopping ball at feet",Play Style,,,,,,,,,,,,,,,,Spain,Villarreal CF,Left Back,Defense,84,70,80,85,71,73,74,77,73,74,74,75,50,34,6,11,11,15,7,65,67,44,68,74,76,75,80,73,45,,
652,Valentin,Rongier,,174,3,4,1,Ligue 1 McDonald's,67,Center Midfielder,Incisive Pass,"Accurate through passes, curvier swerve passes, faster precision passes",Play Style,Press Proven,"Close control at jog speed, shields ball more effectively",Play Style,Relentless,"Increased half time fatigue recovery, longer teammate contain and press",Play Style,,,,,,,,,,,,,France,Stade Rennais FC,Center Defensive Midfielder,Midfielder,67,78,71,81,78,76,85,76,77,68,73,78,62,55,11,8,12,7,11,53,77,65,68,77,81,72,80,78,66,,
653,Denis,Bouanga,,180,4,4,1,MLS,71,Striker,Finesse Shot,Faster finesse shots with more curve and accuracy,Play Style,Power Shot,Faster power shots with increased speed,Play Style,Gamechanger,Fancy and Trivela shots are performed with improved accuracy.,Play Style,Technical,"Faster Controlled Sprint, precise wide turns while dribbling",Play Style,Quick Step,Faster acceleration during Explosive Sprint,Play Style,,,,,,,Gabon,LAFC,Left Wing,Attack,83,85,88,83,81,67,71,78,72,72,46,80,83,69,8,9,14,8,16,71,68,74,81,82,70,85,25,73,74,Left Midfielder,
654,Kamil,Grabara,,195,1,3,1,Bundesliga,85,,Far Throw,Unique goalkeeper throw animations with longer throw distance,Play Style,Footwork,"Exclusive foot saves, better performance on low shots",Play Style,Cross Claimer,"Unique punching animations, powerful punches, faster crosses coverage",Play Style,,,,,,,,,,,,,Poland,VfL Wolfsburg,Goalkeeper,Defense,42,45,70,38,71,36,48,35,56,18,25,20,15,24,80,76,73,78,84,24,49,24,16,66,48,55,19,57,15,,
655,Reinildo Isnard,Mandava,Reinildo,180,3,3,2,Premier League,73,Center Back,Block,Increased reach and success in blocking,Play Style,Bruiser,Stronger physical tackles,Play Style,,,,,,,,,,,,,,,,Mozambique,Sunderland,Left Back,Defense,81,76,88,81,75,80,71,75,73,74,77,74,57,36,6,8,13,15,7,76,60,44,69,76,75,60,78,64,53,Left Midfielder,
656,Caoimhin,Kelleher,,188,1,4,1,Premier League,81,,,,,,,,,,,,,,,,,,,,,,,Republic of Ireland,Brentford,Goalkeeper,Defense,45,44,68,19,71,21,48,37,66,13,18,25,6,11,77,76,79,78,80,13,50,30,4,77,48,59,10,56,9,,
657,Alexis,Saelemaekers,,180,4,4,1,Serie A Enilive,72,Left Midfielder,Relentless,"Increased half time fatigue recovery, longer teammate contain and press",Play Style,,,,,,,,,,,,,,,,,,,Belgium,Milano FC,Right Midfielder,Midfielder,83,86,63,77,54,69,78,81,74,80,69,81,68,67,9,6,9,12,12,45,70,44,75,79,77,64,69,71,65,Right Wing,
658,Alejandro,Romero Gamarra,Kaku,171,4,2,2,United Emirates League,67,Right Midfielder,Finesse Shot,Faster finesse shots with more curve and accuracy,Play Style,Dead Ball,"Faster, accurate set pieces with longer trajectory preview",Play Style,Incisive Pass,"Accurate through passes, curvier swerve passes, faster precision passes",Play Style,,,,,,,,,,,,,Paraguay,Al Ain FC,Center Attacking Midfielder,Midfielder,82,86,60,70,59,72,83,81,73,79,65,79,75,74,12,14,7,7,11,30,79,74,73,74,81,70,53,84,64,Center Midfielder,
659,Amine,Gouiri,,181,4,3,1,Ligue 1 McDonald's,80,Center Attacking Midfielder,Finesse Shot,Faster finesse shots with more curve and accuracy,Play Style,Gamechanger,Fancy and Trivela shots are performed with improved accuracy.,Play Style,Technical,"Faster Controlled Sprint, precise wide turns while dribbling",Play Style,,,,,,,,,,,,,Algeria,OM,Striker,Attack,79,79,79,76,71,61,74,80,79,77,45,81,85,76,6,12,8,9,7,68,69,78,83,76,78,80,41,76,73,,
660,Luke,Shaw,,181,3,2,2,Premier League,75,Left Back,Jockey,"Faster Sprint Jockey, better transition speed",Play Style,,,,,,,,,,,,,,,,,,,England,Man Utd,Center Back,Defense,69,60,83,51,77,85,73,78,76,82,79,75,46,67,10,12,13,7,7,76,77,38,71,78,79,80,79,77,65,Left Midfielder,
661,Augusto,Batalla,,186,1,3,1,LALIGA EA SPORTS,77,,Far Throw,Unique goalkeeper throw animations with longer throw distance,Play Style,Footwork,"Exclusive foot saves, better performance on low shots",Play Style,Cross Claimer,"Unique punching animations, powerful punches, faster crosses coverage",Play Style,,,,,,,,,,,,,Argentina,Rayo Vallecano,Goalkeeper,Defense,43,37,69,31,72,26,43,27,34,17,18,17,14,17,78,78,74,77,80,16,36,23,17,77,40,56,18,51,13,,
662,Marko,Dmitrović,,194,1,2,2,LALIGA EA SPORTS,91,,Far Throw,Unique goalkeeper throw animations with longer throw distance,Play Style,Footwork,"Exclusive foot saves, better performance on low shots",Play Style,,,,,,,,,,,,,,,,Serbia,RCD Espanyol,Goalkeeper,Defense,39,32,71,45,79,20,37,10,59,30,19,8,20,18,76,79,78,80,80,20,40,58,9,70,40,59,22,45,20,,
663,Gorka,Guruzeta Rodríguez,Guruzeta,188,3,4,1,LALIGA EA SPORTS,80,,Precision Header,Performs headers with increased accuracy and power.,Play Style,Acrobatic,"Perform volleys with increased accuracy, acrobatic volley animations",Play Style,First Touch,"Reduced trapping error, faster dribbling transition",Play Style,,,,,,,,,,,,,Spain,Athletic Club,Striker,Attack,75,76,87,78,79,72,73,81,75,69,45,78,79,52,12,14,11,10,5,79,62,71,78,79,79,82,48,74,80,,
664,Francisco José,García Torres,Fran García,169,3,3,2,LALIGA EA SPORTS,62,Left Midfielder,Whipped Pass,"Accurate, faster crosses with more curve",Play Style,Rapid,"Higher sprint speed while dribbling, reduced error on knock-ons",Play Style,Quick Step,Faster acceleration during Explosive Sprint,Play Style,,,,,,,,,,,,,Spain,Real Madrid,Left Back,Defense,90,80,75,83,66,66,91,79,69,75,67,76,42,36,9,6,12,9,11,54,62,39,70,72,78,63,79,67,39,,
665,Aleksandar,Pavlović,,188,3,4,1,Bundesliga,75,Center Midfielder,Tiki Taka,Accurate first-time Ground Passes,Play Style,,,,,,,,,,,,,,,,,,,Germany,FC Bayern München,Center Defensive Midfielder,Midfielder,69,72,78,77,72,57,70,83,79,73,79,77,66,66,6,9,15,9,7,71,85,50,62,80,85,64,74,77,66,,
666,Malo,Gusto,,178,3,3,1,Premier League,74,Right Midfielder,Jockey,"Faster Sprint Jockey, better transition speed",Play Style,Block,Increased reach and success in blocking,Play Style,Slide Tackle,Stops ball at feet during slide tackles,Play Style,Rapid,"Higher sprint speed while dribbling, reduced error on knock-ons",Play Style,,,,,,,,,,France,Chelsea,Right Back,Defense,87,84,74,85,68,76,77,77,76,79,75,77,30,50,10,6,14,8,11,53,74,45,75,76,76,65,76,74,45,,
667,Manuel,Ugarte,,182,3,3,1,Premier League,77,Center Midfielder,Intercept,Increased reach and possession retention in interceptions,Play Style,Slide Tackle,Stops ball at feet during slide tackles,Play Style,Bruiser,Stronger physical tackles,Play Style,,,,,,,,,,,,,Uruguay,Man Utd,Center Defensive Midfielder,Midfielder,62,68,69,70,74,87,72,76,79,62,77,77,65,58,6,10,16,8,13,55,79,62,70,78,77,67,81,73,45,,
668,Arnau,Martínez López,Arnau Martínez,182,2,3,1,LALIGA EA SPORTS,72,Right Midfielder,Whipped Pass,"Accurate, faster crosses with more curve",Play Style,Jockey,"Faster Sprint Jockey, better transition speed",Play Style,,,,,,,,,,,,,,,,Spain,Girona FC,Right Back,Defense,83,74,83,80,66,67,66,77,68,80,73,74,55,40,10,7,7,10,9,75,70,50,62,79,80,59,76,74,40,Center Back,Right Wing
669,Kaishū,Sano,,176,2,3,1,Bundesliga,67,Center Midfielder,Aerial Fortress,Performs higher jumps and has physical defensive presence before and during aerial duels,Play Style,,,,,,,,,,,,,,,,,,,Japan,1. FSV Mainz 05,Center Defensive Midfielder,Midfielder,76,78,79,92,65,77,78,75,76,53,79,76,43,45,7,11,7,8,8,74,74,49,64,78,77,65,77,67,46,,
670,Marko,Livaja,,182,4,4,1,Liga Hrvatska,80,Center Attacking Midfielder,First Touch,"Reduced trapping error, faster dribbling transition",Play Style,,,,,,,,,,,,,,,,,,,Croatia,Hajduk Split,Striker,Attack,60,64,82,73,86,81,87,85,85,69,42,76,84,73,15,9,12,15,12,75,73,84,77,80,83,88,46,80,75,,
671,Wataru,Endo,,178,3,4,1,Premier League,77,Center Midfielder,Press Proven,"Close control at jog speed, shields ball more effectively",Play Style,Relentless,"Increased half time fatigue recovery, longer teammate contain and press",Play Style,,,,,,,,,,,,,,,,Japan,Liverpool,Center Defensive Midfielder,Midfielder,66,72,85,77,67,82,81,78,79,58,80,76,67,49,9,13,7,11,5,79,78,62,68,77,79,76,79,75,36,,
672,Adam,Wharton,,182,3,4,2,Premier League,70,Center Midfielder,Slide Tackle,Stops ball at feet during slide tackles,Play Style,First Touch,"Reduced trapping error, faster dribbling transition",Play Style,Press Proven,"Close control at jog speed, shields ball more effectively",Play Style,,,,,,,,,,,,,England,Crystal Palace,Center Defensive Midfielder,Midfielder,60,69,68,69,66,76,71,80,82,77,74,76,60,71,5,11,13,6,12,62,84,53,66,78,83,67,78,83,51,,
673,Fernando,Muslera,,190,1,2,1,LPF,74,,Long Ball Pass,"Accurate, faster Lob and Lofted Through Passes",Play Style,Far Throw,Unique goalkeeper throw animations with longer throw distance,Play Style,Cross Claimer,"Unique punching animations, powerful punches, faster crosses coverage",Play Style,Rush Out,"Unique reflex saves, better close shot reads, faster rush",Play Style,,,,,,,,,,Uruguay,Estudiantes,Goalkeeper,Defense,40,45,64,40,68,32,60,27,55,15,12,25,10,10,81,80,66,78,77,12,40,67,13,77,42,50,18,50,10,,
674,Albert,Guðmundsson,,178,3,4,1,Serie A Enilive,78,Center Attacking Midfielder,,,,,,,,,,,,,,,,,,,,,,Iceland,Fiorentina,Striker,Attack,86,83,85,71,71,55,74,83,80,63,25,84,81,63,5,10,7,6,6,72,64,80,75,79,75,79,39,73,70,,
675,João,Félix Sequeira,João Félix,181,5,4,1,ROSHN Saudi League,70,Left Wing,Finesse Shot,Faster finesse shots with more curve and accuracy,Play Style,Technical,"Faster Controlled Sprint, precise wide turns while dribbling",Play Style,First Touch,"Reduced trapping error, faster dribbling transition",Play Style,,,,,,,,,,,,,Portugal,Al Nassr,Center Attacking Midfielder,Midfielder,79,85,75,70,60,72,81,81,84,76,35,82,76,67,13,12,14,13,14,68,72,70,80,79,79,81,47,79,80,Left Midfielder,Striker
676,Alberto,Moleiro González,Moleiro,171,4,4,1,LALIGA EA SPORTS,68,Center Attacking Midfielder,Incisive Pass,"Accurate through passes, curvier swerve passes, faster precision passes",Play Style,Technical,"Faster Controlled Sprint, precise wide turns while dribbling",Play Style,First Touch,"Reduced trapping error, faster dribbling transition",Play Style,,,,,,,,,,,,,Spain,Villarreal CF,Left Midfielder,Midfielder,84,85,73,76,60,60,83,81,71,68,47,83,70,52,6,9,11,8,11,57,74,59,74,72,78,74,55,81,53,Left Wing,
677,Walter,Benítez,,191,1,2,1,Premier League,93,,Rush Out,"Unique reflex saves, better close shot reads, faster rush",Play Style,,,,,,,,,,,,,,,,,,,Argentina,Crystal Palace,Goalkeeper,Defense,38,45,69,40,80,28,45,20,62,12,17,19,14,17,79,78,72,78,80,13,27,25,17,76,28,54,20,46,13,,
678,Olivier,Boscagli,,181,3,3,2,Premier League,68,,Long Ball Pass,"Accurate, faster Lob and Lofted Through Passes",Play Style,Intercept,Increased reach and possession retention in interceptions,Play Style,,,,,,,,,,,,,,,,France,Brighton,Center Back,Defense,68,73,84,68,80,73,71,82,79,72,77,74,33,56,8,7,14,8,12,76,84,41,62,81,82,72,79,77,29,,
679,Sander,Berge,,195,2,3,1,Premier League,96,Center Midfielder,Pinged Pass,Faster ground passes without affecting receiver's trapping,Play Style,Aerial Fortress,Performs higher jumps and has physical defensive presence before and during aerial duels,Play Style,,,,,,,,,,,,,,,,Norway,Fulham,Center Defensive Midfielder,Midfielder,54,47,81,81,89,76,33,78,78,66,76,75,63,51,14,9,10,8,10,74,78,54,70,77,80,78,76,75,51,Center Back,
680,Thiago,Almada,,171,4,4,1,LALIGA EA SPORTS,62,Center Midfielder,Finesse Shot,Faster finesse shots with more curve and accuracy,Play Style,Incisive Pass,"Accurate through passes, curvier swerve passes, faster precision passes",Play Style,First Touch,"Reduced trapping error, faster dribbling transition",Play Style,Quick Step,Faster acceleration during Explosive Sprint,Play Style,,,,,,,,,,Argentina,Atlético de Madrid,Center Attacking Midfielder,Midfielder,86,92,53,69,50,64,93,83,80,74,44,82,70,83,12,8,9,8,10,39,74,75,76,74,80,78,57,81,73,,
681,Evann,Guessand,,188,3,3,1,Premier League,79,Striker,Precision Header,Performs headers with increased accuracy and power.,Play Style,Low Driven Shot,"Enhances a player's ability to execute low driven shots with increased accuracy, faster ball travel, and quicker shot execution.",Play Style,Rapid,"Higher sprint speed while dribbling, reduced error on knock-ons",Play Style,,,,,,,,,,,,,Côte d'Ivoire,Aston Villa,Right Wing,Attack,79,75,91,76,84,58,59,80,80,77,32,81,79,52,7,10,7,6,5,76,69,61,81,76,78,78,39,69,71,Right Midfielder,
682,Kang In,Lee,Lee Kang In,173,4,3,2,Ligue 1 McDonald's,66,Center Midfielder,Dead Ball,"Faster, accurate set pieces with longer trajectory preview",Play Style,Whipped Pass,"Accurate, faster crosses with more curve",Play Style,Inventive,Fancy and Trivela passes are performed with improved accuracy.,Play Style,Technical,"Faster Controlled Sprint, precise wide turns while dribbling",Play Style,,,,,,,,,,Korea Republic,Paris SG,Right Wing,Attack,75,86,70,73,56,72,87,82,81,81,45,82,75,77,11,12,12,8,14,65,79,70,78,76,80,79,51,80,75,Right Midfielder,
683,Amad,Diallo,Amad,173,4,4,2,Premier League,67,Right Wing,Technical,"Faster Controlled Sprint, precise wide turns while dribbling",Play Style,,,,,,,,,,,,,,,,,,,Côte d'Ivoire,Man Utd,Center Attacking Midfielder,Midfielder,88,92,65,70,45,42,89,80,78,75,51,83,77,60,13,15,8,11,6,53,71,63,78,77,76,78,57,77,54,Right Midfielder,Center Midfielder
684,Nicolás,Paz Martínez,Nico Paz,186,4,3,2,Serie A Enilive,81,Center Midfielder,Finesse Shot,Faster finesse shots with more curve and accuracy,Play Style,Incisive Pass,"Accurate through passes, curvier swerve passes, faster precision passes",Play Style,Inventive,Fancy and Trivela passes are performed with improved accuracy.,Play Style,Technical,"Faster Controlled Sprint, precise wide turns while dribbling",Play Style,,,,,,,,,,Argentina,Como,Center Attacking Midfielder,Midfielder,76,78,67,75,66,42,61,85,73,67,35,85,76,67,14,10,15,12,8,48,79,53,71,68,84,64,65,78,51,,
685,Sead,Kolašinac,,183,2,2,2,Serie A Enilive,85,,Jockey,"Faster Sprint Jockey, better transition speed",Play Style,Anticipate,"Improved standing tackle success, possibility of stopping ball at feet",Play Style,,,,,,,,,,,,,,,,Bosnia and Herzegovina,Bergamo Calcio,Center Back,Defense,54,57,81,78,83,84,58,74,72,73,80,67,60,42,15,9,16,7,9,76,63,54,69,79,74,75,81,65,55,,
686,Stole,Dimitrievski,,188,1,2,1,LALIGA EA SPORTS,84,,Far Throw,Unique goalkeeper throw animations with longer throw distance,Play Style,Footwork,"Exclusive foot saves, better performance on low shots",Play Style,,,,,,,,,,,,,,,,North Macedonia,Valencia CF,Goalkeeper,Defense,35,44,66,40,72,17,43,19,53,11,19,18,20,17,79,78,74,77,78,14,27,21,15,77,23,56,19,51,15,,
687,Justin,Kluivert,,172,4,4,1,Premier League,67,Left Midfielder,Rapid,"Higher sprint speed while dribbling, reduced error on knock-ons",Play Style,,,,,,,,,,,,,,,,,,,Holland,AFC Bournemouth,Center Attacking Midfielder,Midfielder,89,87,71,76,53,65,83,80,72,77,43,82,75,63,5,6,14,7,12,57,75,84,78,78,77,84,35,78,67,Center Midfielder,
688,Lucas,Zelarayán,,172,4,3,1,LPF,70,Striker,Dead Ball,"Faster, accurate set pieces with longer trajectory preview",Play Style,Gamechanger,Fancy and Trivela shots are performed with improved accuracy.,Play Style,Incisive Pass,"Accurate through passes, curvier swerve passes, faster precision passes",Play Style,Whipped Pass,"Accurate, faster crosses with more curve",Play Style,Inventive,Fancy and Trivela passes are performed with improved accuracy.,Play Style,Technical,"Faster Controlled Sprint, precise wide turns while dribbling",Play Style,,,,Armenia,Belgrano,Center Attacking Midfielder,Midfielder,75,88,68,82,64,56,84,82,70,76,50,81,74,78,8,9,11,6,10,54,73,67,76,78,78,79,43,80,74,Left Midfielder,
689,Stephan,El Shaarawy,,178,4,3,1,Serie A Enilive,73,Left Wing,,,,,,,,,,,,,,,,,,,,,,Italy,AS Roma,Left Midfielder,Midfielder,81,89,75,61,60,51,76,83,77,76,65,83,72,72,5,3,5,5,3,65,70,72,76,80,77,75,42,78,85,,
690,Donyell,Malen,,176,4,4,1,Premier League,68,Right Wing,Technical,"Faster Controlled Sprint, precise wide turns while dribbling",Play Style,First Touch,"Reduced trapping error, faster dribbling transition",Play Style,Quick Step,Faster acceleration during Explosive Sprint,Play Style,,,,,,,,,,,,,Holland,Aston Villa,Right Midfielder,Midfielder,89,86,73,69,66,65,86,81,79,72,29,83,79,61,7,9,9,10,14,67,61,74,80,78,77,84,33,71,81,Left Midfielder,
691,Ismaïla,Sarr,,185,3,2,1,Premier League,70,Right Wing,Rapid,"Higher sprint speed while dribbling, reduced error on knock-ons",Play Style,Quick Step,Faster acceleration during Explosive Sprint,Play Style,,,,,,,,,,,,,,,,Senegal,Crystal Palace,Center Attacking Midfielder,Midfielder,89,77,72,72,72,57,74,79,82,75,25,77,79,60,14,13,7,6,9,44,71,68,80,78,78,83,29,80,74,Center Midfielder,
692,Facundo,Medina,,184,3,2,2,Ligue 1 McDonald's,77,Left Back,Jockey,"Faster Sprint Jockey, better transition speed",Play Style,Slide Tackle,Stops ball at feet during slide tackles,Play Style,Bruiser,Stronger physical tackles,Play Style,,,,,,,,,,,,,Argentina,OM,Center Back,Defense,67,62,82,78,81,84,67,76,79,64,78,71,44,32,13,5,12,13,13,74,76,44,63,80,79,45,81,70,29,Left Midfielder,
693,Santiago,Giménez,,183,3,4,2,Serie A Enilive,68,,Precision Header,Performs headers with increased accuracy and power.,Play Style,,,,,,,,,,,,,,,,,,,Mexico,Milano FC,Striker,Attack,77,75,77,64,68,78,71,78,78,64,45,77,82,52,6,14,12,6,10,80,69,81,84,75,74,83,39,75,70,,
694,Joey,Veerman,,185,3,2,1,Eredivisie,75,Center Defensive Midfielder,Finesse Shot,Faster finesse shots with more curve and accuracy,Play Style,Dead Ball,"Faster, accurate set pieces with longer trajectory preview",Play Style,Incisive Pass,"Accurate through passes, curvier swerve passes, faster precision passes",Play Style,Long Ball Pass,"Accurate, faster Lob and Lofted Through Passes",Play Style,Inventive,Fancy and Trivela passes are performed with improved accuracy.,Play Style,Technical,"Faster Controlled Sprint, precise wide turns while dribbling",Play Style,First Touch,"Reduced trapping error, faster dribbling transition",Play Style,Holland,,Center Midfielder,Midfielder,67,72,62,75,71,68,71,78,75,80,69,75,70,76,12,11,10,5,9,55,88,67,73,74,86,75,65,87,59,Center Attacking Midfielder,
695,Kenan,Yıldız,,185,4,5,1,Serie A Enilive,75,Left Midfielder,Gamechanger,Fancy and Trivela shots are performed with improved accuracy.,Play Style,Incisive Pass,"Accurate through passes, curvier swerve passes, faster precision passes",Play Style,Whipped Pass,"Accurate, faster crosses with more curve",Play Style,Technical,"Faster Controlled Sprint, precise wide turns while dribbling",Play Style,,,,,,,,,,Turkey,Juventus,Center Attacking Midfielder,Midfielder,85,83,80,72,67,50,74,85,75,74,32,85,78,67,14,14,6,8,14,69,70,70,78,72,75,79,30,77,78,Left Wing,Center Midfielder
696,Marc,Bartra Aregall,Marc Bartra,184,3,3,1,LALIGA EA SPORTS,73,,Slide Tackle,Stops ball at feet during slide tackles,Play Style,,,,,,,,,,,,,,,,,,,Spain,Real Betis,Center Back,Defense,62,67,82,67,77,76,70,75,75,57,81,68,55,51,10,15,13,12,8,78,77,52,50,80,78,73,79,70,43,,
697,Martin,Terrier,,184,3,3,1,Bundesliga,71,Left Midfielder,Finesse Shot,Faster finesse shots with more curve and accuracy,Play Style,Gamechanger,Fancy and Trivela shots are performed with improved accuracy.,Play Style,Aerial Fortress,Performs higher jumps and has physical defensive presence before and during aerial duels,Play Style,Rapid,"Higher sprint speed while dribbling, reduced error on knock-ons",Play Style,,,,,,,,,,France,Leverkusen,Striker,Attack,81,72,85,73,74,57,73,82,79,73,34,81,80,58,12,5,13,5,8,75,72,73,78,77,78,79,31,77,79,Left Wing,Center Attacking Midfielder
698,Alexandre,Lacazette,,175,4,4,1,ROSHN Saudi League,73,,Finesse Shot,Faster finesse shots with more curve and accuracy,Play Style,Gamechanger,Fancy and Trivela shots are performed with improved accuracy.,Play Style,Technical,"Faster Controlled Sprint, precise wide turns while dribbling",Play Style,,,,,,,,,,,,,France,Neom,Striker,Attack,62,77,81,59,77,74,84,81,81,70,39,79,82,74,11,6,9,5,6,76,72,83,82,79,77,85,45,78,79,,
699,Hany,Mukhtar,,173,3,5,1,MLS,71,Striker,Inventive,Fancy and Trivela passes are performed with improved accuracy.,Play Style,Technical,"Faster Controlled Sprint, precise wide turns while dribbling",Play Style,First Touch,"Reduced trapping error, faster dribbling transition",Play Style,Quick Step,Faster acceleration during Explosive Sprint,Play Style,,,,,,,,,,Germany,Nashville SC,Center Attacking Midfielder,Midfielder,82,87,66,85,58,42,85,80,78,73,43,78,74,77,15,10,9,9,12,47,75,73,78,78,79,75,44,79,55,,
700,Stefan,Posch,,190,2,3,1,Serie A Enilive,82,Right Midfielder,Anticipate,"Improved standing tackle success, possibility of stopping ball at feet",Play Style,Bruiser,Stronger physical tackles,Play Style,,,,,,,,,,,,,,,,Austria,Como,Right Back,Defense,71,36,85,70,75,73,60,75,70,73,79,65,52,45,6,8,7,6,8,80,70,38,71,76,74,63,82,55,51,,
701,Maximilian,Beier,,185,4,3,1,Bundesliga,72,Right Midfielder,Finesse Shot,Faster finesse shots with more curve and accuracy,Play Style,Gamechanger,Fancy and Trivela shots are performed with improved accuracy.,Play Style,Rapid,"Higher sprint speed while dribbling, reduced error on knock-ons",Play Style,Quick Step,Faster acceleration during Explosive Sprint,Play Style,,,,,,,,,,Germany,Borussia Dortmund,Striker,Attack,86,82,77,82,53,54,77,82,73,67,45,80,82,51,6,8,8,6,13,72,60,65,82,79,74,80,39,68,75,Left Midfielder,Right Wing
702,Emmanuel,Agbadou,,192,2,3,1,Premier League,86,,Precision Header,Performs headers with increased accuracy and power.,Play Style,Jockey,"Faster Sprint Jockey, better transition speed",Play Style,Block,Increased reach and success in blocking,Play Style,Bruiser,Stronger physical tackles,Play Style,,,,,,,,,,Côte d'Ivoire,Wolves,Center Back,Defense,69,51,89,68,90,84,40,66,78,48,79,69,51,30,9,7,12,9,14,78,77,46,55,79,73,61,79,63,28,,
703,Leon,Bailey,,178,4,2,2,Serie A Enilive,77,Right Wing,Quick Step,Faster acceleration during Explosive Sprint,Play Style,,,,,,,,,,,,,,,,,,,Jamaica,AS Roma,Right Midfielder,Midfielder,91,91,75,64,61,55,88,81,73,75,45,85,76,72,12,13,6,15,14,57,65,71,76,77,75,72,34,75,73,,
704,Viktor,Tsygankov,,178,4,4,2,LALIGA EA SPORTS,73,Right Wing,Technical,"Faster Controlled Sprint, precise wide turns while dribbling",Play Style,Quick Step,Faster acceleration during Explosive Sprint,Play Style,,,,,,,,,,,,,,,,Ukraine,Girona FC,Right Midfielder,Midfielder,82,81,62,75,52,63,72,79,75,80,48,78,74,74,9,7,15,6,12,45,76,81,75,76,80,77,39,78,72,Center Attacking Midfielder,
705,Iliman,Ndiaye,,180,4,4,1,Premier League,70,Left Wing,Technical,"Faster Controlled Sprint, precise wide turns while dribbling",Play Style,,,,,,,,,,,,,,,,,,,Senegal,Everton,Left Midfielder,Midfielder,83,84,75,71,65,47,77,83,82,70,44,86,78,55,7,9,7,15,8,59,58,80,79,79,75,76,28,74,71,,
706,Nordi,Mukiele,,187,3,3,1,Premier League,84,Center Back,Slide Tackle,Stops ball at feet during slide tackles,Play Style,,,,,,,,,,,,,,,,,,,France,Sunderland,Right Back,Defense,76,65,78,68,79,83,65,74,71,71,80,70,40,33,10,7,14,11,15,73,69,45,60,76,71,67,81,64,39,Right Midfielder,
707,Trevoh,Chalobah,,192,3,3,1,Premier League,75,Right Back,Intercept,Increased reach and possession retention in interceptions,Play Style,Slide Tackle,Stops ball at feet during slide tackles,Play Style,,,,,,,,,,,,,,,,England,Chelsea,Center Back,Defense,64,52,84,67,83,76,60,74,78,62,80,70,46,44,5,5,9,9,7,77,75,45,50,78,77,65,80,67,47,Right Midfielder,
708,João Pedro,Junqueira de Jesus,João Pedro,188,4,4,1,Premier League,82,Center Attacking Midfielder,Rapid,"Higher sprint speed while dribbling, reduced error on knock-ons",Play Style,,,,,,,,,,,,,,,,,,,Brazil,Chelsea,Striker,Attack,79,76,84,75,70,61,77,81,78,66,39,83,79,54,7,6,10,8,14,77,69,86,80,79,78,80,27,75,74,,
709,Marco,Reus,,180,4,4,1,MLS,71,Striker,Finesse Shot,Faster finesse shots with more curve and accuracy,Play Style,Chip Shot,"Faster, more accurate chip shots",Play Style,Gamechanger,Fancy and Trivela shots are performed with improved accuracy.,Play Style,First Touch,"Reduced trapping error, faster dribbling transition",Play Style,,,,,,,,,,Germany,LA Galaxy,Center Attacking Midfielder,Midfielder,62,76,59,66,66,48,81,82,78,81,55,80,81,84,12,12,13,13,11,44,76,81,80,81,83,82,47,81,79,Center Midfielder,
710,Maxence,Lacroix,,190,2,2,1,Premier League,88,,Long Ball Pass,"Accurate, faster Lob and Lofted Through Passes",Play Style,Jockey,"Faster Sprint Jockey, better transition speed",Play Style,,,,,,,,,,,,,,,,France,Crystal Palace,Center Back,Defense,82,64,83,77,84,81,56,69,75,35,80,66,29,26,14,7,12,12,11,75,72,38,32,80,71,75,80,55,28,,
711,Brennan,Johnson,,186,3,4,1,Premier League,73,Right Midfielder,Rapid,"Higher sprint speed while dribbling, reduced error on knock-ons",Play Style,Quick Step,Faster acceleration during Explosive Sprint,Play Style,,,,,,,,,,,,,,,,Wales,Spurs,Right Wing,Attack,87,81,70,78,52,48,66,78,79,78,45,78,82,43,14,7,13,5,13,58,63,67,83,78,74,74,45,78,73,,
712,Juan,Foyth,,187,3,3,1,LALIGA EA SPORTS,83,Right Back,Block,Increased reach and success in blocking,Play Style,Slide Tackle,Stops ball at feet during slide tackles,Play Style,Bruiser,Stronger physical tackles,Play Style,,,,,,,,,,,,,Argentina,Villarreal CF,Center Back,Defense,67,67,83,68,77,80,69,75,68,73,79,69,43,47,8,15,7,14,9,78,69,47,62,78,79,56,81,66,43,,
713,Marcin,Bułka,,199,1,2,1,ROSHN Saudi League,99,,Footwork,"Exclusive foot saves, better performance on low shots",Play Style,,,,,,,,,,,,,,,,,,,Poland,Neom,Goalkeeper,Defense,28,41,67,37,82,25,28,15,58,12,15,13,8,14,79,76,71,79,81,10,33,18,8,73,35,53,10,49,5,,
714,Bafodé,Diakité,,184,2,4,1,Premier League,82,,Precision Header,Performs headers with increased accuracy and power.,Play Style,Jockey,"Faster Sprint Jockey, better transition speed",Play Style,Aerial Fortress,Performs higher jumps and has physical defensive presence before and during aerial duels,Play Style,,,,,,,,,,,,,France,AFC Bournemouth,Center Back,Defense,66,69,86,78,79,81,65,74,76,67,77,68,41,36,7,10,8,13,5,84,65,48,64,78,73,62,81,59,39,,
715,Idrissa,Gueye,,174,3,3,1,Premier League,66,Center Midfielder,Intercept,Increased reach and possession retention in interceptions,Play Style,Slide Tackle,Stops ball at feet during slide tackles,Play Style,Aerial Fortress,Performs higher jumps and has physical defensive presence before and during aerial duels,Play Style,,,,,,,,,,,,,Senegal,Everton,Center Defensive Midfielder,Midfielder,66,77,75,82,58,83,76,76,75,65,79,68,52,66,8,6,8,12,13,69,72,55,58,81,77,76,84,65,33,,
716,Jhon,Durán,,187,3,2,2,Trendyol Süper Lig,70,,Precision Header,Performs headers with increased accuracy and power.,Play Style,,,,,,,,,,,,,,,,,,,Colombia,Fenerbahçe,Striker,Attack,76,68,83,69,83,83,69,79,77,53,26,75,82,55,6,6,10,9,5,67,58,68,79,78,73,86,33,63,77,,
717,Fábio Daniel,Soares Silva,Fábio Silva,185,4,3,1,Bundesliga,75,Left Wing,,,,,,,,,,,,,,,,,,,,,,Portugal,Borussia Dortmund,Striker,Attack,79,79,89,83,77,77,69,81,76,45,32,79,80,46,6,12,7,13,8,80,70,75,81,78,75,79,28,69,75,,
718,Marc,Casadó Torras,Marc Casadó,172,3,4,1,LALIGA EA SPORTS,66,Center Midfielder,First Touch,"Reduced trapping error, faster dribbling transition",Play Style,Press Proven,"Close control at jog speed, shields ball more effectively",Play Style,,,,,,,,,,,,,,,,Spain,FC Barcelona,Center Defensive Midfielder,Midfielder,66,78,63,67,53,79,84,82,78,53,78,79,64,53,12,14,11,8,12,62,79,51,69,78,82,68,80,76,53,,
719,Jordy,Clasie,,170,3,3,1,Eredivisie,68,Center Midfielder,Long Ball Pass,"Accurate, faster Lob and Lofted Through Passes",Play Style,Intercept,Increased reach and possession retention in interceptions,Play Style,Anticipate,"Improved standing tackle success, possibility of stopping ball at feet",Play Style,Press Proven,"Close control at jog speed, shields ball more effectively",Play Style,,,,,,,,,,Holland,,Center Defensive Midfielder,Midfielder,46,69,53,68,71,75,85,78,80,75,77,73,54,68,11,11,14,10,7,34,86,62,64,77,84,78,75,78,70,,
720,Eric,Dier,,191,2,2,1,Ligue 1 McDonald's,91,,Bruiser,Stronger physical tackles,Play Style,,,,,,,,,,,,,,,,,,,England,AS Monaco,Center Back,Defense,35,34,80,64,90,85,47,65,71,60,84,66,52,67,11,14,6,13,9,82,80,74,48,73,72,81,78,56,51,,
721,Wesley,Fofana,,185,2,3,1,Premier League,84,,Jockey,"Faster Sprint Jockey, better transition speed",Play Style,,,,,,,,,,,,,,,,,,,France,Chelsea,Center Back,Defense,69,65,78,67,81,83,60,72,76,42,79,71,38,44,14,12,9,14,6,77,69,46,40,77,75,48,81,60,40,,
722,Eric,García Martret,Eric García,182,2,3,1,LALIGA EA SPORTS,76,Right Back,Precision Header,Performs headers with increased accuracy and power.,Play Style,Long Ball Pass,"Accurate, faster Lob and Lofted Through Passes",Play Style,Anticipate,"Improved standing tackle success, possibility of stopping ball at feet",Play Style,,,,,,,,,,,,,Spain,FC Barcelona,Center Back,Defense,55,64,77,68,73,79,60,77,78,54,80,69,50,31,11,9,12,11,7,77,81,44,45,78,82,51,82,70,31,Center Defensive Midfielder,Right Midfielder
723,Nick,Woltemade,,199,4,3,1,Premier League,90,Center Attacking Midfielder,Gamechanger,Fancy and Trivela shots are performed with improved accuracy.,Play Style,Technical,"Faster Controlled Sprint, precise wide turns while dribbling",Play Style,,,,,,,,,,,,,,,,Germany,Newcastle Utd,Striker,Attack,64,69,84,71,81,60,57,80,77,46,32,83,82,42,11,8,13,9,8,77,63,70,82,79,77,81,44,74,73,,
724,Niclas,Füllkrug,,188,3,4,1,Premier League,83,,Precision Header,Performs headers with increased accuracy and power.,Play Style,,,,,,,,,,,,,,,,,,,Germany,West Ham,Striker,Attack,53,51,86,55,86,82,61,77,79,65,41,74,81,68,15,9,10,13,9,87,59,88,82,80,77,86,46,76,80,,
725,Cameron,Carter-Vickers,,183,2,2,1,Scottish Prem,92,,Pinged Pass,Faster ground passes without affecting receiver's trapping,Play Style,Jockey,"Faster Sprint Jockey, better transition speed",Play Style,Aerial Fortress,Performs higher jumps and has physical defensive presence before and during aerial duels,Play Style,Bruiser,Stronger physical tackles,Play Style,,,,,,,,,,United States,Celtic,Center Back,Defense,79,77,91,74,90,80,78,76,79,37,78,65,24,30,13,6,8,16,10,75,70,38,27,80,76,65,78,57,26,,
726,Edon,Zhegrova,,180,4,2,2,Serie A Enilive,74,Right Wing,Finesse Shot,Faster finesse shots with more curve and accuracy,Play Style,Gamechanger,Fancy and Trivela shots are performed with improved accuracy.,Play Style,Whipped Pass,"Accurate, faster crosses with more curve",Play Style,Technical,"Faster Controlled Sprint, precise wide turns while dribbling",Play Style,First Touch,"Reduced trapping error, faster dribbling transition",Play Style,,,,,,,Kosovo,Juventus,Right Midfielder,Midfielder,90,90,66,65,63,54,84,82,78,78,32,87,69,74,7,11,6,12,7,36,70,51,75,74,76,78,21,77,62,,
727,Illia,Zabarnyi,,189,2,3,1,Ligue 1 McDonald's,80,,Long Ball Pass,"Accurate, faster Lob and Lofted Through Passes",Play Style,Jockey,"Faster Sprint Jockey, better transition speed",Play Style,Intercept,Increased reach and possession retention in interceptions,Play Style,Aerial Fortress,Performs higher jumps and has physical defensive presence before and during aerial duels,Play Style,,,,,,,,,,Ukraine,Paris SG,Center Back,Defense,76,64,88,73,80,76,56,67,72,55,81,60,33,40,14,11,10,11,13,77,76,40,35,79,76,50,80,57,28,,
728,Samuel,Omorodion Aghehowa,Samu,193,3,3,1,Liga Portugal,90,,Precision Header,Performs headers with increased accuracy and power.,Play Style,Enforcer,Performs dribble Shoulder Challenges and Shielding with increased effectiveness.,Play Style,,,,,,,,,,,,,,,,Spain,FC Porto,Striker,Attack,75,57,94,74,90,74,50,69,73,48,30,71,83,50,11,12,11,8,8,82,57,60,83,79,67,81,32,54,70,,
729,Thilo,Kehrer,,186,2,5,1,Ligue 1 McDonald's,76,,Precision Header,Performs headers with increased accuracy and power.,Play Style,Bruiser,Stronger physical tackles,Play Style,,,,,,,,,,,,,,,,Germany,AS Monaco,Center Back,Defense,62,62,82,71,79,78,63,66,73,64,80,64,37,39,9,9,14,10,12,76,68,41,53,79,74,65,81,60,32,,
730,Luis,Suárez,,182,3,4,1,MLS,86,Center Attacking Midfielder,Gamechanger,Fancy and Trivela shots are performed with improved accuracy.,Play Style,Enforcer,Performs dribble Shoulder Challenges and Shielding with increased effectiveness.,Play Style,,,,,,,,,,,,,,,,Uruguay,Inter Miami CF,Striker,Attack,52,66,75,53,81,87,71,79,86,71,35,75,82,79,27,25,31,33,37,82,70,81,84,83,73,83,38,80,85,,
731,Carles,Gil Pareja,Carles Gil,170,4,4,2,MLS,65,Right Midfielder,Finesse Shot,Faster finesse shots with more curve and accuracy,Play Style,Incisive Pass,"Accurate through passes, curvier swerve passes, faster precision passes",Play Style,Pinged Pass,Faster ground passes without affecting receiver's trapping,Play Style,Inventive,Fancy and Trivela passes are performed with improved accuracy.,Play Style,Press Proven,"Close control at jog speed, shields ball more effectively",Play Style,,,,,,,Spain,New England,Center Attacking Midfielder,Midfielder,74,73,58,84,61,40,74,80,76,77,35,80,73,72,12,15,16,9,6,33,77,68,78,79,82,62,42,85,70,Center Midfielder,
732,Francisco,F. da Conceição,Francisco Conceição,168,4,2,2,Serie A Enilive,61,Right Wing,Finesse Shot,Faster finesse shots with more curve and accuracy,Play Style,Technical,"Faster Controlled Sprint, precise wide turns while dribbling",Play Style,Quick Step,Faster acceleration during Explosive Sprint,Play Style,,,,,,,,,,,,,Portugal,Juventus,Right Midfielder,Midfielder,88,93,54,69,40,49,90,83,72,74,34,85,68,58,9,6,7,15,14,36,69,59,76,79,77,72,41,71,71,Center Attacking Midfielder,
733,Abderrazak,Hamdallah,,179,3,3,1,ROSHN Saudi League,75,Center Attacking Midfielder,Finesse Shot,Faster finesse shots with more curve and accuracy,Play Style,Chip Shot,"Faster, more accurate chip shots",Play Style,Precision Header,Performs headers with increased accuracy and power.,Play Style,Low Driven Shot,"Enhances a player's ability to execute low driven shots with increased accuracy, faster ball travel, and quicker shot execution.",Play Style,Gamechanger,Fancy and Trivela shots are performed with improved accuracy.,Play Style,,,,,,,Morocco,Al Shabab,Striker,Attack,51,74,74,80,80,70,46,86,77,66,30,77,84,72,9,11,9,15,10,81,63,85,83,82,72,78,25,74,77,,
734,Joe,Gomez,,188,3,3,1,Premier League,77,Right Back,Long Throw,Powerful throw-ins for greater distance,Play Style,,,,,,,,,,,,,,,,,,,England,Liverpool,Center Back,Defense,72,61,85,57,78,77,64,75,75,73,79,71,20,29,8,13,14,7,7,76,75,26,56,78,77,51,81,65,34,Left Back,Right Midfielder
735,Emil,Forsberg,,177,4,4,1,MLS,76,Left Midfielder,Incisive Pass,"Accurate through passes, curvier swerve passes, faster precision passes",Play Style,Inventive,Fancy and Trivela passes are performed with improved accuracy.,Play Style,Technical,"Faster Controlled Sprint, precise wide turns while dribbling",Play Style,First Touch,"Reduced trapping error, faster dribbling transition",Play Style,,,,,,,,,,Sweden,Red Bulls,Center Attacking Midfielder,Midfielder,65,71,56,65,59,61,79,84,77,81,35,81,73,75,13,7,9,15,11,44,77,79,77,78,83,71,27,82,65,Center Midfielder,
736,Toluwalase,Arokodare,,197,2,3,1,Premier League,97,,Power Shot,Faster power shots with increased speed,Play Style,Precision Header,Performs headers with increased accuracy and power.,Play Style,Low Driven Shot,"Enhances a player's ability to execute low driven shots with increased accuracy, faster ball travel, and quicker shot execution.",Play Style,Enforcer,Performs dribble Shoulder Challenges and Shielding with increased effectiveness.,Play Style,,,,,,,,,,Nigeria,Wolves,Striker,Attack,71,41,91,71,91,64,36,79,65,35,22,75,85,55,9,8,12,14,9,78,52,66,76,72,75,79,35,52,72,,
737,Gianluca,Scamacca,,196,3,3,1,Serie A Enilive,85,,Enforcer,Performs dribble Shoulder Challenges and Shielding with increased effectiveness.,Play Style,,,,,,,,,,,,,,,,,,,Italy,Bergamo Calcio,Striker,Attack,61,61,86,51,83,58,54,80,79,44,40,74,83,68,12,10,11,7,12,83,70,68,80,76,75,83,28,71,79,,
738,Olivier,Giroud,,193,3,3,2,Ligue 1 McDonald's,91,,Precision Header,Performs headers with increased accuracy and power.,Play Style,Gamechanger,Fancy and Trivela shots are performed with improved accuracy.,Play Style,Aerial Fortress,Performs higher jumps and has physical defensive presence before and during aerial duels,Play Style,Enforcer,Performs dribble Shoulder Challenges and Shielding with increased effectiveness.,Play Style,,,,,,,,,,France,LOSC Lille,Striker,Attack,45,55,84,61,88,76,53,80,84,64,37,71,80,65,12,15,11,6,5,86,64,88,86,84,75,83,37,78,85,,
739,Sebastián,Coates,,196,2,3,1,Libertadores,94,,Long Ball Pass,"Accurate, faster Lob and Lofted Through Passes",Play Style,Slide Tackle,Stops ball at feet during slide tackles,Play Style,Aerial Fortress,Performs higher jumps and has physical defensive presence before and during aerial duels,Play Style,,,,,,,,,,,,,Uruguay,,Center Back,Defense,61,37,80,75,91,80,31,65,77,20,81,64,55,19,16,13,15,16,13,79,71,69,49,70,70,50,82,60,48,,
740,Arkadiusz,Milik,,186,3,3,2,Serie A Enilive,80,,Power Shot,Faster power shots with increased speed,Play Style,,,,,,,,,,,,,,,,,,,Poland,Juventus,Striker,Attack,48,69,80,45,76,67,62,83,84,63,35,76,83,81,9,16,16,15,6,85,64,79,83,78,75,84,34,78,81,,
741,Marcos Leonardo,Santos Almeida,Marcos Leonardo,175,4,4,1,ROSHN Saudi League,72,Center Attacking Midfielder,Chip Shot,"Faster, more accurate chip shots",Play Style,Gamechanger,Fancy and Trivela shots are performed with improved accuracy.,Play Style,,,,,,,,,,,,,,,,Brazil,Al Hilal,Striker,Attack,76,77,87,75,75,34,72,76,70,56,22,75,83,49,6,9,8,13,6,79,57,75,84,80,69,78,17,65,73,Center Midfielder,
742,Jarrad,Branthwaite,,195,2,5,2,Premier League,74,,Intercept,Increased reach and possession retention in interceptions,Play Style,Slide Tackle,Stops ball at feet during slide tackles,Play Style,Aerial Fortress,Performs higher jumps and has physical defensive presence before and during aerial duels,Play Style,,,,,,,,,,,,,England,Everton,Center Back,Defense,65,34,78,72,82,75,43,69,76,34,81,57,35,24,10,9,11,12,10,80,69,33,43,79,78,59,81,52,34,,
743,Kevin,Danso,,190,2,3,1,Premier League,85,,Long Ball Pass,"Accurate, faster Lob and Lofted Through Passes",Play Style,Aerial Fortress,Performs higher jumps and has physical defensive presence before and during aerial duels,Play Style,Bruiser,Stronger physical tackles,Play Style,,,,,,,,,,,,,Austria,Spurs,Center Back,Defense,65,53,89,66,90,85,46,68,72,44,77,59,26,31,12,13,6,11,15,81,62,42,43,77,69,49,80,52,31,,
744,Philipp,Lienhart,,189,2,3,1,Bundesliga,87,,Long Ball Pass,"Accurate, faster Lob and Lofted Through Passes",Play Style,,,,,,,,,,,,,,,,,,,Austria,SC Freiburg,Center Back,Defense,62,63,85,75,79,77,62,69,75,41,83,59,24,40,14,8,11,12,14,84,70,41,35,78,74,29,80,53,21,,
745,Berat,Djimsiti,,190,2,3,1,Serie A Enilive,83,,Long Ball Pass,"Accurate, faster Lob and Lofted Through Passes",Play Style,Intercept,Increased reach and possession retention in interceptions,Play Style,Aerial Fortress,Performs higher jumps and has physical defensive presence before and during aerial duels,Play Style,,,,,,,,,,,,,Albania,Bergamo Calcio,Center Back,Defense,63,40,84,77,79,80,51,67,74,53,84,41,36,30,10,6,13,10,10,81,68,38,55,79,71,52,81,56,32,,
746,Vedat,Muriqi,,194,3,3,2,LALIGA EA SPORTS,92,,Power Shot,Faster power shots with increased speed,Play Style,Precision Header,Performs headers with increased accuracy and power.,Play Style,Enforcer,Performs dribble Shoulder Challenges and Shielding with increased effectiveness.,Play Style,,,,,,,,,,,,,Kosovo,RCD Mallorca,Striker,Attack,34,36,82,71,91,74,33,81,75,35,23,75,82,58,8,9,14,9,10,88,64,81,80,82,77,82,25,66,71,,
747,Alejandro,Catena Marugán,Catena,194,2,3,1,LALIGA EA SPORTS,82,,Long Ball Pass,"Accurate, faster Lob and Lofted Through Passes",Play Style,Aerial Fortress,Performs higher jumps and has physical defensive presence before and during aerial duels,Play Style,,,,,,,,,,,,,,,,Spain,CA Osasuna,Center Back,Defense,64,58,84,78,77,78,52,71,71,39,79,35,38,31,9,9,14,8,11,82,81,44,33,76,80,52,80,55,29,,
748,Nathan,Collins,,193,2,3,1,Premier League,81,,Block,Increased reach and success in blocking,Play Style,Intercept,Increased reach and possession retention in interceptions,Play Style,Anticipate,"Improved standing tackle success, possibility of stopping ball at feet",Play Style,Aerial Fortress,Performs higher jumps and has physical defensive presence before and during aerial duels,Play Style,,,,,,,,,,Republic of Ireland,Brentford,Center Back,Defense,55,46,84,80,83,77,47,66,75,50,80,64,29,25,9,10,6,13,9,81,66,35,33,78,70,46,79,50,22,,
749,Dan,Burn,,201,2,3,2,Premier League,104,,Precision Header,Performs headers with increased accuracy and power.,Play Style,Aerial Fortress,Performs higher jumps and has physical defensive presence before and during aerial duels,Play Style,,,,,,,,,,,,,,,,England,Newcastle Utd,Center Back,Defense,34,32,70,78,90,86,32,69,76,68,81,69,26,46,15,13,7,8,10,78,69,48,61,77,75,60,79,61,22,,
750,Weston,McKennie,,180,3,3,1,Serie A Enilive,86,Center Defensive Midfielder,Incisive Pass,"Accurate through passes, curvier swerve passes, faster precision passes",Play Style,Aerial Fortress,Performs higher jumps and has physical defensive presence before and during aerial duels,Play Style,Long Throw,Powerful throw-ins for greater distance,Play Style,,,,,,,,,,,,,United States,Juventus,Center Midfielder,Midfielder,75,68,91,81,77,82,69,78,78,78,78,78,68,63,7,9,12,9,11,86,77,61,78,77,78,76,82,76,77,Center Attacking Midfielder,
751,Alexander,Bah,,183,3,4,1,Liga Portugal,76,Right Midfielder,Pinged Pass,Faster ground passes without affecting receiver's trapping,Play Style,Whipped Pass,"Accurate, faster crosses with more curve",Play Style,Jockey,"Faster Sprint Jockey, better transition speed",Play Style,Anticipate,"Improved standing tackle success, possibility of stopping ball at feet",Play Style,Rapid,"Higher sprint speed while dribbling, reduced error on knock-ons",Play Style,Relentless,"Increased half time fatigue recovery, longer teammate contain and press",Play Style,Bruiser,Stronger physical tackles,Play Style,Denmark,SL Benfica,Right Back,Defense,88,77,82,84,78,84,70,74,76,75,72,75,59,64,6,12,12,9,13,71,70,51,72,76,71,81,74,75,54,,
752,Marcos,Acuña,,172,3,3,2,LPF,69,Left Midfielder,Power Shot,Faster power shots with increased speed,Play Style,Long Ball Pass,"Accurate, faster Lob and Lofted Through Passes",Play Style,Inventive,Fancy and Trivela passes are performed with improved accuracy.,Play Style,Anticipate,"Improved standing tackle success, possibility of stopping ball at feet",Play Style,Relentless,"Increased half time fatigue recovery, longer teammate contain and press",Play Style,Bruiser,Stronger physical tackles,Play Style,,,,Argentina,River Plate,Left Back,Defense,79,80,88,80,81,73,87,82,77,84,65,81,63,74,8,14,13,13,14,75,72,75,80,77,75,74,74,78,66,,
753,Nuno Albertino,Varela Tavares,Nuno Tavares,183,3,4,2,Serie A Enilive,75,Left Midfielder,Whipped Pass,"Accurate, faster crosses with more curve",Play Style,Anticipate,"Improved standing tackle success, possibility of stopping ball at feet",Play Style,Rapid,"Higher sprint speed while dribbling, reduced error on knock-ons",Play Style,Quick Step,Faster acceleration during Explosive Sprint,Play Style,Long Throw,Powerful throw-ins for greater distance,Play Style,,,,,,,Portugal,Latium,Left Back,Defense,87,79,82,81,77,73,63,79,75,86,69,83,61,66,8,13,6,12,13,58,67,42,76,75,73,83,76,62,51,,
754,Ridle,Baku,,176,3,4,1,Bundesliga,79,Right Back,Rapid,"Higher sprint speed while dribbling, reduced error on knock-ons",Play Style,,,,,,,,,,,,,,,,,,,Germany,RB Leipzig,Right Midfielder,Midfielder,85,84,74,76,74,74,85,78,76,75,72,82,71,48,12,8,7,10,9,49,70,60,76,75,75,77,74,75,63,Right Wing,
755,Lukáš,Provod,,191,3,4,2,Česká Liga,85,Center Midfielder,Power Shot,Faster power shots with increased speed,Play Style,Press Proven,"Close control at jog speed, shields ball more effectively",Play Style,,,,,,,,,,,,,,,,Czech Republic,Slavia Praha,Center Attacking Midfielder,Midfielder,71,73,82,85,85,73,77,79,79,78,62,79,71,72,14,5,10,7,15,69,78,69,78,79,79,82,64,77,68,Left Midfielder,
756,Cameron,Puertas,,178,4,4,1,Bundesliga,74,Center Midfielder,Dead Ball,"Faster, accurate set pieces with longer trajectory preview",Play Style,Inventive,Fancy and Trivela passes are performed with improved accuracy.,Play Style,Rapid,"Higher sprint speed while dribbling, reduced error on knock-ons",Play Style,,,,,,,,,,,,,Spain,SV Werder Bremen,Center Attacking Midfielder,Midfielder,75,77,69,80,73,80,74,80,75,80,72,81,73,82,11,9,8,12,7,47,73,77,73,74,79,78,74,84,65,,
757,Lewis,Ferguson,,181,3,4,1,Serie A Enilive,75,Center Defensive Midfielder,Aerial Fortress,Performs higher jumps and has physical defensive presence before and during aerial duels,Play Style,,,,,,,,,,,,,,,,,,,Scotland,Bologna,Center Midfielder,Midfielder,72,78,81,77,70,85,73,81,75,67,67,78,78,67,6,11,6,14,14,76,76,80,84,72,79,78,76,76,76,Center Attacking Midfielder,
758,Georginio,Wijnaldum,,175,3,4,1,ROSHN Saudi League,74,Striker,Precision Header,Performs headers with increased accuracy and power.,Play Style,Aerial Fortress,Performs higher jumps and has physical defensive presence before and during aerial duels,Play Style,,,,,,,,,,,,,,,,Holland,Al Ettifaq,Center Attacking Midfielder,Midfielder,67,80,81,76,74,75,87,82,80,70,75,77,70,68,16,6,14,12,6,77,75,74,81,81,82,73,77,77,67,Center Midfielder,
759,Jordi,Alba Ramos,Jordi Alba,170,3,3,2,MLS,68,,Jockey,"Faster Sprint Jockey, better transition speed",Play Style,Anticipate,"Improved standing tackle success, possibility of stopping ball at feet",Play Style,Rapid,"Higher sprint speed while dribbling, reduced error on knock-ons",Play Style,,,,,,,,,,,,,Spain,Inter Miami CF,Left Back,Defense,84,83,76,84,58,73,84,80,78,79,67,79,73,63,13,15,13,6,13,69,79,59,77,76,80,64,71,75,75,,
760,Mykola,Shaparenko,,178,3,3,1,Ukrayina Liha,72,Center Attacking Midfielder,Rapid,"Higher sprint speed while dribbling, reduced error on knock-ons",Play Style,,,,,,,,,,,,,,,,,,,Ukraine,Dynamo Kyiv,Center Midfielder,Midfielder,81,82,73,77,65,78,75,77,74,73,69,81,69,73,13,6,12,14,13,56,83,62,74,79,82,74,69,81,62,Center Defensive Midfielder,
761,Kenneth,Taylor,,182,3,5,2,Eredivisie,73,Center Attacking Midfielder,Incisive Pass,"Accurate through passes, curvier swerve passes, faster precision passes",Play Style,Pinged Pass,Faster ground passes without affecting receiver's trapping,Play Style,Tiki Taka,Accurate first-time Ground Passes,Play Style,,,,,,,,,,,,,Holland,,Center Midfielder,Midfielder,78,77,68,83,70,73,76,79,78,76,69,78,79,71,9,12,10,6,7,60,78,74,80,78,80,76,67,77,65,,
762,Luka,Sučić,,185,4,3,2,LALIGA EA SPORTS,71,Center Attacking Midfielder,Power Shot,Faster power shots with increased speed,Play Style,Incisive Pass,"Accurate through passes, curvier swerve passes, faster precision passes",Play Style,Technical,"Faster Controlled Sprint, precise wide turns while dribbling",Play Style,,,,,,,,,,,,,Croatia,Real Sociedad,Center Midfielder,Midfielder,80,73,78,77,72,65,65,79,77,75,65,79,73,74,15,12,10,11,7,62,78,65,78,76,80,84,70,78,72,Center Defensive Midfielder,
763,Hugo,Larsson,,187,3,3,1,Bundesliga,74,Center Defensive Midfielder,Pinged Pass,Faster ground passes without affecting receiver's trapping,Play Style,Tiki Taka,Accurate first-time Ground Passes,Play Style,Intercept,Increased reach and possession retention in interceptions,Play Style,Press Proven,"Close control at jog speed, shields ball more effectively",Play Style,Relentless,"Increased half time fatigue recovery, longer teammate contain and press",Play Style,,,,,,,Sweden,Frankfurt,Center Midfielder,Midfielder,72,79,75,83,74,75,73,80,85,47,76,75,77,53,14,7,7,12,8,61,77,53,76,79,83,74,70,78,67,,
764,Robert,Lynch Sánchez,Robert Sánchez,197,1,4,1,Premier League,90,,Footwork,"Exclusive foot saves, better performance on low shots",Play Style,Cross Claimer,"Unique punching animations, powerful punches, faster crosses coverage",Play Style,,,,,,,,,,,,,,,,Spain,Chelsea,Goalkeeper,Defense,55,45,75,40,77,35,35,45,55,13,20,20,12,13,79,77,75,77,79,15,50,17,12,74,52,56,17,55,12,,
765,Gonzalo,Montiel,,175,3,3,1,LPF,70,Right Midfielder,Whipped Pass,"Accurate, faster crosses with more curve",Play Style,Slide Tackle,Stops ball at feet during slide tackles,Play Style,Long Throw,Powerful throw-ins for greater distance,Play Style,,,,,,,,,,,,,Argentina,River Plate,Right Back,Defense,80,82,86,84,76,83,75,79,75,75,74,74,60,39,6,10,11,5,6,75,71,84,81,77,74,68,75,73,43,,
766,Santiago,Ascacíbar,,169,3,3,1,LPF,68,Center Midfielder,Power Shot,Faster power shots with increased speed,Play Style,Precision Header,Performs headers with increased accuracy and power.,Play Style,Slide Tackle,Stops ball at feet during slide tackles,Play Style,Aerial Fortress,Performs higher jumps and has physical defensive presence before and during aerial duels,Play Style,First Touch,"Reduced trapping error, faster dribbling transition",Play Style,Relentless,"Increased half time fatigue recovery, longer teammate contain and press",Play Style,,,,Argentina,Estudiantes,Center Defensive Midfielder,Midfielder,82,81,82,91,60,87,83,76,80,63,75,71,74,55,6,10,5,14,9,62,74,58,77,77,79,77,78,76,69,,
767,Mahdi,Camara,,178,3,2,1,Ligue 1 McDonald's,73,Center Attacking Midfielder,,,,,,,,,,,,,,,,,,,,,,France,Stade Rennais FC,Center Midfielder,Midfielder,68,75,76,81,74,76,71,78,77,63,76,77,69,47,6,11,7,9,7,69,79,55,76,79,81,70,79,78,54,,
768,Jacob,Ramsey,,180,3,4,1,Premier League,72,Left Wing,Rapid,"Higher sprint speed while dribbling, reduced error on knock-ons",Play Style,,,,,,,,,,,,,,,,,,,England,Newcastle Utd,Left Midfielder,Midfielder,76,79,72,79,68,73,84,78,78,71,69,81,77,54,14,9,8,6,12,56,69,53,78,79,77,78,73,75,65,,
769,Leonardo,Spinazzola,,186,4,4,1,Serie A Enilive,75,Left Midfielder,Rapid,"Higher sprint speed while dribbling, reduced error on knock-ons",Play Style,,,,,,,,,,,,,,,,,,,Italy,SSC Napoli,Left Back,Defense,84,76,78,67,64,71,66,78,75,79,75,78,60,45,11,13,12,15,14,68,69,59,76,74,76,71,78,74,64,,
770,Johan,Mojica,,185,3,2,2,LALIGA EA SPORTS,66,Left Midfielder,Rapid,"Higher sprint speed while dribbling, reduced error on knock-ons",Play Style,Quick Step,Faster acceleration during Explosive Sprint,Play Style,,,,,,,,,,,,,,,,Colombia,RCD Mallorca,Left Back,Defense,86,69,80,63,69,77,58,75,70,77,73,75,62,64,13,8,14,9,15,65,72,60,71,74,77,80,77,65,43,,
771,Igor,Zubeldia Elorza,Zubeldia,181,2,3,1,LALIGA EA SPORTS,73,,Intercept,Increased reach and possession retention in interceptions,Play Style,Aerial Fortress,Performs higher jumps and has physical defensive presence before and during aerial duels,Play Style,Bruiser,Stronger physical tackles,Play Style,,,,,,,,,,,,,Spain,Real Sociedad,Center Back,Defense,73,73,85,77,81,85,74,72,73,65,79,71,62,65,6,8,9,10,13,73,76,51,63,79,78,75,77,72,47,,
772,Bart,Verbruggen,,193,1,4,1,Premier League,89,,Footwork,"Exclusive foot saves, better performance on low shots",Play Style,,,,,,,,,,,,,,,,,,,Holland,Brighton,Goalkeeper,Defense,57,52,73,30,72,17,45,23,35,10,12,15,8,15,79,76,76,75,81,15,35,21,4,76,40,57,17,43,6,,
773,Mert,Günok,,196,1,3,1,Trendyol Süper Lig,92,,Far Throw,Unique goalkeeper throw animations with longer throw distance,Play Style,Footwork,"Exclusive foot saves, better performance on low shots",Play Style,Cross Claimer,"Unique punching animations, powerful punches, faster crosses coverage",Play Style,,,,,,,,,,,,,Turkey,Beşiktaş,Goalkeeper,Defense,55,53,70,39,68,31,50,25,56,15,22,15,15,16,76,76,79,77,78,14,47,16,15,74,40,59,13,55,16,,
774,Cristiano,Biraghi,,185,3,3,2,Serie A Enilive,78,Left Midfielder,Dead Ball,"Faster, accurate set pieces with longer trajectory preview",Play Style,Long Throw,Powerful throw-ins for greater distance,Play Style,,,,,,,,,,,,,,,,Italy,Torino,Left Back,Defense,73,71,75,76,66,75,70,78,82,85,78,76,58,88,12,6,14,10,7,70,75,75,73,77,77,82,76,72,54,,
775,Luis Henrique,Tomaz de Lima,Luis Henrique,181,3,3,1,Serie A Enilive,85,Left Midfielder,Rapid,"Higher sprint speed while dribbling, reduced error on knock-ons",Play Style,Quick Step,Faster acceleration during Explosive Sprint,Play Style,,,,,,,,,,,,,,,,Brazil,Lombardia FC,Right Midfielder,Midfielder,85,71,86,75,81,65,73,75,73,75,53,80,74,52,9,5,7,10,15,67,63,63,77,75,74,77,52,73,59,Right Wing,
776,Mikel,Jauregizar Alboniga,Jauregizar,177,3,4,1,LALIGA EA SPORTS,74,Center Defensive Midfielder,Relentless,"Increased half time fatigue recovery, longer teammate contain and press",Play Style,,,,,,,,,,,,,,,,,,,Spain,Athletic Club,Center Midfielder,Midfielder,74,78,68,81,71,77,83,79,79,64,75,78,68,66,6,9,5,13,6,48,78,55,75,76,79,75,77,78,53,,
777,Mattia,Perin,,188,1,3,1,Serie A Enilive,77,,,,,,,,,,,,,,,,,,,,,,,Italy,Juventus,Goalkeeper,Defense,57,53,63,30,52,25,30,23,65,11,20,19,11,13,78,78,71,79,78,12,31,21,12,74,33,53,12,45,19,,
778,Jens,Stage,,185,3,3,1,Bundesliga,83,Center Defensive Midfielder,Precision Header,Performs headers with increased accuracy and power.,Play Style,Acrobatic,"Perform volleys with increased accuracy, acrobatic volley animations",Play Style,Aerial Fortress,Performs higher jumps and has physical defensive presence before and during aerial duels,Play Style,Relentless,"Increased half time fatigue recovery, longer teammate contain and press",Play Style,,,,,,,,,,Denmark,SV Werder Bremen,Center Midfielder,Midfielder,67,69,86,82,78,78,73,80,77,68,72,76,74,56,11,12,5,10,6,83,77,60,77,79,79,77,76,76,70,,
779,Matt,O'Riley,,188,3,4,2,Ligue 1 McDonald's,77,Center Midfielder,Finesse Shot,Faster finesse shots with more curve and accuracy,Play Style,Chip Shot,"Faster, more accurate chip shots",Play Style,Incisive Pass,"Accurate through passes, curvier swerve passes, faster precision passes",Play Style,Slide Tackle,Stops ball at feet during slide tackles,Play Style,Technical,"Faster Controlled Sprint, precise wide turns while dribbling",Play Style,First Touch,"Reduced trapping error, faster dribbling transition",Play Style,,,,Denmark,OM,Center Attacking Midfielder,Midfielder,67,70,74,78,72,71,78,78,79,74,66,76,77,74,14,12,5,13,6,66,79,77,78,79,81,81,70,81,74,,
780,Francisco L.,Lima Silva Machado,Chiquinho,175,4,3,1,Hellas Liga,66,Center Attacking Midfielder,Pinged Pass,Faster ground passes without affecting receiver's trapping,Play Style,Technical,"Faster Controlled Sprint, precise wide turns while dribbling",Play Style,,,,,,,,,,,,,,,,Portugal,Olympiacos FC,Center Midfielder,Midfielder,75,78,66,83,66,64,80,79,78,75,67,77,73,71,5,12,6,5,8,48,78,74,77,74,80,76,70,79,71,Right Midfielder,
781,Renan Augusto,Lodi dos Santos,Renan Lodi,173,4,3,2,ROSHN Saudi League,68,Left Midfielder,,,,,,,,,,,,,,,,,,,,,,Brazil,Al Hilal,Left Back,Defense,74,79,75,81,65,73,77,77,74,82,71,76,69,57,12,7,11,10,15,69,74,55,76,75,77,75,74,75,59,,
782,Mitchell,Weiser,,177,4,4,1,Bundesliga,70,Right Midfielder,Whipped Pass,"Accurate, faster crosses with more curve",Play Style,Jockey,"Faster Sprint Jockey, better transition speed",Play Style,,,,,,,,,,,,,,,,Germany,SV Werder Bremen,Right Back,Defense,78,84,75,92,64,66,82,80,76,76,67,83,65,52,13,15,10,13,9,66,69,58,76,80,77,60,72,78,62,,
783,Marcelino,Moreno,,168,5,2,1,LPF,65,Left Midfielder,Low Driven Shot,"Enhances a player's ability to execute low driven shots with increased accuracy, faster ball travel, and quicker shot execution.",Play Style,Gamechanger,Fancy and Trivela shots are performed with improved accuracy.,Play Style,Incisive Pass,"Accurate through passes, curvier swerve passes, faster precision passes",Play Style,Inventive,Fancy and Trivela passes are performed with improved accuracy.,Play Style,Technical,"Faster Controlled Sprint, precise wide turns while dribbling",Play Style,Quick Step,Faster acceleration during Explosive Sprint,Play Style,,,,Argentina,Lanús,Center Attacking Midfielder,Midfielder,91,86,72,79,63,64,90,78,77,67,51,82,76,78,8,9,15,8,12,49,73,65,75,69,76,73,53,79,57,Striker,Center Midfielder
784,Myles,Lewis-Skelly,,178,3,3,2,Premier League,72,Center Midfielder,Press Proven,"Close control at jog speed, shields ball more effectively",Play Style,,,,,,,,,,,,,,,,,,,England,Arsenal,Left Back,Defense,77,68,83,75,79,80,84,77,79,73,74,77,55,45,11,10,6,12,9,70,75,55,72,77,78,69,77,76,58,,
785,Leandro,Paredes,,180,4,4,1,LPF,75,Center Defensive Midfielder,Long Ball Pass,"Accurate, faster Lob and Lofted Through Passes",Play Style,Tiki Taka,Accurate first-time Ground Passes,Play Style,Aerial Fortress,Performs higher jumps and has physical defensive presence before and during aerial duels,Play Style,,,,,,,,,,,,,Argentina,Boca Juniors,Center Midfielder,Midfielder,62,68,67,73,70,88,75,84,82,77,70,78,60,78,9,14,6,9,10,56,84,85,62,71,84,86,76,81,71,,
786,Adam,Marušić,,185,3,4,1,Serie A Enilive,81,Left Back,Rapid,"Higher sprint speed while dribbling, reduced error on knock-ons",Play Style,Quick Step,Faster acceleration during Explosive Sprint,Play Style,,,,,,,,,,,,,,,,Montenegro,Latium,Right Back,Defense,79,64,86,77,77,76,70,76,75,76,74,75,56,54,8,9,7,10,10,74,55,58,69,76,71,79,76,60,68,Right Midfielder,
787,Domilson,Cordeiro dos Santos,Dodô,166,3,3,1,Serie A Enilive,68,Right Midfielder,Whipped Pass,"Accurate, faster crosses with more curve",Play Style,Jockey,"Faster Sprint Jockey, better transition speed",Play Style,Anticipate,"Improved standing tackle success, possibility of stopping ball at feet",Play Style,Rapid,"Higher sprint speed while dribbling, reduced error on knock-ons",Play Style,,,,,,,,,,Brazil,Fiorentina,Right Back,Defense,84,81,71,84,59,74,87,80,76,79,74,78,60,52,14,14,10,14,5,55,68,50,78,76,78,66,75,72,49,,
788,Manuel,Lazzari,,174,3,3,1,Serie A Enilive,67,Right Midfielder,Whipped Pass,"Accurate, faster crosses with more curve",Play Style,Rapid,"Higher sprint speed while dribbling, reduced error on knock-ons",Play Style,Quick Step,Faster acceleration during Explosive Sprint,Play Style,,,,,,,,,,,,,Italy,Latium,Right Back,Defense,89,89,63,76,52,66,84,79,76,80,74,80,67,58,14,6,11,5,11,44,73,55,72,78,76,53,75,74,59,,
789,Francisco,Sampaio Moura,Francisco Moura,182,3,2,2,Liga Portugal,80,Left Midfielder,Long Ball Pass,"Accurate, faster Lob and Lofted Through Passes",Play Style,Whipped Pass,"Accurate, faster crosses with more curve",Play Style,Relentless,"Increased half time fatigue recovery, longer teammate contain and press",Play Style,,,,,,,,,,,,,Portugal,FC Porto,Left Back,Defense,79,72,78,81,70,73,69,77,73,79,73,76,67,60,15,10,6,5,14,67,72,50,74,75,76,70,76,75,45,,
790,Alistair,Johnston,,180,2,3,1,Scottish Prem,77,Right Midfielder,Jockey,"Faster Sprint Jockey, better transition speed",Play Style,Anticipate,"Improved standing tackle success, possibility of stopping ball at feet",Play Style,Relentless,"Increased half time fatigue recovery, longer teammate contain and press",Play Style,Bruiser,Stronger physical tackles,Play Style,,,,,,,,,,Canada,Celtic,Right Back,Defense,76,76,80,85,76,85,76,76,78,74,75,67,57,37,8,9,14,11,11,66,75,60,74,77,77,68,76,75,46,,
791,Geny,Cipriano Catamo,Geny Catamo,173,4,3,2,Liga Portugal,71,Left Midfielder,Finesse Shot,Faster finesse shots with more curve and accuracy,Play Style,Low Driven Shot,"Enhances a player's ability to execute low driven shots with increased accuracy, faster ball travel, and quicker shot execution.",Play Style,Gamechanger,Fancy and Trivela shots are performed with improved accuracy.,Play Style,Inventive,Fancy and Trivela passes are performed with improved accuracy.,Play Style,Rapid,"Higher sprint speed while dribbling, reduced error on knock-ons",Play Style,,,,,,,Mozambique,Sporting CP,Right Midfielder,Midfielder,92,88,68,79,50,56,80,82,72,72,67,82,74,54,10,7,10,9,8,52,59,53,76,74,70,73,66,72,71,Center Attacking Midfielder,Right Wing
792,Yacine,Adli,,186,3,3,1,Serie A Enilive,78,Center Midfielder,Long Ball Pass,"Accurate, faster Lob and Lofted Through Passes",Play Style,,,,,,,,,,,,,,,,,,,France,Milano FC,Center Defensive Midfielder,Midfielder,72,71,73,64,67,76,66,81,81,74,76,78,66,75,14,12,9,10,14,62,86,60,71,78,82,73,76,82,68,,
793,Andrea,Colpani,,184,3,3,2,Serie BKT,75,Center Attacking Midfielder,Low Driven Shot,"Enhances a player's ability to execute low driven shots with increased accuracy, faster ball travel, and quicker shot execution.",Play Style,,,,,,,,,,,,,,,,,,,Italy,Monza,Right Midfielder,Midfielder,73,73,74,74,65,58,66,80,75,73,62,79,76,76,10,9,6,12,11,67,76,70,77,76,80,78,69,76,75,Right Wing,
794,Riccardo,Calafiori,,188,3,4,2,Premier League,86,Center Back,Long Ball Pass,"Accurate, faster Lob and Lofted Through Passes",Play Style,,,,,,,,,,,,,,,,,,,Italy,Arsenal,Left Back,Defense,74,69,84,73,77,79,69,77,75,73,76,75,62,65,9,11,5,6,11,75,67,50,70,78,76,75,78,66,57,,
795,Geoffrey,Kondogbia,,188,3,3,2,Ligue 1 McDonald's,80,Center Defensive Midfielder,Power Shot,Faster power shots with increased speed,Play Style,Jockey,"Faster Sprint Jockey, better transition speed",Play Style,Anticipate,"Improved standing tackle success, possibility of stopping ball at feet",Play Style,Bruiser,Stronger physical tackles,Play Style,,,,,,,,,,Central African Republic,OM,Center Back,Defense,64,65,83,74,84,81,57,77,77,64,80,70,67,63,15,10,10,8,10,74,78,53,66,70,79,78,79,73,56,Center Midfielder,
796,Pape,Gueye,,189,2,3,2,LALIGA EA SPORTS,79,Center Defensive Midfielder,Aerial Fortress,Performs higher jumps and has physical defensive presence before and during aerial duels,Play Style,,,,,,,,,,,,,,,,,,,Senegal,Villarreal CF,Center Midfielder,Midfielder,66,67,77,80,78,79,68,78,76,67,77,76,56,55,12,12,12,14,12,68,79,52,75,77,81,81,77,79,49,,
797,Ladislav,Krejčí,,191,3,3,2,Premier League,87,Center Defensive Midfielder,Pinged Pass,Faster ground passes without affecting receiver's trapping,Play Style,Bruiser,Stronger physical tackles,Play Style,,,,,,,,,,,,,,,,Czech Republic,Wolves,Center Back,Defense,68,55,89,79,85,88,65,72,75,56,75,69,62,54,9,5,6,14,6,82,74,76,73,75,75,78,76,70,65,,
798,Daniel,Santos Bragança,Daniel Bragança,178,4,2,2,Liga Portugal,72,Center Defensive Midfielder,Finesse Shot,Faster finesse shots with more curve and accuracy,Play Style,Inventive,Fancy and Trivela passes are performed with improved accuracy.,Play Style,Intercept,Increased reach and possession retention in interceptions,Play Style,Technical,"Faster Controlled Sprint, precise wide turns while dribbling",Play Style,First Touch,"Reduced trapping error, faster dribbling transition",Play Style,,,,,,,Portugal,Sporting CP,Center Midfielder,Midfielder,76,77,64,70,58,59,75,82,75,65,64,80,76,73,6,12,14,11,11,49,79,66,72,77,82,66,71,79,63,Center Attacking Midfielder,
799,Oscar,Dorley,,174,4,3,2,Česká Liga,66,Center Midfielder,Tiki Taka,Accurate first-time Ground Passes,Play Style,Anticipate,"Improved standing tackle success, possibility of stopping ball at feet",Play Style,Technical,"Faster Controlled Sprint, precise wide turns while dribbling",Play Style,,,,,,,,,,,,,Liberia,Slavia Praha,Center Defensive Midfielder,Midfielder,80,86,75,86,64,72,83,79,79,74,78,78,52,67,11,6,8,13,5,64,76,62,64,77,80,63,74,74,55,,
800,İrfan Can,Kahveci,,176,3,3,2,Trendyol Süper Lig,75,Center Attacking Midfielder,Finesse Shot,Faster finesse shots with more curve and accuracy,Play Style,Power Shot,Faster power shots with increased speed,Play Style,Incisive Pass,"Accurate through passes, curvier swerve passes, faster precision passes",Play Style,Whipped Pass,"Accurate, faster crosses with more curve",Play Style,Technical,"Faster Controlled Sprint, precise wide turns while dribbling",Play Style,First Touch,"Reduced trapping error, faster dribbling transition",Play Style,,,,Turkey,Fenerbahçe,Right Wing,Attack,74,77,61,68,66,68,85,82,75,82,56,81,74,80,13,14,15,15,10,52,79,58,76,74,81,82,61,79,71,Center Midfielder,Right Midfielder
801,Sebastian,Szymański,,174,3,2,2,Trendyol Süper Lig,60,Center Midfielder,Finesse Shot,Faster finesse shots with more curve and accuracy,Play Style,Dead Ball,"Faster, accurate set pieces with longer trajectory preview",Play Style,Incisive Pass,"Accurate through passes, curvier swerve passes, faster precision passes",Play Style,Technical,"Faster Controlled Sprint, precise wide turns while dribbling",Play Style,,,,,,,,,,Poland,Fenerbahçe,Center Attacking Midfielder,Midfielder,81,85,71,84,57,70,80,78,76,78,66,74,76,74,9,10,10,14,14,58,78,54,80,77,79,79,60,78,62,,
802,Lovro,Majer,,178,4,3,2,Bundesliga,76,Center Attacking Midfielder,Inventive,Fancy and Trivela passes are performed with improved accuracy.,Play Style,Technical,"Faster Controlled Sprint, precise wide turns while dribbling",Play Style,First Touch,"Reduced trapping error, faster dribbling transition",Play Style,Relentless,"Increased half time fatigue recovery, longer teammate contain and press",Play Style,,,,,,,,,,Croatia,VfL Wolfsburg,Center Midfielder,Midfielder,76,84,71,84,65,63,76,84,78,79,58,83,71,77,9,12,12,5,6,55,79,80,76,78,82,76,58,78,67,Right Midfielder,
803,Sofyan,Amrabat,,183,3,2,1,LALIGA EA SPORTS,77,Center Midfielder,Slide Tackle,Stops ball at feet during slide tackles,Play Style,Press Proven,"Close control at jog speed, shields ball more effectively",Play Style,Relentless,"Increased half time fatigue recovery, longer teammate contain and press",Play Style,,,,,,,,,,,,,Morocco,Real Betis,Center Defensive Midfielder,Midfielder,62,62,76,79,82,86,76,77,76,64,74,74,65,65,13,13,6,16,12,65,78,57,66,74,77,81,78,75,68,Center Back,
804,Emil,Audero,,192,1,3,1,Serie A Enilive,83,,Cross Claimer,"Unique punching animations, powerful punches, faster crosses coverage",Play Style,,,,,,,,,,,,,,,,,,,Indonesia,Cremonese,Goalkeeper,Defense,55,53,66,25,55,24,51,18,56,13,10,19,16,12,79,74,72,76,81,19,19,22,8,75,29,54,12,40,18,,
805,Bryan,Heynen,,183,3,4,1,1A Pro League,74,Center Midfielder,Incisive Pass,"Accurate through passes, curvier swerve passes, faster precision passes",Play Style,Jockey,"Faster Sprint Jockey, better transition speed",Play Style,Intercept,Increased reach and possession retention in interceptions,Play Style,Aerial Fortress,Performs higher jumps and has physical defensive presence before and during aerial duels,Play Style,,,,,,,,,,Belgium,KRC Genk,Center Defensive Midfielder,Midfielder,60,70,72,91,73,76,70,81,82,67,77,73,74,68,7,12,6,8,10,67,76,71,75,81,79,75,74,78,77,,
806,Roland,Sallai,,183,4,4,1,Trendyol Süper Lig,79,Center Attacking Midfielder,Technical,"Faster Controlled Sprint, precise wide turns while dribbling",Play Style,,,,,,,,,,,,,,,,,,,Hungary,Galatasaray,Right Midfielder,Midfielder,77,76,74,78,70,77,76,80,65,75,65,81,75,45,7,5,11,14,9,59,64,62,78,75,76,69,65,75,68,Right Back,Right Wing
807,Yehvann,Diouf,,190,1,3,1,Ligue 1 McDonald's,74,,Far Throw,Unique goalkeeper throw animations with longer throw distance,Play Style,Cross Claimer,"Unique punching animations, powerful punches, faster crosses coverage",Play Style,,,,,,,,,,,,,,,,Senegal,OGC Nice,Goalkeeper,Defense,52,48,67,44,62,26,38,21,46,13,13,13,8,13,78,75,76,76,80,14,30,11,6,75,35,57,11,41,7,,
808,Yves,Bissouma,,182,3,3,1,Premier League,78,Center Midfielder,,,,,,,,,,,,,,,,,,,,,,Mali,Spurs,Center Defensive Midfielder,Midfielder,65,73,74,74,74,76,77,79,79,65,76,80,58,75,12,8,8,12,8,65,78,58,69,77,80,78,77,74,65,,
809,Mats,Wieffer,,188,3,3,1,Premier League,78,Center Midfielder,Block,Increased reach and success in blocking,Play Style,Intercept,Increased reach and possession retention in interceptions,Play Style,Press Proven,"Close control at jog speed, shields ball more effectively",Play Style,Bruiser,Stronger physical tackles,Play Style,,,,,,,,,,Holland,Brighton,Center Defensive Midfielder,Midfielder,67,67,82,77,76,84,65,78,78,68,73,73,62,52,7,12,14,12,7,76,78,55,63,75,79,75,78,74,68,,
810,Conor,Bradley,,181,3,3,1,Premier League,75,Right Midfielder,Relentless,"Increased half time fatigue recovery, longer teammate contain and press",Play Style,,,,,,,,,,,,,,,,,,,Northern Ireland,Liverpool,Right Back,Defense,80,72,76,84,65,84,67,77,68,77,75,75,62,34,15,9,10,5,10,65,65,40,74,76,74,68,77,69,55,,
811,Ander,Herrera Agüera,Ander Herrera,182,3,4,1,LPF,71,Center Midfielder,Press Proven,"Close control at jog speed, shields ball more effectively",Play Style,Relentless,"Increased half time fatigue recovery, longer teammate contain and press",Play Style,,,,,,,,,,,,,,,,Spain,Boca Juniors,Center Defensive Midfielder,Midfielder,65,72,70,78,69,80,78,78,83,76,80,77,68,64,9,12,15,9,8,63,78,74,76,75,76,76,77,78,70,,
812,Andrija,Živković,,169,4,3,2,Hellas Liga,62,Right Wing,Technical,"Faster Controlled Sprint, precise wide turns while dribbling",Play Style,Quick Step,Faster acceleration during Explosive Sprint,Play Style,Long Throw,Powerful throw-ins for greater distance,Play Style,,,,,,,,,,,,,Serbia,PAOK FC,Right Midfielder,Midfielder,84,80,66,74,58,75,88,81,78,75,54,82,74,71,9,11,8,6,6,47,70,70,75,74,74,78,61,77,70,Left Wing,
813,Saša,Lukić,,183,2,3,1,Premier League,77,Center Midfielder,,,,,,,,,,,,,,,,,,,,,,Serbia,Fulham,Center Defensive Midfielder,Midfielder,63,65,72,84,75,83,68,77,75,77,75,74,65,70,9,11,13,9,6,62,75,70,68,72,78,75,78,74,68,,
814,Juan Camilo,Hernández Suárez,Cucho,176,4,4,1,LALIGA EA SPORTS,73,Center Attacking Midfielder,Acrobatic,"Perform volleys with increased accuracy, acrobatic volley animations",Play Style,Quick Step,Faster acceleration during Explosive Sprint,Play Style,,,,,,,,,,,,,,,,Colombia,Real Betis,Striker,Attack,84,81,90,79,76,78,80,82,77,68,44,82,76,70,9,11,11,9,6,77,76,70,78,78,79,79,43,75,73,,
815,João Mário,N. Costa Eduardo,João Mário,179,3,4,1,Trendyol Süper Lig,73,Right Midfielder,Incisive Pass,"Accurate through passes, curvier swerve passes, faster precision passes",Play Style,Technical,"Faster Controlled Sprint, precise wide turns while dribbling",Play Style,First Touch,"Reduced trapping error, faster dribbling transition",Play Style,,,,,,,,,,,,,Portugal,Beşiktaş,Left Midfielder,Midfielder,68,77,67,77,65,63,72,80,86,78,64,79,74,67,6,15,8,8,8,55,76,84,78,78,82,78,65,81,71,Center Midfielder,Left Wing
816,Rodrigo,Rey,,190,1,3,1,LPF,78,,Footwork,"Exclusive foot saves, better performance on low shots",Play Style,,,,,,,,,,,,,,,,,,,Argentina,Independiente,Goalkeeper,Defense,55,43,66,35,60,33,53,23,62,18,18,20,18,17,76,76,74,78,79,12,13,23,14,72,31,56,18,56,15,,
817,Conan,Ledesma,,183,1,2,1,LPF,84,,Far Throw,Unique goalkeeper throw animations with longer throw distance,Play Style,Cross Claimer,"Unique punching animations, powerful punches, faster crosses coverage",Play Style,Deflector,"Unique deflection animations, powerful parries to safer areas",Play Style,,,,,,,,,,,,,Argentina,River Plate,Goalkeeper,Defense,49,48,74,41,79,34,49,33,47,18,15,22,16,18,79,75,73,78,79,17,31,30,15,75,35,55,15,53,19,,
818,Raoul,Bellanova,,188,3,3,1,Serie A Enilive,85,Right Back,Whipped Pass,"Accurate, faster crosses with more curve",Play Style,Rapid,"Higher sprint speed while dribbling, reduced error on knock-ons",Play Style,Long Throw,Powerful throw-ins for greater distance,Play Style,,,,,,,,,,,,,Italy,Bergamo Calcio,Right Midfielder,Midfielder,82,65,81,81,71,70,62,78,66,80,72,79,61,33,8,8,9,8,6,68,72,41,69,75,78,55,73,68,35,Right Wing,
819,Martin,Baturina,,172,3,4,1,Serie A Enilive,68,Center Midfielder,Finesse Shot,Faster finesse shots with more curve and accuracy,Play Style,Incisive Pass,"Accurate through passes, curvier swerve passes, faster precision passes",Play Style,Inventive,Fancy and Trivela passes are performed with improved accuracy.,Play Style,Technical,"Faster Controlled Sprint, precise wide turns while dribbling",Play Style,First Touch,"Reduced trapping error, faster dribbling transition",Play Style,,,,,,,Croatia,Como,Center Attacking Midfielder,Midfielder,77,78,70,76,67,49,86,83,79,73,62,84,67,73,7,5,7,10,6,51,77,70,68,76,81,75,60,79,70,,
820,Richarlison,de Andrade,Richarlison,184,4,4,1,Premier League,71,Left Wing,Precision Header,Performs headers with increased accuracy and power.,Play Style,Acrobatic,"Perform volleys with increased accuracy, acrobatic volley animations",Play Style,Technical,"Faster Controlled Sprint, precise wide turns while dribbling",Play Style,,,,,,,,,,,,,Brazil,Spurs,Striker,Attack,77,72,89,68,74,84,65,79,79,73,43,80,78,65,12,7,8,11,13,82,61,77,79,76,76,83,58,74,78,Left Midfielder,
821,Nicolas,Kühn,,175,4,5,2,Serie A Enilive,69,Right Midfielder,Technical,"Faster Controlled Sprint, precise wide turns while dribbling",Play Style,Quick Step,Faster acceleration during Explosive Sprint,Play Style,,,,,,,,,,,,,,,,Germany,Como,Right Wing,Attack,90,89,74,82,67,65,85,78,78,67,43,81,74,66,5,14,14,13,12,51,67,58,75,79,71,75,52,75,65,,
822,Lutsharel,Geertruida,,185,2,3,1,Premier League,84,Right Back,Pinged Pass,Faster ground passes without affecting receiver's trapping,Play Style,Jockey,"Faster Sprint Jockey, better transition speed",Play Style,Intercept,Increased reach and possession retention in interceptions,Play Style,,,,,,,,,,,,,Holland,Sunderland,Center Back,Defense,76,69,89,76,80,73,68,77,75,70,76,76,66,30,12,11,13,12,10,79,74,45,69,75,76,65,81,69,38,Left Back,
823,Samuele,Ricci,,181,3,3,1,Serie A Enilive,76,Center Midfielder,Inventive,Fancy and Trivela passes are performed with improved accuracy.,Play Style,Jockey,"Faster Sprint Jockey, better transition speed",Play Style,,,,,,,,,,,,,,,,Italy,Milano FC,Center Defensive Midfielder,Midfielder,74,76,70,84,65,74,75,81,80,62,74,78,53,62,14,12,6,11,13,57,79,52,68,76,83,70,76,78,54,,
824,Ilaix,Moriba,,185,4,4,1,LALIGA EA SPORTS,73,,Technical,"Faster Controlled Sprint, precise wide turns while dribbling",Play Style,,,,,,,,,,,,,,,,,,,Guinea,Celta,Center Midfielder,Midfielder,66,65,73,81,71,73,59,77,78,47,72,78,73,59,9,14,15,10,12,67,78,49,73,77,80,73,77,78,52,,
825,Robin,Zentner,,194,1,3,1,Bundesliga,96,,Far Throw,Unique goalkeeper throw animations with longer throw distance,Play Style,Footwork,"Exclusive foot saves, better performance on low shots",Play Style,,,,,,,,,,,,,,,,Germany,1. FSV Mainz 05,Goalkeeper,Defense,60,30,80,29,83,42,45,16,46,17,17,11,14,16,81,74,59,72,83,18,26,25,10,77,29,44,17,22,15,,
826,Santiago,Hezze,,182,3,3,1,Hellas Liga,77,Center Midfielder,Jockey,"Faster Sprint Jockey, better transition speed",Play Style,Intercept,Increased reach and possession retention in interceptions,Play Style,Relentless,"Increased half time fatigue recovery, longer teammate contain and press",Play Style,,,,,,,,,,,,,Argentina,Olympiacos FC,Center Defensive Midfielder,Midfielder,68,73,81,88,78,76,70,75,72,62,72,71,64,40,8,13,14,14,7,74,76,46,72,73,78,67,80,72,38,,
827,Milan,Borjan,,196,1,2,1,ROSHN Saudi League,84,,Far Throw,Unique goalkeeper throw animations with longer throw distance,Play Style,Cross Claimer,"Unique punching animations, powerful punches, faster crosses coverage",Play Style,,,,,,,,,,,,,,,,Canada,Al Riyadh,Goalkeeper,Defense,49,42,77,42,81,44,48,23,60,15,21,28,15,16,72,78,76,82,76,24,48,34,14,74,38,57,23,57,19,,
828,Javier,Puado Díaz,Puado,177,4,3,1,LALIGA EA SPORTS,69,Left Midfielder,Precision Header,Performs headers with increased accuracy and power.,Play Style,Rapid,"Higher sprint speed while dribbling, reduced error on knock-ons",Play Style,Quick Step,Faster acceleration during Explosive Sprint,Play Style,Relentless,"Increased half time fatigue recovery, longer teammate contain and press",Play Style,,,,,,,,,,Spain,RCD Espanyol,Striker,Attack,79,81,84,82,73,66,75,79,77,68,45,78,79,50,8,9,11,8,13,73,68,80,82,77,76,76,48,77,74,Center Attacking Midfielder,
829,Adem,Zorgane,,184,3,4,1,1A Pro League,77,Center Midfielder,Long Ball Pass,"Accurate, faster Lob and Lofted Through Passes",Play Style,Tiki Taka,Accurate first-time Ground Passes,Play Style,Whipped Pass,"Accurate, faster crosses with more curve",Play Style,Inventive,Fancy and Trivela passes are performed with improved accuracy.,Play Style,Anticipate,"Improved standing tackle success, possibility of stopping ball at feet",Play Style,Press Proven,"Close control at jog speed, shields ball more effectively",Play Style,Relentless,"Increased half time fatigue recovery, longer teammate contain and press",Play Style,Algeria,R. Union St.-G.,Center Defensive Midfielder,Midfielder,59,67,75,90,83,76,63,78,77,76,69,75,67,63,14,11,7,9,12,62,79,66,65,76,79,79,73,79,58,,
830,Jonas,Hofmann,,176,3,4,1,Bundesliga,72,Striker,Incisive Pass,"Accurate through passes, curvier swerve passes, faster precision passes",Play Style,,,,,,,,,,,,,,,,,,,Germany,Leverkusen,Center Attacking Midfielder,Midfielder,69,77,63,73,66,70,79,81,79,75,70,78,77,75,6,6,10,10,10,48,76,71,81,81,79,74,57,80,85,Center Midfielder,
831,Pierre,Lees-Melou,,186,3,4,1,Ligue 1 McDonald's,70,Center Midfielder,Pinged Pass,Faster ground passes without affecting receiver's trapping,Play Style,Long Ball Pass,"Accurate, faster Lob and Lofted Through Passes",Play Style,Relentless,"Increased half time fatigue recovery, longer teammate contain and press",Play Style,,,,,,,,,,,,,France,Paris FC,Center Defensive Midfielder,Midfielder,61,71,69,80,71,71,65,80,77,76,76,77,70,68,14,6,12,9,10,58,78,65,75,78,79,77,74,77,58,,
832,Matvey,Safonov,,192,1,2,1,Ligue 1 McDonald's,82,,Far Throw,Unique goalkeeper throw animations with longer throw distance,Play Style,,,,,,,,,,,,,,,,,,,Russia,Paris SG,Goalkeeper,Defense,46,55,65,34,65,38,34,26,59,13,20,15,8,11,79,74,75,77,80,13,26,12,8,70,39,56,14,58,7,,
833,Zeno,Debast,,191,3,4,1,Liga Portugal,76,Center Back,Long Ball Pass,"Accurate, faster Lob and Lofted Through Passes",Play Style,,,,,,,,,,,,,,,,,,,Belgium,Sporting CP,Center Defensive Midfielder,Midfielder,66,61,80,81,73,77,53,78,73,77,76,76,51,71,6,6,15,6,5,76,81,42,53,77,77,68,79,71,37,Center Midfielder,
834,Beñat,Prados Díaz,Beñat Prados,180,2,3,1,LALIGA EA SPORTS,70,Center Midfielder,Long Ball Pass,"Accurate, faster Lob and Lofted Through Passes",Play Style,Slide Tackle,Stops ball at feet during slide tackles,Play Style,Aerial Fortress,Performs higher jumps and has physical defensive presence before and during aerial duels,Play Style,,,,,,,,,,,,,Spain,Athletic Club,Center Defensive Midfielder,Midfielder,70,78,76,83,73,80,82,77,77,65,77,72,59,49,15,8,13,9,8,70,75,47,66,78,77,70,78,76,52,Center Back,
835,Guillaume,Restes,,188,1,3,2,Ligue 1 McDonald's,82,,Footwork,"Exclusive foot saves, better performance on low shots",Play Style,,,,,,,,,,,,,,,,,,,France,Toulouse FC,Goalkeeper,Defense,38,38,62,39,65,22,42,17,55,17,11,8,9,13,78,74,80,77,80,12,48,15,9,72,51,60,16,62,7,,
836,Marco,Bizot,,193,1,2,1,Premier League,88,,Long Ball Pass,"Accurate, faster Lob and Lofted Through Passes",Play Style,Far Throw,Unique goalkeeper throw animations with longer throw distance,Play Style,Footwork,"Exclusive foot saves, better performance on low shots",Play Style,Deflector,"Unique deflection animations, powerful parries to safer areas",Play Style,,,,,,,,,,Holland,Aston Villa,Goalkeeper,Defense,45,50,65,31,63,39,40,32,47,20,11,12,15,15,78,75,72,79,78,16,33,36,13,76,28,54,12,56,13,,
837,Joakim,Mæhle,,185,3,3,1,Bundesliga,79,Right Back,Anticipate,"Improved standing tackle success, possibility of stopping ball at feet",Play Style,,,,,,,,,,,,,,,,,,,Denmark,VfL Wolfsburg,Left Back,Defense,77,70,79,83,74,73,65,79,73,75,75,74,50,40,12,8,12,10,8,64,69,33,76,79,77,65,74,66,63,Left Midfielder,
838,Djed,Spence,,184,3,3,1,Premier League,71,Left Back,Rapid,"Higher sprint speed while dribbling, reduced error on knock-ons",Play Style,,,,,,,,,,,,,,,,,,,England,Spurs,Right Back,Defense,87,78,83,76,72,65,67,78,78,76,75,82,38,28,13,8,7,11,6,69,65,37,75,75,77,54,75,72,27,Right Midfielder,
839,Pietro,Terracciano,,193,1,2,1,Serie A Enilive,78,,Footwork,"Exclusive foot saves, better performance on low shots",Play Style,Rush Out,"Unique reflex saves, better close shot reads, faster rush",Play Style,,,,,,,,,,,,,,,,Italy,Milano FC,Goalkeeper,Defense,40,48,62,33,60,21,45,22,65,13,20,15,11,12,79,75,72,78,82,15,21,22,12,70,27,54,11,45,16,,
840,Pablo,Maffeo Becerra,Pablo Maffeo,172,3,3,1,LALIGA EA SPORTS,70,Right Midfielder,Block,Increased reach and success in blocking,Play Style,,,,,,,,,,,,,,,,,,,Argentina,RCD Mallorca,Right Back,Defense,83,74,80,71,69,67,81,79,62,79,74,80,53,34,10,7,14,12,15,70,68,37,67,73,75,57,82,64,21,,
841,Hiroki,Ito,,188,2,3,2,Bundesliga,84,Left Back,Jockey,"Faster Sprint Jockey, better transition speed",Play Style,Block,Increased reach and success in blocking,Play Style,,,,,,,,,,,,,,,,Japan,FC Bayern München,Center Back,Defense,74,66,84,59,77,72,67,77,76,68,83,69,48,45,13,10,10,10,10,74,80,47,56,82,77,78,78,66,45,Left Midfielder,
842,Santiago,Comesaña Veiga,Santi Comesaña,188,3,4,1,LALIGA EA SPORTS,75,Center Defensive Midfielder,Precision Header,Performs headers with increased accuracy and power.,Play Style,Bruiser,Stronger physical tackles,Play Style,,,,,,,,,,,,,,,,Spain,Villarreal CF,Center Midfielder,Midfielder,54,59,70,75,74,77,55,78,78,54,77,77,73,55,8,11,11,6,9,67,80,53,74,79,81,74,80,76,51,,
843,Callum,Hudson-Odoi,,182,4,3,1,Premier League,76,Left Wing,Technical,"Faster Controlled Sprint, precise wide turns while dribbling",Play Style,,,,,,,,,,,,,,,,,,,England,Nott'm Forest,Left Midfielder,Midfielder,85,83,71,73,62,53,78,80,77,76,50,82,75,70,14,13,11,15,5,52,70,60,75,75,75,78,53,76,60,,
844,Jon,Moncayola Tollar,Moncayola,182,3,4,1,LALIGA EA SPORTS,78,Center Defensive Midfielder,Slide Tackle,Stops ball at feet during slide tackles,Play Style,,,,,,,,,,,,,,,,,,,Spain,CA Osasuna,Center Midfielder,Midfielder,64,66,66,74,66,75,65,78,73,67,72,82,68,57,7,7,11,11,14,55,79,50,74,76,82,70,78,77,50,Right Back,
845,Hákon Arnar,Haraldsson,,178,3,4,1,Ligue 1 McDonald's,71,Left Midfielder,Incisive Pass,"Accurate through passes, curvier swerve passes, faster precision passes",Play Style,Technical,"Faster Controlled Sprint, precise wide turns while dribbling",Play Style,,,,,,,,,,,,,,,,Iceland,LOSC Lille,Center Attacking Midfielder,Midfielder,77,86,63,85,57,82,82,81,78,70,60,81,69,68,7,14,10,14,6,45,74,58,76,76,79,66,56,79,64,Center Midfielder,
846,Edin,Višća,,172,3,4,1,Trendyol Süper Lig,63,Left Midfielder,Dead Ball,"Faster, accurate set pieces with longer trajectory preview",Play Style,Whipped Pass,"Accurate, faster crosses with more curve",Play Style,Inventive,Fancy and Trivela passes are performed with improved accuracy.,Play Style,Rapid,"Higher sprint speed while dribbling, reduced error on knock-ons",Play Style,First Touch,"Reduced trapping error, faster dribbling transition",Play Style,,,,,,,Bosnia and Herzegovina,Trabzonspor,Right Midfielder,Midfielder,83,87,66,81,58,61,91,79,81,76,55,78,73,68,8,14,14,12,16,45,71,77,78,73,74,80,40,78,74,Right Wing,
847,Franco,Armani,,189,1,3,1,LPF,88,,Long Ball Pass,"Accurate, faster Lob and Lofted Through Passes",Play Style,Cross Claimer,"Unique punching animations, powerful punches, faster crosses coverage",Play Style,Deflector,"Unique deflection animations, powerful parries to safer areas",Play Style,,,,,,,,,,,,,Argentina,River Plate,Goalkeeper,Defense,44,31,74,35,83,44,50,42,52,18,14,21,11,16,73,75,69,81,82,19,29,20,17,74,35,52,13,54,18,,
848,Marc,Roca Junqué,Marc Roca,184,3,3,2,LALIGA EA SPORTS,81,Center Midfielder,,,,,,,,,,,,,,,,,,,,,,Spain,Real Betis,Center Defensive Midfielder,Midfielder,53,65,71,75,75,74,65,77,77,67,76,74,63,52,12,11,11,10,8,69,80,68,62,76,80,75,77,78,44,,
849,Dwight,McNeil,,183,3,2,2,Premier League,68,Center Attacking Midfielder,Incisive Pass,"Accurate through passes, curvier swerve passes, faster precision passes",Play Style,Whipped Pass,"Accurate, faster crosses with more curve",Play Style,Technical,"Faster Controlled Sprint, precise wide turns while dribbling",Play Style,,,,,,,,,,,,,England,Everton,Left Midfielder,Midfielder,68,75,68,84,64,57,72,79,76,82,57,81,73,74,6,14,14,12,14,59,75,62,75,76,78,83,60,80,57,Right Midfielder,Left Wing
850,Melvin,Bard,,173,3,3,2,Ligue 1 McDonald's,65,Left Midfielder,Whipped Pass,"Accurate, faster crosses with more curve",Play Style,Intercept,Increased reach and possession retention in interceptions,Play Style,Slide Tackle,Stops ball at feet during slide tackles,Play Style,Long Throw,Powerful throw-ins for greater distance,Play Style,,,,,,,,,,France,OGC Nice,Left Back,Defense,77,73,76,81,74,77,80,75,70,75,76,73,45,33,12,12,5,7,14,59,68,45,69,75,74,70,78,64,40,Center Back,
851,Mark,Flekken,,195,1,4,1,Bundesliga,87,,Long Ball Pass,"Accurate, faster Lob and Lofted Through Passes",Play Style,Footwork,"Exclusive foot saves, better performance on low shots",Play Style,,,,,,,,,,,,,,,,Holland,Leverkusen,Goalkeeper,Defense,29,34,63,28,72,32,38,34,62,14,15,12,16,12,79,76,80,76,80,11,56,23,14,74,54,60,13,51,14,,
852,Anthony,Caci,,185,3,5,1,Bundesliga,76,Right Midfielder,Long Ball Pass,"Accurate, faster Lob and Lofted Through Passes",Play Style,,,,,,,,,,,,,,,,,,,France,1. FSV Mainz 05,Right Back,Defense,70,68,79,90,72,68,70,76,70,75,74,71,57,48,11,9,12,7,8,73,74,52,69,76,74,63,77,68,47,Center Back,
853,Jhon,Arias,,168,3,4,1,Premier League,70,Center Attacking Midfielder,Press Proven,"Close control at jog speed, shields ball more effectively",Play Style,Relentless,"Increased half time fatigue recovery, longer teammate contain and press",Play Style,,,,,,,,,,,,,,,,Colombia,Wolves,Right Wing,Attack,86,90,74,78,72,45,88,76,76,76,45,78,75,63,7,7,7,6,15,48,69,70,75,76,76,79,32,77,68,Left Wing,Right Midfielder
854,Amine,Adli,,174,4,3,2,Premier League,72,Left Midfielder,Gamechanger,Fancy and Trivela shots are performed with improved accuracy.,Play Style,Technical,"Faster Controlled Sprint, precise wide turns while dribbling",Play Style,,,,,,,,,,,,,,,,Morocco,AFC Bournemouth,Striker,Attack,87,86,91,64,67,73,84,82,71,66,44,83,79,52,10,8,14,8,12,74,63,68,78,76,75,79,38,73,67,Center Attacking Midfielder,
855,Xherdan,Shaqiri,,169,5,4,2,Brack Super League,72,Right Wing,Finesse Shot,Faster finesse shots with more curve and accuracy,Play Style,Power Shot,Faster power shots with increased speed,Play Style,Dead Ball,"Faster, accurate set pieces with longer trajectory preview",Play Style,Gamechanger,Fancy and Trivela shots are performed with improved accuracy.,Play Style,Incisive Pass,"Accurate through passes, curvier swerve passes, faster precision passes",Play Style,Inventive,Fancy and Trivela passes are performed with improved accuracy.,Play Style,,,,Switzerland,FC Basel 1893,Center Attacking Midfielder,Midfielder,69,73,69,73,80,55,85,83,80,79,30,80,79,88,13,12,12,11,11,45,79,78,76,68,80,87,45,82,75,Center Midfielder,
856,Nicolás,Tagliafico,,172,3,2,2,Ligue 1 McDonald's,65,Left Midfielder,Slide Tackle,Stops ball at feet during slide tackles,Play Style,,,,,,,,,,,,,,,,,,,Argentina,OL,Left Back,Defense,74,77,84,78,72,81,83,77,77,74,75,73,57,40,13,9,10,15,16,77,72,46,70,79,74,65,79,68,51,,
857,Leonardo,Fernández,,166,4,3,2,Libertadores,66,Striker,Power Shot,Faster power shots with increased speed,Play Style,Dead Ball,"Faster, accurate set pieces with longer trajectory preview",Play Style,Gamechanger,Fancy and Trivela shots are performed with improved accuracy.,Play Style,Long Ball Pass,"Accurate, faster Lob and Lofted Through Passes",Play Style,Tiki Taka,Accurate first-time Ground Passes,Play Style,Technical,"Faster Controlled Sprint, precise wide turns while dribbling",Play Style,,,,Uruguay,,Center Attacking Midfielder,Midfielder,78,82,63,68,64,57,83,76,68,73,46,78,80,85,12,8,14,7,14,40,76,74,78,72,81,88,45,77,55,,
858,Romeo,Lavia,,181,3,3,1,Premier League,76,Center Midfielder,Technical,"Faster Controlled Sprint, precise wide turns while dribbling",Play Style,,,,,,,,,,,,,,,,,,,Belgium,Chelsea,Center Defensive Midfielder,Midfielder,71,76,80,65,77,79,77,78,78,62,78,77,43,50,7,7,5,11,13,70,76,50,60,77,79,63,78,75,43,,
859,Lukas,Klostermann,,189,2,3,1,Bundesliga,90,Right Back,Quick Step,Faster acceleration during Explosive Sprint,Play Style,,,,,,,,,,,,,,,,,,,Germany,RB Leipzig,Center Back,Defense,81,62,88,72,78,70,60,72,69,70,81,71,55,22,8,12,10,7,7,75,62,32,68,80,74,58,80,55,41,,
860,Edson,Álvarez,,187,2,2,1,Trendyol Süper Lig,73,Center Midfielder,Block,Increased reach and success in blocking,Play Style,Anticipate,"Improved standing tackle success, possibility of stopping ball at feet",Play Style,Slide Tackle,Stops ball at feet during slide tackles,Play Style,Bruiser,Stronger physical tackles,Play Style,,,,,,,,,,Mexico,Fenerbahçe,Center Defensive Midfielder,Midfielder,64,60,79,72,80,86,68,76,76,64,76,72,57,40,7,11,10,7,6,82,76,65,56,77,78,74,79,69,63,,
861,Francisco José,Beltrán Peinado,Fran Beltrán,165,3,3,1,LALIGA EA SPORTS,64,Center Defensive Midfielder,Tiki Taka,Accurate first-time Ground Passes,Play Style,,,,,,,,,,,,,,,,,,,Spain,Celta,Center Midfielder,Midfielder,56,77,65,77,64,70,88,78,67,72,77,76,65,55,14,11,8,13,9,60,81,49,70,76,81,68,78,78,63,,
862,Yunus,Akgün,,173,4,3,2,Trendyol Süper Lig,65,Left Midfielder,Finesse Shot,Faster finesse shots with more curve and accuracy,Play Style,Gamechanger,Fancy and Trivela shots are performed with improved accuracy.,Play Style,Rapid,"Higher sprint speed while dribbling, reduced error on knock-ons",Play Style,Quick Step,Faster acceleration during Explosive Sprint,Play Style,,,,,,,,,,Turkey,Galatasaray,Right Midfielder,Midfielder,88,89,60,76,50,68,88,79,77,72,41,81,77,64,6,9,8,7,7,52,72,67,70,74,76,84,38,76,71,Center Attacking Midfielder,Right Wing
863,Samuel,Almeida Costa,Samú Costa,183,2,2,2,LALIGA EA SPORTS,75,Center Midfielder,Intercept,Increased reach and possession retention in interceptions,Play Style,Aerial Fortress,Performs higher jumps and has physical defensive presence before and during aerial duels,Play Style,Press Proven,"Close control at jog speed, shields ball more effectively",Play Style,,,,,,,,,,,,,Portugal,RCD Mallorca,Center Defensive Midfielder,Midfielder,65,67,79,82,76,81,64,76,66,58,74,69,59,52,6,7,12,14,9,71,76,54,64,74,79,79,78,71,50,,
864,Eduardo Gabriel,Aquino Cossa,Pepê,173,4,2,1,Liga Portugal,72,Right Midfielder,Technical,"Faster Controlled Sprint, precise wide turns while dribbling",Play Style,First Touch,"Reduced trapping error, faster dribbling transition",Play Style,Trickster,Performs unique flick Skill Moves,Play Style,Quick Step,Faster acceleration during Explosive Sprint,Play Style,,,,,,,,,,Brazil,FC Porto,Center Attacking Midfielder,Midfielder,86,87,61,73,52,54,80,84,73,71,55,83,70,53,14,6,13,10,9,42,69,65,78,79,75,68,45,75,69,Left Midfielder,Center Midfielder
865,Calvin,Bassey,,185,2,3,2,Premier League,88,,,,,,,,,,,,,,,,,,,,,,,Nigeria,Fulham,Center Back,Defense,75,67,82,86,88,85,66,66,70,68,79,69,36,37,9,7,5,8,7,75,60,44,57,77,71,65,78,55,49,,
866,João Victor,Gomes da Silva,João Gomes,176,3,3,1,Premier League,74,Center Midfielder,Slide Tackle,Stops ball at feet during slide tackles,Play Style,Press Proven,"Close control at jog speed, shields ball more effectively",Play Style,,,,,,,,,,,,,,,,Brazil,Wolves,Center Defensive Midfielder,Midfielder,56,74,69,78,68,84,82,77,72,64,74,73,65,63,7,14,10,14,13,70,77,69,68,75,78,75,81,73,55,,
867,Davide,Calabria,,177,3,3,1,Hellas Liga,70,,,,,,,,,,,,,,,,,,,,,,,Italy,Panathinaikos,Right Back,Defense,79,80,72,73,58,78,81,75,78,76,75,68,48,48,8,14,15,12,7,64,69,48,51,75,73,68,79,64,60,,
868,Romano,Schmid,,168,3,3,1,Bundesliga,73,Center Midfielder,Incisive Pass,"Accurate through passes, curvier swerve passes, faster precision passes",Play Style,,,,,,,,,,,,,,,,,,,Austria,SV Werder Bremen,Center Attacking Midfielder,Midfielder,78,87,55,88,49,44,90,83,72,83,60,84,62,65,7,9,7,9,6,39,72,52,77,79,80,76,57,78,55,,
869,Vitaliy,Mykolenko,,180,2,2,2,Premier League,71,Left Midfielder,Intercept,Increased reach and possession retention in interceptions,Play Style,,,,,,,,,,,,,,,,,,,Ukraine,Everton,Left Back,Defense,70,66,72,79,69,64,68,74,72,74,78,70,44,42,9,8,14,9,14,65,69,50,65,76,74,70,80,70,64,,
870,Enzo,Millot,,174,4,2,2,ROSHN Saudi League,66,Center Midfielder,Incisive Pass,"Accurate through passes, curvier swerve passes, faster precision passes",Play Style,Inventive,Fancy and Trivela passes are performed with improved accuracy.,Play Style,Technical,"Faster Controlled Sprint, precise wide turns while dribbling",Play Style,First Touch,"Reduced trapping error, faster dribbling transition",Play Style,,,,,,,,,,France,Al Ahli,Center Attacking Midfielder,Midfielder,77,87,55,75,46,57,85,82,74,70,64,83,71,59,13,15,12,8,8,44,75,62,77,79,80,73,65,78,54,,
871,Alassane,Pléa,,181,4,3,1,Eredivisie,82,Center Attacking Midfielder,Finesse Shot,Faster finesse shots with more curve and accuracy,Play Style,Precision Header,Performs headers with increased accuracy and power.,Play Style,Incisive Pass,"Accurate through passes, curvier swerve passes, faster precision passes",Play Style,Inventive,Fancy and Trivela passes are performed with improved accuracy.,Play Style,Technical,"Faster Controlled Sprint, precise wide turns while dribbling",Play Style,First Touch,"Reduced trapping error, faster dribbling transition",Play Style,,,,France,,Striker,Attack,75,77,82,73,73,53,79,80,79,79,29,80,78,73,11,15,16,12,15,73,78,70,80,79,79,79,38,84,80,Left Wing,
872,Aschraf,El Mahdioui,,182,3,4,1,ROSHN Saudi League,71,Center Midfielder,Pinged Pass,Faster ground passes without affecting receiver's trapping,Play Style,Long Ball Pass,"Accurate, faster Lob and Lofted Through Passes",Play Style,Intercept,Increased reach and possession retention in interceptions,Play Style,Aerial Fortress,Performs higher jumps and has physical defensive presence before and during aerial duels,Play Style,Press Proven,"Close control at jog speed, shields ball more effectively",Play Style,,,,,,,Holland,Al Taawoun,Center Defensive Midfielder,Midfielder,69,75,63,90,75,75,68,79,81,64,75,68,44,65,10,9,9,6,12,54,80,65,57,78,80,66,75,73,53,Center Back,
873,Sem,Steijn,,173,3,3,1,Eredivisie,59,Center Midfielder,Finesse Shot,Faster finesse shots with more curve and accuracy,Play Style,Chip Shot,"Faster, more accurate chip shots",Play Style,Acrobatic,"Perform volleys with increased accuracy, acrobatic volley animations",Play Style,Gamechanger,Fancy and Trivela shots are performed with improved accuracy.,Play Style,Relentless,"Increased half time fatigue recovery, longer teammate contain and press",Play Style,,,,,,,Holland,,Center Attacking Midfielder,Midfielder,73,75,71,89,66,78,84,80,77,68,37,75,86,81,7,8,9,6,12,74,69,83,87,82,77,84,40,79,82,,
874,Malick,Thiaw,,194,2,4,1,Premier League,89,,Slide Tackle,Stops ball at feet during slide tackles,Play Style,,,,,,,,,,,,,,,,,,,Germany,Newcastle Utd,Center Back,Defense,72,67,88,76,82,76,54,76,78,55,78,70,43,44,10,6,15,11,9,78,78,64,42,78,81,56,78,65,44,,
875,Jorrel,Hato,,182,2,3,2,Premier League,76,Center Back,Pinged Pass,Faster ground passes without affecting receiver's trapping,Play Style,Jockey,"Faster Sprint Jockey, better transition speed",Play Style,Intercept,Increased reach and possession retention in interceptions,Play Style,Quick Step,Faster acceleration during Explosive Sprint,Play Style,,,,,,,,,,Holland,Chelsea,Left Back,Defense,87,76,91,69,73,72,78,78,78,66,74,70,39,31,8,5,5,13,9,69,74,34,61,79,79,55,77,67,36,,
876,Julian,Weigl,,186,3,3,1,ROSHN Saudi League,77,Center Midfielder,Pinged Pass,Faster ground passes without affecting receiver's trapping,Play Style,Long Ball Pass,"Accurate, faster Lob and Lofted Through Passes",Play Style,Tiki Taka,Accurate first-time Ground Passes,Play Style,Intercept,Increased reach and possession retention in interceptions,Play Style,Aerial Fortress,Performs higher jumps and has physical defensive presence before and during aerial duels,Play Style,Press Proven,"Close control at jog speed, shields ball more effectively",Play Style,,,,Germany,Al Qadsiah,Center Defensive Midfielder,Midfielder,65,74,75,83,68,72,64,77,78,59,74,71,65,46,6,14,16,11,7,74,84,57,67,78,84,68,78,74,57,Center Back,
877,Gelson Dany,Batalha Martins,Gelson Martins,170,4,2,1,Hellas Liga,74,Left Midfielder,Rapid,"Higher sprint speed while dribbling, reduced error on knock-ons",Play Style,,,,,,,,,,,,,,,,,,,Portugal,Olympiacos FC,Right Midfielder,Midfielder,90,90,62,74,42,64,85,82,74,72,54,83,68,60,12,9,7,6,9,51,65,66,78,75,75,74,51,70,74,Right Wing,
878,Tomáš,Souček,,192,3,3,1,Premier League,86,Center Midfielder,Precision Header,Performs headers with increased accuracy and power.,Play Style,Aerial Fortress,Performs higher jumps and has physical defensive presence before and during aerial duels,Play Style,,,,,,,,,,,,,,,,Czech Republic,West Ham,Center Defensive Midfielder,Midfielder,42,34,79,87,80,79,48,75,73,68,75,71,72,53,11,13,5,6,8,84,75,70,76,78,75,73,79,71,79,,
879,Ryan,Gauld,,169,4,3,2,MLS,62,Striker,Finesse Shot,Faster finesse shots with more curve and accuracy,Play Style,Incisive Pass,"Accurate through passes, curvier swerve passes, faster precision passes",Play Style,Inventive,Fancy and Trivela passes are performed with improved accuracy.,Play Style,Technical,"Faster Controlled Sprint, precise wide turns while dribbling",Play Style,,,,,,,,,,Scotland,Whitecaps FC,Left Wing,Attack,82,89,63,89,37,51,91,79,78,78,45,82,70,73,6,14,13,13,15,62,71,75,77,77,77,69,59,81,68,Right Wing,Left Midfielder
880,Luis,Rioja González,Luis Rioja,176,3,4,2,LALIGA EA SPORTS,70,Left Midfielder,Whipped Pass,"Accurate, faster crosses with more curve",Play Style,,,,,,,,,,,,,,,,,,,Spain,Valencia CF,Right Midfielder,Midfielder,79,79,56,77,50,46,80,79,72,77,62,80,76,68,6,9,10,12,14,36,72,74,79,75,76,78,49,70,63,Right Wing,
881,Nathan,Tella,,173,3,3,1,Bundesliga,68,Striker,Rapid,"Higher sprint speed while dribbling, reduced error on knock-ons",Play Style,Quick Step,Faster acceleration during Explosive Sprint,Play Style,,,,,,,,,,,,,,,,Nigeria,Leverkusen,Right Midfielder,Midfielder,85,85,69,78,52,54,84,79,73,74,55,82,77,45,9,6,8,12,6,58,65,52,78,66,74,80,41,74,73,Center Attacking Midfielder,Right Wing
882,André,Trindade,André,177,2,3,1,Premier League,77,Center Midfielder,Press Proven,"Close control at jog speed, shields ball more effectively",Play Style,,,,,,,,,,,,,,,,,,,Brazil,Wolves,Center Defensive Midfielder,Midfielder,62,74,67,76,67,82,79,77,78,66,73,77,53,52,5,5,9,14,7,58,80,54,65,76,78,69,78,74,53,,
883,Steven,Berghuis,,182,3,2,2,Eredivisie,75,Center Attacking Midfielder,Finesse Shot,Faster finesse shots with more curve and accuracy,Play Style,Incisive Pass,"Accurate through passes, curvier swerve passes, faster precision passes",Play Style,Pinged Pass,Faster ground passes without affecting receiver's trapping,Play Style,Whipped Pass,"Accurate, faster crosses with more curve",Play Style,Inventive,Fancy and Trivela passes are performed with improved accuracy.,Play Style,First Touch,"Reduced trapping error, faster dribbling transition",Play Style,,,,Holland,,Right Wing,Attack,74,77,58,74,64,72,72,81,79,83,43,75,76,75,9,11,7,7,15,48,81,82,77,74,82,82,37,83,77,Right Midfielder,
884,Nico,Gonzalez,,180,4,2,2,LALIGA EA SPORTS,72,Left Midfielder,Finesse Shot,Faster finesse shots with more curve and accuracy,Play Style,Precision Header,Performs headers with increased accuracy and power.,Play Style,Aerial Fortress,Performs higher jumps and has physical defensive presence before and during aerial duels,Play Style,Technical,"Faster Controlled Sprint, precise wide turns while dribbling",Play Style,First Touch,"Reduced trapping error, faster dribbling transition",Play Style,,,,,,,Argentina,Atlético de Madrid,Right Midfielder,Midfielder,79,79,78,73,51,67,75,79,76,76,38,79,78,54,10,6,9,5,8,80,68,81,81,75,79,75,46,69,68,Left Wing,Right Wing
885,Oumar,Solet,,192,2,4,1,Serie A Enilive,88,,Long Ball Pass,"Accurate, faster Lob and Lofted Through Passes",Play Style,Block,Increased reach and success in blocking,Play Style,,,,,,,,,,,,,,,,France,Udinese,Center Back,Defense,70,60,82,85,88,77,51,72,70,31,80,69,35,34,12,14,10,14,15,70,76,42,59,75,79,64,78,66,33,,
886,Hugo,Duro Perales,Hugo Duro,177,3,4,2,LALIGA EA SPORTS,70,,Precision Header,Performs headers with increased accuracy and power.,Play Style,,,,,,,,,,,,,,,,,,,Spain,Valencia CF,Striker,Attack,69,68,86,76,76,68,69,76,79,66,44,75,80,51,8,14,6,14,15,81,66,69,81,80,73,77,40,72,75,,
887,Ali,Al Musrati,,189,2,2,1,Serie A Enilive,83,Center Midfielder,Pinged Pass,Faster ground passes without affecting receiver's trapping,Play Style,Long Ball Pass,"Accurate, faster Lob and Lofted Through Passes",Play Style,Intercept,Increased reach and possession retention in interceptions,Play Style,Relentless,"Increased half time fatigue recovery, longer teammate contain and press",Play Style,Bruiser,Stronger physical tackles,Play Style,,,,,,,Libya,Hellas Verona,Center Defensive Midfielder,Midfielder,49,46,71,80,86,79,46,75,79,60,75,69,61,48,15,6,8,8,8,72,84,57,69,75,77,79,77,76,55,,
888,Soufiane,Rahimi,,181,4,4,1,United Emirates League,79,Left Wing,Power Shot,Faster power shots with increased speed,Play Style,Rapid,"Higher sprint speed while dribbling, reduced error on knock-ons",Play Style,Quick Step,Faster acceleration during Explosive Sprint,Play Style,,,,,,,,,,,,,Morocco,Al Ain FC,Left Midfielder,Midfielder,87,75,77,81,62,52,76,75,74,72,35,79,79,65,8,9,5,8,14,62,66,67,78,75,74,71,34,76,73,Striker,
889,Hirving,Lozano,,176,3,3,1,MLS,70,Right Wing,Whipped Pass,"Accurate, faster crosses with more curve",Play Style,Rapid,"Higher sprint speed while dribbling, reduced error on knock-ons",Play Style,Quick Step,Faster acceleration during Explosive Sprint,Play Style,,,,,,,,,,,,,Mexico,San Diego FC,Left Wing,Attack,89,86,73,60,54,64,82,78,74,71,42,80,75,65,11,10,14,14,10,62,65,72,80,81,72,75,35,73,74,Left Midfielder,
890,Kevin,Schade,,185,3,4,1,Premier League,74,Left Wing,Chip Shot,"Faster, more accurate chip shots",Play Style,Precision Header,Performs headers with increased accuracy and power.,Play Style,Aerial Fortress,Performs higher jumps and has physical defensive presence before and during aerial duels,Play Style,Rapid,"Higher sprint speed while dribbling, reduced error on knock-ons",Play Style,Quick Step,Faster acceleration during Explosive Sprint,Play Style,Long Throw,Powerful throw-ins for greater distance,Play Style,,,,Germany,Brentford,Left Midfielder,Midfielder,93,77,95,72,64,68,78,78,76,72,20,79,78,55,13,11,8,9,10,79,64,68,78,75,73,77,30,71,67,,
891,Cristian,Arango,,178,3,3,1,MLS,70,Center Attacking Midfielder,Chip Shot,"Faster, more accurate chip shots",Play Style,Technical,"Faster Controlled Sprint, precise wide turns while dribbling",Play Style,,,,,,,,,,,,,,,,Colombia,SJ Earthquakes,Striker,Attack,77,75,88,74,76,64,68,79,80,50,44,77,82,69,6,14,9,6,13,77,70,70,80,78,78,78,28,78,68,Left Wing,
892,Chidera,Ejuke,,176,5,2,1,LALIGA EA SPORTS,72,Right Midfielder,Finesse Shot,Faster finesse shots with more curve and accuracy,Play Style,Inventive,Fancy and Trivela passes are performed with improved accuracy.,Play Style,Technical,"Faster Controlled Sprint, precise wide turns while dribbling",Play Style,Trickster,Performs unique flick Skill Moves,Play Style,Quick Step,Faster acceleration during Explosive Sprint,Play Style,,,,,,,Nigeria,Sevilla FC,Left Midfielder,Midfielder,91,92,66,74,61,54,93,80,70,72,30,82,67,64,14,7,6,7,11,37,66,62,70,74,74,77,46,71,59,Left Wing,
893,Mathías,Olivera,,184,3,3,2,Serie A Enilive,78,,Block,Increased reach and success in blocking,Play Style,Bruiser,Stronger physical tackles,Play Style,,,,,,,,,,,,,,,,Uruguay,SSC Napoli,Left Back,Defense,69,65,72,78,67,80,48,76,68,76,78,73,50,41,14,14,12,13,15,68,69,42,64,79,73,56,78,62,38,,
894,Neco,Williams,,183,2,3,1,Premier League,72,Right Back,,,,,,,,,,,,,,,,,,,,,,Wales,Nott'm Forest,Left Back,Defense,70,73,78,74,64,75,73,74,73,77,77,74,45,55,10,11,7,14,15,66,69,45,66,77,74,60,78,68,36,Left Midfielder,
895,Danny,Welbeck,,185,3,4,1,Premier League,73,,Enforcer,Performs dribble Shoulder Challenges and Shielding with increased effectiveness.,Play Style,,,,,,,,,,,,,,,,,,,England,Brighton,Striker,Attack,60,65,83,68,81,78,65,81,80,70,45,78,81,79,9,10,6,12,16,78,65,77,83,81,78,81,40,75,75,,
896,Lars,Unnerstall,,198,1,1,1,Eredivisie,103,,Footwork,"Exclusive foot saves, better performance on low shots",Play Style,,,,,,,,,,,,,,,,,,,Germany,,Goalkeeper,Defense,30,20,60,35,82,36,20,19,58,10,11,16,13,11,78,77,65,78,81,10,29,16,13,74,26,49,17,41,15,,
897,Dénes,Dibusz,,188,1,3,1,Magyar Liga,81,,Cross Claimer,"Unique punching animations, powerful punches, faster crosses coverage",Play Style,,,,,,,,,,,,,,,,,,,Hungary,Ferencvárosi TC,Goalkeeper,Defense,29,21,48,19,36,20,21,20,65,14,12,16,15,19,78,73,75,77,81,18,30,23,13,74,23,56,15,49,16,,
898,Takumi,Minamino,,172,3,4,1,Ligue 1 McDonald's,67,Center Attacking Midfielder,Incisive Pass,"Accurate through passes, curvier swerve passes, faster precision passes",Play Style,,,,,,,,,,,,,,,,,,,Japan,AS Monaco,Left Midfielder,Midfielder,84,89,69,74,58,64,87,80,78,73,34,81,76,69,9,12,8,15,14,53,67,72,77,77,79,71,39,79,72,Left Wing,
899,Jorge,de Frutos Sebastián,De Frutos,173,4,4,1,LALIGA EA SPORTS,72,Left Midfielder,First Touch,"Reduced trapping error, faster dribbling transition",Play Style,Quick Step,Faster acceleration during Explosive Sprint,Play Style,,,,,,,,,,,,,,,,Spain,Rayo Vallecano,Right Midfielder,Midfielder,80,79,69,79,57,58,81,77,76,77,44,79,76,56,13,8,12,14,14,55,70,58,76,75,75,80,38,76,66,Right Wing,
900,Armindo,Tué Na Bangna,Bruma,173,4,3,1,Liga Portugal,70,Left Midfielder,Gamechanger,Fancy and Trivela shots are performed with improved accuracy.,Play Style,Rapid,"Higher sprint speed while dribbling, reduced error on knock-ons",Play Style,Trickster,Performs unique flick Skill Moves,Play Style,Quick Step,Faster acceleration during Explosive Sprint,Play Style,,,,,,,,,,Portugal,SL Benfica,Left Wing,Attack,91,90,71,70,56,60,78,80,80,71,26,81,79,74,11,13,8,12,8,53,61,72,79,66,70,77,27,77,70,Center Attacking Midfielder,
901,Mehdi,Taremi,,187,4,4,1,Hellas Liga,83,,First Touch,"Reduced trapping error, faster dribbling transition",Play Style,,,,,,,,,,,,,,,,,,,Iran,Olympiacos FC,Striker,Attack,77,74,80,65,77,46,62,80,84,70,38,78,80,49,9,11,9,15,8,76,65,85,82,76,79,75,41,81,75,,
902,Musa,Barrow,,183,4,4,1,ROSHN Saudi League,70,Left Midfielder,Power Shot,Faster power shots with increased speed,Play Style,Rapid,"Higher sprint speed while dribbling, reduced error on knock-ons",Play Style,,,,,,,,,,,,,,,,Gambia,Al Taawoun,Striker,Attack,82,78,79,75,70,40,57,78,70,66,45,79,78,64,8,6,14,14,12,65,61,61,78,78,75,86,20,73,65,Left Wing,Center Attacking Midfielder
903,Dilane,Bakwa,,180,4,2,2,Premier League,77,Right Wing,Dead Ball,"Faster, accurate set pieces with longer trajectory preview",Play Style,Gamechanger,Fancy and Trivela shots are performed with improved accuracy.,Play Style,Technical,"Faster Controlled Sprint, precise wide turns while dribbling",Play Style,,,,,,,,,,,,,France,Nott'm Forest,Right Midfielder,Midfielder,90,84,70,74,69,48,76,80,79,74,27,82,72,63,7,12,15,6,5,44,64,59,73,75,75,74,26,76,63,,
904,Estêvão Willian,Almeida,Estêvão,176,4,2,2,Premier League,70,Center Attacking Midfielder,Finesse Shot,Faster finesse shots with more curve and accuracy,Play Style,Inventive,Fancy and Trivela passes are performed with improved accuracy.,Play Style,Technical,"Faster Controlled Sprint, precise wide turns while dribbling",Play Style,Quick Step,Faster acceleration during Explosive Sprint,Play Style,,,,,,,,,,Brazil,Chelsea,Right Midfielder,Midfielder,91,91,66,67,49,62,93,79,80,77,28,82,73,71,9,15,13,6,11,52,66,68,75,74,73,79,34,75,66,Right Wing,
905,Omar,Alderete,,188,2,3,2,Premier League,77,,Precision Header,Performs headers with increased accuracy and power.,Play Style,Long Ball Pass,"Accurate, faster Lob and Lofted Through Passes",Play Style,Aerial Fortress,Performs higher jumps and has physical defensive presence before and during aerial duels,Play Style,,,,,,,,,,,,,Paraguay,Sunderland,Center Back,Defense,56,68,82,71,81,79,58,69,68,58,80,70,55,53,7,13,14,13,15,79,66,45,62,75,70,74,79,51,48,,
906,Fábio Daniel,Ferreira Vieira,Fábio Vieira,176,3,3,2,Bundesliga,61,Right Midfielder,Dead Ball,"Faster, accurate set pieces with longer trajectory preview",Play Style,Tiki Taka,Accurate first-time Ground Passes,Play Style,,,,,,,,,,,,,,,,Portugal,Hamburger SV,Center Attacking Midfielder,Midfielder,73,77,56,63,48,51,71,80,76,74,57,79,71,68,9,5,15,13,6,46,79,69,73,76,80,77,60,82,65,Center Midfielder,
907,Dominik,Greif,,197,1,3,1,Ligue 1 McDonald's,82,,Far Throw,Unique goalkeeper throw animations with longer throw distance,Play Style,,,,,,,,,,,,,,,,,,,Slovakia,OL,Goalkeeper,Defense,25,21,56,17,60,16,21,17,32,14,8,10,9,10,77,76,78,77,77,10,17,14,7,75,25,59,11,34,5,,
908,Tomás,Lemos Araújo,Tomás Araújo,187,3,2,1,Liga Portugal,81,Right Back,Long Ball Pass,"Accurate, faster Lob and Lofted Through Passes",Play Style,Jockey,"Faster Sprint Jockey, better transition speed",Play Style,,,,,,,,,,,,,,,,Portugal,SL Benfica,Center Back,Defense,81,63,89,75,82,73,58,76,74,58,75,72,25,30,12,11,7,9,13,74,79,39,52,78,78,40,80,71,34,Right Midfielder,
909,António João,Tavares Silva,António Silva,187,2,2,1,Liga Portugal,82,,Long Ball Pass,"Accurate, faster Lob and Lofted Through Passes",Play Style,Block,Increased reach and success in blocking,Play Style,,,,,,,,,,,,,,,,Portugal,SL Benfica,Center Back,Defense,78,57,83,83,83,70,58,73,77,45,80,69,31,26,12,10,8,6,8,76,76,40,34,75,77,60,81,68,51,,
910,Joël,Veltman,,184,2,4,1,Premier League,75,Right Midfielder,,,,,,,,,,,,,,,,,,,,,,Holland,Brighton,Right Back,Defense,64,65,80,73,77,83,66,74,79,73,81,68,50,34,7,10,6,9,11,74,73,42,55,78,77,60,83,55,38,,
911,Lukáš,Haraslín,,182,4,4,1,Česká Liga,74,Right Wing,Finesse Shot,Faster finesse shots with more curve and accuracy,Play Style,Technical,"Faster Controlled Sprint, precise wide turns while dribbling",Play Style,First Touch,"Reduced trapping error, faster dribbling transition",Play Style,Long Throw,Powerful throw-ins for greater distance,Play Style,,,,,,,,,,Slovakia,Sparta Praha,Left Wing,Attack,79,87,72,68,61,38,83,80,81,73,33,81,76,75,13,12,13,10,15,59,68,62,77,78,74,74,41,74,69,Striker,Left Midfielder
912,Denis,Vavro,,189,2,2,1,Bundesliga,81,,Power Shot,Faster power shots with increased speed,Play Style,Long Ball Pass,"Accurate, faster Lob and Lofted Through Passes",Play Style,Jockey,"Faster Sprint Jockey, better transition speed",Play Style,Anticipate,"Improved standing tackle success, possibility of stopping ball at feet",Play Style,Slide Tackle,Stops ball at feet during slide tackles,Play Style,Aerial Fortress,Performs higher jumps and has physical defensive presence before and during aerial duels,Play Style,,,,Slovakia,VfL Wolfsburg,Center Back,Defense,64,55,88,79,84,82,65,58,67,48,78,54,46,63,13,12,14,12,13,85,70,60,55,72,66,88,86,46,46,,
913,Wout,Weghorst,,197,2,3,1,Eredivisie,84,,Precision Header,Performs headers with increased accuracy and power.,Play Style,Enforcer,Performs dribble Shoulder Challenges and Shielding with increased effectiveness.,Play Style,,,,,,,,,,,,,,,,Holland,,Striker,Attack,45,53,86,76,92,87,32,79,74,38,44,66,80,48,11,9,14,16,12,86,54,71,83,82,78,84,65,70,76,,
914,Jean-Clair,Todibo,,190,3,2,1,Premier League,88,,Jockey,"Faster Sprint Jockey, better transition speed",Play Style,Anticipate,"Improved standing tackle success, possibility of stopping ball at feet",Play Style,,,,,,,,,,,,,,,,France,West Ham,Center Back,Defense,70,54,79,54,81,73,55,72,78,49,78,69,44,41,7,13,11,8,13,78,72,52,45,77,76,60,80,58,35,,
915,Liam,Delap,,186,3,5,1,Premier League,90,,Power Shot,Faster power shots with increased speed,Play Style,Enforcer,Performs dribble Shoulder Challenges and Shielding with increased effectiveness.,Play Style,,,,,,,,,,,,,,,,England,Chelsea,Striker,Attack,76,70,88,70,84,83,63,78,77,55,29,78,80,52,8,9,10,11,10,73,50,77,79,77,69,85,25,59,78,,
916,Rubén,García Santos,Rubén García,172,4,2,2,LALIGA EA SPORTS,71,Right Wing,Incisive Pass,"Accurate through passes, curvier swerve passes, faster precision passes",Play Style,Technical,"Faster Controlled Sprint, precise wide turns while dribbling",Play Style,,,,,,,,,,,,,,,,Spain,CA Osasuna,Right Midfielder,Midfielder,81,80,61,66,44,58,86,79,67,80,45,78,77,79,9,14,13,14,10,54,79,69,74,73,80,76,47,78,59,Striker,Right Back
917,Oleksandr,Zubkov,,182,4,4,2,Trendyol Süper Lig,78,Center Attacking Midfielder,Inventive,Fancy and Trivela passes are performed with improved accuracy.,Play Style,Technical,"Faster Controlled Sprint, precise wide turns while dribbling",Play Style,,,,,,,,,,,,,,,,Ukraine,Trabzonspor,Right Midfielder,Midfielder,80,67,73,70,66,53,68,78,72,75,21,82,74,68,11,9,10,9,5,56,70,65,76,75,73,80,28,79,72,Left Midfielder,Right Wing
918,Paul,Nebel,,169,3,4,1,Bundesliga,67,Center Midfielder,Low Driven Shot,"Enhances a player's ability to execute low driven shots with increased accuracy, faster ball travel, and quicker shot execution.",Play Style,Incisive Pass,"Accurate through passes, curvier swerve passes, faster precision passes",Play Style,Technical,"Faster Controlled Sprint, precise wide turns while dribbling",Play Style,Relentless,"Increased half time fatigue recovery, longer teammate contain and press",Play Style,,,,,,,,,,Germany,1. FSV Mainz 05,Center Attacking Midfielder,Midfielder,79,91,55,90,48,54,91,78,74,68,49,82,78,50,11,9,10,6,9,39,69,54,79,77,76,75,42,77,68,Right Midfielder,
919,Josip,Stanišić,,187,2,4,1,Bundesliga,77,Right Back,Long Ball Pass,"Accurate, faster Lob and Lofted Through Passes",Play Style,Anticipate,"Improved standing tackle success, possibility of stopping ball at feet",Play Style,,,,,,,,,,,,,,,,Croatia,FC Bayern München,Center Back,Defense,68,66,82,71,75,75,64,73,66,72,80,68,44,23,11,6,10,9,12,77,60,37,53,76,74,52,79,58,29,Right Midfielder,
920,Adrián,Martínez,,176,3,3,2,LPF,89,,Chip Shot,"Faster, more accurate chip shots",Play Style,Precision Header,Performs headers with increased accuracy and power.,Play Style,Low Driven Shot,"Enhances a player's ability to execute low driven shots with increased accuracy, faster ball travel, and quicker shot execution.",Play Style,Enforcer,Performs dribble Shoulder Challenges and Shielding with increased effectiveness.,Play Style,,,,,,,,,,Argentina,Racing Club,Striker,Attack,72,65,85,73,93,77,45,76,67,50,27,73,81,47,13,11,10,16,14,80,55,70,82,78,64,79,44,69,70,,
921,Senne,Lammens,,193,1,4,1,Premier League,92,,Footwork,"Exclusive foot saves, better performance on low shots",Play Style,Cross Claimer,"Unique punching animations, powerful punches, faster crosses coverage",Play Style,,,,,,,,,,,,,,,,Belgium,Man Utd,Goalkeeper,Defense,19,40,64,29,79,29,27,19,36,14,7,15,10,11,79,77,71,79,77,14,39,11,6,73,40,53,15,30,8,,
922,Johan,Bakayoko,,179,4,3,2,Bundesliga,73,Right Midfielder,Finesse Shot,Faster finesse shots with more curve and accuracy,Play Style,Gamechanger,Fancy and Trivela shots are performed with improved accuracy.,Play Style,Whipped Pass,"Accurate, faster crosses with more curve",Play Style,Technical,"Faster Controlled Sprint, precise wide turns while dribbling",Play Style,Quick Step,Faster acceleration during Explosive Sprint,Play Style,,,,,,,Belgium,RB Leipzig,Right Wing,Attack,87,86,70,70,68,40,77,81,71,73,24,83,74,57,7,14,7,6,9,58,58,59,74,73,72,69,35,74,64,,
923,Matías,Soulé,,176,4,4,2,Serie A Enilive,69,Right Midfielder,Finesse Shot,Faster finesse shots with more curve and accuracy,Play Style,Dead Ball,"Faster, accurate set pieces with longer trajectory preview",Play Style,Incisive Pass,"Accurate through passes, curvier swerve passes, faster precision passes",Play Style,Technical,"Faster Controlled Sprint, precise wide turns while dribbling",Play Style,,,,,,,,,,Argentina,AS Roma,Center Attacking Midfielder,Midfielder,83,83,68,86,51,38,78,81,70,75,28,83,75,76,15,8,11,15,14,58,72,69,74,73,77,72,40,76,69,Center Midfielder,
924,Tyrick,Mitchell,,175,2,3,2,Premier League,66,Left Midfielder,Whipped Pass,"Accurate, faster crosses with more curve",Play Style,Jockey,"Faster Sprint Jockey, better transition speed",Play Style,Block,Increased reach and success in blocking,Play Style,Anticipate,"Improved standing tackle success, possibility of stopping ball at feet",Play Style,,,,,,,,,,England,Crystal Palace,Left Back,Defense,74,76,69,85,61,73,74,75,69,78,78,72,41,37,9,12,14,8,14,56,62,45,70,76,67,42,80,71,30,,
925,Harvey,Elliott,,168,3,3,2,Premier League,64,Center Midfielder,Finesse Shot,Faster finesse shots with more curve and accuracy,Play Style,,,,,,,,,,,,,,,,,,,England,Aston Villa,Center Attacking Midfielder,Midfielder,76,90,48,72,34,61,90,79,78,77,52,81,64,62,10,10,6,14,7,40,72,59,80,75,79,78,58,80,62,Right Wing,
926,Emanuel,Emegha,,195,3,5,2,Ligue 1 McDonald's,82,,Low Driven Shot,"Enhances a player's ability to execute low driven shots with increased accuracy, faster ball travel, and quicker shot execution.",Play Style,Gamechanger,Fancy and Trivela shots are performed with improved accuracy.,Play Style,Enforcer,Performs dribble Shoulder Challenges and Shielding with increased effectiveness.,Play Style,,,,,,,,,,,,,Holland,Strasbourg,Striker,Attack,81,69,92,84,82,64,42,76,75,47,26,69,79,53,11,10,12,10,6,77,49,68,82,77,65,78,21,64,74,,
927,Diego,López Noguerol,Diego López,172,3,4,1,LALIGA EA SPORTS,63,Right Midfielder,Low Driven Shot,"Enhances a player's ability to execute low driven shots with increased accuracy, faster ball travel, and quicker shot execution.",Play Style,Rapid,"Higher sprint speed while dribbling, reduced error on knock-ons",Play Style,,,,,,,,,,,,,,,,Spain,Valencia CF,Left Midfielder,Midfielder,80,76,72,75,60,47,73,78,63,74,41,77,80,52,14,15,13,14,12,59,68,65,80,77,75,72,30,75,65,Left Wing,
928,Callum,Wilson,,180,3,3,1,Premier League,66,,,,,,,,,,,,,,,,,,,,,,,England,West Ham,Striker,Attack,73,69,83,45,70,75,70,78,80,61,39,76,80,52,10,15,8,10,6,79,62,87,81,78,73,80,40,69,78,,
929,Raheem,Sterling,,172,4,3,1,Premier League,69,Left Midfielder,Finesse Shot,Faster finesse shots with more curve and accuracy,Play Style,Rapid,"Higher sprint speed while dribbling, reduced error on knock-ons",Play Style,Quick Step,Faster acceleration during Explosive Sprint,Play Style,,,,,,,,,,,,,England,Chelsea,Left Wing,Attack,86,91,59,52,44,52,92,79,76,75,38,82,75,78,15,12,12,15,9,48,68,70,77,76,75,77,48,74,65,Right Midfielder,
930,Jørgen Strand,Larsen,,194,3,3,1,Premier League,79,,,,,,,,,,,,,,,,,,,,,,,Norway,Wolves,Striker,Attack,72,55,87,84,86,72,58,78,73,45,29,69,82,55,7,14,14,8,9,75,54,69,82,79,73,76,27,70,74,,
931,Óscar Valentín,Martín Luengo,Óscar Valentín,177,2,3,1,LALIGA EA SPORTS,72,Center Midfielder,Aerial Fortress,Performs higher jumps and has physical defensive presence before and during aerial duels,Play Style,Bruiser,Stronger physical tackles,Play Style,,,,,,,,,,,,,,,,Spain,Rayo Vallecano,Center Defensive Midfielder,Midfielder,64,63,72,82,71,82,69,74,70,54,76,64,35,41,11,8,13,10,8,63,73,40,65,76,77,72,79,69,35,,
932,Arnaud,Kalimuendo,,175,3,3,1,Premier League,79,,Low Driven Shot,"Enhances a player's ability to execute low driven shots with increased accuracy, faster ball travel, and quicker shot execution.",Play Style,,,,,,,,,,,,,,,,,,,France,Nott'm Forest,Striker,Attack,82,75,85,73,72,64,86,78,79,57,32,78,81,56,9,12,9,14,8,72,54,78,80,77,69,79,21,68,75,,
933,Josip,Šutalo,,185,2,3,1,Eredivisie,82,,Intercept,Increased reach and possession retention in interceptions,Play Style,Anticipate,"Improved standing tackle success, possibility of stopping ball at feet",Play Style,,,,,,,,,,,,,,,,Croatia,,Center Back,Defense,75,62,88,71,87,71,48,77,79,45,78,73,27,22,8,15,7,11,14,74,75,39,37,77,74,43,78,64,26,,
934,Jamie,Gittens,,179,4,4,1,Premier League,77,Left Wing,Rapid,"Higher sprint speed while dribbling, reduced error on knock-ons",Play Style,Quick Step,Faster acceleration during Explosive Sprint,Play Style,,,,,,,,,,,,,,,,England,Chelsea,Left Midfielder,Midfielder,94,90,64,79,54,43,87,80,73,69,26,87,75,44,6,5,12,7,8,42,57,53,77,77,71,79,22,64,65,,
935,Tosin,Adarabioyo,,197,2,3,1,Premier League,80,,,,,,,,,,,,,,,,,,,,,,,England,Chelsea,Center Back,Defense,63,42,84,68,84,78,35,75,77,43,78,62,40,33,14,11,11,8,9,76,73,37,35,76,77,60,80,60,30,,
936,Ciro,Immobile,,185,3,4,1,Serie A Enilive,85,Center Attacking Midfielder,Finesse Shot,Faster finesse shots with more curve and accuracy,Play Style,Power Shot,Faster power shots with increased speed,Play Style,Press Proven,"Close control at jog speed, shields ball more effectively",Play Style,,,,,,,,,,,,,Italy,Bologna,Striker,Attack,68,68,81,67,72,73,75,77,76,55,34,76,79,58,6,8,15,12,6,77,57,88,85,77,75,82,33,71,76,,
937,Jonas,Wind,,190,4,3,1,Bundesliga,82,Center Attacking Midfielder,Gamechanger,Fancy and Trivela shots are performed with improved accuracy.,Play Style,Incisive Pass,"Accurate through passes, curvier swerve passes, faster precision passes",Play Style,Press Proven,"Close control at jog speed, shields ball more effectively",Play Style,,,,,,,,,,,,,Denmark,VfL Wolfsburg,Striker,Attack,66,71,87,73,82,67,69,81,77,58,35,77,82,65,7,10,10,11,9,81,70,73,81,81,79,82,29,78,76,,
938,Florian,Lejeune,,190,2,3,1,LALIGA EA SPORTS,81,,Dead Ball,"Faster, accurate set pieces with longer trajectory preview",Play Style,Precision Header,Performs headers with increased accuracy and power.,Play Style,Long Ball Pass,"Accurate, faster Lob and Lofted Through Passes",Play Style,Intercept,Increased reach and possession retention in interceptions,Play Style,Aerial Fortress,Performs higher jumps and has physical defensive presence before and during aerial duels,Play Style,,,,,,,France,Rayo Vallecano,Center Back,Defense,50,52,80,66,83,80,52,73,76,51,78,62,52,75,11,15,15,12,7,76,76,43,50,77,78,83,78,55,42,,
939,Giacomo,Raspadori,,172,4,5,1,LALIGA EA SPORTS,69,Center Attacking Midfielder,Gamechanger,Fancy and Trivela shots are performed with improved accuracy.,Play Style,Technical,"Faster Controlled Sprint, precise wide turns while dribbling",Play Style,,,,,,,,,,,,,,,,Italy,Atlético de Madrid,Striker,Attack,83,80,75,60,55,59,83,84,80,56,24,85,79,60,13,14,7,7,9,69,66,76,81,79,80,76,23,76,79,Left Wing,
940,Luuk,de Jong,,189,3,5,1,Liga Portugal,86,,Aerial Fortress,Performs higher jumps and has physical defensive presence before and during aerial duels,Play Style,First Touch,"Reduced trapping error, faster dribbling transition",Play Style,Precision Header+,Performs headers with greatly increased accuracy and power.,Play Style Plus,,,,,,,,,,,,,Holland,FC Porto,Striker,Attack,41,51,92,71,87,66,55,81,80,66,50,70,78,69,16,10,8,8,11,93,65,72,86,80,79,83,55,75,82,,
941,Malick,Fofana,,170,4,5,1,Ligue 1 McDonald's,60,Left Wing,Gamechanger,Fancy and Trivela shots are performed with improved accuracy.,Play Style,Technical,"Faster Controlled Sprint, precise wide turns while dribbling",Play Style,,,,,,,,,,,,,,,,Belgium,OL,Left Midfielder,Midfielder,87,89,51,69,36,51,89,79,77,71,41,84,74,52,11,6,13,11,9,32,64,58,74,75,74,64,43,71,62,,
942,Mika,Biereth,,187,3,3,1,Ligue 1 McDonald's,78,,,,,,,,,,,,,,,,,,,,,,,Denmark,AS Monaco,Striker,Attack,69,64,85,73,79,69,68,75,77,57,29,70,83,50,10,10,11,15,6,79,58,72,82,78,69,78,23,68,76,,
943,Marcos,Senesi,,185,3,4,2,Premier League,80,,Long Ball Pass,"Accurate, faster Lob and Lofted Through Passes",Play Style,,,,,,,,,,,,,,,,,,,Argentina,AFC Bournemouth,Center Back,Defense,62,65,82,63,78,80,60,75,76,63,79,73,32,32,10,13,11,7,8,76,81,40,32,76,76,55,79,75,58,,
944,Aleksey,Miranchuk,,182,3,2,2,MLS,74,Center Midfielder,Finesse Shot,Faster finesse shots with more curve and accuracy,Play Style,Incisive Pass,"Accurate through passes, curvier swerve passes, faster precision passes",Play Style,Inventive,Fancy and Trivela passes are performed with improved accuracy.,Play Style,Technical,"Faster Controlled Sprint, precise wide turns while dribbling",Play Style,,,,,,,,,,Russia,Atlanta United,Center Attacking Midfielder,Midfielder,75,79,71,71,60,43,78,82,78,72,22,83,74,72,8,8,9,12,15,62,78,72,77,75,81,68,28,76,67,Left Wing,
945,Diego Carlos,Santos Silva,Diego Carlos,186,3,4,1,Serie A Enilive,79,,Long Ball Pass,"Accurate, faster Lob and Lofted Through Passes",Play Style,Anticipate,"Improved standing tackle success, possibility of stopping ball at feet",Play Style,,,,,,,,,,,,,,,,Brazil,Como,Center Back,Defense,54,62,83,50,87,80,47,71,75,35,79,65,32,69,7,10,14,7,11,77,72,41,52,74,73,73,79,63,34,,
946,Joachim,Andersen,,192,2,4,1,Premier League,90,,Long Ball Pass,"Accurate, faster Lob and Lofted Through Passes",Play Style,Intercept,Increased reach and possession retention in interceptions,Play Style,Aerial Fortress,Performs higher jumps and has physical defensive presence before and during aerial duels,Play Style,Bruiser,Stronger physical tackles,Play Style,,,,,,,,,,Denmark,Fulham,Center Back,Defense,36,47,70,70,87,86,50,68,78,54,79,66,51,56,13,7,9,15,14,77,86,44,45,78,77,75,78,69,55,,
947,Lucas,Lopes Beraldo,Lucas Beraldo,182,2,2,2,Ligue 1 McDonald's,78,Left Back,Pinged Pass,Faster ground passes without affecting receiver's trapping,Play Style,Slide Tackle,Stops ball at feet during slide tackles,Play Style,,,,,,,,,,,,,,,,Brazil,Paris SG,Center Back,Defense,61,60,81,63,76,84,60,72,70,59,80,66,34,34,11,14,15,12,8,76,72,46,35,77,78,56,82,59,30,Left Midfielder,
948,Lucas,Torró Marset,Lucas Torró,190,2,3,1,LALIGA EA SPORTS,77,Center Midfielder,Intercept,Increased reach and possession retention in interceptions,Play Style,Aerial Fortress,Performs higher jumps and has physical defensive presence before and during aerial duels,Play Style,Press Proven,"Close control at jog speed, shields ball more effectively",Play Style,,,,,,,,,,,,,Spain,CA Osasuna,Center Defensive Midfielder,Midfielder,46,63,73,78,75,73,40,78,69,52,74,64,59,52,13,14,7,12,16,75,78,57,59,74,80,73,79,69,46,,
949,Danilho,Doekhi,,190,2,3,1,Bundesliga,86,,Precision Header,Performs headers with increased accuracy and power.,Play Style,Intercept,Increased reach and possession retention in interceptions,Play Style,Anticipate,"Improved standing tackle success, possibility of stopping ball at feet",Play Style,Aerial Fortress,Performs higher jumps and has physical defensive presence before and during aerial duels,Play Style,,,,,,,,,,Holland,Union Berlin,Center Back,Defense,57,64,86,80,86,76,59,69,75,46,79,60,39,29,9,9,10,13,14,83,68,33,49,76,70,61,79,57,39,,
950,Carlos,Vicente Robles,Carlos Vicente,179,3,3,1,LALIGA EA SPORTS,69,Right Wing,,,,,,,,,,,,,,,,,,,,,,Spain,D. Alavés,Right Midfielder,Midfielder,80,68,69,74,58,36,75,78,69,78,26,78,75,56,14,15,11,6,8,56,73,63,76,74,76,73,30,74,60,Right Back,
951,Tyrone,Mings,,196,2,2,2,Premier League,77,,Long Ball Pass,"Accurate, faster Lob and Lofted Through Passes",Play Style,Bruiser,Stronger physical tackles,Play Style,,,,,,,,,,,,,,,,England,Aston Villa,Center Back,Defense,49,34,80,51,85,86,42,67,71,70,78,68,37,37,7,10,13,7,15,77,75,45,53,75,75,61,78,57,34,,
952,Gabriel Tadeu,Strefezza Rebelato,Gabriel Strefezza,168,3,3,1,Hellas Liga,63,Left Midfielder,Dead Ball,"Faster, accurate set pieces with longer trajectory preview",Play Style,Incisive Pass,"Accurate through passes, curvier swerve passes, faster precision passes",Play Style,Inventive,Fancy and Trivela passes are performed with improved accuracy.,Play Style,Quick Step,Faster acceleration during Explosive Sprint,Play Style,,,,,,,,,,Brazil,Olympiacos FC,Right Midfielder,Midfielder,92,91,51,81,33,50,87,77,68,75,36,78,70,50,15,15,8,10,6,31,69,54,76,72,75,64,25,74,51,Right Wing,
953,Bryan,Gil Salvatierra,Bryan Gil,175,3,3,2,LALIGA EA SPORTS,60,Left Wing,Technical,"Faster Controlled Sprint, precise wide turns while dribbling",Play Style,,,,,,,,,,,,,,,,,,,Spain,Girona FC,Left Midfielder,Midfielder,86,88,50,54,32,64,79,79,81,78,31,81,73,72,13,10,14,6,6,34,72,52,75,75,76,69,32,75,66,Right Midfielder,
954,Leny,Yoro,,190,2,3,1,Premier League,75,,,,,,,,,,,,,,,,,,,,,,,France,Man Utd,Center Back,Defense,65,55,81,69,75,73,61,69,72,47,77,60,38,32,13,7,5,14,14,76,58,40,41,79,75,51,82,60,35,,
955,Carl,Starfelt,,187,2,3,1,LALIGA EA SPORTS,80,,Block,Increased reach and success in blocking,Play Style,Intercept,Increased reach and possession retention in interceptions,Play Style,Aerial Fortress,Performs higher jumps and has physical defensive presence before and during aerial duels,Play Style,,,,,,,,,,,,,Sweden,Celta,Center Back,Defense,68,67,84,74,80,78,65,69,67,27,77,68,25,24,8,15,13,7,8,77,66,39,32,77,76,52,79,56,26,,
956,Loïc,Badé,,191,2,3,1,Bundesliga,89,,Jockey,"Faster Sprint Jockey, better transition speed",Play Style,Intercept,Increased reach and possession retention in interceptions,Play Style,Anticipate,"Improved standing tackle success, possibility of stopping ball at feet",Play Style,Aerial Fortress,Performs higher jumps and has physical defensive presence before and during aerial duels,Play Style,,,,,,,,,,France,Leverkusen,Center Back,Defense,54,56,81,65,84,78,37,75,73,31,77,63,45,23,7,6,14,7,7,76,63,33,33,75,74,59,81,57,24,,
957,Sam,Beukema,,188,2,3,1,Serie A Enilive,77,,Long Ball Pass,"Accurate, faster Lob and Lofted Through Passes",Play Style,Block,Increased reach and success in blocking,Play Style,,,,,,,,,,,,,,,,Holland,SSC Napoli,Center Back,Defense,42,52,74,79,74,80,59,67,72,42,80,59,50,50,12,11,7,6,13,80,74,47,57,79,73,67,80,57,35,,
958,Merih,Demiral,,190,2,2,1,ROSHN Saudi League,86,,Jockey,"Faster Sprint Jockey, better transition speed",Play Style,Anticipate,"Improved standing tackle success, possibility of stopping ball at feet",Play Style,Slide Tackle,Stops ball at feet during slide tackles,Play Style,Aerial Fortress,Performs higher jumps and has physical defensive presence before and during aerial duels,Play Style,,,,,,,,,,Turkey,Al Ahli,Center Back,Defense,66,63,86,69,85,83,63,63,74,31,77,57,32,23,15,7,13,6,11,77,61,41,26,68,64,60,82,38,42,,
959,Diogo Filipe,Pinto Leite,Diogo Leite,188,2,3,2,Bundesliga,83,,Long Ball Pass,"Accurate, faster Lob and Lofted Through Passes",Play Style,Intercept,Increased reach and possession retention in interceptions,Play Style,Aerial Fortress,Performs higher jumps and has physical defensive presence before and during aerial duels,Play Style,,,,,,,,,,,,,Portugal,Union Berlin,Center Back,Defense,55,63,80,80,78,74,58,68,69,31,80,59,30,20,7,5,10,8,10,79,70,38,32,76,73,59,81,36,32,,
960,Flavien-Enzo,Boyomo,,181,2,2,1,LALIGA EA SPORTS,86,Right Back,Long Ball Pass,"Accurate, faster Lob and Lofted Through Passes",Play Style,,,,,,,,,,,,,,,,,,,Cameroon,CA Osasuna,Center Back,Defense,72,61,88,80,83,76,57,70,63,34,79,31,35,28,10,11,13,14,8,76,60,50,29,70,70,52,80,43,29,,
961,Isak,Hien,,191,2,3,1,Serie A Enilive,90,,Long Ball Pass,"Accurate, faster Lob and Lofted Through Passes",Play Style,Anticipate,"Improved standing tackle success, possibility of stopping ball at feet",Play Style,,,,,,,,,,,,,,,,Sweden,Bergamo Calcio,Center Back,Defense,63,48,83,66,89,83,49,64,60,28,81,54,30,25,12,5,10,11,13,72,58,45,39,77,62,49,81,49,33,,
962,Dante Bonfim,Costa Santos,Dante,188,3,4,2,Ligue 1 McDonald's,89,,Block,Increased reach and success in blocking,Play Style,Intercept,Increased reach and possession retention in interceptions,Play Style,Anticipate,"Improved standing tackle success, possibility of stopping ball at feet",Play Style,Aerial Fortress,Performs higher jumps and has physical defensive presence before and during aerial duels,Play Style,Bruiser,Stronger physical tackles,Play Style,,,,,,,Brazil,OGC Nice,Center Back,Defense,32,35,74,61,82,76,55,77,79,58,85,61,47,55,14,8,10,6,13,77,77,60,43,78,79,62,78,65,48,,
963,Aitor,Paredes Casamichana,Aitor Paredes,186,2,3,1,LALIGA EA SPORTS,79,,Precision Header,Performs headers with increased accuracy and power.,Play Style,,,,,,,,,,,,,,,,,,,Spain,Athletic Club,Center Back,Defense,59,59,80,70,77,77,63,65,63,30,77,46,29,21,14,7,12,12,14,76,64,40,33,80,72,55,83,40,46,,
964,Stefan,Savić,,187,2,3,1,Trendyol Süper Lig,80,,Precision Header,Performs headers with increased accuracy and power.,Play Style,Aerial Fortress,Performs higher jumps and has physical defensive presence before and during aerial duels,Play Style,,,,,,,,,,,,,,,,Montenegro,Trabzonspor,Center Back,Defense,53,54,81,67,82,85,53,65,80,36,78,47,34,30,14,13,14,13,12,79,71,37,29,76,70,45,78,55,27,,
965,Bernardo,de Souza,Natan,188,2,2,2,LALIGA EA SPORTS,85,,,,,,,,,,,,,,,,,,,,,,,Brazil,Real Betis,Center Back,Defense,56,56,80,73,77,82,52,70,62,39,80,66,27,37,14,13,8,8,6,77,62,47,29,76,74,51,80,44,33,,
966,Matteo,Gabbia,,185,2,3,1,Serie A Enilive,78,,Precision Header,Performs headers with increased accuracy and power.,Play Style,Long Ball Pass,"Accurate, faster Lob and Lofted Through Passes",Play Style,Slide Tackle,Stops ball at feet during slide tackles,Play Style,,,,,,,,,,,,,Italy,Milano FC,Center Back,Defense,43,56,74,81,70,83,55,70,62,41,80,53,22,28,11,5,12,14,14,84,61,42,23,78,71,59,84,41,34,,
967,Julian,Chabot,,195,2,2,2,Bundesliga,95,,Block,Increased reach and success in blocking,Play Style,Intercept,Increased reach and possession retention in interceptions,Play Style,Aerial Fortress,Performs higher jumps and has physical defensive presence before and during aerial duels,Play Style,Bruiser,Stronger physical tackles,Play Style,,,,,,,,,,Germany,VfB Stuttgart,Center Back,Defense,33,34,70,72,91,91,33,65,64,33,79,55,21,30,9,13,7,8,7,76,60,38,23,70,65,49,78,35,36,,
968,Christian,Burgess,,196,2,3,1,1A Pro League,84,,Precision Header,Performs headers with increased accuracy and power.,Play Style,Long Ball Pass,"Accurate, faster Lob and Lofted Through Passes",Play Style,Block,Increased reach and success in blocking,Play Style,Aerial Fortress,Performs higher jumps and has physical defensive presence before and during aerial duels,Play Style,,,,,,,,,,England,R. Union St.-G.,Center Back,Defense,37,33,79,79,83,80,47,68,78,30,84,45,36,25,6,13,9,6,9,84,73,34,25,70,72,46,76,46,29,,
969,James,Tavernier,,182,3,2,1,Scottish Prem,75,Right Midfielder,Dead Ball,"Faster, accurate set pieces with longer trajectory preview",Play Style,Long Ball Pass,"Accurate, faster Lob and Lofted Through Passes",Play Style,Whipped Pass,"Accurate, faster crosses with more curve",Play Style,Relentless,"Increased half time fatigue recovery, longer teammate contain and press",Play Style,,,,,,,,,,England,Rangers,Right Back,Defense,77,75,81,88,78,69,83,75,76,82,67,73,64,84,15,13,8,11,12,66,78,85,75,74,76,78,71,77,76,,
970,Wesley Vinícius,França Lima,Wesley,178,3,3,1,Serie A Enilive,75,Right Midfielder,Quick Step,Faster acceleration during Explosive Sprint,Play Style,,,,,,,,,,,,,,,,,,,Brazil,AS Roma,Right Back,Defense,91,90,84,78,74,74,76,74,71,71,74,79,62,58,6,6,15,13,7,66,71,56,81,72,75,60,76,64,49,,
971,Aitor,Ruibal García,Aitor Ruibal,176,3,3,1,LALIGA EA SPORTS,74,Right Midfielder,Block,Increased reach and success in blocking,Play Style,Intercept,Increased reach and possession retention in interceptions,Play Style,Anticipate,"Improved standing tackle success, possibility of stopping ball at feet",Play Style,Quick Step,Faster acceleration during Explosive Sprint,Play Style,Bruiser,Stronger physical tackles,Play Style,,,,,,,Spain,Real Betis,Right Back,Defense,80,71,81,67,68,72,69,79,66,75,68,77,72,54,9,14,7,15,8,72,69,61,75,74,76,80,74,74,57,Striker,Right Wing
972,Orbelín,Pineda,,169,4,4,1,Hellas Liga,63,Center Midfielder,Technical,"Faster Controlled Sprint, precise wide turns while dribbling",Play Style,Relentless,"Increased half time fatigue recovery, longer teammate contain and press",Play Style,,,,,,,,,,,,,,,,Mexico,AEK Athens,Center Attacking Midfielder,Midfielder,82,88,74,84,58,76,88,80,70,73,68,81,73,56,15,14,7,10,10,66,73,75,74,78,73,76,68,73,70,Right Back,
973,Gustavo,Hamer,,169,3,3,1,EFL Championship,61,Center Midfielder,Dead Ball,"Faster, accurate set pieces with longer trajectory preview",Play Style,Gamechanger,Fancy and Trivela shots are performed with improved accuracy.,Play Style,Incisive Pass,"Accurate through passes, curvier swerve passes, faster precision passes",Play Style,Inventive,Fancy and Trivela passes are performed with improved accuracy.,Play Style,Press Proven,"Close control at jog speed, shields ball more effectively",Play Style,,,,,,,Holland,Sheffield Utd,Left Midfielder,Midfielder,73,78,76,81,70,86,86,77,73,78,71,73,70,77,12,7,7,9,10,68,79,60,72,78,79,77,74,80,68,Left Wing,
974,Timothy,Weah,,182,3,3,1,Ligue 1 McDonald's,66,Right Back,Finesse Shot,Faster finesse shots with more curve and accuracy,Play Style,Rapid,"Higher sprint speed while dribbling, reduced error on knock-ons",Play Style,Quick Step,Faster acceleration during Explosive Sprint,Play Style,,,,,,,,,,,,,United States,OM,Right Midfielder,Midfielder,86,86,76,70,59,72,74,78,74,75,68,77,74,53,7,9,12,15,14,67,72,60,75,75,75,79,69,69,74,,
975,Seko,Fofana,,185,3,4,1,Ligue 1 McDonald's,74,Center Defensive Midfielder,Power Shot,Faster power shots with increased speed,Play Style,Incisive Pass,"Accurate through passes, curvier swerve passes, faster precision passes",Play Style,Relentless,"Increased half time fatigue recovery, longer teammate contain and press",Play Style,,,,,,,,,,,,,Côte d'Ivoire,Stade Rennais FC,Center Midfielder,Midfielder,67,69,75,76,82,79,61,77,76,62,68,78,72,62,9,8,9,11,10,58,72,56,75,75,80,83,78,78,68,Center Attacking Midfielder,
976,Ardon,Jashari,,181,2,4,2,Serie A Enilive,82,Center Midfielder,Long Ball Pass,"Accurate, faster Lob and Lofted Through Passes",Play Style,Relentless,"Increased half time fatigue recovery, longer teammate contain and press",Play Style,,,,,,,,,,,,,,,,Switzerland,Milano FC,Center Defensive Midfielder,Midfielder,77,77,81,91,80,78,80,75,76,68,76,70,64,62,8,7,14,13,5,62,76,60,65,74,80,76,72,76,63,,
977,Kevin,Castaño,,177,2,3,1,LPF,73,Center Defensive Midfielder,Long Ball Pass,"Accurate, faster Lob and Lofted Through Passes",Play Style,Tiki Taka,Accurate first-time Ground Passes,Play Style,Anticipate,"Improved standing tackle success, possibility of stopping ball at feet",Play Style,First Touch,"Reduced trapping error, faster dribbling transition",Play Style,Press Proven,"Close control at jog speed, shields ball more effectively",Play Style,Relentless,"Increased half time fatigue recovery, longer teammate contain and press",Play Style,,,,Colombia,River Plate,Center Midfielder,Midfielder,74,73,77,76,73,76,76,77,76,67,71,75,68,62,14,13,12,7,8,66,80,63,73,78,81,70,76,80,58,,
978,Gabriel,Gudmundsson,,180,3,3,2,Premier League,78,Left Midfielder,Rapid,"Higher sprint speed while dribbling, reduced error on knock-ons",Play Style,Long Throw,Powerful throw-ins for greater distance,Play Style,,,,,,,,,,,,,,,,Sweden,Leeds United,Left Back,Defense,85,74,76,79,73,74,68,75,72,77,70,76,59,50,12,10,7,6,8,51,69,46,68,74,73,75,74,68,56,Center Back,
979,Georginio,Rutter,,182,5,5,2,Premier League,83,Striker,Incisive Pass,"Accurate through passes, curvier swerve passes, faster precision passes",Play Style,Trickster,Performs unique flick Skill Moves,Play Style,Enforcer,Performs dribble Shoulder Challenges and Shielding with increased effectiveness.,Play Style,,,,,,,,,,,,,France,Brighton,Center Attacking Midfielder,Midfielder,76,77,85,79,76,59,79,81,77,73,58,80,76,68,6,10,14,10,10,73,74,70,77,77,76,76,62,77,71,,
980,Hicham,Boudaoui,,175,3,3,1,Ligue 1 McDonald's,61,Center Defensive Midfielder,Technical,"Faster Controlled Sprint, precise wide turns while dribbling",Play Style,,,,,,,,,,,,,,,,,,,Algeria,OGC Nice,Center Midfielder,Midfielder,74,79,79,93,67,75,77,78,75,68,72,77,68,58,7,6,7,13,8,73,75,54,74,77,78,70,76,75,51,,
981,Javier,Guerra Moreno,Javi Guerra,187,3,4,1,LALIGA EA SPORTS,77,Center Defensive Midfielder,Incisive Pass,"Accurate through passes, curvier swerve passes, faster precision passes",Play Style,Inventive,Fancy and Trivela passes are performed with improved accuracy.,Play Style,,,,,,,,,,,,,,,,Spain,Valencia CF,Center Midfielder,Midfielder,73,77,75,73,69,67,71,78,74,63,74,76,75,62,5,12,13,11,14,68,78,63,77,74,81,73,75,80,52,,
982,Nicolae,Stanciu,,170,4,4,1,Serie A Enilive,70,Center Attacking Midfielder,Power Shot,Faster power shots with increased speed,Play Style,Dead Ball,"Faster, accurate set pieces with longer trajectory preview",Play Style,Incisive Pass,"Accurate through passes, curvier swerve passes, faster precision passes",Play Style,Inventive,Fancy and Trivela passes are performed with improved accuracy.,Play Style,Technical,"Faster Controlled Sprint, precise wide turns while dribbling",Play Style,,,,,,,Romania,Genoa,Center Midfielder,Midfielder,79,90,75,91,62,69,89,78,78,76,62,75,72,82,14,7,13,10,12,66,80,68,73,75,79,77,62,78,70,,
983,Zaydou,Youssouf,,182,3,3,2,ROSHN Saudi League,77,Center Midfielder,Press Proven,"Close control at jog speed, shields ball more effectively",Play Style,,,,,,,,,,,,,,,,,,,Comoros,Al Fateh,Center Defensive Midfielder,Midfielder,68,72,75,80,81,80,74,82,77,63,72,81,60,68,13,9,10,12,11,59,76,62,76,75,79,74,74,75,59,Center Back,
984,Lamine,Camara,,173,3,3,1,Ligue 1 McDonald's,65,Center Defensive Midfielder,Dead Ball,"Faster, accurate set pieces with longer trajectory preview",Play Style,Long Ball Pass,"Accurate, faster Lob and Lofted Through Passes",Play Style,,,,,,,,,,,,,,,,Senegal,AS Monaco,Center Midfielder,Midfielder,82,79,68,81,61,74,80,77,75,80,70,76,65,74,13,12,15,12,9,48,78,55,72,76,80,72,76,77,52,,
985,Guus,Til,,186,3,3,1,Eredivisie,78,Center Midfielder,Precision Header,Performs headers with increased accuracy and power.,Play Style,First Touch,"Reduced trapping error, faster dribbling transition",Play Style,,,,,,,,,,,,,,,,Holland,,Center Attacking Midfielder,Midfielder,75,66,77,78,71,77,66,76,77,63,63,73,78,63,12,6,12,11,14,78,73,66,85,82,77,77,61,75,67,,
986,Kobbie,Mainoo,,181,3,3,1,Premier League,80,Center Defensive Midfielder,Finesse Shot,Faster finesse shots with more curve and accuracy,Play Style,Press Proven,"Close control at jog speed, shields ball more effectively",Play Style,,,,,,,,,,,,,,,,England,Man Utd,Center Midfielder,Midfielder,70,80,74,74,73,74,88,80,82,65,70,82,73,55,14,11,10,5,9,64,78,58,74,78,79,69,77,76,58,,
987,Christian,Günter,,184,3,2,2,Bundesliga,83,Left Midfielder,Whipped Pass,"Accurate, faster crosses with more curve",Play Style,Slide Tackle,Stops ball at feet during slide tackles,Play Style,Rapid,"Higher sprint speed while dribbling, reduced error on knock-ons",Play Style,Relentless,"Increased half time fatigue recovery, longer teammate contain and press",Play Style,,,,,,,,,,Germany,SC Freiburg,Left Back,Defense,76,64,83,83,82,82,63,71,71,77,74,73,51,72,9,15,9,8,14,65,64,46,63,76,72,84,75,58,39,,
988,Jefferson,Lerma,,179,3,3,1,Premier League,70,Center Midfielder,Intercept,Increased reach and possession retention in interceptions,Play Style,Anticipate,"Improved standing tackle success, possibility of stopping ball at feet",Play Style,Slide Tackle,Stops ball at feet during slide tackles,Play Style,Aerial Fortress,Performs higher jumps and has physical defensive presence before and during aerial duels,Play Style,Relentless,"Increased half time fatigue recovery, longer teammate contain and press",Play Style,Bruiser,Stronger physical tackles,Play Style,,,,Colombia,Crystal Palace,Center Defensive Midfielder,Midfielder,65,65,88,80,73,88,75,75,72,65,75,74,65,61,16,14,11,7,9,77,80,58,60,77,74,83,76,63,78,Center Back,
989,Alessio,Castro-Montes,,175,3,4,1,Bundesliga,67,Left Midfielder,Rapid,"Higher sprint speed while dribbling, reduced error on knock-ons",Play Style,Long Throw,Powerful throw-ins for greater distance,Play Style,,,,,,,,,,,,,,,,Belgium,1. FC Köln,Right Midfielder,Midfielder,74,74,74,86,66,70,76,76,71,76,71,76,74,70,8,13,15,11,9,66,72,66,76,72,75,72,72,76,62,Right Back,Right Wing
990,Carlos,Soler Barragán,Carlos Soler,180,3,4,1,LALIGA EA SPORTS,76,Center Attacking Midfielder,,,,,,,,,,,,,,,,,,,,,,Spain,Real Sociedad,Center Midfielder,Midfielder,74,75,71,67,69,65,73,79,76,77,67,78,75,76,6,14,7,13,11,56,77,74,76,75,79,77,73,79,66,,
991,Rocco,Reitz,,176,3,4,1,Bundesliga,72,Center Defensive Midfielder,Incisive Pass,"Accurate through passes, curvier swerve passes, faster precision passes",Play Style,Jockey,"Faster Sprint Jockey, better transition speed",Play Style,Intercept,Increased reach and possession retention in interceptions,Play Style,Press Proven,"Close control at jog speed, shields ball more effectively",Play Style,Relentless,"Increased half time fatigue recovery, longer teammate contain and press",Play Style,,,,,,,Germany,M'gladbach,Center Midfielder,Midfielder,73,82,70,79,55,84,79,78,74,68,73,77,73,53,8,8,10,15,6,68,77,61,74,73,78,70,77,75,57,,
992,Clinton Mukoni,Mata Pedro Lourenço,Clinton Mata,180,3,3,1,Ligue 1 McDonald's,73,Right Back,Jockey,"Faster Sprint Jockey, better transition speed",Play Style,Block,Increased reach and success in blocking,Play Style,Intercept,Increased reach and possession retention in interceptions,Play Style,,,,,,,,,,,,,Angola,OL,Center Back,Defense,74,74,83,84,75,76,69,73,77,65,78,74,53,70,10,10,7,10,10,74,71,49,67,78,72,76,77,61,46,,
993,Patrick,Berg,,177,3,3,1,Eliteserien,74,Center Midfielder,Inventive,Fancy and Trivela passes are performed with improved accuracy.,Play Style,Intercept,Increased reach and possession retention in interceptions,Play Style,Press Proven,"Close control at jog speed, shields ball more effectively",Play Style,Relentless,"Increased half time fatigue recovery, longer teammate contain and press",Play Style,,,,,,,,,,Norway,FK Bodø/Glimt,Center Defensive Midfielder,Midfielder,72,70,74,92,75,68,77,75,78,72,72,72,64,66,14,11,16,10,8,58,76,58,68,76,78,69,72,76,65,,
994,Ainsley,Maitland-Niles,,180,3,3,1,Ligue 1 McDonald's,71,Right Midfielder,Rapid,"Higher sprint speed while dribbling, reduced error on knock-ons",Play Style,,,,,,,,,,,,,,,,,,,England,OL,Right Back,Defense,74,73,73,77,73,72,69,78,80,72,71,75,66,50,15,9,7,10,13,55,74,82,67,76,76,63,76,75,61,Right Wing,
995,Jose Luís,García Vayá,Pepelu,186,3,3,1,LALIGA EA SPORTS,73,Center Defensive Midfielder,Finesse Shot,Faster finesse shots with more curve and accuracy,Play Style,Long Ball Pass,"Accurate, faster Lob and Lofted Through Passes",Play Style,Aerial Fortress,Performs higher jumps and has physical defensive presence before and during aerial duels,Play Style,,,,,,,,,,,,,Spain,Valencia CF,Center Midfielder,Midfielder,61,68,72,89,75,73,68,78,74,74,70,74,66,78,12,13,6,9,6,62,78,83,69,73,80,73,78,76,65,,
996,Alexis,Claude-Maurice,,175,4,3,1,Bundesliga,62,Center Midfielder,Technical,"Faster Controlled Sprint, precise wide turns while dribbling",Play Style,,,,,,,,,,,,,,,,,,,France,FC Augsburg,Center Attacking Midfielder,Midfielder,78,87,72,74,61,69,84,80,74,64,69,82,73,69,11,13,15,14,15,59,70,65,74,73,77,76,71,76,58,Left Wing,
997,Diego Manuel,J. da Silva Moreira,Diego Moreira,179,4,3,2,Ligue 1 McDonald's,73,Left Back,Gamechanger,Fancy and Trivela shots are performed with improved accuracy.,Play Style,Rapid,"Higher sprint speed while dribbling, reduced error on knock-ons",Play Style,Relentless,"Increased half time fatigue recovery, longer teammate contain and press",Play Style,,,,,,,,,,,,,Belgium,Strasbourg,Left Midfielder,Midfielder,87,84,70,83,62,65,83,78,76,71,63,80,66,49,9,11,6,8,13,48,61,60,73,74,72,70,66,70,58,,
998,Alphonse,Areola,,195,1,3,1,Premier League,94,,Far Throw,Unique goalkeeper throw animations with longer throw distance,Play Style,Footwork,"Exclusive foot saves, better performance on low shots",Play Style,,,,,,,,,,,,,,,,France,West Ham,Goalkeeper,Defense,56,58,75,38,79,26,58,22,64,20,13,15,19,16,78,75,74,76,78,14,55,25,17,74,48,56,18,59,16,,
999,Leandro,Barreiro,,174,3,3,1,Liga Portugal,67,Center Defensive Midfielder,Block,Increased reach and success in blocking,Play Style,Slide Tackle,Stops ball at feet during slide tackles,Play Style,Relentless,"Increased half time fatigue recovery, longer teammate contain and press",Play Style,,,,,,,,,,,,,Luxembourg,SL Benfica,Center Midfielder,Midfielder,81,88,66,85,54,79,77,78,75,54,75,78,72,46,14,9,6,6,6,52,72,47,78,79,78,67,75,74,56,Center Attacking Midfielder,
